event_id,source_positive,condition,expected_timestamp,maximum_score_near_event,threshold,audio_path
0,E:\SIH\ira-wakeword\dataset\positive_all\piper_batch_D\16.wav,clean,13.500,0.0469,0.5,D:\SIH\ira-wakeword\streaming_false_negatives\fn_000_clean.wav
1,E:\SIH\ira-wakeword\dataset\positive_all\synthetic\synthetic_pilot100_28.wav,clean,18.000,0.0078,0.5,D:\SIH\ira-wakeword\streaming_false_negatives\fn_001_clean.wav
2,E:\SIH\ira-wakeword\dataset\positive_all\synthetic\synthetic_lessac_slow_0.wav,clean,27.000,0.0117,0.5,D:\SIH\ira-wakeword\streaming_false_negatives\fn_002_clean.wav
3,E:\SIH\ira-wakeword\dataset\positive_all\piper_batch_C\1353.wav,clean,31.500,0.1055,0.5,D:\SIH\ira-wakeword\streaming_false_negatives\fn_003_clean.wav
4,E:\SIH\ira-wakeword\dataset\positive_all\piper_batch_C\978.wav,clean,36.000,0.3633,0.5,D:\SIH\ira-wakeword\streaming_false_negatives\fn_004_clean.wav
5,E:\SIH\ira-wakeword\dataset\positive_all\piper_batch_B\716.wav,clean,40.500,0.0156,0.5,D:\SIH\ira-wakeword\streaming_false_negatives\fn_005_clean.wav
6,E:\SIH\ira-wakeword\dataset\positive_all\piper_batch_C\896.wav,clean,54.000,0.0156,0.5,D:\SIH\ira-wakeword\streaming_false_negatives\fn_006_clean.wav
7,E:\SIH\ira-wakeword\dataset\positive_all\piper_batch_C\659.wav,clean,63.000,0.0391,0.5,D:\SIH\ira-wakeword\streaming_false_negatives\fn_007_clean.wav
8,E:\SIH\ira-wakeword\dataset\positive_all\piper_batch_C\569.wav,clean,67.500,0.0312,0.5,D:\SIH\ira-wakeword\streaming_false_negatives\fn_008_clean.wav
9,E:\SIH\ira-wakeword\dataset\positive_all\piper_batch_A\85.wav,clean,76.500,0.0742,0.5,D:\SIH\ira-wakeword\streaming_false_negatives\fn_009_clean.wav
10,E:\SIH\ira-wakeword\dataset\positive_all\piper_batch_C\32.wav,clean,81.000,0.1055,0.5,D:\SIH\ira-wakeword\streaming_false_negatives\fn_010_clean.wav
11,E:\SIH\ira-wakeword\dataset\positive_all\piper_batch_C\738.wav,clean,94.500,0.0820,0.5,D:\SIH\ira-wakeword\streaming_false_negatives\fn_011_clean.wav
12,E:\SIH\ira-wakeword\dataset\positive_all\piper_batch_D\209.wav,clean,103.500,0.1055,0.5,D:\SIH\ira-wakeword\streaming_false_negatives\fn_012_clean.wav
13,E:\SIH\ira-wakeword\dataset\positive_all\piper_batch_D\1039.wav,clean,108.000,0.9727,0.5,D:\SIH\ira-wakeword\streaming_false_negatives\fn_013_clean.wav
14,E:\SIH\ira-wakeword\dataset\positive_all\synthetic\synthetic_pilot100_80.wav,clean,117.000,0.0938,0.5,D:\SIH\ira-wakeword\streaming_false_negatives\fn_014_clean.wav
15,E:\SIH\ira-wakeword\dataset\positive_all\piper_batch_A\188.wav,clean,126.000,0.1367,0.5,D:\SIH\ira-wakeword\streaming_false_negatives\fn_015_clean.wav
16,E:\SIH\ira-wakeword\real\positive\standardized\quiet_20cm\ira_066.wav,clean,130.500,0.9531,0.5,D:\SIH\ira-wakeword\streaming_false_negatives\fn_016_clean.wav
17,E:\SIH\ira-wakeword\dataset\positive_all\piper_batch_B\87.wav,clean,139.500,0.0625,0.5,D:\SIH\ira-wakeword\streaming_false_negatives\fn_017_clean.wav
18,E:\SIH\ira-wakeword\dataset\positive_all\piper_batch_A\204.wav,clean,144.000,0.4648,0.5,D:\SIH\ira-wakeword\streaming_false_negatives\fn_018_clean.wav
19,E:\SIH\ira-wakeword\dataset\positive_all\piper_batch_D\885.wav,clean,153.000,0.2422,0.5,D:\SIH\ira-wakeword\streaming_false_negatives\fn_019_clean.wav
20,E:\SIH\ira-wakeword\dataset\positive_all\piper_batch_A\1006.wav,clean,175.500,0.0195,0.5,D:\SIH\ira-wakeword\streaming_false_negatives\fn_020_clean.wav
21,E:\SIH\ira-wakeword\dataset\positive_all\piper_batch_B\1505.wav,clean,189.000,0.1211,0.5,D:\SIH\ira-wakeword\streaming_false_negatives\fn_021_clean.wav
22,E:\SIH\ira-wakeword\dataset\positive_all\piper_batch_B\1435.wav,clean,193.500,0.0625,0.5,D:\SIH\ira-wakeword\streaming_false_negatives\fn_022_clean.wav
23,E:\SIH\ira-wakeword\dataset\positive_all\piper_batch_C\1289.wav,clean,202.500,0.0469,0.5,D:\SIH\ira-wakeword\streaming_false_negatives\fn_023_clean.wav
24,E:\SIH\ira-wakeword\dataset\positive_all\piper_batch_C\1382.wav,clean,207.000,0.3320,0.5,D:\SIH\ira-wakeword\streaming_false_negatives\fn_024_clean.wav
25,E:\SIH\ira-wakeword\dataset\positive_all\piper_batch_C\226.wav,clean,216.000,0.1562,0.5,D:\SIH\ira-wakeword\streaming_false_negatives\fn_025_clean.wav
26,E:\SIH\ira-wakeword\dataset\positive_all\piper_batch_B\276.wav,clean,229.500,0.0391,0.5,D:\SIH\ira-wakeword\streaming_false_negatives\fn_026_clean.wav
27,E:\SIH\ira-wakeword\dataset\positive_all\piper_batch_C\424.wav,clean,238.500,0.1211,0.5,D:\SIH\ira-wakeword\streaming_false_negatives\fn_027_clean.wav
28,E:\SIH\ira-wakeword\dataset\positive_all\piper_batch_D\372.wav,clean,243.000,0.0117,0.5,D:\SIH\ira-wakeword\streaming_false_negatives\fn_028_clean.wav
29,E:\SIH\ira-wakeword\dataset\positive_all\synthetic\synthetic_hfc_male_normal_55.wav,clean,252.000,0.0234,0.5,D:\SIH\ira-wakeword\streaming_false_negatives\fn_029_clean.wav
30,E:\SIH\ira-wakeword\dataset\positive_all\piper_batch_B\80.wav,clean,256.500,0.2422,0.5,D:\SIH\ira-wakeword\streaming_false_negatives\fn_030_clean.wav
31,E:\SIH\ira-wakeword\dataset\positive_all\piper_batch_A\1845.wav,clean,265.500,0.0078,0.5,D:\SIH\ira-wakeword\streaming_false_negatives\fn_031_clean.wav
32,E:\SIH\ira-wakeword\dataset\positive_all\piper_batch_D\339.wav,clean,270.000,0.2422,0.5,D:\SIH\ira-wakeword\streaming_false_negatives\fn_032_clean.wav
33,E:\SIH\ira-wakeword\dataset\positive_all\piper_batch_A\1867.wav,clean,279.000,0.0195,0.5,D:\SIH\ira-wakeword\streaming_false_negatives\fn_033_clean.wav
34,E:\SIH\ira-wakeword\dataset\positive_all\piper_batch_A\1954.wav,clean,283.500,0.3008,0.5,D:\SIH\ira-wakeword\streaming_false_negatives\fn_034_clean.wav
35,E:\SIH\ira-wakeword\dataset\positive_all\piper_batch_C\1104.wav,clean,292.500,0.1758,0.5,D:\SIH\ira-wakeword\streaming_false_negatives\fn_035_clean.wav
36,E:\SIH\ira-wakeword\dataset\positive_all\piper_batch_B\847.wav,clean,301.500,0.0156,0.5,D:\SIH\ira-wakeword\streaming_false_negatives\fn_036_clean.wav
37,E:\SIH\ira-wakeword\dataset\positive_all\synthetic\synthetic_lessac_slow_28.wav,clean,306.000,0.0000,0.5,D:\SIH\ira-wakeword\streaming_false_negatives\fn_037_clean.wav
38,E:\SIH\ira-wakeword\dataset\positive_all\piper_batch_A\592.wav,clean,315.000,0.2188,0.5,D:\SIH\ira-wakeword\streaming_false_negatives\fn_038_clean.wav
39,E:\SIH\ira-wakeword\dataset\positive_all\piper_batch_A\615.wav,clean,319.500,0.0117,0.5,D:\SIH\ira-wakeword\streaming_false_negatives\fn_039_clean.wav
40,E:\SIH\ira-wakeword\dataset\positive_all\piper_batch_C\675.wav,clean,328.500,0.0039,0.5,D:\SIH\ira-wakeword\streaming_false_negatives\fn_040_clean.wav
41,E:\SIH\ira-wakeword\dataset\positive_all\piper_batch_B\306.wav,clean,333.000,0.1211,0.5,D:\SIH\ira-wakeword\streaming_false_negatives\fn_041_clean.wav
42,E:\SIH\ira-wakeword\dataset\positive_all\synthetic\synthetic_lessac_normal_55.wav,clean,342.000,0.0039,0.5,D:\SIH\ira-wakeword\streaming_false_negatives\fn_042_clean.wav
43,E:\SIH\ira-wakeword\dataset\positive_all\piper_batch_D\243.wav,clean,355.500,0.0547,0.5,D:\SIH\ira-wakeword\streaming_false_negatives\fn_043_clean.wav
44,E:\SIH\ira-wakeword\dataset\positive_all\piper_batch_B\1103.wav,clean,364.500,0.0000,0.5,D:\SIH\ira-wakeword\streaming_false_negatives\fn_044_clean.wav
45,E:\SIH\ira-wakeword\dataset\positive_all\piper_batch_C\494.wav,clean,369.000,0.1953,0.5,D:\SIH\ira-wakeword\streaming_false_negatives\fn_045_clean.wav
46,E:\SIH\ira-wakeword\dataset\positive_all\piper_batch_B\1457.wav,clean,373.500,0.9688,0.5,D:\SIH\ira-wakeword\streaming_false_negatives\fn_046_clean.wav
47,E:\SIH\ira-wakeword\dataset\positive_all\piper_batch_A\514.wav,clean,378.000,0.0469,0.5,D:\SIH\ira-wakeword\streaming_false_negatives\fn_047_clean.wav
48,E:\SIH\ira-wakeword\dataset\positive_all\piper_batch_C\365.wav,clean,382.500,0.1211,0.5,D:\SIH\ira-wakeword\streaming_false_negatives\fn_048_clean.wav
49,E:\SIH\ira-wakeword\dataset\positive_all\piper_batch_A\1498.wav,clean,391.500,0.0117,0.5,D:\SIH\ira-wakeword\streaming_false_negatives\fn_049_clean.wav
50,E:\SIH\ira-wakeword\dataset\positive_all\piper_batch_B\1034.wav,clean,396.000,0.0742,0.5,D:\SIH\ira-wakeword\streaming_false_negatives\fn_050_clean.wav
51,E:\SIH\ira-wakeword\dataset\positive_all\piper_batch_B\741.wav,clean,405.000,0.1562,0.5,D:\SIH\ira-wakeword\streaming_false_negatives\fn_051_clean.wav
52,E:\SIH\ira-wakeword\dataset\positive_all\piper_batch_C\1860.wav,clean,409.500,0.3320,0.5,D:\SIH\ira-wakeword\streaming_false_negatives\fn_052_clean.wav
53,E:\SIH\ira-wakeword\dataset\positive_all\piper_batch_A\554.wav,clean,418.500,0.0312,0.5,D:\SIH\ira-wakeword\streaming_false_negatives\fn_053_clean.wav
54,E:\SIH\ira-wakeword\dataset\positive_all\piper_batch_D\494.wav,clean,427.500,0.0820,0.5,D:\SIH\ira-wakeword\streaming_false_negatives\fn_054_clean.wav
55,E:\SIH\ira-wakeword\dataset\positive_all\piper_batch_A\444.wav,clean,432.000,0.0938,0.5,D:\SIH\ira-wakeword\streaming_false_negatives\fn_055_clean.wav
56,E:\SIH\ira-wakeword\dataset\positive_all\piper_batch_D\1357.wav,clean,441.000,0.0547,0.5,D:\SIH\ira-wakeword\streaming_false_negatives\fn_056_clean.wav
57,E:\SIH\ira-wakeword\dataset\positive_all\synthetic\synthetic_lessac_fast_30.wav,clean,445.500,0.0039,0.5,D:\SIH\ira-wakeword\streaming_false_negatives\fn_057_clean.wav
58,E:\SIH\ira-wakeword\dataset\positive_all\piper_batch_C\249.wav,clean,454.500,0.0938,0.5,D:\SIH\ira-wakeword\streaming_false_negatives\fn_058_clean.wav
59,E:\SIH\ira-wakeword\dataset\positive_all\piper_batch_A\1277.wav,clean,459.000,0.3633,0.5,D:\SIH\ira-wakeword\streaming_false_negatives\fn_059_clean.wav
60,E:\SIH\ira-wakeword\real\positive\standardized\quiet_50cm\ira_0190.wav,clean,468.000,0.9922,0.5,D:\SIH\ira-wakeword\streaming_false_negatives\fn_060_clean.wav
61,E:\SIH\ira-wakeword\dataset\positive_all\piper_batch_B\972.wav,clean,472.500,0.0430,0.5,D:\SIH\ira-wakeword\streaming_false_negatives\fn_061_clean.wav
62,E:\SIH\ira-wakeword\dataset\positive_all\synthetic\synthetic_lessac_normal_74.wav,clean,481.500,0.0039,0.5,D:\SIH\ira-wakeword\streaming_false_negatives\fn_062_clean.wav
63,E:\SIH\ira-wakeword\dataset\positive_all\synthetic\synthetic_hfc_female_normal_118.wav,clean,490.500,0.0078,0.5,D:\SIH\ira-wakeword\streaming_false_negatives\fn_063_clean.wav
64,E:\SIH\ira-wakeword\dataset\positive_all\piper_batch_D\1226.wav,clean,495.000,0.0195,0.5,D:\SIH\ira-wakeword\streaming_false_negatives\fn_064_clean.wav
65,E:\SIH\ira-wakeword\dataset\positive_all\piper_batch_D\437.wav,clean,504.000,0.0156,0.5,D:\SIH\ira-wakeword\streaming_false_negatives\fn_065_clean.wav
66,E:\SIH\ira-wakeword\dataset\positive_all\piper_batch_D\127.wav,clean,508.500,0.0195,0.5,D:\SIH\ira-wakeword\streaming_false_negatives\fn_066_clean.wav
67,E:\SIH\ira-wakeword\dataset\positive_all\piper_batch_D\1530.wav,clean,517.500,0.0234,0.5,D:\SIH\ira-wakeword\streaming_false_negatives\fn_067_clean.wav
68,E:\SIH\ira-wakeword\dataset\positive_all\piper_batch_A\56.wav,clean,522.000,0.0742,0.5,D:\SIH\ira-wakeword\streaming_false_negatives\fn_068_clean.wav
69,E:\SIH\ira-wakeword\dataset\positive_all\piper_batch_A\621.wav,clean,535.500,0.5352,0.5,D:\SIH\ira-wakeword\streaming_false_negatives\fn_069_clean.wav
70,E:\SIH\ira-wakeword\dataset\positive_all\synthetic\synthetic_lessac_normal_9.wav,clean,544.500,0.0039,0.5,D:\SIH\ira-wakeword\streaming_false_negatives\fn_070_clean.wav
71,E:\SIH\ira-wakeword\real\positive\standardized\quiet_50cm\ira_0137.wav,clean,553.500,0.9883,0.5,D:\SIH\ira-wakeword\streaming_false_negatives\fn_071_clean.wav
72,E:\SIH\ira-wakeword\dataset\positive_all\piper_batch_A\471.wav,clean,558.000,0.0625,0.5,D:\SIH\ira-wakeword\streaming_false_negatives\fn_072_clean.wav
73,E:\SIH\ira-wakeword\dataset\positive_all\piper_batch_A\74.wav,clean,567.000,0.0625,0.5,D:\SIH\ira-wakeword\streaming_false_negatives\fn_073_clean.wav
74,E:\SIH\ira-wakeword\dataset\positive_all\piper_batch_D\1046.wav,clean,571.500,0.0312,0.5,D:\SIH\ira-wakeword\streaming_false_negatives\fn_074_clean.wav
75,E:\SIH\ira-wakeword\dataset\positive_all\piper_batch_C\314.wav,clean,580.500,0.0156,0.5,D:\SIH\ira-wakeword\streaming_false_negatives\fn_075_clean.wav
76,E:\SIH\ira-wakeword\dataset\positive_all\synthetic\synthetic_ryan_normal_44.wav,clean,585.000,0.2422,0.5,D:\SIH\ira-wakeword\streaming_false_negatives\fn_076_clean.wav
77,E:\SIH\ira-wakeword\dataset\positive_all\synthetic\synthetic_lessac_normal_113.wav,clean,594.000,0.0078,0.5,D:\SIH\ira-wakeword\streaming_false_negatives\fn_077_clean.wav
78,E:\SIH\ira-wakeword\dataset\positive_all\piper_batch_D\521.wav,clean,598.500,0.3320,0.5,D:\SIH\ira-wakeword\streaming_false_negatives\fn_078_clean.wav
79,E:\SIH\ira-wakeword\dataset\positive_all\piper_batch_A\230.wav,clean,603.000,0.0742,0.5,D:\SIH\ira-wakeword\streaming_false_negatives\fn_079_clean.wav
80,E:\SIH\ira-wakeword\dataset\positive_all\piper_batch_C\84.wav,clean,607.500,0.0039,0.5,D:\SIH\ira-wakeword\streaming_false_negatives\fn_080_clean.wav
81,E:\SIH\ira-wakeword\dataset\positive_all\piper_batch_A\1890.wav,clean,616.500,0.0430,0.5,D:\SIH\ira-wakeword\streaming_false_negatives\fn_081_clean.wav
82,E:\SIH\ira-wakeword\dataset\positive_all\piper_batch_A\380.wav,clean,621.000,0.0742,0.5,D:\SIH\ira-wakeword\streaming_false_negatives\fn_082_clean.wav
83,E:\SIH\ira-wakeword\dataset\positive_all\piper_batch_A\2.wav,clean,630.000,0.0039,0.5,D:\SIH\ira-wakeword\streaming_false_negatives\fn_083_clean.wav
84,E:\SIH\ira-wakeword\dataset\positive_all\piper_batch_D\426.wav,clean,634.500,0.0938,0.5,D:\SIH\ira-wakeword\streaming_false_negatives\fn_084_clean.wav
85,E:\SIH\ira-wakeword\real\positive\standardized\quiet_1m\ira_060.wav,clean,639.000,0.9727,0.5,D:\SIH\ira-wakeword\streaming_false_negatives\fn_085_clean.wav
86,E:\SIH\ira-wakeword\dataset\positive_all\piper_batch_A\322.wav,clean,643.500,0.1953,0.5,D:\SIH\ira-wakeword\streaming_false_negatives\fn_086_clean.wav
87,E:\SIH\ira-wakeword\dataset\positive_all\piper_batch_D\278.wav,clean,657.000,0.0625,0.5,D:\SIH\ira-wakeword\streaming_false_negatives\fn_087_clean.wav
88,E:\SIH\ira-wakeword\dataset\positive_all\piper_batch_D\966.wav,clean,661.500,0.0391,0.5,D:\SIH\ira-wakeword\streaming_false_negatives\fn_088_clean.wav
89,E:\SIH\ira-wakeword\dataset\positive_all\piper_batch_B\882.wav,clean,670.500,0.1055,0.5,D:\SIH\ira-wakeword\streaming_false_negatives\fn_089_clean.wav
90,E:\SIH\ira-wakeword\dataset\positive_all\piper_batch_D\653.wav,clean,679.500,0.3320,0.5,D:\SIH\ira-wakeword\streaming_false_negatives\fn_090_clean.wav
91,E:\SIH\ira-wakeword\dataset\positive_all\piper_batch_C\1144.wav,clean,684.000,0.0000,0.5,D:\SIH\ira-wakeword\streaming_false_negatives\fn_091_clean.wav
92,E:\SIH\ira-wakeword\dataset\positive_all\piper_batch_B\1844.wav,clean,693.000,0.1562,0.5,D:\SIH\ira-wakeword\streaming_false_negatives\fn_092_clean.wav
93,E:\SIH\ira-wakeword\dataset\positive_all\piper_batch_C\850.wav,clean,697.500,0.0938,0.5,D:\SIH\ira-wakeword\streaming_false_negatives\fn_093_clean.wav
94,E:\SIH\ira-wakeword\dataset\positive_all\piper_batch_B\1298.wav,clean,706.500,0.1367,0.5,D:\SIH\ira-wakeword\streaming_false_negatives\fn_094_clean.wav
95,E:\SIH\ira-wakeword\dataset\positive_all\piper_batch_B\1324.wav,clean,711.000,0.8789,0.5,D:\SIH\ira-wakeword\streaming_false_negatives\fn_095_clean.wav
96,E:\SIH\ira-wakeword\dataset\positive_all\piper_batch_C\251.wav,clean,720.000,0.0625,0.5,D:\SIH\ira-wakeword\streaming_false_negatives\fn_096_clean.wav
97,E:\SIH\ira-wakeword\dataset\positive_all\synthetic\synthetic_pilot100_58.wav,clean,724.500,0.0039,0.5,D:\SIH\ira-wakeword\streaming_false_negatives\fn_097_clean.wav
98,E:\SIH\ira-wakeword\dataset\positive_all\piper_batch_A\681.wav,clean,733.500,0.1367,0.5,D:\SIH\ira-wakeword\streaming_false_negatives\fn_098_clean.wav
99,E:\SIH\ira-wakeword\dataset\positive_all\piper_batch_C\381.wav,clean,742.500,0.1562,0.5,D:\SIH\ira-wakeword\streaming_false_negatives\fn_099_clean.wav
100,E:\SIH\ira-wakeword\dataset\positive_all\synthetic\synthetic_hfc_male_slow_37.wav,clean,747.000,0.0195,0.5,D:\SIH\ira-wakeword\streaming_false_negatives\fn_100_clean.wav
101,E:\SIH\ira-wakeword\dataset\positive_all\piper_batch_B\453.wav,clean,756.000,0.4297,0.5,D:\SIH\ira-wakeword\streaming_false_negatives\fn_101_clean.wav
102,E:\SIH\ira-wakeword\dataset\positive_all\piper_batch_D\324.wav,clean,760.500,0.0547,0.5,D:\SIH\ira-wakeword\streaming_false_negatives\fn_102_clean.wav
103,E:\SIH\ira-wakeword\dataset\positive_all\piper_batch_B\320.wav,clean,765.000,0.4648,0.5,D:\SIH\ira-wakeword\streaming_false_negatives\fn_103_clean.wav
104,E:\SIH\ira-wakeword\dataset\positive_all\piper_batch_C\1427.wav,clean,769.500,0.0195,0.5,D:\SIH\ira-wakeword\streaming_false_negatives\fn_104_clean.wav
105,E:\SIH\ira-wakeword\dataset\positive_all\piper_batch_C\1785.wav,clean,774.000,0.3008,0.5,D:\SIH\ira-wakeword\streaming_false_negatives\fn_105_clean.wav
106,E:\SIH\ira-wakeword\dataset\positive_all\piper_batch_A\896.wav,clean,783.000,0.3320,0.5,D:\SIH\ira-wakeword\streaming_false_negatives\fn_106_clean.wav
107,E:\SIH\ira-wakeword\dataset\positive_all\synthetic\synthetic_amy_normal_7.wav,clean,787.500,0.0273,0.5,D:\SIH\ira-wakeword\streaming_false_negatives\fn_107_clean.wav
108,E:\SIH\ira-wakeword\dataset\positive_all\synthetic\synthetic_ryan_41.wav,clean,796.500,0.0273,0.5,D:\SIH\ira-wakeword\streaming_false_negatives\fn_108_clean.wav
109,E:\SIH\ira-wakeword\dataset\positive_all\piper_batch_A\806.wav,clean,805.500,0.0000,0.5,D:\SIH\ira-wakeword\streaming_false_negatives\fn_109_clean.wav
110,E:\SIH\ira-wakeword\dataset\positive_all\piper_batch_A\766.wav,clean,810.000,0.1953,0.5,D:\SIH\ira-wakeword\streaming_false_negatives\fn_110_clean.wav
111,E:\SIH\ira-wakeword\dataset\positive_all\piper_batch_B\57.wav,clean,819.000,0.0078,0.5,D:\SIH\ira-wakeword\streaming_false_negatives\fn_111_clean.wav
112,E:\SIH\ira-wakeword\dataset\positive_all\piper_batch_A\1204.wav,clean,823.500,0.1758,0.5,D:\SIH\ira-wakeword\streaming_false_negatives\fn_112_clean.wav
113,E:\SIH\ira-wakeword\dataset\positive_all\piper_batch_D\1354.wav,clean,832.500,0.4648,0.5,D:\SIH\ira-wakeword\streaming_false_negatives\fn_113_clean.wav
114,E:\SIH\ira-wakeword\dataset\positive_all\piper_batch_A\650.wav,clean,855.000,0.2422,0.5,D:\SIH\ira-wakeword\streaming_false_negatives\fn_114_clean.wav
115,E:\SIH\ira-wakeword\dataset\positive_all\piper_batch_A\914.wav,clean,859.500,0.0312,0.5,D:\SIH\ira-wakeword\streaming_false_negatives\fn_115_clean.wav
116,E:\SIH\ira-wakeword\dataset\positive_all\piper_batch_B\1013.wav,clean,868.500,0.0195,0.5,D:\SIH\ira-wakeword\streaming_false_negatives\fn_116_clean.wav
117,E:\SIH\ira-wakeword\dataset\positive_all\piper_batch_D\151.wav,clean,873.000,0.0469,0.5,D:\SIH\ira-wakeword\streaming_false_negatives\fn_117_clean.wav
118,E:\SIH\ira-wakeword\dataset\positive_all\synthetic\synthetic_lessac_normal_114.wav,clean,882.000,0.0000,0.5,D:\SIH\ira-wakeword\streaming_false_negatives\fn_118_clean.wav
119,E:\SIH\ira-wakeword\dataset\positive_all\piper_batch_B\573.wav,clean,895.500,0.0820,0.5,D:\SIH\ira-wakeword\streaming_false_negatives\fn_119_clean.wav
120,E:\SIH\ira-wakeword\dataset\positive_all\piper_batch_C\1192.wav,clean,900.000,0.1211,0.5,D:\SIH\ira-wakeword\streaming_false_negatives\fn_120_clean.wav
121,E:\SIH\ira-wakeword\dataset\positive_all\piper_batch_C\1653.wav,clean,909.000,0.0078,0.5,D:\SIH\ira-wakeword\streaming_false_negatives\fn_121_clean.wav
122,E:\SIH\ira-wakeword\dataset\positive_all\piper_batch_D\1558.wav,clean,918.000,0.8242,0.5,D:\SIH\ira-wakeword\streaming_false_negatives\fn_122_clean.wav
123,E:\SIH\ira-wakeword\dataset\positive_all\synthetic\synthetic_lessac_fast_29.wav,clean,931.500,0.0000,0.5,D:\SIH\ira-wakeword\streaming_false_negatives\fn_123_clean.wav
124,E:\SIH\ira-wakeword\dataset\positive_all\synthetic\synthetic_hfc_male_normal_45.wav,clean,936.000,0.0469,0.5,D:\SIH\ira-wakeword\streaming_false_negatives\fn_124_clean.wav
125,E:\SIH\ira-wakeword\dataset\positive_all\piper_batch_D\626.wav,clean,945.000,0.1953,0.5,D:\SIH\ira-wakeword\streaming_false_negatives\fn_125_clean.wav
126,E:\SIH\ira-wakeword\dataset\positive_all\synthetic\synthetic_hfc_male_normal_48.wav,clean,949.500,0.2422,0.5,D:\SIH\ira-wakeword\streaming_false_negatives\fn_126_clean.wav
127,E:\SIH\ira-wakeword\dataset\positive_all\synthetic\synthetic_amy_67.wav,clean,958.500,0.0000,0.5,D:\SIH\ira-wakeword\streaming_false_negatives\fn_127_clean.wav
128,E:\SIH\ira-wakeword\dataset\positive_all\piper_batch_B\1891.wav,clean,963.000,0.1211,0.5,D:\SIH\ira-wakeword\streaming_false_negatives\fn_128_clean.wav
129,E:\SIH\ira-wakeword\dataset\positive_all\piper_batch_D\1099.wav,clean,972.000,0.0117,0.5,D:\SIH\ira-wakeword\streaming_false_negatives\fn_129_clean.wav
130,E:\SIH\ira-wakeword\dataset\positive_all\synthetic\synthetic_ryan_normal_32.wav,clean,976.500,0.7578,0.5,D:\SIH\ira-wakeword\streaming_false_negatives\fn_130_clean.wav
131,E:\SIH\ira-wakeword\dataset\positive_all\piper_batch_B\85.wav,clean,985.500,0.1758,0.5,D:\SIH\ira-wakeword\streaming_false_negatives\fn_131_clean.wav
132,E:\SIH\ira-wakeword\dataset\positive_all\piper_batch_A\814.wav,clean,994.500,0.0195,0.5,D:\SIH\ira-wakeword\streaming_false_negatives\fn_132_clean.wav
133,E:\SIH\ira-wakeword\dataset\positive_all\piper_batch_A\867.wav,clean,1008.000,0.0117,0.5,D:\SIH\ira-wakeword\streaming_false_negatives\fn_133_clean.wav
134,E:\SIH\ira-wakeword\dataset\positive_all\piper_batch_A\1629.wav,clean,1012.500,0.0938,0.5,D:\SIH\ira-wakeword\streaming_false_negatives\fn_134_clean.wav
135,E:\SIH\ira-wakeword\dataset\positive_all\synthetic\synthetic_hfc_female_normal_57.wav,clean,1021.500,0.0312,0.5,D:\SIH\ira-wakeword\streaming_false_negatives\fn_135_clean.wav
136,E:\SIH\ira-wakeword\dataset\positive_all\piper_batch_B\1412.wav,clean,1026.000,0.2422,0.5,D:\SIH\ira-wakeword\streaming_false_negatives\fn_136_clean.wav
137,E:\SIH\ira-wakeword\dataset\positive_all\piper_batch_A\476.wav,clean,1048.500,0.3945,0.5,D:\SIH\ira-wakeword\streaming_false_negatives\fn_137_clean.wav
138,E:\SIH\ira-wakeword\real\positive\standardized\quiet_1m\ira_0217.wav,clean,1053.000,0.9961,0.5,D:\SIH\ira-wakeword\streaming_false_negatives\fn_138_clean.wav
139,E:\SIH\ira-wakeword\dataset\positive_all\piper_batch_A\1881.wav,clean,1057.500,0.0195,0.5,D:\SIH\ira-wakeword\streaming_false_negatives\fn_139_clean.wav
140,E:\SIH\ira-wakeword\dataset\positive_all\piper_batch_B\456.wav,clean,1062.000,0.2695,0.5,D:\SIH\ira-wakeword\streaming_false_negatives\fn_140_clean.wav
141,E:\SIH\ira-wakeword\dataset\positive_all\piper_batch_C\74.wav,clean,1071.000,0.0078,0.5,D:\SIH\ira-wakeword\streaming_false_negatives\fn_141_clean.wav
142,E:\SIH\ira-wakeword\dataset\positive_all\piper_batch_C\94.wav,clean,1075.500,0.3320,0.5,D:\SIH\ira-wakeword\streaming_false_negatives\fn_142_clean.wav
143,E:\SIH\ira-wakeword\dataset\positive_all\piper_batch_C\1843.wav,clean,1084.500,0.0312,0.5,D:\SIH\ira-wakeword\streaming_false_negatives\fn_143_clean.wav
144,E:\SIH\ira-wakeword\dataset\positive_all\synthetic\synthetic_lessac_slow_38.wav,clean,1089.000,0.0078,0.5,D:\SIH\ira-wakeword\streaming_false_negatives\fn_144_clean.wav
145,E:\SIH\ira-wakeword\dataset\positive_all\piper_batch_C\406.wav,clean,1098.000,0.0195,0.5,D:\SIH\ira-wakeword\streaming_false_negatives\fn_145_clean.wav
146,E:\SIH\ira-wakeword\dataset\positive_all\piper_batch_A\1444.wav,clean,1102.500,0.1758,0.5,D:\SIH\ira-wakeword\streaming_false_negatives\fn_146_clean.wav
147,E:\SIH\ira-wakeword\dataset\positive_all\piper_batch_B\1853.wav,clean,1111.500,0.0273,0.5,D:\SIH\ira-wakeword\streaming_false_negatives\fn_147_clean.wav
148,E:\SIH\ira-wakeword\dataset\positive_all\piper_batch_A\880.wav,clean,1120.500,0.1211,0.5,D:\SIH\ira-wakeword\streaming_false_negatives\fn_148_clean.wav
149,E:\SIH\ira-wakeword\dataset\positive_all\piper_batch_C\223.wav,clean,1125.000,0.1211,0.5,D:\SIH\ira-wakeword\streaming_false_negatives\fn_149_clean.wav
150,E:\SIH\ira-wakeword\dataset\positive_all\synthetic\synthetic_hfc_male_69.wav,clean,1134.000,0.0391,0.5,D:\SIH\ira-wakeword\streaming_false_negatives\fn_150_clean.wav
151,E:\SIH\ira-wakeword\dataset\positive_all\piper_batch_A\579.wav,clean,1147.500,0.0469,0.5,D:\SIH\ira-wakeword\streaming_false_negatives\fn_151_clean.wav
152,E:\SIH\ira-wakeword\dataset\positive_all\piper_batch_B\1474.wav,clean,1152.000,0.0469,0.5,D:\SIH\ira-wakeword\streaming_false_negatives\fn_152_clean.wav
153,E:\SIH\ira-wakeword\dataset\positive_all\piper_batch_D\1521.wav,clean,1161.000,0.0234,0.5,D:\SIH\ira-wakeword\streaming_false_negatives\fn_153_clean.wav
154,E:\SIH\ira-wakeword\dataset\positive_all\piper_batch_B\1560.wav,clean,1165.500,0.5703,0.5,D:\SIH\ira-wakeword\streaming_false_negatives\fn_154_clean.wav
155,E:\SIH\ira-wakeword\dataset\positive_all\piper_batch_D\957.wav,clean,1174.500,0.0625,0.5,D:\SIH\ira-wakeword\streaming_false_negatives\fn_155_clean.wav
156,E:\SIH\ira-wakeword\dataset\positive_all\synthetic\synthetic_ryan_normal_47.wav,clean,1183.500,0.0000,0.5,D:\SIH\ira-wakeword\streaming_false_negatives\fn_156_clean.wav
157,E:\SIH\ira-wakeword\dataset\positive_all\piper_batch_C\610.wav,clean,1188.000,0.0469,0.5,D:\SIH\ira-wakeword\streaming_false_negatives\fn_157_clean.wav
158,E:\SIH\ira-wakeword\dataset\positive_all\piper_batch_A\1532.wav,clean,1197.000,0.0234,0.5,D:\SIH\ira-wakeword\streaming_false_negatives\fn_158_clean.wav
159,E:\SIH\ira-wakeword\dataset\positive_all\piper_batch_D\1328.wav,clean,1210.500,0.2422,0.5,D:\SIH\ira-wakeword\streaming_false_negatives\fn_159_clean.wav
160,E:\SIH\ira-wakeword\dataset\positive_all\synthetic\synthetic_ryan_slow_22.wav,clean,1215.000,0.0039,0.5,D:\SIH\ira-wakeword\streaming_false_negatives\fn_160_clean.wav
161,E:\SIH\ira-wakeword\dataset\positive_all\piper_batch_C\1683.wav,clean,1224.000,0.3008,0.5,D:\SIH\ira-wakeword\streaming_false_negatives\fn_161_clean.wav
162,E:\SIH\ira-wakeword\dataset\positive_all\synthetic\synthetic_pilot100_76.wav,clean,1237.500,0.0039,0.5,D:\SIH\ira-wakeword\streaming_false_negatives\fn_162_clean.wav
163,E:\SIH\ira-wakeword\dataset\positive_all\piper_batch_B\1752.wav,clean,1246.500,0.0820,0.5,D:\SIH\ira-wakeword\streaming_false_negatives\fn_163_clean.wav
164,E:\SIH\ira-wakeword\dataset\positive_all\piper_batch_D\262.wav,clean,1251.000,0.0820,0.5,D:\SIH\ira-wakeword\streaming_false_negatives\fn_164_clean.wav
165,E:\SIH\ira-wakeword\dataset\positive_all\synthetic\synthetic_amy_normal_104.wav,clean,1260.000,0.0000,0.5,D:\SIH\ira-wakeword\streaming_false_negatives\fn_165_clean.wav
166,E:\SIH\ira-wakeword\dataset\positive_all\piper_batch_B\1839.wav,clean,1264.500,0.0195,0.5,D:\SIH\ira-wakeword\streaming_false_negatives\fn_166_clean.wav
167,E:\SIH\ira-wakeword\dataset\positive_all\piper_batch_A\1523.wav,clean,1273.500,0.2422,0.5,D:\SIH\ira-wakeword\streaming_false_negatives\fn_167_clean.wav
168,E:\SIH\ira-wakeword\dataset\positive_all\piper_batch_B\1494.wav,clean,1278.000,0.1211,0.5,D:\SIH\ira-wakeword\streaming_false_negatives\fn_168_clean.wav
169,E:\SIH\ira-wakeword\dataset\positive_all\piper_batch_C\114.wav,clean,1287.000,0.3633,0.5,D:\SIH\ira-wakeword\streaming_false_negatives\fn_169_clean.wav
170,E:\SIH\ira-wakeword\dataset\positive_all\piper_batch_A\150.wav,clean,1296.000,0.4648,0.5,D:\SIH\ira-wakeword\streaming_false_negatives\fn_170_clean.wav
171,E:\SIH\ira-wakeword\dataset\positive_all\piper_batch_A\1106.wav,clean,1300.500,0.3633,0.5,D:\SIH\ira-wakeword\streaming_false_negatives\fn_171_clean.wav
172,E:\SIH\ira-wakeword\dataset\positive_all\piper_batch_A\1425.wav,clean,1309.500,0.4297,0.5,D:\SIH\ira-wakeword\streaming_false_negatives\fn_172_clean.wav
173,E:\SIH\ira-wakeword\dataset\positive_all\piper_batch_B\1225.wav,clean,1314.000,0.1211,0.5,D:\SIH\ira-wakeword\streaming_false_negatives\fn_173_clean.wav
174,E:\SIH\ira-wakeword\dataset\positive_all\piper_batch_A\1582.wav,clean,1323.000,0.0938,0.5,D:\SIH\ira-wakeword\streaming_false_negatives\fn_174_clean.wav
175,E:\SIH\ira-wakeword\dataset\positive_all\piper_batch_B\705.wav,clean,1327.500,0.1562,0.5,D:\SIH\ira-wakeword\streaming_false_negatives\fn_175_clean.wav
176,E:\SIH\ira-wakeword\dataset\positive_all\piper_batch_B\32.wav,clean,1336.500,0.0117,0.5,D:\SIH\ira-wakeword\streaming_false_negatives\fn_176_clean.wav
177,E:\SIH\ira-wakeword\dataset\positive_all\piper_batch_B\768.wav,clean,1341.000,0.3633,0.5,D:\SIH\ira-wakeword\streaming_false_negatives\fn_177_clean.wav
178,E:\SIH\ira-wakeword\dataset\positive_all\piper_batch_A\627.wav,clean,1350.000,0.0938,0.5,D:\SIH\ira-wakeword\streaming_false_negatives\fn_178_clean.wav
179,E:\SIH\ira-wakeword\dataset\positive_all\piper_batch_A\1546.wav,clean,1359.000,0.3008,0.5,D:\SIH\ira-wakeword\streaming_false_negatives\fn_179_clean.wav
180,E:\SIH\ira-wakeword\dataset\positive_all\synthetic\synthetic_pilot100_56.wav,clean,1363.500,0.0156,0.5,D:\SIH\ira-wakeword\streaming_false_negatives\fn_180_clean.wav
181,E:\SIH\ira-wakeword\dataset\positive_all\piper_batch_B\1874.wav,clean,1372.500,0.0117,0.5,D:\SIH\ira-wakeword\streaming_false_negatives\fn_181_clean.wav
182,E:\SIH\ira-wakeword\dataset\positive_all\piper_batch_C\1184.wav,clean,1386.000,0.0078,0.5,D:\SIH\ira-wakeword\streaming_false_negatives\fn_182_clean.wav
183,E:\SIH\ira-wakeword\dataset\positive_all\piper_batch_A\1411.wav,clean,1390.500,0.3633,0.5,D:\SIH\ira-wakeword\streaming_false_negatives\fn_183_clean.wav
184,E:\SIH\ira-wakeword\dataset\positive_all\piper_batch_D\1395.wav,clean,1399.500,0.0312,0.5,D:\SIH\ira-wakeword\streaming_false_negatives\fn_184_clean.wav
185,E:\SIH\ira-wakeword\dataset\positive_all\piper_batch_A\68.wav,clean,1413.000,0.2422,0.5,D:\SIH\ira-wakeword\streaming_false_negatives\fn_185_clean.wav
186,E:\SIH\ira-wakeword\dataset\positive_all\piper_batch_D\46.wav,clean,1426.500,0.0234,0.5,D:\SIH\ira-wakeword\streaming_false_negatives\fn_186_clean.wav
187,E:\SIH\ira-wakeword\dataset\positive_all\piper_batch_C\1056.wav,clean,1435.500,0.0273,0.5,D:\SIH\ira-wakeword\streaming_false_negatives\fn_187_clean.wav
188,E:\SIH\ira-wakeword\real\positive\standardized\quiet_50cm\ira_044.wav,clean,1440.000,0.9570,0.5,D:\SIH\ira-wakeword\streaming_false_negatives\fn_188_clean.wav
189,E:\SIH\ira-wakeword\dataset\positive_all\piper_batch_B\1748.wav,clean,1449.000,0.4648,0.5,D:\SIH\ira-wakeword\streaming_false_negatives\fn_189_clean.wav
190,E:\SIH\ira-wakeword\dataset\positive_all\piper_batch_C\906.wav,clean,1453.500,0.0273,0.5,D:\SIH\ira-wakeword\streaming_false_negatives\fn_190_clean.wav
191,E:\SIH\ira-wakeword\dataset\positive_all\piper_batch_D\1019.wav,clean,1462.500,0.0547,0.5,D:\SIH\ira-wakeword\streaming_false_negatives\fn_191_clean.wav
192,E:\SIH\ira-wakeword\dataset\positive_all\piper_batch_A\807.wav,clean,1467.000,0.1758,0.5,D:\SIH\ira-wakeword\streaming_false_negatives\fn_192_clean.wav
193,E:\SIH\ira-wakeword\dataset\positive_all\piper_batch_D\729.wav,clean,1476.000,0.1562,0.5,D:\SIH\ira-wakeword\streaming_false_negatives\fn_193_clean.wav
194,E:\SIH\ira-wakeword\dataset\positive_all\synthetic\synthetic_hfc_male_95.wav,clean,1480.500,0.1367,0.5,D:\SIH\ira-wakeword\streaming_false_negatives\fn_194_clean.wav
195,E:\SIH\ira-wakeword\dataset\positive_all\piper_batch_A\176.wav,clean,1489.500,0.2188,0.5,D:\SIH\ira-wakeword\streaming_false_negatives\fn_195_clean.wav
196,E:\SIH\ira-wakeword\dataset\positive_all\piper_batch_B\1245.wav,clean,1498.500,0.0195,0.5,D:\SIH\ira-wakeword\streaming_false_negatives\fn_196_clean.wav
197,E:\SIH\ira-wakeword\dataset\positive_all\piper_batch_D\1029.wav,clean,1503.000,0.0547,0.5,D:\SIH\ira-wakeword\streaming_false_negatives\fn_197_clean.wav
198,E:\SIH\ira-wakeword\dataset\positive_all\synthetic\synthetic_hfc_male_34.wav,ambient,13.500,0.0469,0.5,D:\SIH\ira-wakeword\streaming_false_negatives\fn_198_ambient.wav
199,E:\SIH\ira-wakeword\dataset\positive_all\piper_batch_C\1940.wav,ambient,18.000,0.0078,0.5,D:\SIH\ira-wakeword\streaming_false_negatives\fn_199_ambient.wav
200,E:\SIH\ira-wakeword\dataset\positive_all\piper_batch_D\238.wav,ambient,27.000,0.0117,0.5,D:\SIH\ira-wakeword\streaming_false_negatives\fn_200_ambient.wav
201,E:\SIH\ira-wakeword\dataset\positive_all\piper_batch_C\662.wav,ambient,31.500,0.1055,0.5,D:\SIH\ira-wakeword\streaming_false_negatives\fn_201_ambient.wav
202,E:\SIH\ira-wakeword\dataset\positive_all\piper_batch_C\1734.wav,ambient,36.000,0.3633,0.5,D:\SIH\ira-wakeword\streaming_false_negatives\fn_202_ambient.wav
203,E:\SIH\ira-wakeword\dataset\positive_all\piper_batch_C\0.wav,ambient,40.500,0.0156,0.5,D:\SIH\ira-wakeword\streaming_false_negatives\fn_203_ambient.wav
204,E:\SIH\ira-wakeword\dataset\positive_all\piper_batch_A\1244.wav,ambient,45.000,0.9570,0.5,D:\SIH\ira-wakeword\streaming_false_negatives\fn_204_ambient.wav
205,E:\SIH\ira-wakeword\dataset\positive_all\piper_batch_C\211.wav,ambient,54.000,0.0156,0.5,D:\SIH\ira-wakeword\streaming_false_negatives\fn_205_ambient.wav
206,E:\SIH\ira-wakeword\dataset\positive_all\synthetic\synthetic_lessac_18.wav,ambient,58.500,0.9766,0.5,D:\SIH\ira-wakeword\streaming_false_negatives\fn_206_ambient.wav
207,E:\SIH\ira-wakeword\dataset\positive_all\piper_batch_A\1597.wav,ambient,63.000,0.0391,0.5,D:\SIH\ira-wakeword\streaming_false_negatives\fn_207_ambient.wav
208,E:\SIH\ira-wakeword\dataset\positive_all\piper_batch_A\1485.wav,ambient,67.500,0.0312,0.5,D:\SIH\ira-wakeword\streaming_false_negatives\fn_208_ambient.wav
209,E:\SIH\ira-wakeword\dataset\positive_all\piper_batch_D\1508.wav,ambient,76.500,0.0742,0.5,D:\SIH\ira-wakeword\streaming_false_negatives\fn_209_ambient.wav
210,E:\SIH\ira-wakeword\dataset\positive_all\piper_batch_B\1692.wav,ambient,81.000,0.1055,0.5,D:\SIH\ira-wakeword\streaming_false_negatives\fn_210_ambient.wav
211,E:\SIH\ira-wakeword\dataset\positive_all\piper_batch_B\1164.wav,ambient,90.000,0.9375,0.5,D:\SIH\ira-wakeword\streaming_false_negatives\fn_211_ambient.wav
212,E:\SIH\ira-wakeword\dataset\positive_all\piper_batch_C\1037.wav,ambient,94.500,0.0820,0.5,D:\SIH\ira-wakeword\streaming_false_negatives\fn_212_ambient.wav
213,E:\SIH\ira-wakeword\dataset\positive_all\piper_batch_C\137.wav,ambient,103.500,0.1055,0.5,D:\SIH\ira-wakeword\streaming_false_negatives\fn_213_ambient.wav
214,E:\SIH\ira-wakeword\dataset\positive_all\piper_batch_C\1968.wav,ambient,108.000,0.9727,0.5,D:\SIH\ira-wakeword\streaming_false_negatives\fn_214_ambient.wav
215,E:\SIH\ira-wakeword\dataset\positive_all\piper_batch_A\1316.wav,ambient,117.000,0.0938,0.5,D:\SIH\ira-wakeword\streaming_false_negatives\fn_215_ambient.wav
216,E:\SIH\ira-wakeword\dataset\positive_all\synthetic\synthetic_amy_normal_46.wav,ambient,126.000,0.1367,0.5,D:\SIH\ira-wakeword\streaming_false_negatives\fn_216_ambient.wav
217,E:\SIH\ira-wakeword\dataset\positive_all\piper_batch_C\953.wav,ambient,130.500,0.9531,0.5,D:\SIH\ira-wakeword\streaming_false_negatives\fn_217_ambient.wav
218,E:\SIH\ira-wakeword\dataset\positive_all\piper_batch_C\1167.wav,ambient,144.000,0.4648,0.5,D:\SIH\ira-wakeword\streaming_false_negatives\fn_218_ambient.wav
219,E:\SIH\ira-wakeword\dataset\positive_all\piper_batch_C\1967.wav,ambient,153.000,0.2422,0.5,D:\SIH\ira-wakeword\streaming_false_negatives\fn_219_ambient.wav
220,E:\SIH\ira-wakeword\dataset\positive_all\piper_batch_C\1952.wav,ambient,171.000,0.9258,0.5,D:\SIH\ira-wakeword\streaming_false_negatives\fn_220_ambient.wav
221,E:\SIH\ira-wakeword\dataset\positive_all\piper_batch_C\838.wav,ambient,175.500,0.0195,0.5,D:\SIH\ira-wakeword\streaming_false_negatives\fn_221_ambient.wav
222,E:\SIH\ira-wakeword\dataset\positive_all\piper_batch_D\495.wav,ambient,184.500,0.9805,0.5,D:\SIH\ira-wakeword\streaming_false_negatives\fn_222_ambient.wav
223,E:\SIH\ira-wakeword\dataset\positive_all\piper_batch_D\918.wav,ambient,189.000,0.1211,0.5,D:\SIH\ira-wakeword\streaming_false_negatives\fn_223_ambient.wav
224,E:\SIH\ira-wakeword\dataset\positive_all\piper_batch_A\1527.wav,ambient,193.500,0.0625,0.5,D:\SIH\ira-wakeword\streaming_false_negatives\fn_224_ambient.wav
225,E:\SIH\ira-wakeword\dataset\positive_all\synthetic\synthetic_ryan_52.wav,ambient,202.500,0.0469,0.5,D:\SIH\ira-wakeword\streaming_false_negatives\fn_225_ambient.wav
226,E:\SIH\ira-wakeword\dataset\positive_all\piper_batch_B\1687.wav,ambient,207.000,0.3320,0.5,D:\SIH\ira-wakeword\streaming_false_negatives\fn_226_ambient.wav
227,E:\SIH\ira-wakeword\dataset\positive_all\piper_batch_B\996.wav,ambient,216.000,0.1562,0.5,D:\SIH\ira-wakeword\streaming_false_negatives\fn_227_ambient.wav
228,E:\SIH\ira-wakeword\dataset\positive_all\piper_batch_D\305.wav,ambient,220.500,0.9766,0.5,D:\SIH\ira-wakeword\streaming_false_negatives\fn_228_ambient.wav
229,E:\SIH\ira-wakeword\real\positive\standardized\quiet_50cm\ira_0104.wav,ambient,229.500,0.0391,0.5,D:\SIH\ira-wakeword\streaming_false_negatives\fn_229_ambient.wav
230,E:\SIH\ira-wakeword\real\positive\standardized\quiet_20cm\ira_0180.wav,ambient,234.000,0.9531,0.5,D:\SIH\ira-wakeword\streaming_false_negatives\fn_230_ambient.wav
231,E:\SIH\ira-wakeword\dataset\positive_all\piper_batch_B\711.wav,ambient,238.500,0.1211,0.5,D:\SIH\ira-wakeword\streaming_false_negatives\fn_231_ambient.wav
232,E:\SIH\ira-wakeword\dataset\positive_all\synthetic\synthetic_hfc_female_69.wav,ambient,243.000,0.0117,0.5,D:\SIH\ira-wakeword\streaming_false_negatives\fn_232_ambient.wav
233,E:\SIH\ira-wakeword\dataset\positive_all\piper_batch_D\1406.wav,ambient,252.000,0.0234,0.5,D:\SIH\ira-wakeword\streaming_false_negatives\fn_233_ambient.wav
234,E:\SIH\ira-wakeword\dataset\positive_all\piper_batch_D\527.wav,ambient,256.500,0.2422,0.5,D:\SIH\ira-wakeword\streaming_false_negatives\fn_234_ambient.wav
235,E:\SIH\ira-wakeword\dataset\positive_all\piper_batch_A\5.wav,ambient,265.500,0.0078,0.5,D:\SIH\ira-wakeword\streaming_false_negatives\fn_235_ambient.wav
236,E:\SIH\ira-wakeword\real\positive\standardized\quiet_1m\ira_010.wav,ambient,270.000,0.2422,0.5,D:\SIH\ira-wakeword\streaming_false_negatives\fn_236_ambient.wav
237,E:\SIH\ira-wakeword\dataset\positive_all\piper_batch_A\1748.wav,ambient,279.000,0.0195,0.5,D:\SIH\ira-wakeword\streaming_false_negatives\fn_237_ambient.wav
238,E:\SIH\ira-wakeword\dataset\positive_all\piper_batch_A\1289.wav,ambient,292.500,0.1758,0.5,D:\SIH\ira-wakeword\streaming_false_negatives\fn_238_ambient.wav
239,E:\SIH\ira-wakeword\dataset\positive_all\synthetic\synthetic_hfc_male_normal_16.wav,ambient,297.000,0.9609,0.5,D:\SIH\ira-wakeword\streaming_false_negatives\fn_239_ambient.wav
240,E:\SIH\ira-wakeword\real\positive\standardized\quiet_50cm\ira_062.wav,ambient,301.500,0.0156,0.5,D:\SIH\ira-wakeword\streaming_false_negatives\fn_240_ambient.wav
241,E:\SIH\ira-wakeword\dataset\positive_all\piper_batch_B\1662.wav,ambient,306.000,0.0000,0.5,D:\SIH\ira-wakeword\streaming_false_negatives\fn_241_ambient.wav
242,E:\SIH\ira-wakeword\dataset\positive_all\synthetic\synthetic_amy_normal_113.wav,ambient,310.500,0.9688,0.5,D:\SIH\ira-wakeword\streaming_false_negatives\fn_242_ambient.wav
243,E:\SIH\ira-wakeword\dataset\positive_all\piper_batch_A\445.wav,ambient,315.000,0.2188,0.5,D:\SIH\ira-wakeword\streaming_false_negatives\fn_243_ambient.wav
244,E:\SIH\ira-wakeword\dataset\positive_all\piper_batch_B\1858.wav,ambient,319.500,0.0117,0.5,D:\SIH\ira-wakeword\streaming_false_negatives\fn_244_ambient.wav
245,E:\SIH\ira-wakeword\dataset\positive_all\piper_batch_B\468.wav,ambient,328.500,0.0039,0.5,D:\SIH\ira-wakeword\streaming_false_negatives\fn_245_ambient.wav
246,E:\SIH\ira-wakeword\dataset\positive_all\synthetic\synthetic_ryan_normal_114.wav,ambient,342.000,0.0039,0.5,D:\SIH\ira-wakeword\streaming_false_negatives\fn_246_ambient.wav
247,E:\SIH\ira-wakeword\dataset\positive_all\piper_batch_D\217.wav,ambient,346.500,0.9961,0.5,D:\SIH\ira-wakeword\streaming_false_negatives\fn_247_ambient.wav
248,E:\SIH\ira-wakeword\dataset\positive_all\piper_batch_A\1882.wav,ambient,355.500,0.0547,0.5,D:\SIH\ira-wakeword\streaming_false_negatives\fn_248_ambient.wav
249,E:\SIH\ira-wakeword\dataset\positive_all\piper_batch_D\239.wav,ambient,364.500,0.0000,0.5,D:\SIH\ira-wakeword\streaming_false_negatives\fn_249_ambient.wav
250,E:\SIH\ira-wakeword\dataset\positive_all\piper_batch_C\1521.wav,ambient,369.000,0.1953,0.5,D:\SIH\ira-wakeword\streaming_false_negatives\fn_250_ambient.wav
251,E:\SIH\ira-wakeword\dataset\positive_all\piper_batch_C\133.wav,ambient,373.500,0.9688,0.5,D:\SIH\ira-wakeword\streaming_false_negatives\fn_251_ambient.wav
252,E:\SIH\ira-wakeword\dataset\positive_all\synthetic\synthetic_hfc_female_normal_105.wav,ambient,378.000,0.0469,0.5,D:\SIH\ira-wakeword\streaming_false_negatives\fn_252_ambient.wav
253,E:\SIH\ira-wakeword\dataset\positive_all\piper_batch_D\1158.wav,ambient,382.500,0.1211,0.5,D:\SIH\ira-wakeword\streaming_false_negatives\fn_253_ambient.wav
254,E:\SIH\ira-wakeword\dataset\positive_all\piper_batch_C\714.wav,ambient,391.500,0.0117,0.5,D:\SIH\ira-wakeword\streaming_false_negatives\fn_254_ambient.wav
255,E:\SIH\ira-wakeword\dataset\positive_all\piper_batch_A\1426.wav,ambient,396.000,0.0742,0.5,D:\SIH\ira-wakeword\streaming_false_negatives\fn_255_ambient.wav
256,E:\SIH\ira-wakeword\dataset\positive_all\synthetic\synthetic_hfc_male_normal_97.wav,ambient,405.000,0.1562,0.5,D:\SIH\ira-wakeword\streaming_false_negatives\fn_256_ambient.wav
257,E:\SIH\ira-wakeword\dataset\positive_all\piper_batch_C\1663.wav,ambient,409.500,0.3320,0.5,D:\SIH\ira-wakeword\streaming_false_negatives\fn_257_ambient.wav
258,E:\SIH\ira-wakeword\dataset\positive_all\piper_batch_D\860.wav,ambient,418.500,0.0312,0.5,D:\SIH\ira-wakeword\streaming_false_negatives\fn_258_ambient.wav
259,E:\SIH\ira-wakeword\dataset\positive_all\piper_batch_C\709.wav,ambient,427.500,0.0820,0.5,D:\SIH\ira-wakeword\streaming_false_negatives\fn_259_ambient.wav
260,E:\SIH\ira-wakeword\dataset\positive_all\piper_batch_C\1078.wav,ambient,432.000,0.0938,0.5,D:\SIH\ira-wakeword\streaming_false_negatives\fn_260_ambient.wav
261,E:\SIH\ira-wakeword\dataset\positive_all\piper_batch_B\1893.wav,ambient,441.000,0.0547,0.5,D:\SIH\ira-wakeword\streaming_false_negatives\fn_261_ambient.wav
262,E:\SIH\ira-wakeword\dataset\positive_all\piper_batch_B\1642.wav,ambient,445.500,0.0039,0.5,D:\SIH\ira-wakeword\streaming_false_negatives\fn_262_ambient.wav
263,E:\SIH\ira-wakeword\dataset\positive_all\piper_batch_C\286.wav,ambient,454.500,0.0938,0.5,D:\SIH\ira-wakeword\streaming_false_negatives\fn_263_ambient.wav
264,E:\SIH\ira-wakeword\dataset\positive_all\piper_batch_B\195.wav,ambient,459.000,0.3633,0.5,D:\SIH\ira-wakeword\streaming_false_negatives\fn_264_ambient.wav
265,E:\SIH\ira-wakeword\dataset\positive_all\piper_batch_D\1481.wav,ambient,472.500,0.0430,0.5,D:\SIH\ira-wakeword\streaming_false_negatives\fn_265_ambient.wav
266,E:\SIH\ira-wakeword\dataset\positive_all\piper_batch_B\319.wav,ambient,481.500,0.0039,0.5,D:\SIH\ira-wakeword\streaming_false_negatives\fn_266_ambient.wav
267,E:\SIH\ira-wakeword\dataset\positive_all\piper_batch_B\187.wav,ambient,486.000,0.9180,0.5,D:\SIH\ira-wakeword\streaming_false_negatives\fn_267_ambient.wav
268,E:\SIH\ira-wakeword\dataset\positive_all\piper_batch_A\1250.wav,ambient,490.500,0.0078,0.5,D:\SIH\ira-wakeword\streaming_false_negatives\fn_268_ambient.wav
269,E:\SIH\ira-wakeword\dataset\positive_all\synthetic\synthetic_hfc_male_normal_74.wav,ambient,495.000,0.0195,0.5,D:\SIH\ira-wakeword\streaming_false_negatives\fn_269_ambient.wav
270,E:\SIH\ira-wakeword\real\positive\standardized\quiet_1m\ira_026.wav,ambient,504.000,0.0156,0.5,D:\SIH\ira-wakeword\streaming_false_negatives\fn_270_ambient.wav
271,E:\SIH\ira-wakeword\dataset\positive_all\piper_batch_A\931.wav,ambient,508.500,0.0195,0.5,D:\SIH\ira-wakeword\streaming_false_negatives\fn_271_ambient.wav
272,E:\SIH\ira-wakeword\dataset\positive_all\piper_batch_B\1379.wav,ambient,517.500,0.0234,0.5,D:\SIH\ira-wakeword\streaming_false_negatives\fn_272_ambient.wav
273,E:\SIH\ira-wakeword\dataset\positive_all\piper_batch_C\218.wav,ambient,522.000,0.0742,0.5,D:\SIH\ira-wakeword\streaming_false_negatives\fn_273_ambient.wav
274,E:\SIH\ira-wakeword\dataset\positive_all\piper_batch_B\1811.wav,ambient,531.000,0.5000,0.5,D:\SIH\ira-wakeword\streaming_false_negatives\fn_274_ambient.wav
275,E:\SIH\ira-wakeword\dataset\positive_all\piper_batch_B\159.wav,ambient,535.500,0.5352,0.5,D:\SIH\ira-wakeword\streaming_false_negatives\fn_275_ambient.wav
276,E:\SIH\ira-wakeword\dataset\positive_all\synthetic\synthetic_lessac_normal_75.wav,ambient,544.500,0.0039,0.5,D:\SIH\ira-wakeword\streaming_false_negatives\fn_276_ambient.wav
277,E:\SIH\ira-wakeword\dataset\positive_all\piper_batch_C\1326.wav,ambient,549.000,0.9805,0.5,D:\SIH\ira-wakeword\streaming_false_negatives\fn_277_ambient.wav
278,E:\SIH\ira-wakeword\dataset\positive_all\piper_batch_A\1964.wav,ambient,553.500,0.9883,0.5,D:\SIH\ira-wakeword\streaming_false_negatives\fn_278_ambient.wav
279,E:\SIH\ira-wakeword\dataset\positive_all\piper_batch_A\453.wav,ambient,558.000,0.0625,0.5,D:\SIH\ira-wakeword\streaming_false_negatives\fn_279_ambient.wav
280,E:\SIH\ira-wakeword\dataset\positive_all\piper_batch_D\332.wav,ambient,562.500,0.9609,0.5,D:\SIH\ira-wakeword\streaming_false_negatives\fn_280_ambient.wav
281,E:\SIH\ira-wakeword\dataset\positive_all\piper_batch_A\393.wav,ambient,567.000,0.0625,0.5,D:\SIH\ira-wakeword\streaming_false_negatives\fn_281_ambient.wav
282,E:\SIH\ira-wakeword\dataset\positive_all\piper_batch_B\446.wav,ambient,571.500,0.0312,0.5,D:\SIH\ira-wakeword\streaming_false_negatives\fn_282_ambient.wav
283,E:\SIH\ira-wakeword\dataset\positive_all\piper_batch_C\1456.wav,ambient,580.500,0.0156,0.5,D:\SIH\ira-wakeword\streaming_false_negatives\fn_283_ambient.wav
284,E:\SIH\ira-wakeword\dataset\positive_all\piper_batch_B\1368.wav,ambient,594.000,0.0078,0.5,D:\SIH\ira-wakeword\streaming_false_negatives\fn_284_ambient.wav
285,E:\SIH\ira-wakeword\dataset\positive_all\piper_batch_B\1872.wav,ambient,598.500,0.3320,0.5,D:\SIH\ira-wakeword\streaming_false_negatives\fn_285_ambient.wav
286,E:\SIH\ira-wakeword\dataset\positive_all\piper_batch_C\808.wav,ambient,607.500,0.0039,0.5,D:\SIH\ira-wakeword\streaming_false_negatives\fn_286_ambient.wav
287,E:\SIH\ira-wakeword\dataset\positive_all\piper_batch_A\1528.wav,ambient,616.500,0.0430,0.5,D:\SIH\ira-wakeword\streaming_false_negatives\fn_287_ambient.wav
288,E:\SIH\ira-wakeword\dataset\positive_all\piper_batch_B\1186.wav,ambient,621.000,0.0742,0.5,D:\SIH\ira-wakeword\streaming_false_negatives\fn_288_ambient.wav
289,E:\SIH\ira-wakeword\dataset\positive_all\piper_batch_B\1493.wav,ambient,630.000,0.0039,0.5,D:\SIH\ira-wakeword\streaming_false_negatives\fn_289_ambient.wav
290,E:\SIH\ira-wakeword\dataset\positive_all\piper_batch_A\1267.wav,ambient,634.500,0.0938,0.5,D:\SIH\ira-wakeword\streaming_false_negatives\fn_290_ambient.wav
291,E:\SIH\ira-wakeword\dataset\positive_all\piper_batch_A\1636.wav,ambient,639.000,0.9727,0.5,D:\SIH\ira-wakeword\streaming_false_negatives\fn_291_ambient.wav
292,E:\SIH\ira-wakeword\dataset\positive_all\piper_batch_D\79.wav,ambient,643.500,0.1953,0.5,D:\SIH\ira-wakeword\streaming_false_negatives\fn_292_ambient.wav
293,E:\SIH\ira-wakeword\dataset\positive_all\piper_batch_B\1929.wav,ambient,657.000,0.0625,0.5,D:\SIH\ira-wakeword\streaming_false_negatives\fn_293_ambient.wav
294,E:\SIH\ira-wakeword\dataset\positive_all\synthetic\synthetic_lessac_normal_11.wav,ambient,661.500,0.0391,0.5,D:\SIH\ira-wakeword\streaming_false_negatives\fn_294_ambient.wav
295,E:\SIH\ira-wakeword\dataset\positive_all\piper_batch_C\607.wav,ambient,670.500,0.1055,0.5,D:\SIH\ira-wakeword\streaming_false_negatives\fn_295_ambient.wav
296,E:\SIH\ira-wakeword\dataset\positive_all\piper_batch_D\1531.wav,ambient,675.000,0.9805,0.5,D:\SIH\ira-wakeword\streaming_false_negatives\fn_296_ambient.wav
297,E:\SIH\ira-wakeword\dataset\positive_all\piper_batch_D\543.wav,ambient,679.500,0.3320,0.5,D:\SIH\ira-wakeword\streaming_false_negatives\fn_297_ambient.wav
298,E:\SIH\ira-wakeword\dataset\positive_all\piper_batch_B\657.wav,ambient,684.000,0.0000,0.5,D:\SIH\ira-wakeword\streaming_false_negatives\fn_298_ambient.wav
299,E:\SIH\ira-wakeword\dataset\positive_all\synthetic\synthetic_amy_normal_58.wav,ambient,693.000,0.1562,0.5,D:\SIH\ira-wakeword\streaming_false_negatives\fn_299_ambient.wav
300,E:\SIH\ira-wakeword\dataset\positive_all\piper_batch_D\672.wav,ambient,697.500,0.0938,0.5,D:\SIH\ira-wakeword\streaming_false_negatives\fn_300_ambient.wav
301,E:\SIH\ira-wakeword\dataset\positive_all\piper_batch_C\1060.wav,ambient,706.500,0.1367,0.5,D:\SIH\ira-wakeword\streaming_false_negatives\fn_301_ambient.wav
302,E:\SIH\ira-wakeword\real\positive\standardized\quiet_20cm\ira_0229.wav,ambient,711.000,0.8789,0.5,D:\SIH\ira-wakeword\streaming_false_negatives\fn_302_ambient.wav
303,E:\SIH\ira-wakeword\dataset\positive_all\piper_batch_D\112.wav,ambient,720.000,0.0625,0.5,D:\SIH\ira-wakeword\streaming_false_negatives\fn_303_ambient.wav
304,E:\SIH\ira-wakeword\dataset\positive_all\piper_batch_D\1281.wav,ambient,724.500,0.0039,0.5,D:\SIH\ira-wakeword\streaming_false_negatives\fn_304_ambient.wav
305,E:\SIH\ira-wakeword\dataset\positive_all\piper_batch_D\895.wav,ambient,733.500,0.1367,0.5,D:\SIH\ira-wakeword\streaming_false_negatives\fn_305_ambient.wav
306,E:\SIH\ira-wakeword\dataset\positive_all\piper_batch_A\1251.wav,ambient,742.500,0.1562,0.5,D:\SIH\ira-wakeword\streaming_false_negatives\fn_306_ambient.wav
307,E:\SIH\ira-wakeword\dataset\positive_all\piper_batch_A\1860.wav,ambient,747.000,0.0195,0.5,D:\SIH\ira-wakeword\streaming_false_negatives\fn_307_ambient.wav
308,E:\SIH\ira-wakeword\dataset\positive_all\synthetic\synthetic_lessac_normal_22.wav,ambient,751.500,0.9453,0.5,D:\SIH\ira-wakeword\streaming_false_negatives\fn_308_ambient.wav
309,E:\SIH\ira-wakeword\dataset\positive_all\piper_batch_B\162.wav,ambient,756.000,0.4297,0.5,D:\SIH\ira-wakeword\streaming_false_negatives\fn_309_ambient.wav
310,E:\SIH\ira-wakeword\dataset\positive_all\piper_batch_A\576.wav,ambient,760.500,0.0547,0.5,D:\SIH\ira-wakeword\streaming_false_negatives\fn_310_ambient.wav
311,E:\SIH\ira-wakeword\dataset\positive_all\piper_batch_B\1514.wav,ambient,765.000,0.4648,0.5,D:\SIH\ira-wakeword\streaming_false_negatives\fn_311_ambient.wav
312,E:\SIH\ira-wakeword\real\positive\standardized\quiet_50cm\ira_0192.wav,ambient,769.500,0.0195,0.5,D:\SIH\ira-wakeword\streaming_false_negatives\fn_312_ambient.wav
313,E:\SIH\ira-wakeword\dataset\positive_all\piper_batch_B\1012.wav,ambient,774.000,0.3008,0.5,D:\SIH\ira-wakeword\streaming_false_negatives\fn_313_ambient.wav
314,E:\SIH\ira-wakeword\dataset\positive_all\piper_batch_C\1176.wav,ambient,783.000,0.3320,0.5,D:\SIH\ira-wakeword\streaming_false_negatives\fn_314_ambient.wav
315,E:\SIH\ira-wakeword\dataset\positive_all\piper_batch_B\4.wav,ambient,787.500,0.0273,0.5,D:\SIH\ira-wakeword\streaming_false_negatives\fn_315_ambient.wav
316,E:\SIH\ira-wakeword\dataset\positive_all\piper_batch_A\19.wav,ambient,796.500,0.0273,0.5,D:\SIH\ira-wakeword\streaming_false_negatives\fn_316_ambient.wav
317,E:\SIH\ira-wakeword\dataset\positive_all\piper_batch_D\948.wav,ambient,805.500,0.0000,0.5,D:\SIH\ira-wakeword\streaming_false_negatives\fn_317_ambient.wav
318,E:\SIH\ira-wakeword\dataset\positive_all\piper_batch_D\254.wav,ambient,810.000,0.1953,0.5,D:\SIH\ira-wakeword\streaming_false_negatives\fn_318_ambient.wav
319,E:\SIH\ira-wakeword\dataset\positive_all\piper_batch_A\1650.wav,ambient,814.500,0.9766,0.5,D:\SIH\ira-wakeword\streaming_false_negatives\fn_319_ambient.wav
320,E:\SIH\ira-wakeword\dataset\positive_all\piper_batch_A\256.wav,ambient,819.000,0.0078,0.5,D:\SIH\ira-wakeword\streaming_false_negatives\fn_320_ambient.wav
321,E:\SIH\ira-wakeword\dataset\positive_all\piper_batch_B\1317.wav,ambient,823.500,0.1758,0.5,D:\SIH\ira-wakeword\streaming_false_negatives\fn_321_ambient.wav
322,E:\SIH\ira-wakeword\dataset\positive_all\synthetic\synthetic_pilot100_91.wav,ambient,828.000,0.9805,0.5,D:\SIH\ira-wakeword\streaming_false_negatives\fn_322_ambient.wav
323,E:\SIH\ira-wakeword\dataset\positive_all\synthetic\synthetic_ryan_normal_18.wav,ambient,832.500,0.4648,0.5,D:\SIH\ira-wakeword\streaming_false_negatives\fn_323_ambient.wav
324,E:\SIH\ira-wakeword\dataset\positive_all\piper_batch_C\928.wav,ambient,855.000,0.2422,0.5,D:\SIH\ira-wakeword\streaming_false_negatives\fn_324_ambient.wav
325,E:\SIH\ira-wakeword\dataset\positive_all\piper_batch_C\776.wav,ambient,859.500,0.0312,0.5,D:\SIH\ira-wakeword\streaming_false_negatives\fn_325_ambient.wav
326,E:\SIH\ira-wakeword\dataset\positive_all\piper_batch_C\1423.wav,ambient,864.000,0.9609,0.5,D:\SIH\ira-wakeword\streaming_false_negatives\fn_326_ambient.wav
327,E:\SIH\ira-wakeword\dataset\positive_all\piper_batch_A\821.wav,ambient,868.500,0.0195,0.5,D:\SIH\ira-wakeword\streaming_false_negatives\fn_327_ambient.wav
328,E:\SIH\ira-wakeword\dataset\positive_all\piper_batch_A\1922.wav,ambient,873.000,0.0469,0.5,D:\SIH\ira-wakeword\streaming_false_negatives\fn_328_ambient.wav
329,E:\SIH\ira-wakeword\dataset\positive_all\piper_batch_D\972.wav,ambient,882.000,0.0000,0.5,D:\SIH\ira-wakeword\streaming_false_negatives\fn_329_ambient.wav
330,E:\SIH\ira-wakeword\dataset\positive_all\piper_batch_C\1252.wav,ambient,900.000,0.1211,0.5,D:\SIH\ira-wakeword\streaming_false_negatives\fn_330_ambient.wav
331,E:\SIH\ira-wakeword\dataset\positive_all\piper_batch_C\1236.wav,ambient,909.000,0.0078,0.5,D:\SIH\ira-wakeword\streaming_false_negatives\fn_331_ambient.wav
332,E:\SIH\ira-wakeword\dataset\positive_all\piper_batch_C\1558.wav,ambient,913.500,0.9805,0.5,D:\SIH\ira-wakeword\streaming_false_negatives\fn_332_ambient.wav
333,E:\SIH\ira-wakeword\dataset\positive_all\piper_batch_B\447.wav,ambient,927.000,0.9766,0.5,D:\SIH\ira-wakeword\streaming_false_negatives\fn_333_ambient.wav
334,E:\SIH\ira-wakeword\dataset\positive_all\piper_batch_A\384.wav,ambient,931.500,0.0000,0.5,D:\SIH\ira-wakeword\streaming_false_negatives\fn_334_ambient.wav
335,E:\SIH\ira-wakeword\dataset\positive_all\piper_batch_B\819.wav,ambient,936.000,0.0469,0.5,D:\SIH\ira-wakeword\streaming_false_negatives\fn_335_ambient.wav
336,E:\SIH\ira-wakeword\dataset\positive_all\piper_batch_D\1587.wav,ambient,940.500,0.9258,0.5,D:\SIH\ira-wakeword\streaming_false_negatives\fn_336_ambient.wav
337,E:\SIH\ira-wakeword\dataset\positive_all\piper_batch_A\1725.wav,ambient,945.000,0.1953,0.5,D:\SIH\ira-wakeword\streaming_false_negatives\fn_337_ambient.wav
338,E:\SIH\ira-wakeword\real\positive\standardized\quiet_50cm\ira_048.wav,ambient,949.500,0.2422,0.5,D:\SIH\ira-wakeword\streaming_false_negatives\fn_338_ambient.wav
339,E:\SIH\ira-wakeword\dataset\positive_all\piper_batch_A\996.wav,ambient,958.500,0.0000,0.5,D:\SIH\ira-wakeword\streaming_false_negatives\fn_339_ambient.wav
340,E:\SIH\ira-wakeword\real\positive\standardized\quiet_50cm\ira_0196.wav,ambient,972.000,0.0117,0.5,D:\SIH\ira-wakeword\streaming_false_negatives\fn_340_ambient.wav
341,E:\SIH\ira-wakeword\dataset\positive_all\synthetic\synthetic_hfc_male_normal_73.wav,ambient,976.500,0.7578,0.5,D:\SIH\ira-wakeword\streaming_false_negatives\fn_341_ambient.wav
342,E:\SIH\ira-wakeword\dataset\positive_all\piper_batch_C\536.wav,ambient,985.500,0.1758,0.5,D:\SIH\ira-wakeword\streaming_false_negatives\fn_342_ambient.wav
343,E:\SIH\ira-wakeword\dataset\positive_all\piper_batch_A\95.wav,ambient,994.500,0.0195,0.5,D:\SIH\ira-wakeword\streaming_false_negatives\fn_343_ambient.wav
344,E:\SIH\ira-wakeword\dataset\positive_all\piper_batch_A\1340.wav,ambient,1008.000,0.0117,0.5,D:\SIH\ira-wakeword\streaming_false_negatives\fn_344_ambient.wav
345,E:\SIH\ira-wakeword\dataset\positive_all\synthetic\synthetic_hfc_male_42.wav,ambient,1012.500,0.0938,0.5,D:\SIH\ira-wakeword\streaming_false_negatives\fn_345_ambient.wav
346,E:\SIH\ira-wakeword\dataset\positive_all\piper_batch_C\713.wav,ambient,1021.500,0.0312,0.5,D:\SIH\ira-wakeword\streaming_false_negatives\fn_346_ambient.wav
347,E:\SIH\ira-wakeword\dataset\positive_all\piper_batch_D\216.wav,ambient,1035.000,0.9609,0.5,D:\SIH\ira-wakeword\streaming_false_negatives\fn_347_ambient.wav
348,E:\SIH\ira-wakeword\dataset\positive_all\piper_batch_D\13.wav,ambient,1048.500,0.3945,0.5,D:\SIH\ira-wakeword\streaming_false_negatives\fn_348_ambient.wav
349,E:\SIH\ira-wakeword\dataset\positive_all\piper_batch_C\491.wav,ambient,1053.000,0.9961,0.5,D:\SIH\ira-wakeword\streaming_false_negatives\fn_349_ambient.wav
350,E:\SIH\ira-wakeword\dataset\positive_all\piper_batch_D\779.wav,ambient,1057.500,0.0195,0.5,D:\SIH\ira-wakeword\streaming_false_negatives\fn_350_ambient.wav
351,E:\SIH\ira-wakeword\dataset\positive_all\piper_batch_B\477.wav,ambient,1062.000,0.2695,0.5,D:\SIH\ira-wakeword\streaming_false_negatives\fn_351_ambient.wav
352,E:\SIH\ira-wakeword\dataset\positive_all\piper_batch_A\212.wav,ambient,1071.000,0.0078,0.5,D:\SIH\ira-wakeword\streaming_false_negatives\fn_352_ambient.wav
353,E:\SIH\ira-wakeword\dataset\positive_all\synthetic\synthetic_ryan_73.wav,ambient,1075.500,0.3320,0.5,D:\SIH\ira-wakeword\streaming_false_negatives\fn_353_ambient.wav
354,E:\SIH\ira-wakeword\dataset\positive_all\piper_batch_A\1413.wav,ambient,1084.500,0.0312,0.5,D:\SIH\ira-wakeword\streaming_false_negatives\fn_354_ambient.wav
355,E:\SIH\ira-wakeword\dataset\positive_all\piper_batch_D\576.wav,ambient,1089.000,0.0078,0.5,D:\SIH\ira-wakeword\streaming_false_negatives\fn_355_ambient.wav
356,E:\SIH\ira-wakeword\dataset\positive_all\synthetic\synthetic_hfc_female_normal_110.wav,ambient,1098.000,0.0195,0.5,D:\SIH\ira-wakeword\streaming_false_negatives\fn_356_ambient.wav
357,E:\SIH\ira-wakeword\dataset\positive_all\synthetic\synthetic_hfc_female_normal_53.wav,ambient,1102.500,0.1758,0.5,D:\SIH\ira-wakeword\streaming_false_negatives\fn_357_ambient.wav
358,E:\SIH\ira-wakeword\dataset\positive_all\synthetic\synthetic_hfc_male_6.wav,ambient,1111.500,0.0273,0.5,D:\SIH\ira-wakeword\streaming_false_negatives\fn_358_ambient.wav
359,E:\SIH\ira-wakeword\dataset\positive_all\piper_batch_A\1607.wav,ambient,1120.500,0.1211,0.5,D:\SIH\ira-wakeword\streaming_false_negatives\fn_359_ambient.wav
360,E:\SIH\ira-wakeword\dataset\positive_all\piper_batch_C\694.wav,ambient,1125.000,0.1211,0.5,D:\SIH\ira-wakeword\streaming_false_negatives\fn_360_ambient.wav
361,E:\SIH\ira-wakeword\dataset\positive_all\piper_batch_D\622.wav,ambient,1134.000,0.0391,0.5,D:\SIH\ira-wakeword\streaming_false_negatives\fn_361_ambient.wav
362,E:\SIH\ira-wakeword\dataset\positive_all\piper_batch_D\1500.wav,ambient,1147.500,0.0469,0.5,D:\SIH\ira-wakeword\streaming_false_negatives\fn_362_ambient.wav
363,E:\SIH\ira-wakeword\dataset\positive_all\piper_batch_B\973.wav,ambient,1152.000,0.0469,0.5,D:\SIH\ira-wakeword\streaming_false_negatives\fn_363_ambient.wav
364,E:\SIH\ira-wakeword\dataset\positive_all\piper_batch_A\454.wav,ambient,1161.000,0.0234,0.5,D:\SIH\ira-wakeword\streaming_false_negatives\fn_364_ambient.wav
365,E:\SIH\ira-wakeword\dataset\positive_all\piper_batch_D\150.wav,ambient,1165.500,0.5703,0.5,D:\SIH\ira-wakeword\streaming_false_negatives\fn_365_ambient.wav
366,E:\SIH\ira-wakeword\dataset\positive_all\piper_batch_A\255.wav,ambient,1174.500,0.0625,0.5,D:\SIH\ira-wakeword\streaming_false_negatives\fn_366_ambient.wav
367,E:\SIH\ira-wakeword\dataset\positive_all\piper_batch_C\1674.wav,ambient,1179.000,0.9570,0.5,D:\SIH\ira-wakeword\streaming_false_negatives\fn_367_ambient.wav
368,E:\SIH\ira-wakeword\dataset\positive_all\piper_batch_B\753.wav,ambient,1183.500,0.0000,0.5,D:\SIH\ira-wakeword\streaming_false_negatives\fn_368_ambient.wav
369,E:\SIH\ira-wakeword\dataset\positive_all\piper_batch_B\1729.wav,ambient,1188.000,0.0469,0.5,D:\SIH\ira-wakeword\streaming_false_negatives\fn_369_ambient.wav
370,E:\SIH\ira-wakeword\dataset\positive_all\piper_batch_C\1982.wav,ambient,1192.500,0.9844,0.5,D:\SIH\ira-wakeword\streaming_false_negatives\fn_370_ambient.wav
371,E:\SIH\ira-wakeword\dataset\positive_all\piper_batch_B\214.wav,ambient,1197.000,0.0234,0.5,D:\SIH\ira-wakeword\streaming_false_negatives\fn_371_ambient.wav
372,E:\SIH\ira-wakeword\dataset\positive_all\synthetic\synthetic_hfc_female_70.wav,ambient,1206.000,0.9609,0.5,D:\SIH\ira-wakeword\streaming_false_negatives\fn_372_ambient.wav
373,E:\SIH\ira-wakeword\dataset\positive_all\piper_batch_B\460.wav,ambient,1210.500,0.2422,0.5,D:\SIH\ira-wakeword\streaming_false_negatives\fn_373_ambient.wav
374,E:\SIH\ira-wakeword\dataset\positive_all\piper_batch_D\1159.wav,ambient,1215.000,0.0039,0.5,D:\SIH\ira-wakeword\streaming_false_negatives\fn_374_ambient.wav
375,E:\SIH\ira-wakeword\dataset\positive_all\synthetic\synthetic_amy_28.wav,ambient,1224.000,0.3008,0.5,D:\SIH\ira-wakeword\streaming_false_negatives\fn_375_ambient.wav
376,E:\SIH\ira-wakeword\dataset\positive_all\piper_batch_D\757.wav,ambient,1228.500,0.6055,0.5,D:\SIH\ira-wakeword\streaming_false_negatives\fn_376_ambient.wav
377,E:\SIH\ira-wakeword\dataset\positive_all\piper_batch_A\1615.wav,ambient,1237.500,0.0039,0.5,D:\SIH\ira-wakeword\streaming_false_negatives\fn_377_ambient.wav
378,E:\SIH\ira-wakeword\dataset\positive_all\synthetic\synthetic_hfc_male_43.wav,ambient,1242.000,0.9961,0.5,D:\SIH\ira-wakeword\streaming_false_negatives\fn_378_ambient.wav
379,E:\SIH\ira-wakeword\dataset\positive_all\piper_batch_D\1168.wav,ambient,1246.500,0.0820,0.5,D:\SIH\ira-wakeword\streaming_false_negatives\fn_379_ambient.wav
380,E:\SIH\ira-wakeword\dataset\positive_all\piper_batch_D\1160.wav,ambient,1251.000,0.0820,0.5,D:\SIH\ira-wakeword\streaming_false_negatives\fn_380_ambient.wav
381,E:\SIH\ira-wakeword\dataset\positive_all\piper_batch_C\1027.wav,ambient,1260.000,0.0000,0.5,D:\SIH\ira-wakeword\streaming_false_negatives\fn_381_ambient.wav
382,E:\SIH\ira-wakeword\dataset\positive_all\synthetic\synthetic_ryan_33.wav,ambient,1264.500,0.0195,0.5,D:\SIH\ira-wakeword\streaming_false_negatives\fn_382_ambient.wav
383,E:\SIH\ira-wakeword\dataset\positive_all\piper_batch_D\1299.wav,ambient,1273.500,0.2422,0.5,D:\SIH\ira-wakeword\streaming_false_negatives\fn_383_ambient.wav
384,E:\SIH\ira-wakeword\dataset\positive_all\piper_batch_B\1871.wav,ambient,1278.000,0.1211,0.5,D:\SIH\ira-wakeword\streaming_false_negatives\fn_384_ambient.wav
385,E:\SIH\ira-wakeword\dataset\positive_all\piper_batch_D\1075.wav,ambient,1287.000,0.3633,0.5,D:\SIH\ira-wakeword\streaming_false_negatives\fn_385_ambient.wav
386,E:\SIH\ira-wakeword\dataset\positive_all\synthetic\synthetic_amy_fast_5.wav,ambient,1296.000,0.4648,0.5,D:\SIH\ira-wakeword\streaming_false_negatives\fn_386_ambient.wav
387,E:\SIH\ira-wakeword\real\positive\standardized\quiet_50cm\ira_043.wav,ambient,1300.500,0.3633,0.5,D:\SIH\ira-wakeword\streaming_false_negatives\fn_387_ambient.wav
388,E:\SIH\ira-wakeword\dataset\positive_all\piper_batch_B\742.wav,ambient,1305.000,0.9766,0.5,D:\SIH\ira-wakeword\streaming_false_negatives\fn_388_ambient.wav
389,E:\SIH\ira-wakeword\dataset\positive_all\piper_batch_B\625.wav,ambient,1309.500,0.4297,0.5,D:\SIH\ira-wakeword\streaming_false_negatives\fn_389_ambient.wav
390,E:\SIH\ira-wakeword\dataset\positive_all\piper_batch_D\1139.wav,ambient,1314.000,0.1211,0.5,D:\SIH\ira-wakeword\streaming_false_negatives\fn_390_ambient.wav
391,E:\SIH\ira-wakeword\dataset\positive_all\synthetic\synthetic_hfc_female_normal_73.wav,ambient,1323.000,0.0938,0.5,D:\SIH\ira-wakeword\streaming_false_negatives\fn_391_ambient.wav
392,E:\SIH\ira-wakeword\dataset\positive_all\piper_batch_A\762.wav,ambient,1327.500,0.1562,0.5,D:\SIH\ira-wakeword\streaming_false_negatives\fn_392_ambient.wav
393,E:\SIH\ira-wakeword\dataset\positive_all\piper_batch_C\1764.wav,ambient,1336.500,0.0117,0.5,D:\SIH\ira-wakeword\streaming_false_negatives\fn_393_ambient.wav
394,E:\SIH\ira-wakeword\dataset\positive_all\piper_batch_B\746.wav,ambient,1341.000,0.3633,0.5,D:\SIH\ira-wakeword\streaming_false_negatives\fn_394_ambient.wav
395,E:\SIH\ira-wakeword\dataset\positive_all\synthetic\synthetic_lessac_slow_11.wav,ambient,1350.000,0.0938,0.5,D:\SIH\ira-wakeword\streaming_false_negatives\fn_395_ambient.wav
396,E:\SIH\ira-wakeword\dataset\positive_all\synthetic\synthetic_amy_fast_28.wav,ambient,1354.500,0.9805,0.5,D:\SIH\ira-wakeword\streaming_false_negatives\fn_396_ambient.wav
397,E:\SIH\ira-wakeword\dataset\positive_all\piper_batch_D\355.wav,ambient,1363.500,0.0156,0.5,D:\SIH\ira-wakeword\streaming_false_negatives\fn_397_ambient.wav
398,E:\SIH\ira-wakeword\dataset\positive_all\piper_batch_C\716.wav,ambient,1368.000,0.9688,0.5,D:\SIH\ira-wakeword\streaming_false_negatives\fn_398_ambient.wav
399,E:\SIH\ira-wakeword\dataset\positive_all\piper_batch_D\1356.wav,ambient,1372.500,0.0117,0.5,D:\SIH\ira-wakeword\streaming_false_negatives\fn_399_ambient.wav
400,E:\SIH\ira-wakeword\dataset\positive_all\piper_batch_B\1688.wav,ambient,1377.000,0.9922,0.5,D:\SIH\ira-wakeword\streaming_false_negatives\fn_400_ambient.wav
401,E:\SIH\ira-wakeword\dataset\positive_all\piper_batch_D\1095.wav,ambient,1386.000,0.0078,0.5,D:\SIH\ira-wakeword\streaming_false_negatives\fn_401_ambient.wav
402,E:\SIH\ira-wakeword\dataset\positive_all\piper_batch_C\303.wav,ambient,1390.500,0.3633,0.5,D:\SIH\ira-wakeword\streaming_false_negatives\fn_402_ambient.wav
403,E:\SIH\ira-wakeword\dataset\positive_all\piper_batch_A\1768.wav,ambient,1399.500,0.0312,0.5,D:\SIH\ira-wakeword\streaming_false_negatives\fn_403_ambient.wav
404,E:\SIH\ira-wakeword\dataset\positive_all\piper_batch_B\636.wav,ambient,1413.000,0.2422,0.5,D:\SIH\ira-wakeword\streaming_false_negatives\fn_404_ambient.wav
405,E:\SIH\ira-wakeword\dataset\positive_all\piper_batch_A\159.wav,ambient,1426.500,0.0234,0.5,D:\SIH\ira-wakeword\streaming_false_negatives\fn_405_ambient.wav
406,E:\SIH\ira-wakeword\dataset\positive_all\synthetic\synthetic_hfc_male_slow_38.wav,ambient,1435.500,0.0273,0.5,D:\SIH\ira-wakeword\streaming_false_negatives\fn_406_ambient.wav
407,E:\SIH\ira-wakeword\dataset\positive_all\piper_batch_B\1551.wav,ambient,1440.000,0.9570,0.5,D:\SIH\ira-wakeword\streaming_false_negatives\fn_407_ambient.wav
408,E:\SIH\ira-wakeword\dataset\positive_all\piper_batch_C\1554.wav,ambient,1449.000,0.4648,0.5,D:\SIH\ira-wakeword\streaming_false_negatives\fn_408_ambient.wav
409,E:\SIH\ira-wakeword\dataset\positive_all\piper_batch_A\1521.wav,ambient,1453.500,0.0273,0.5,D:\SIH\ira-wakeword\streaming_false_negatives\fn_409_ambient.wav
410,E:\SIH\ira-wakeword\dataset\positive_all\piper_batch_C\260.wav,ambient,1462.500,0.0547,0.5,D:\SIH\ira-wakeword\streaming_false_negatives\fn_410_ambient.wav
411,E:\SIH\ira-wakeword\dataset\positive_all\piper_batch_D\1473.wav,ambient,1476.000,0.1562,0.5,D:\SIH\ira-wakeword\streaming_false_negatives\fn_411_ambient.wav
412,E:\SIH\ira-wakeword\dataset\positive_all\synthetic\synthetic_lessac_6.wav,ambient,1480.500,0.1367,0.5,D:\SIH\ira-wakeword\streaming_false_negatives\fn_412_ambient.wav
413,E:\SIH\ira-wakeword\dataset\positive_all\piper_batch_D\1298.wav,ambient,1489.500,0.2188,0.5,D:\SIH\ira-wakeword\streaming_false_negatives\fn_413_ambient.wav
414,E:\SIH\ira-wakeword\dataset\positive_all\synthetic\synthetic_ryan_fast_10.wav,ambient,1494.000,0.9766,0.5,D:\SIH\ira-wakeword\streaming_false_negatives\fn_414_ambient.wav
415,E:\SIH\ira-wakeword\dataset\positive_all\piper_batch_B\1502.wav,ambient,1498.500,0.0195,0.5,D:\SIH\ira-wakeword\streaming_false_negatives\fn_415_ambient.wav
416,E:\SIH\ira-wakeword\dataset\positive_all\piper_batch_D\1535.wav,ambient,1503.000,0.0547,0.5,D:\SIH\ira-wakeword\streaming_false_negatives\fn_416_ambient.wav
417,E:\SIH\ira-wakeword\dataset\positive_all\piper_batch_C\1647.wav,speech,4.500,0.7578,0.5,D:\SIH\ira-wakeword\streaming_false_negatives\fn_417_speech.wav
418,E:\SIH\ira-wakeword\dataset\positive_all\synthetic\synthetic_lessac_89.wav,speech,9.000,0.9844,0.5,D:\SIH\ira-wakeword\streaming_false_negatives\fn_418_speech.wav
419,E:\SIH\ira-wakeword\dataset\positive_all\piper_batch_A\1013.wav,speech,13.500,0.0469,0.5,D:\SIH\ira-wakeword\streaming_false_negatives\fn_419_speech.wav
420,E:\SIH\ira-wakeword\dataset\positive_all\piper_batch_D\8.wav,speech,18.000,0.0078,0.5,D:\SIH\ira-wakeword\streaming_false_negatives\fn_420_speech.wav
421,E:\SIH\ira-wakeword\real\positive\standardized\quiet_20cm\ira_025.wav,speech,22.500,0.8047,0.5,D:\SIH\ira-wakeword\streaming_false_negatives\fn_421_speech.wav
422,E:\SIH\ira-wakeword\dataset\positive_all\piper_batch_B\252.wav,speech,27.000,0.0117,0.5,D:\SIH\ira-wakeword\streaming_false_negatives\fn_422_speech.wav
423,E:\SIH\ira-wakeword\dataset\positive_all\piper_batch_C\1195.wav,speech,31.500,0.1055,0.5,D:\SIH\ira-wakeword\streaming_false_negatives\fn_423_speech.wav
424,E:\SIH\ira-wakeword\real\positive\standardized\quiet_1m\ira_0152.wav,speech,36.000,0.3633,0.5,D:\SIH\ira-wakeword\streaming_false_negatives\fn_424_speech.wav
425,E:\SIH\ira-wakeword\dataset\positive_all\piper_batch_C\1466.wav,speech,40.500,0.0156,0.5,D:\SIH\ira-wakeword\streaming_false_negatives\fn_425_speech.wav
426,E:\SIH\ira-wakeword\dataset\positive_all\piper_batch_B\348.wav,speech,45.000,0.9570,0.5,D:\SIH\ira-wakeword\streaming_false_negatives\fn_426_speech.wav
427,E:\SIH\ira-wakeword\dataset\positive_all\piper_batch_B\1090.wav,speech,49.500,0.5703,0.5,D:\SIH\ira-wakeword\streaming_false_negatives\fn_427_speech.wav
428,E:\SIH\ira-wakeword\dataset\positive_all\piper_batch_A\1199.wav,speech,58.500,0.9766,0.5,D:\SIH\ira-wakeword\streaming_false_negatives\fn_428_speech.wav
429,E:\SIH\ira-wakeword\dataset\positive_all\piper_batch_D\63.wav,speech,63.000,0.0391,0.5,D:\SIH\ira-wakeword\streaming_false_negatives\fn_429_speech.wav
430,E:\SIH\ira-wakeword\dataset\positive_all\piper_batch_C\1713.wav,speech,67.500,0.0312,0.5,D:\SIH\ira-wakeword\streaming_false_negatives\fn_430_speech.wav
431,E:\SIH\ira-wakeword\dataset\positive_all\synthetic\synthetic_lessac_normal_81.wav,speech,72.000,0.9805,0.5,D:\SIH\ira-wakeword\streaming_false_negatives\fn_431_speech.wav
432,E:\SIH\ira-wakeword\dataset\positive_all\piper_batch_C\917.wav,speech,76.500,0.0742,0.5,D:\SIH\ira-wakeword\streaming_false_negatives\fn_432_speech.wav
433,E:\SIH\ira-wakeword\dataset\positive_all\synthetic\synthetic_hfc_male_fast_23.wav,speech,81.000,0.1055,0.5,D:\SIH\ira-wakeword\streaming_false_negatives\fn_433_speech.wav
434,E:\SIH\ira-wakeword\dataset\positive_all\piper_batch_D\655.wav,speech,85.500,0.9727,0.5,D:\SIH\ira-wakeword\streaming_false_negatives\fn_434_speech.wav
435,E:\SIH\ira-wakeword\dataset\positive_all\piper_batch_C\826.wav,speech,90.000,0.9375,0.5,D:\SIH\ira-wakeword\streaming_false_negatives\fn_435_speech.wav
436,E:\SIH\ira-wakeword\dataset\positive_all\piper_batch_C\162.wav,speech,94.500,0.0820,0.5,D:\SIH\ira-wakeword\streaming_false_negatives\fn_436_speech.wav
437,E:\SIH\ira-wakeword\dataset\positive_all\piper_batch_D\314.wav,speech,99.000,0.7812,0.5,D:\SIH\ira-wakeword\streaming_false_negatives\fn_437_speech.wav
438,E:\SIH\ira-wakeword\dataset\positive_all\piper_batch_A\1195.wav,speech,103.500,0.1055,0.5,D:\SIH\ira-wakeword\streaming_false_negatives\fn_438_speech.wav
439,E:\SIH\ira-wakeword\dataset\positive_all\synthetic\synthetic_hfc_female_normal_114.wav,speech,108.000,0.9727,0.5,D:\SIH\ira-wakeword\streaming_false_negatives\fn_439_speech.wav
440,E:\SIH\ira-wakeword\dataset\positive_all\piper_batch_A\1984.wav,speech,112.500,0.8945,0.5,D:\SIH\ira-wakeword\streaming_false_negatives\fn_440_speech.wav
441,E:\SIH\ira-wakeword\dataset\positive_all\piper_batch_A\742.wav,speech,117.000,0.0938,0.5,D:\SIH\ira-wakeword\streaming_false_negatives\fn_441_speech.wav
442,E:\SIH\ira-wakeword\real\positive\standardized\quiet_1m\ira_0227.wav,speech,121.500,0.9922,0.5,D:\SIH\ira-wakeword\streaming_false_negatives\fn_442_speech.wav
443,E:\SIH\ira-wakeword\dataset\positive_all\synthetic\synthetic_hfc_female_55.wav,speech,126.000,0.1367,0.5,D:\SIH\ira-wakeword\streaming_false_negatives\fn_443_speech.wav
444,E:\SIH\ira-wakeword\dataset\positive_all\piper_batch_C\1246.wav,speech,135.000,0.9453,0.5,D:\SIH\ira-wakeword\streaming_false_negatives\fn_444_speech.wav
445,E:\SIH\ira-wakeword\dataset\positive_all\piper_batch_C\1406.wav,speech,139.500,0.0625,0.5,D:\SIH\ira-wakeword\streaming_false_negatives\fn_445_speech.wav
446,E:\SIH\ira-wakeword\real\positive\standardized\quiet_1m\ira_0169.wav,speech,144.000,0.4648,0.5,D:\SIH\ira-wakeword\streaming_false_negatives\fn_446_speech.wav
447,E:\SIH\ira-wakeword\dataset\positive_all\piper_batch_B\1387.wav,speech,148.500,0.9258,0.5,D:\SIH\ira-wakeword\streaming_false_negatives\fn_447_speech.wav
448,E:\SIH\ira-wakeword\dataset\positive_all\piper_batch_A\817.wav,speech,153.000,0.2422,0.5,D:\SIH\ira-wakeword\streaming_false_negatives\fn_448_speech.wav
449,E:\SIH\ira-wakeword\dataset\positive_all\piper_batch_D\893.wav,speech,157.500,0.9961,0.5,D:\SIH\ira-wakeword\streaming_false_negatives\fn_449_speech.wav
450,E:\SIH\ira-wakeword\dataset\positive_all\piper_batch_A\325.wav,speech,162.000,0.7578,0.5,D:\SIH\ira-wakeword\streaming_false_negatives\fn_450_speech.wav
451,E:\SIH\ira-wakeword\dataset\positive_all\piper_batch_B\1010.wav,speech,166.500,0.7812,0.5,D:\SIH\ira-wakeword\streaming_false_negatives\fn_451_speech.wav
452,E:\SIH\ira-wakeword\dataset\positive_all\piper_batch_C\1304.wav,speech,171.000,0.9258,0.5,D:\SIH\ira-wakeword\streaming_false_negatives\fn_452_speech.wav
453,E:\SIH\ira-wakeword\dataset\positive_all\piper_batch_D\496.wav,speech,175.500,0.0195,0.5,D:\SIH\ira-wakeword\streaming_false_negatives\fn_453_speech.wav
454,E:\SIH\ira-wakeword\dataset\positive_all\synthetic\synthetic_hfc_female_111.wav,speech,180.000,0.5352,0.5,D:\SIH\ira-wakeword\streaming_false_negatives\fn_454_speech.wav
455,E:\SIH\ira-wakeword\dataset\positive_all\synthetic\synthetic_pilot100_12.wav,speech,184.500,0.9805,0.5,D:\SIH\ira-wakeword\streaming_false_negatives\fn_455_speech.wav
456,E:\SIH\ira-wakeword\dataset\positive_all\piper_batch_A\798.wav,speech,189.000,0.1211,0.5,D:\SIH\ira-wakeword\streaming_false_negatives\fn_456_speech.wav
457,E:\SIH\ira-wakeword\dataset\positive_all\piper_batch_C\1661.wav,speech,193.500,0.0625,0.5,D:\SIH\ira-wakeword\streaming_false_negatives\fn_457_speech.wav
458,E:\SIH\ira-wakeword\dataset\positive_all\piper_batch_A\1094.wav,speech,198.000,0.8438,0.5,D:\SIH\ira-wakeword\streaming_false_negatives\fn_458_speech.wav
459,E:\SIH\ira-wakeword\dataset\positive_all\piper_batch_B\1417.wav,speech,202.500,0.0469,0.5,D:\SIH\ira-wakeword\streaming_false_negatives\fn_459_speech.wav
460,E:\SIH\ira-wakeword\dataset\positive_all\piper_batch_B\599.wav,speech,207.000,0.3320,0.5,D:\SIH\ira-wakeword\streaming_false_negatives\fn_460_speech.wav
461,E:\SIH\ira-wakeword\dataset\positive_all\piper_batch_B\511.wav,speech,211.500,0.9727,0.5,D:\SIH\ira-wakeword\streaming_false_negatives\fn_461_speech.wav
462,E:\SIH\ira-wakeword\dataset\positive_all\synthetic\synthetic_hfc_male_49.wav,speech,216.000,0.1562,0.5,D:\SIH\ira-wakeword\streaming_false_negatives\fn_462_speech.wav
463,E:\SIH\ira-wakeword\dataset\positive_all\piper_batch_C\247.wav,speech,220.500,0.9766,0.5,D:\SIH\ira-wakeword\streaming_false_negatives\fn_463_speech.wav
464,E:\SIH\ira-wakeword\dataset\positive_all\piper_batch_C\350.wav,speech,229.500,0.0391,0.5,D:\SIH\ira-wakeword\streaming_false_negatives\fn_464_speech.wav
465,E:\SIH\ira-wakeword\dataset\positive_all\piper_batch_C\1393.wav,speech,234.000,0.9531,0.5,D:\SIH\ira-wakeword\streaming_false_negatives\fn_465_speech.wav
466,E:\SIH\ira-wakeword\dataset\positive_all\piper_batch_A\1471.wav,speech,238.500,0.1211,0.5,D:\SIH\ira-wakeword\streaming_false_negatives\fn_466_speech.wav
467,E:\SIH\ira-wakeword\dataset\positive_all\piper_batch_A\1031.wav,speech,243.000,0.0117,0.5,D:\SIH\ira-wakeword\streaming_false_negatives\fn_467_speech.wav
468,E:\SIH\ira-wakeword\dataset\positive_all\piper_batch_B\1779.wav,speech,247.500,0.9805,0.5,D:\SIH\ira-wakeword\streaming_false_negatives\fn_468_speech.wav
469,E:\SIH\ira-wakeword\dataset\positive_all\piper_batch_C\1831.wav,speech,252.000,0.0234,0.5,D:\SIH\ira-wakeword\streaming_false_negatives\fn_469_speech.wav
470,E:\SIH\ira-wakeword\dataset\positive_all\piper_batch_A\1908.wav,speech,256.500,0.2422,0.5,D:\SIH\ira-wakeword\streaming_false_negatives\fn_470_speech.wav
471,E:\SIH\ira-wakeword\dataset\positive_all\piper_batch_D\232.wav,speech,261.000,0.9805,0.5,D:\SIH\ira-wakeword\streaming_false_negatives\fn_471_speech.wav
472,E:\SIH\ira-wakeword\real\positive\standardized\quiet_1m\ira_089.wav,speech,265.500,0.0078,0.5,D:\SIH\ira-wakeword\streaming_false_negatives\fn_472_speech.wav
473,E:\SIH\ira-wakeword\dataset\positive_all\piper_batch_D\1335.wav,speech,270.000,0.2422,0.5,D:\SIH\ira-wakeword\streaming_false_negatives\fn_473_speech.wav
474,E:\SIH\ira-wakeword\real\positive\standardized\quiet_1m\ira_0210.wav,speech,274.500,0.9609,0.5,D:\SIH\ira-wakeword\streaming_false_negatives\fn_474_speech.wav
475,E:\SIH\ira-wakeword\dataset\positive_all\piper_batch_C\1055.wav,speech,279.000,0.0195,0.5,D:\SIH\ira-wakeword\streaming_false_negatives\fn_475_speech.wav
476,E:\SIH\ira-wakeword\dataset\positive_all\piper_batch_C\1758.wav,speech,283.500,0.3008,0.5,D:\SIH\ira-wakeword\streaming_false_negatives\fn_476_speech.wav
477,E:\SIH\ira-wakeword\dataset\positive_all\synthetic\synthetic_amy_22.wav,speech,288.000,0.6680,0.5,D:\SIH\ira-wakeword\streaming_false_negatives\fn_477_speech.wav
478,E:\SIH\ira-wakeword\real\positive\standardized\quiet_20cm\ira_0157.wav,speech,292.500,0.1758,0.5,D:\SIH\ira-wakeword\streaming_false_negatives\fn_478_speech.wav
479,E:\SIH\ira-wakeword\dataset\positive_all\piper_batch_D\663.wav,speech,297.000,0.9609,0.5,D:\SIH\ira-wakeword\streaming_false_negatives\fn_479_speech.wav
480,E:\SIH\ira-wakeword\dataset\positive_all\piper_batch_C\1898.wav,speech,301.500,0.0156,0.5,D:\SIH\ira-wakeword\streaming_false_negatives\fn_480_speech.wav
481,E:\SIH\ira-wakeword\dataset\positive_all\synthetic\synthetic_ryan_slow_19.wav,speech,306.000,0.0000,0.5,D:\SIH\ira-wakeword\streaming_false_negatives\fn_481_speech.wav
482,E:\SIH\ira-wakeword\dataset\positive_all\piper_batch_B\391.wav,speech,310.500,0.9688,0.5,D:\SIH\ira-wakeword\streaming_false_negatives\fn_482_speech.wav
483,E:\SIH\ira-wakeword\dataset\positive_all\piper_batch_B\717.wav,speech,315.000,0.2188,0.5,D:\SIH\ira-wakeword\streaming_false_negatives\fn_483_speech.wav
484,E:\SIH\ira-wakeword\dataset\positive_all\piper_batch_A\1980.wav,speech,324.000,0.9688,0.5,D:\SIH\ira-wakeword\streaming_false_negatives\fn_484_speech.wav
485,E:\SIH\ira-wakeword\dataset\positive_all\piper_batch_C\91.wav,speech,328.500,0.0039,0.5,D:\SIH\ira-wakeword\streaming_false_negatives\fn_485_speech.wav
486,E:\SIH\ira-wakeword\dataset\positive_all\synthetic\synthetic_ryan_normal_38.wav,speech,333.000,0.1211,0.5,D:\SIH\ira-wakeword\streaming_false_negatives\fn_486_speech.wav
487,E:\SIH\ira-wakeword\dataset\positive_all\piper_batch_A\1182.wav,speech,337.500,0.9609,0.5,D:\SIH\ira-wakeword\streaming_false_negatives\fn_487_speech.wav
488,E:\SIH\ira-wakeword\dataset\positive_all\synthetic\synthetic_hfc_female_normal_74.wav,speech,342.000,0.0039,0.5,D:\SIH\ira-wakeword\streaming_false_negatives\fn_488_speech.wav
489,E:\SIH\ira-wakeword\dataset\positive_all\piper_batch_B\1240.wav,speech,346.500,0.9961,0.5,D:\SIH\ira-wakeword\streaming_false_negatives\fn_489_speech.wav
490,E:\SIH\ira-wakeword\dataset\positive_all\piper_batch_B\182.wav,speech,351.000,0.9922,0.5,D:\SIH\ira-wakeword\streaming_false_negatives\fn_490_speech.wav
491,E:\SIH\ira-wakeword\dataset\positive_all\piper_batch_B\1058.wav,speech,355.500,0.0547,0.5,D:\SIH\ira-wakeword\streaming_false_negatives\fn_491_speech.wav
492,E:\SIH\ira-wakeword\dataset\positive_all\piper_batch_C\537.wav,speech,360.000,0.9609,0.5,D:\SIH\ira-wakeword\streaming_false_negatives\fn_492_speech.wav
493,E:\SIH\ira-wakeword\dataset\positive_all\piper_batch_D\724.wav,speech,364.500,0.0000,0.5,D:\SIH\ira-wakeword\streaming_false_negatives\fn_493_speech.wav
494,E:\SIH\ira-wakeword\dataset\positive_all\piper_batch_C\1399.wav,speech,369.000,0.1953,0.5,D:\SIH\ira-wakeword\streaming_false_negatives\fn_494_speech.wav
495,E:\SIH\ira-wakeword\dataset\positive_all\piper_batch_D\105.wav,speech,373.500,0.9688,0.5,D:\SIH\ira-wakeword\streaming_false_negatives\fn_495_speech.wav
496,E:\SIH\ira-wakeword\dataset\positive_all\piper_batch_A\1759.wav,speech,378.000,0.0469,0.5,D:\SIH\ira-wakeword\streaming_false_negatives\fn_496_speech.wav
497,E:\SIH\ira-wakeword\dataset\positive_all\piper_batch_C\1822.wav,speech,382.500,0.1211,0.5,D:\SIH\ira-wakeword\streaming_false_negatives\fn_497_speech.wav
498,E:\SIH\ira-wakeword\dataset\positive_all\synthetic\synthetic_ryan_104.wav,speech,387.000,0.9531,0.5,D:\SIH\ira-wakeword\streaming_false_negatives\fn_498_speech.wav
499,E:\SIH\ira-wakeword\dataset\positive_all\piper_batch_C\1594.wav,speech,391.500,0.0117,0.5,D:\SIH\ira-wakeword\streaming_false_negatives\fn_499_speech.wav
500,E:\SIH\ira-wakeword\dataset\positive_all\piper_batch_D\428.wav,speech,396.000,0.0742,0.5,D:\SIH\ira-wakeword\streaming_false_negatives\fn_500_speech.wav
501,E:\SIH\ira-wakeword\dataset\positive_all\piper_batch_C\756.wav,speech,400.500,0.9727,0.5,D:\SIH\ira-wakeword\streaming_false_negatives\fn_501_speech.wav
502,E:\SIH\ira-wakeword\dataset\positive_all\piper_batch_D\1267.wav,speech,405.000,0.1562,0.5,D:\SIH\ira-wakeword\streaming_false_negatives\fn_502_speech.wav
503,E:\SIH\ira-wakeword\dataset\positive_all\piper_batch_A\928.wav,speech,409.500,0.3320,0.5,D:\SIH\ira-wakeword\streaming_false_negatives\fn_503_speech.wav
504,E:\SIH\ira-wakeword\dataset\positive_all\piper_batch_B\811.wav,speech,414.000,0.8242,0.5,D:\SIH\ira-wakeword\streaming_false_negatives\fn_504_speech.wav
505,E:\SIH\ira-wakeword\dataset\positive_all\piper_batch_B\19.wav,speech,418.500,0.0312,0.5,D:\SIH\ira-wakeword\streaming_false_negatives\fn_505_speech.wav
506,E:\SIH\ira-wakeword\dataset\positive_all\piper_batch_D\1156.wav,speech,423.000,0.9688,0.5,D:\SIH\ira-wakeword\streaming_false_negatives\fn_506_speech.wav
507,E:\SIH\ira-wakeword\dataset\positive_all\synthetic\synthetic_lessac_8.wav,speech,427.500,0.0820,0.5,D:\SIH\ira-wakeword\streaming_false_negatives\fn_507_speech.wav
508,E:\SIH\ira-wakeword\dataset\positive_all\piper_batch_B\338.wav,speech,432.000,0.0938,0.5,D:\SIH\ira-wakeword\streaming_false_negatives\fn_508_speech.wav
509,E:\SIH\ira-wakeword\dataset\positive_all\piper_batch_B\1443.wav,speech,436.500,0.9688,0.5,D:\SIH\ira-wakeword\streaming_false_negatives\fn_509_speech.wav
510,E:\SIH\ira-wakeword\dataset\positive_all\piper_batch_C\1316.wav,speech,441.000,0.0547,0.5,D:\SIH\ira-wakeword\streaming_false_negatives\fn_510_speech.wav
511,E:\SIH\ira-wakeword\dataset\positive_all\synthetic\synthetic_hfc_male_24.wav,speech,445.500,0.0039,0.5,D:\SIH\ira-wakeword\streaming_false_negatives\fn_511_speech.wav
512,E:\SIH\ira-wakeword\dataset\positive_all\synthetic\synthetic_hfc_female_slow_8.wav,speech,450.000,0.9258,0.5,D:\SIH\ira-wakeword\streaming_false_negatives\fn_512_speech.wav
513,E:\SIH\ira-wakeword\dataset\positive_all\piper_batch_B\1944.wav,speech,454.500,0.0938,0.5,D:\SIH\ira-wakeword\streaming_false_negatives\fn_513_speech.wav
514,E:\SIH\ira-wakeword\dataset\positive_all\synthetic\synthetic_amy_116.wav,speech,459.000,0.3633,0.5,D:\SIH\ira-wakeword\streaming_false_negatives\fn_514_speech.wav
515,E:\SIH\ira-wakeword\dataset\positive_all\piper_batch_B\1522.wav,speech,463.500,0.9727,0.5,D:\SIH\ira-wakeword\streaming_false_negatives\fn_515_speech.wav
516,E:\SIH\ira-wakeword\dataset\positive_all\piper_batch_C\203.wav,speech,468.000,0.9922,0.5,D:\SIH\ira-wakeword\streaming_false_negatives\fn_516_speech.wav
517,E:\SIH\ira-wakeword\dataset\positive_all\synthetic\synthetic_amy_normal_18.wav,speech,472.500,0.0430,0.5,D:\SIH\ira-wakeword\streaming_false_negatives\fn_517_speech.wav
518,E:\SIH\ira-wakeword\dataset\positive_all\piper_batch_D\400.wav,speech,477.000,0.5703,0.5,D:\SIH\ira-wakeword\streaming_false_negatives\fn_518_speech.wav
519,E:\SIH\ira-wakeword\dataset\positive_all\piper_batch_D\1262.wav,speech,481.500,0.0039,0.5,D:\SIH\ira-wakeword\streaming_false_negatives\fn_519_speech.wav
520,E:\SIH\ira-wakeword\dataset\positive_all\piper_batch_A\1075.wav,speech,486.000,0.9180,0.5,D:\SIH\ira-wakeword\streaming_false_negatives\fn_520_speech.wav
521,E:\SIH\ira-wakeword\dataset\positive_all\piper_batch_A\1066.wav,speech,495.000,0.0195,0.5,D:\SIH\ira-wakeword\streaming_false_negatives\fn_521_speech.wav
522,E:\SIH\ira-wakeword\dataset\positive_all\piper_batch_A\1698.wav,speech,499.500,0.9727,0.5,D:\SIH\ira-wakeword\streaming_false_negatives\fn_522_speech.wav
523,E:\SIH\ira-wakeword\dataset\positive_all\piper_batch_A\401.wav,speech,504.000,0.0156,0.5,D:\SIH\ira-wakeword\streaming_false_negatives\fn_523_speech.wav
524,E:\SIH\ira-wakeword\dataset\positive_all\piper_batch_C\927.wav,speech,508.500,0.0195,0.5,D:\SIH\ira-wakeword\streaming_false_negatives\fn_524_speech.wav
525,E:\SIH\ira-wakeword\real\positive\standardized\quiet_20cm\ira_077.wav,speech,513.000,0.9531,0.5,D:\SIH\ira-wakeword\streaming_false_negatives\fn_525_speech.wav
526,E:\SIH\ira-wakeword\dataset\positive_all\piper_batch_B\1556.wav,speech,517.500,0.0234,0.5,D:\SIH\ira-wakeword\streaming_false_negatives\fn_526_speech.wav
527,E:\SIH\ira-wakeword\dataset\positive_all\piper_batch_A\1875.wav,speech,522.000,0.0742,0.5,D:\SIH\ira-wakeword\streaming_false_negatives\fn_527_speech.wav
528,E:\SIH\ira-wakeword\dataset\positive_all\piper_batch_B\769.wav,speech,526.500,0.9805,0.5,D:\SIH\ira-wakeword\streaming_false_negatives\fn_528_speech.wav
529,E:\SIH\ira-wakeword\real\positive\standardized\quiet_20cm\ira_002.wav,speech,531.000,0.5000,0.5,D:\SIH\ira-wakeword\streaming_false_negatives\fn_529_speech.wav
530,E:\SIH\ira-wakeword\dataset\positive_all\piper_batch_B\1931.wav,speech,535.500,0.5352,0.5,D:\SIH\ira-wakeword\streaming_false_negatives\fn_530_speech.wav
531,E:\SIH\ira-wakeword\dataset\positive_all\piper_batch_B\246.wav,speech,540.000,0.6055,0.5,D:\SIH\ira-wakeword\streaming_false_negatives\fn_531_speech.wav
532,E:\SIH\ira-wakeword\dataset\positive_all\synthetic\synthetic_lessac_3.wav,speech,544.500,0.0039,0.5,D:\SIH\ira-wakeword\streaming_false_negatives\fn_532_speech.wav
533,E:\SIH\ira-wakeword\dataset\positive_all\piper_batch_C\66.wav,speech,549.000,0.9805,0.5,D:\SIH\ira-wakeword\streaming_false_negatives\fn_533_speech.wav
534,E:\SIH\ira-wakeword\dataset\positive_all\piper_batch_A\481.wav,speech,553.500,0.9883,0.5,D:\SIH\ira-wakeword\streaming_false_negatives\fn_534_speech.wav
535,E:\SIH\ira-wakeword\dataset\positive_all\piper_batch_C\944.wav,speech,558.000,0.0625,0.5,D:\SIH\ira-wakeword\streaming_false_negatives\fn_535_speech.wav
536,E:\SIH\ira-wakeword\dataset\positive_all\piper_batch_D\731.wav,speech,562.500,0.9609,0.5,D:\SIH\ira-wakeword\streaming_false_negatives\fn_536_speech.wav
537,E:\SIH\ira-wakeword\dataset\positive_all\piper_batch_D\1528.wav,speech,567.000,0.0625,0.5,D:\SIH\ira-wakeword\streaming_false_negatives\fn_537_speech.wav
538,E:\SIH\ira-wakeword\dataset\positive_all\piper_batch_C\620.wav,speech,571.500,0.0312,0.5,D:\SIH\ira-wakeword\streaming_false_negatives\fn_538_speech.wav
539,E:\SIH\ira-wakeword\dataset\positive_all\piper_batch_D\985.wav,speech,576.000,0.9531,0.5,D:\SIH\ira-wakeword\streaming_false_negatives\fn_539_speech.wav
540,E:\SIH\ira-wakeword\dataset\positive_all\piper_batch_A\1606.wav,speech,580.500,0.0156,0.5,D:\SIH\ira-wakeword\streaming_false_negatives\fn_540_speech.wav
541,E:\SIH\ira-wakeword\dataset\positive_all\piper_batch_B\997.wav,speech,585.000,0.2422,0.5,D:\SIH\ira-wakeword\streaming_false_negatives\fn_541_speech.wav
542,E:\SIH\ira-wakeword\dataset\positive_all\synthetic\synthetic_hfc_female_normal_109.wav,speech,589.500,0.9805,0.5,D:\SIH\ira-wakeword\streaming_false_negatives\fn_542_speech.wav
543,E:\SIH\ira-wakeword\dataset\positive_all\piper_batch_B\173.wav,speech,594.000,0.0078,0.5,D:\SIH\ira-wakeword\streaming_false_negatives\fn_543_speech.wav
544,E:\SIH\ira-wakeword\dataset\positive_all\synthetic\synthetic_lessac_normal_44.wav,speech,598.500,0.3320,0.5,D:\SIH\ira-wakeword\streaming_false_negatives\fn_544_speech.wav
545,E:\SIH\ira-wakeword\dataset\positive_all\piper_batch_C\441.wav,speech,603.000,0.0742,0.5,D:\SIH\ira-wakeword\streaming_false_negatives\fn_545_speech.wav
546,E:\SIH\ira-wakeword\dataset\positive_all\piper_batch_B\1684.wav,speech,607.500,0.0039,0.5,D:\SIH\ira-wakeword\streaming_false_negatives\fn_546_speech.wav
547,E:\SIH\ira-wakeword\dataset\positive_all\piper_batch_D\110.wav,speech,612.000,0.9688,0.5,D:\SIH\ira-wakeword\streaming_false_negatives\fn_547_speech.wav
548,E:\SIH\ira-wakeword\dataset\positive_all\piper_batch_C\1903.wav,speech,621.000,0.0742,0.5,D:\SIH\ira-wakeword\streaming_false_negatives\fn_548_speech.wav
549,E:\SIH\ira-wakeword\real\positive\standardized\quiet_20cm\ira_0115.wav,speech,625.500,0.9727,0.5,D:\SIH\ira-wakeword\streaming_false_negatives\fn_549_speech.wav
550,E:\SIH\ira-wakeword\dataset\positive_all\piper_batch_D\187.wav,speech,630.000,0.0039,0.5,D:\SIH\ira-wakeword\streaming_false_negatives\fn_550_speech.wav
551,E:\SIH\ira-wakeword\dataset\positive_all\synthetic\synthetic_lessac_111.wav,speech,634.500,0.0938,0.5,D:\SIH\ira-wakeword\streaming_false_negatives\fn_551_speech.wav
552,E:\SIH\ira-wakeword\dataset\positive_all\piper_batch_B\1048.wav,speech,639.000,0.9727,0.5,D:\SIH\ira-wakeword\streaming_false_negatives\fn_552_speech.wav
553,E:\SIH\ira-wakeword\dataset\positive_all\piper_batch_D\37.wav,speech,643.500,0.1953,0.5,D:\SIH\ira-wakeword\streaming_false_negatives\fn_553_speech.wav
554,E:\SIH\ira-wakeword\dataset\positive_all\piper_batch_D\979.wav,speech,648.000,0.9180,0.5,D:\SIH\ira-wakeword\streaming_false_negatives\fn_554_speech.wav
555,E:\SIH\ira-wakeword\dataset\positive_all\piper_batch_D\585.wav,speech,652.500,0.9766,0.5,D:\SIH\ira-wakeword\streaming_false_negatives\fn_555_speech.wav
556,E:\SIH\ira-wakeword\dataset\positive_all\piper_batch_C\1128.wav,speech,657.000,0.0625,0.5,D:\SIH\ira-wakeword\streaming_false_negatives\fn_556_speech.wav
557,E:\SIH\ira-wakeword\dataset\positive_all\piper_batch_C\531.wav,speech,661.500,0.0391,0.5,D:\SIH\ira-wakeword\streaming_false_negatives\fn_557_speech.wav
558,E:\SIH\ira-wakeword\dataset\positive_all\piper_batch_D\1550.wav,speech,666.000,0.6992,0.5,D:\SIH\ira-wakeword\streaming_false_negatives\fn_558_speech.wav
559,E:\SIH\ira-wakeword\dataset\positive_all\piper_batch_C\335.wav,speech,670.500,0.1055,0.5,D:\SIH\ira-wakeword\streaming_false_negatives\fn_559_speech.wav
560,E:\SIH\ira-wakeword\dataset\positive_all\piper_batch_D\421.wav,speech,675.000,0.9805,0.5,D:\SIH\ira-wakeword\streaming_false_negatives\fn_560_speech.wav
561,E:\SIH\ira-wakeword\dataset\positive_all\piper_batch_C\1488.wav,speech,679.500,0.3320,0.5,D:\SIH\ira-wakeword\streaming_false_negatives\fn_561_speech.wav
562,E:\SIH\ira-wakeword\dataset\positive_all\synthetic\synthetic_hfc_female_normal_35.wav,speech,684.000,0.0000,0.5,D:\SIH\ira-wakeword\streaming_false_negatives\fn_562_speech.wav
563,E:\SIH\ira-wakeword\dataset\positive_all\piper_batch_C\1900.wav,speech,688.500,0.9531,0.5,D:\SIH\ira-wakeword\streaming_false_negatives\fn_563_speech.wav
564,E:\SIH\ira-wakeword\dataset\positive_all\piper_batch_C\924.wav,speech,693.000,0.1562,0.5,D:\SIH\ira-wakeword\streaming_false_negatives\fn_564_speech.wav
565,E:\SIH\ira-wakeword\dataset\positive_all\piper_batch_B\389.wav,speech,702.000,0.9531,0.5,D:\SIH\ira-wakeword\streaming_false_negatives\fn_565_speech.wav
566,E:\SIH\ira-wakeword\dataset\positive_all\piper_batch_A\1221.wav,speech,706.500,0.1367,0.5,D:\SIH\ira-wakeword\streaming_false_negatives\fn_566_speech.wav
567,E:\SIH\ira-wakeword\dataset\positive_all\piper_batch_B\1903.wav,speech,711.000,0.8789,0.5,D:\SIH\ira-wakeword\streaming_false_negatives\fn_567_speech.wav
568,E:\SIH\ira-wakeword\dataset\positive_all\piper_batch_B\1392.wav,speech,715.500,0.9766,0.5,D:\SIH\ira-wakeword\streaming_false_negatives\fn_568_speech.wav
569,E:\SIH\ira-wakeword\dataset\positive_all\piper_batch_C\913.wav,speech,720.000,0.0625,0.5,D:\SIH\ira-wakeword\streaming_false_negatives\fn_569_speech.wav
570,E:\SIH\ira-wakeword\dataset\positive_all\piper_batch_A\539.wav,speech,724.500,0.0039,0.5,D:\SIH\ira-wakeword\streaming_false_negatives\fn_570_speech.wav
571,E:\SIH\ira-wakeword\dataset\positive_all\piper_batch_A\564.wav,speech,729.000,0.8242,0.5,D:\SIH\ira-wakeword\streaming_false_negatives\fn_571_speech.wav
572,E:\SIH\ira-wakeword\real\positive\standardized\quiet_1m\ira_047.wav,speech,733.500,0.1367,0.5,D:\SIH\ira-wakeword\streaming_false_negatives\fn_572_speech.wav
573,E:\SIH\ira-wakeword\dataset\positive_all\piper_batch_B\752.wav,speech,738.000,0.9688,0.5,D:\SIH\ira-wakeword\streaming_false_negatives\fn_573_speech.wav
574,E:\SIH\ira-wakeword\dataset\positive_all\piper_batch_D\594.wav,speech,742.500,0.1562,0.5,D:\SIH\ira-wakeword\streaming_false_negatives\fn_574_speech.wav
575,E:\SIH\ira-wakeword\dataset\positive_all\piper_batch_C\147.wav,speech,747.000,0.0195,0.5,D:\SIH\ira-wakeword\streaming_false_negatives\fn_575_speech.wav
576,E:\SIH\ira-wakeword\dataset\positive_all\piper_batch_C\736.wav,speech,751.500,0.9453,0.5,D:\SIH\ira-wakeword\streaming_false_negatives\fn_576_speech.wav
577,E:\SIH\ira-wakeword\dataset\positive_all\piper_batch_D\611.wav,speech,756.000,0.4297,0.5,D:\SIH\ira-wakeword\streaming_false_negatives\fn_577_speech.wav
578,E:\SIH\ira-wakeword\dataset\positive_all\piper_batch_C\1009.wav,speech,760.500,0.0547,0.5,D:\SIH\ira-wakeword\streaming_false_negatives\fn_578_speech.wav
579,E:\SIH\ira-wakeword\dataset\positive_all\synthetic\synthetic_hfc_male_slow_28.wav,speech,765.000,0.4648,0.5,D:\SIH\ira-wakeword\streaming_false_negatives\fn_579_speech.wav
580,E:\SIH\ira-wakeword\dataset\positive_all\synthetic\synthetic_hfc_female_normal_115.wav,speech,769.500,0.0195,0.5,D:\SIH\ira-wakeword\streaming_false_negatives\fn_580_speech.wav
581,E:\SIH\ira-wakeword\real\positive\standardized\quiet_1m\ira_0117.wav,speech,774.000,0.3008,0.5,D:\SIH\ira-wakeword\streaming_false_negatives\fn_581_speech.wav
582,E:\SIH\ira-wakeword\dataset\positive_all\piper_batch_C\376.wav,speech,778.500,0.9805,0.5,D:\SIH\ira-wakeword\streaming_false_negatives\fn_582_speech.wav
583,E:\SIH\ira-wakeword\dataset\positive_all\synthetic\synthetic_amy_normal_8.wav,speech,783.000,0.3320,0.5,D:\SIH\ira-wakeword\streaming_false_negatives\fn_583_speech.wav
584,E:\SIH\ira-wakeword\dataset\positive_all\piper_batch_B\1608.wav,speech,787.500,0.0273,0.5,D:\SIH\ira-wakeword\streaming_false_negatives\fn_584_speech.wav
585,E:\SIH\ira-wakeword\dataset\positive_all\piper_batch_B\1740.wav,speech,792.000,0.6680,0.5,D:\SIH\ira-wakeword\streaming_false_negatives\fn_585_speech.wav
586,E:\SIH\ira-wakeword\dataset\positive_all\synthetic\synthetic_hfc_male_98.wav,speech,796.500,0.0273,0.5,D:\SIH\ira-wakeword\streaming_false_negatives\fn_586_speech.wav
587,E:\SIH\ira-wakeword\dataset\positive_all\piper_batch_D\1380.wav,speech,801.000,0.9844,0.5,D:\SIH\ira-wakeword\streaming_false_negatives\fn_587_speech.wav
588,E:\SIH\ira-wakeword\dataset\positive_all\piper_batch_D\32.wav,speech,805.500,0.0000,0.5,D:\SIH\ira-wakeword\streaming_false_negatives\fn_588_speech.wav
589,E:\SIH\ira-wakeword\dataset\positive_all\piper_batch_A\69.wav,speech,810.000,0.1953,0.5,D:\SIH\ira-wakeword\streaming_false_negatives\fn_589_speech.wav
590,E:\SIH\ira-wakeword\dataset\positive_all\piper_batch_B\675.wav,speech,814.500,0.9766,0.5,D:\SIH\ira-wakeword\streaming_false_negatives\fn_590_speech.wav
591,E:\SIH\ira-wakeword\dataset\positive_all\piper_batch_A\962.wav,speech,819.000,0.0078,0.5,D:\SIH\ira-wakeword\streaming_false_negatives\fn_591_speech.wav
592,E:\SIH\ira-wakeword\dataset\positive_all\piper_batch_B\682.wav,speech,823.500,0.1758,0.5,D:\SIH\ira-wakeword\streaming_false_negatives\fn_592_speech.wav
593,E:\SIH\ira-wakeword\dataset\positive_all\piper_batch_C\297.wav,speech,828.000,0.9805,0.5,D:\SIH\ira-wakeword\streaming_false_negatives\fn_593_speech.wav
594,E:\SIH\ira-wakeword\dataset\positive_all\piper_batch_A\1349.wav,speech,832.500,0.4648,0.5,D:\SIH\ira-wakeword\streaming_false_negatives\fn_594_speech.wav
595,E:\SIH\ira-wakeword\dataset\positive_all\piper_batch_B\232.wav,speech,837.000,0.6055,0.5,D:\SIH\ira-wakeword\streaming_false_negatives\fn_595_speech.wav
596,E:\SIH\ira-wakeword\dataset\positive_all\piper_batch_D\733.wav,speech,841.500,0.9570,0.5,D:\SIH\ira-wakeword\streaming_false_negatives\fn_596_speech.wav
597,E:\SIH\ira-wakeword\dataset\positive_all\piper_batch_C\271.wav,speech,846.000,0.8945,0.5,D:\SIH\ira-wakeword\streaming_false_negatives\fn_597_speech.wav
598,E:\SIH\ira-wakeword\dataset\positive_all\piper_batch_A\1162.wav,speech,850.500,0.5000,0.5,D:\SIH\ira-wakeword\streaming_false_negatives\fn_598_speech.wav
599,E:\SIH\ira-wakeword\dataset\positive_all\piper_batch_D\932.wav,speech,855.000,0.2422,0.5,D:\SIH\ira-wakeword\streaming_false_negatives\fn_599_speech.wav
600,E:\SIH\ira-wakeword\dataset\positive_all\piper_batch_A\1352.wav,speech,859.500,0.0312,0.5,D:\SIH\ira-wakeword\streaming_false_negatives\fn_600_speech.wav
601,E:\SIH\ira-wakeword\dataset\positive_all\synthetic\synthetic_hfc_male_normal_2.wav,speech,864.000,0.9609,0.5,D:\SIH\ira-wakeword\streaming_false_negatives\fn_601_speech.wav
602,E:\SIH\ira-wakeword\dataset\positive_all\piper_batch_B\1314.wav,speech,868.500,0.0195,0.5,D:\SIH\ira-wakeword\streaming_false_negatives\fn_602_speech.wav
603,E:\SIH\ira-wakeword\dataset\positive_all\piper_batch_C\1140.wav,speech,873.000,0.0469,0.5,D:\SIH\ira-wakeword\streaming_false_negatives\fn_603_speech.wav
604,E:\SIH\ira-wakeword\dataset\positive_all\piper_batch_A\664.wav,speech,877.500,0.9805,0.5,D:\SIH\ira-wakeword\streaming_false_negatives\fn_604_speech.wav
605,E:\SIH\ira-wakeword\dataset\positive_all\piper_batch_B\1677.wav,speech,882.000,0.0000,0.5,D:\SIH\ira-wakeword\streaming_false_negatives\fn_605_speech.wav
606,E:\SIH\ira-wakeword\dataset\positive_all\piper_batch_C\1282.wav,speech,886.500,0.9961,0.5,D:\SIH\ira-wakeword\streaming_false_negatives\fn_606_speech.wav
607,E:\SIH\ira-wakeword\dataset\positive_all\synthetic\synthetic_ryan_97.wav,speech,891.000,0.9570,0.5,D:\SIH\ira-wakeword\streaming_false_negatives\fn_607_speech.wav
608,E:\SIH\ira-wakeword\dataset\positive_all\piper_batch_C\1888.wav,speech,900.000,0.1211,0.5,D:\SIH\ira-wakeword\streaming_false_negatives\fn_608_speech.wav
609,E:\SIH\ira-wakeword\dataset\positive_all\piper_batch_B\481.wav,speech,904.500,0.9727,0.5,D:\SIH\ira-wakeword\streaming_false_negatives\fn_609_speech.wav
610,E:\SIH\ira-wakeword\dataset\positive_all\synthetic\synthetic_ryan_76.wav,speech,909.000,0.0078,0.5,D:\SIH\ira-wakeword\streaming_false_negatives\fn_610_speech.wav
611,E:\SIH\ira-wakeword\real\positive\standardized\quiet_1m\ira_071.wav,speech,913.500,0.9805,0.5,D:\SIH\ira-wakeword\streaming_false_negatives\fn_611_speech.wav
612,E:\SIH\ira-wakeword\dataset\positive_all\piper_batch_A\1373.wav,speech,918.000,0.8242,0.5,D:\SIH\ira-wakeword\streaming_false_negatives\fn_612_speech.wav
613,E:\SIH\ira-wakeword\dataset\positive_all\piper_batch_A\724.wav,speech,922.500,0.8789,0.5,D:\SIH\ira-wakeword\streaming_false_negatives\fn_613_speech.wav
614,E:\SIH\ira-wakeword\dataset\positive_all\piper_batch_A\1810.wav,speech,927.000,0.9766,0.5,D:\SIH\ira-wakeword\streaming_false_negatives\fn_614_speech.wav
615,E:\SIH\ira-wakeword\dataset\positive_all\piper_batch_C\863.wav,speech,931.500,0.0000,0.5,D:\SIH\ira-wakeword\streaming_false_negatives\fn_615_speech.wav
616,E:\SIH\ira-wakeword\dataset\positive_all\piper_batch_D\819.wav,speech,936.000,0.0469,0.5,D:\SIH\ira-wakeword\streaming_false_negatives\fn_616_speech.wav
617,E:\SIH\ira-wakeword\dataset\positive_all\piper_batch_D\1001.wav,speech,940.500,0.9258,0.5,D:\SIH\ira-wakeword\streaming_false_negatives\fn_617_speech.wav
618,E:\SIH\ira-wakeword\dataset\positive_all\synthetic\synthetic_ryan_normal_9.wav,speech,945.000,0.1953,0.5,D:\SIH\ira-wakeword\streaming_false_negatives\fn_618_speech.wav
619,E:\SIH\ira-wakeword\dataset\positive_all\piper_batch_C\521.wav,speech,958.500,0.0000,0.5,D:\SIH\ira-wakeword\streaming_false_negatives\fn_619_speech.wav
620,E:\SIH\ira-wakeword\dataset\positive_all\piper_batch_A\1878.wav,speech,967.500,0.9805,0.5,D:\SIH\ira-wakeword\streaming_false_negatives\fn_620_speech.wav
621,E:\SIH\ira-wakeword\dataset\positive_all\piper_batch_C\1551.wav,speech,972.000,0.0117,0.5,D:\SIH\ira-wakeword\streaming_false_negatives\fn_621_speech.wav
622,E:\SIH\ira-wakeword\dataset\positive_all\synthetic\synthetic_ryan_normal_101.wav,speech,976.500,0.7578,0.5,D:\SIH\ira-wakeword\streaming_false_negatives\fn_622_speech.wav
623,E:\SIH\ira-wakeword\dataset\positive_all\piper_batch_B\419.wav,speech,981.000,0.8047,0.5,D:\SIH\ira-wakeword\streaming_false_negatives\fn_623_speech.wav
624,E:\SIH\ira-wakeword\dataset\positive_all\piper_batch_C\1578.wav,speech,985.500,0.1758,0.5,D:\SIH\ira-wakeword\streaming_false_negatives\fn_624_speech.wav
625,E:\SIH\ira-wakeword\dataset\positive_all\piper_batch_C\1127.wav,speech,990.000,0.7305,0.5,D:\SIH\ira-wakeword\streaming_false_negatives\fn_625_speech.wav
626,E:\SIH\ira-wakeword\dataset\positive_all\piper_batch_A\1392.wav,speech,994.500,0.0195,0.5,D:\SIH\ira-wakeword\streaming_false_negatives\fn_626_speech.wav
627,E:\SIH\ira-wakeword\dataset\positive_all\piper_batch_A\528.wav,speech,999.000,0.8945,0.5,D:\SIH\ira-wakeword\streaming_false_negatives\fn_627_speech.wav
628,E:\SIH\ira-wakeword\dataset\positive_all\piper_batch_B\1343.wav,speech,1003.500,0.9805,0.5,D:\SIH\ira-wakeword\streaming_false_negatives\fn_628_speech.wav
629,E:\SIH\ira-wakeword\dataset\positive_all\synthetic\synthetic_lessac_38.wav,speech,1008.000,0.0117,0.5,D:\SIH\ira-wakeword\streaming_false_negatives\fn_629_speech.wav
630,E:\SIH\ira-wakeword\dataset\positive_all\piper_batch_D\949.wav,speech,1012.500,0.0938,0.5,D:\SIH\ira-wakeword\streaming_false_negatives\fn_630_speech.wav
631,E:\SIH\ira-wakeword\dataset\positive_all\piper_batch_C\1973.wav,speech,1017.000,0.8047,0.5,D:\SIH\ira-wakeword\streaming_false_negatives\fn_631_speech.wav
632,E:\SIH\ira-wakeword\dataset\positive_all\piper_batch_B\1948.wav,speech,1021.500,0.0312,0.5,D:\SIH\ira-wakeword\streaming_false_negatives\fn_632_speech.wav
633,E:\SIH\ira-wakeword\dataset\positive_all\synthetic\synthetic_lessac_normal_104.wav,speech,1026.000,0.2422,0.5,D:\SIH\ira-wakeword\streaming_false_negatives\fn_633_speech.wav
634,E:\SIH\ira-wakeword\dataset\positive_all\piper_batch_D\169.wav,speech,1030.500,0.9688,0.5,D:\SIH\ira-wakeword\streaming_false_negatives\fn_634_speech.wav
635,E:\SIH\ira-wakeword\dataset\positive_all\piper_batch_B\838.wav,speech,1035.000,0.9609,0.5,D:\SIH\ira-wakeword\streaming_false_negatives\fn_635_speech.wav
636,E:\SIH\ira-wakeword\dataset\positive_all\synthetic\synthetic_amy_26.wav,speech,1039.500,0.9180,0.5,D:\SIH\ira-wakeword\streaming_false_negatives\fn_636_speech.wav
637,E:\SIH\ira-wakeword\dataset\positive_all\piper_batch_C\118.wav,speech,1044.000,0.8047,0.5,D:\SIH\ira-wakeword\streaming_false_negatives\fn_637_speech.wav
638,E:\SIH\ira-wakeword\dataset\positive_all\piper_batch_C\1506.wav,speech,1048.500,0.3945,0.5,D:\SIH\ira-wakeword\streaming_false_negatives\fn_638_speech.wav
639,E:\SIH\ira-wakeword\dataset\positive_all\piper_batch_D\709.wav,speech,1053.000,0.9961,0.5,D:\SIH\ira-wakeword\streaming_false_negatives\fn_639_speech.wav
640,E:\SIH\ira-wakeword\dataset\positive_all\piper_batch_A\137.wav,speech,1057.500,0.0195,0.5,D:\SIH\ira-wakeword\streaming_false_negatives\fn_640_speech.wav
641,E:\SIH\ira-wakeword\dataset\positive_all\piper_batch_C\1396.wav,speech,1062.000,0.2695,0.5,D:\SIH\ira-wakeword\streaming_false_negatives\fn_641_speech.wav
642,E:\SIH\ira-wakeword\dataset\positive_all\synthetic\synthetic_ryan_67.wav,speech,1066.500,0.9844,0.5,D:\SIH\ira-wakeword\streaming_false_negatives\fn_642_speech.wav
643,E:\SIH\ira-wakeword\dataset\positive_all\piper_batch_A\332.wav,speech,1071.000,0.0078,0.5,D:\SIH\ira-wakeword\streaming_false_negatives\fn_643_speech.wav
644,E:\SIH\ira-wakeword\dataset\positive_all\piper_batch_A\470.wav,speech,1075.500,0.3320,0.5,D:\SIH\ira-wakeword\streaming_false_negatives\fn_644_speech.wav
645,E:\SIH\ira-wakeword\dataset\positive_all\synthetic\synthetic_lessac_31.wav,speech,1080.000,0.9766,0.5,D:\SIH\ira-wakeword\streaming_false_negatives\fn_645_speech.wav
646,E:\SIH\ira-wakeword\dataset\positive_all\piper_batch_A\419.wav,speech,1084.500,0.0312,0.5,D:\SIH\ira-wakeword\streaming_false_negatives\fn_646_speech.wav
647,E:\SIH\ira-wakeword\dataset\positive_all\piper_batch_D\1119.wav,speech,1089.000,0.0078,0.5,D:\SIH\ira-wakeword\streaming_false_negatives\fn_647_speech.wav
648,E:\SIH\ira-wakeword\dataset\positive_all\piper_batch_C\1072.wav,speech,1093.500,0.9766,0.5,D:\SIH\ira-wakeword\streaming_false_negatives\fn_648_speech.wav
649,E:\SIH\ira-wakeword\dataset\positive_all\piper_batch_B\1247.wav,speech,1098.000,0.0195,0.5,D:\SIH\ira-wakeword\streaming_false_negatives\fn_649_speech.wav
650,E:\SIH\ira-wakeword\dataset\positive_all\piper_batch_D\582.wav,speech,1102.500,0.1758,0.5,D:\SIH\ira-wakeword\streaming_false_negatives\fn_650_speech.wav
651,E:\SIH\ira-wakeword\dataset\positive_all\piper_batch_D\499.wav,speech,1107.000,0.9609,0.5,D:\SIH\ira-wakeword\streaming_false_negatives\fn_651_speech.wav
652,E:\SIH\ira-wakeword\dataset\positive_all\synthetic\synthetic_hfc_female_94.wav,speech,1111.500,0.0273,0.5,D:\SIH\ira-wakeword\streaming_false_negatives\fn_652_speech.wav
653,E:\SIH\ira-wakeword\dataset\positive_all\piper_batch_D\1410.wav,speech,1116.000,0.9727,0.5,D:\SIH\ira-wakeword\streaming_false_negatives\fn_653_speech.wav
654,E:\SIH\ira-wakeword\dataset\positive_all\piper_batch_D\780.wav,speech,1120.500,0.1211,0.5,D:\SIH\ira-wakeword\streaming_false_negatives\fn_654_speech.wav
655,E:\SIH\ira-wakeword\dataset\positive_all\piper_batch_D\132.wav,speech,1125.000,0.1211,0.5,D:\SIH\ira-wakeword\streaming_false_negatives\fn_655_speech.wav
656,E:\SIH\ira-wakeword\dataset\positive_all\synthetic\synthetic_amy_fast_27.wav,speech,1129.500,0.9766,0.5,D:\SIH\ira-wakeword\streaming_false_negatives\fn_656_speech.wav
657,E:\SIH\ira-wakeword\dataset\positive_all\piper_batch_A\153.wav,speech,1134.000,0.0391,0.5,D:\SIH\ira-wakeword\streaming_false_negatives\fn_657_speech.wav
658,E:\SIH\ira-wakeword\dataset\positive_all\piper_batch_C\551.wav,speech,1138.500,0.8789,0.5,D:\SIH\ira-wakeword\streaming_false_negatives\fn_658_speech.wav
659,E:\SIH\ira-wakeword\dataset\positive_all\synthetic\synthetic_ryan_normal_72.wav,speech,1143.000,0.9922,0.5,D:\SIH\ira-wakeword\streaming_false_negatives\fn_659_speech.wav
660,E:\SIH\ira-wakeword\dataset\positive_all\piper_batch_C\1327.wav,speech,1147.500,0.0469,0.5,D:\SIH\ira-wakeword\streaming_false_negatives\fn_660_speech.wav
661,E:\SIH\ira-wakeword\dataset\positive_all\synthetic\synthetic_amy_13.wav,speech,1156.500,0.9531,0.5,D:\SIH\ira-wakeword\streaming_false_negatives\fn_661_speech.wav
662,E:\SIH\ira-wakeword\dataset\positive_all\piper_batch_C\173.wav,speech,1161.000,0.0234,0.5,D:\SIH\ira-wakeword\streaming_false_negatives\fn_662_speech.wav
663,E:\SIH\ira-wakeword\dataset\positive_all\synthetic\synthetic_pilot100_47.wav,speech,1165.500,0.5703,0.5,D:\SIH\ira-wakeword\streaming_false_negatives\fn_663_speech.wav
664,E:\SIH\ira-wakeword\dataset\positive_all\piper_batch_B\612.wav,speech,1170.000,0.7812,0.5,D:\SIH\ira-wakeword\streaming_false_negatives\fn_664_speech.wav
665,E:\SIH\ira-wakeword\dataset\positive_all\piper_batch_A\40.wav,speech,1174.500,0.0625,0.5,D:\SIH\ira-wakeword\streaming_false_negatives\fn_665_speech.wav
666,E:\SIH\ira-wakeword\dataset\positive_all\piper_batch_D\1358.wav,speech,1179.000,0.9570,0.5,D:\SIH\ira-wakeword\streaming_false_negatives\fn_666_speech.wav
667,E:\SIH\ira-wakeword\dataset\positive_all\piper_batch_D\1565.wav,speech,1183.500,0.0000,0.5,D:\SIH\ira-wakeword\streaming_false_negatives\fn_667_speech.wav
668,E:\SIH\ira-wakeword\dataset\positive_all\piper_batch_B\90.wav,speech,1188.000,0.0469,0.5,D:\SIH\ira-wakeword\streaming_false_negatives\fn_668_speech.wav
669,E:\SIH\ira-wakeword\dataset\positive_all\piper_batch_C\1020.wav,speech,1192.500,0.9844,0.5,D:\SIH\ira-wakeword\streaming_false_negatives\fn_669_speech.wav
670,E:\SIH\ira-wakeword\dataset\positive_all\piper_batch_D\1087.wav,speech,1197.000,0.0234,0.5,D:\SIH\ira-wakeword\streaming_false_negatives\fn_670_speech.wav
671,E:\SIH\ira-wakeword\dataset\positive_all\piper_batch_A\1548.wav,speech,1201.500,0.8633,0.5,D:\SIH\ira-wakeword\streaming_false_negatives\fn_671_speech.wav
672,E:\SIH\ira-wakeword\dataset\positive_all\piper_batch_B\383.wav,speech,1206.000,0.9609,0.5,D:\SIH\ira-wakeword\streaming_false_negatives\fn_672_speech.wav
673,E:\SIH\ira-wakeword\dataset\positive_all\synthetic\synthetic_amy_87.wav,speech,1210.500,0.2422,0.5,D:\SIH\ira-wakeword\streaming_false_negatives\fn_673_speech.wav
674,E:\SIH\ira-wakeword\dataset\positive_all\piper_batch_A\527.wav,speech,1215.000,0.0039,0.5,D:\SIH\ira-wakeword\streaming_false_negatives\fn_674_speech.wav
675,E:\SIH\ira-wakeword\dataset\positive_all\synthetic\synthetic_hfc_female_slow_7.wav,speech,1219.500,0.9805,0.5,D:\SIH\ira-wakeword\streaming_false_negatives\fn_675_speech.wav
676,E:\SIH\ira-wakeword\dataset\positive_all\piper_batch_B\1964.wav,speech,1224.000,0.3008,0.5,D:\SIH\ira-wakeword\streaming_false_negatives\fn_676_speech.wav
677,E:\SIH\ira-wakeword\dataset\positive_all\piper_batch_B\1316.wav,speech,1228.500,0.6055,0.5,D:\SIH\ira-wakeword\streaming_false_negatives\fn_677_speech.wav
678,E:\SIH\ira-wakeword\dataset\positive_all\piper_batch_C\1978.wav,speech,1233.000,0.8633,0.5,D:\SIH\ira-wakeword\streaming_false_negatives\fn_678_speech.wav
679,E:\SIH\ira-wakeword\dataset\positive_all\piper_batch_C\895.wav,speech,1242.000,0.9961,0.5,D:\SIH\ira-wakeword\streaming_false_negatives\fn_679_speech.wav
680,E:\SIH\ira-wakeword\dataset\positive_all\piper_batch_A\1351.wav,speech,1246.500,0.0820,0.5,D:\SIH\ira-wakeword\streaming_false_negatives\fn_680_speech.wav
681,E:\SIH\ira-wakeword\dataset\positive_all\piper_batch_B\798.wav,speech,1251.000,0.0820,0.5,D:\SIH\ira-wakeword\streaming_false_negatives\fn_681_speech.wav
682,E:\SIH\ira-wakeword\dataset\positive_all\piper_batch_A\226.wav,speech,1255.500,0.9531,0.5,D:\SIH\ira-wakeword\streaming_false_negatives\fn_682_speech.wav
683,E:\SIH\ira-wakeword\dataset\positive_all\piper_batch_D\1254.wav,speech,1260.000,0.0000,0.5,D:\SIH\ira-wakeword\streaming_false_negatives\fn_683_speech.wav
684,E:\SIH\ira-wakeword\dataset\positive_all\piper_batch_A\389.wav,speech,1264.500,0.0195,0.5,D:\SIH\ira-wakeword\streaming_false_negatives\fn_684_speech.wav
685,E:\SIH\ira-wakeword\dataset\positive_all\synthetic\synthetic_hfc_female_38.wav,speech,1269.000,0.9609,0.5,D:\SIH\ira-wakeword\streaming_false_negatives\fn_685_speech.wav
686,E:\SIH\ira-wakeword\dataset\positive_all\synthetic\synthetic_amy_slow_38.wav,speech,1278.000,0.1211,0.5,D:\SIH\ira-wakeword\streaming_false_negatives\fn_686_speech.wav
687,E:\SIH\ira-wakeword\dataset\positive_all\piper_batch_D\906.wav,speech,1282.500,0.9727,0.5,D:\SIH\ira-wakeword\streaming_false_negatives\fn_687_speech.wav
688,E:\SIH\ira-wakeword\dataset\positive_all\piper_batch_A\1967.wav,speech,1287.000,0.3633,0.5,D:\SIH\ira-wakeword\streaming_false_negatives\fn_688_speech.wav
689,E:\SIH\ira-wakeword\dataset\positive_all\piper_batch_C\47.wav,speech,1291.500,0.8945,0.5,D:\SIH\ira-wakeword\streaming_false_negatives\fn_689_speech.wav
690,E:\SIH\ira-wakeword\dataset\positive_all\synthetic\synthetic_ryan_fast_37.wav,speech,1296.000,0.4648,0.5,D:\SIH\ira-wakeword\streaming_false_negatives\fn_690_speech.wav
691,E:\SIH\ira-wakeword\dataset\positive_all\synthetic\synthetic_lessac_100.wav,speech,1300.500,0.3633,0.5,D:\SIH\ira-wakeword\streaming_false_negatives\fn_691_speech.wav
692,E:\SIH\ira-wakeword\dataset\positive_all\piper_batch_D\64.wav,speech,1305.000,0.9766,0.5,D:\SIH\ira-wakeword\streaming_false_negatives\fn_692_speech.wav
693,E:\SIH\ira-wakeword\dataset\positive_all\piper_batch_A\1991.wav,speech,1309.500,0.4297,0.5,D:\SIH\ira-wakeword\streaming_false_negatives\fn_693_speech.wav
694,E:\SIH\ira-wakeword\dataset\positive_all\piper_batch_D\829.wav,speech,1314.000,0.1211,0.5,D:\SIH\ira-wakeword\streaming_false_negatives\fn_694_speech.wav
695,E:\SIH\ira-wakeword\dataset\positive_all\piper_batch_C\1673.wav,speech,1318.500,0.9688,0.5,D:\SIH\ira-wakeword\streaming_false_negatives\fn_695_speech.wav
696,E:\SIH\ira-wakeword\dataset\positive_all\synthetic\synthetic_lessac_25.wav,speech,1323.000,0.0938,0.5,D:\SIH\ira-wakeword\streaming_false_negatives\fn_696_speech.wav
697,E:\SIH\ira-wakeword\dataset\positive_all\piper_batch_C\889.wav,speech,1327.500,0.1562,0.5,D:\SIH\ira-wakeword\streaming_false_negatives\fn_697_speech.wav
698,E:\SIH\ira-wakeword\dataset\positive_all\piper_batch_C\41.wav,speech,1332.000,0.9805,0.5,D:\SIH\ira-wakeword\streaming_false_negatives\fn_698_speech.wav
699,E:\SIH\ira-wakeword\dataset\positive_all\piper_batch_D\1476.wav,speech,1341.000,0.3633,0.5,D:\SIH\ira-wakeword\streaming_false_negatives\fn_699_speech.wav
700,E:\SIH\ira-wakeword\dataset\positive_all\piper_batch_C\897.wav,speech,1345.500,0.9805,0.5,D:\SIH\ira-wakeword\streaming_false_negatives\fn_700_speech.wav
701,E:\SIH\ira-wakeword\dataset\positive_all\piper_batch_A\1470.wav,speech,1350.000,0.0938,0.5,D:\SIH\ira-wakeword\streaming_false_negatives\fn_701_speech.wav
702,E:\SIH\ira-wakeword\dataset\positive_all\piper_batch_B\718.wav,speech,1354.500,0.9805,0.5,D:\SIH\ira-wakeword\streaming_false_negatives\fn_702_speech.wav
703,E:\SIH\ira-wakeword\dataset\positive_all\piper_batch_B\1179.wav,speech,1359.000,0.3008,0.5,D:\SIH\ira-wakeword\streaming_false_negatives\fn_703_speech.wav
704,E:\SIH\ira-wakeword\dataset\positive_all\synthetic\synthetic_ryan_normal_109.wav,speech,1363.500,0.0156,0.5,D:\SIH\ira-wakeword\streaming_false_negatives\fn_704_speech.wav
705,E:\SIH\ira-wakeword\dataset\positive_all\piper_batch_A\901.wav,speech,1368.000,0.9688,0.5,D:\SIH\ira-wakeword\streaming_false_negatives\fn_705_speech.wav
706,E:\SIH\ira-wakeword\dataset\positive_all\piper_batch_D\871.wav,speech,1372.500,0.0117,0.5,D:\SIH\ira-wakeword\streaming_false_negatives\fn_706_speech.wav
707,E:\SIH\ira-wakeword\dataset\positive_all\piper_batch_C\169.wav,speech,1377.000,0.9922,0.5,D:\SIH\ira-wakeword\streaming_false_negatives\fn_707_speech.wav
708,E:\SIH\ira-wakeword\dataset\positive_all\piper_batch_C\1846.wav,speech,1386.000,0.0078,0.5,D:\SIH\ira-wakeword\streaming_false_negatives\fn_708_speech.wav
709,E:\SIH\ira-wakeword\dataset\positive_all\synthetic\synthetic_pilot100_89.wav,speech,1390.500,0.3633,0.5,D:\SIH\ira-wakeword\streaming_false_negatives\fn_709_speech.wav
710,E:\SIH\ira-wakeword\dataset\positive_all\piper_batch_B\454.wav,speech,1395.000,0.9062,0.5,D:\SIH\ira-wakeword\streaming_false_negatives\fn_710_speech.wav
711,E:\SIH\ira-wakeword\dataset\positive_all\piper_batch_B\780.wav,speech,1404.000,0.8242,0.5,D:\SIH\ira-wakeword\streaming_false_negatives\fn_711_speech.wav
712,E:\SIH\ira-wakeword\dataset\positive_all\piper_batch_B\1727.wav,speech,1408.500,0.9805,0.5,D:\SIH\ira-wakeword\streaming_false_negatives\fn_712_speech.wav
713,E:\SIH\ira-wakeword\dataset\positive_all\synthetic\synthetic_ryan_slow_27.wav,speech,1413.000,0.2422,0.5,D:\SIH\ira-wakeword\streaming_false_negatives\fn_713_speech.wav
714,E:\SIH\ira-wakeword\dataset\positive_all\synthetic\synthetic_ryan_normal_0.wav,speech,1417.500,0.8945,0.5,D:\SIH\ira-wakeword\streaming_false_negatives\fn_714_speech.wav
715,E:\SIH\ira-wakeword\dataset\positive_all\synthetic\synthetic_amy_slow_39.wav,speech,1422.000,0.5352,0.5,D:\SIH\ira-wakeword\streaming_false_negatives\fn_715_speech.wav
716,E:\SIH\ira-wakeword\real\positive\standardized\quiet_50cm\ira_0170.wav,speech,1426.500,0.0234,0.5,D:\SIH\ira-wakeword\streaming_false_negatives\fn_716_speech.wav
717,E:\SIH\ira-wakeword\real\positive\standardized\quiet_50cm\ira_0186.wav,speech,1431.000,0.9531,0.5,D:\SIH\ira-wakeword\streaming_false_negatives\fn_717_speech.wav
718,E:\SIH\ira-wakeword\dataset\positive_all\piper_batch_A\920.wav,speech,1435.500,0.0273,0.5,D:\SIH\ira-wakeword\streaming_false_negatives\fn_718_speech.wav
719,E:\SIH\ira-wakeword\dataset\positive_all\piper_batch_B\720.wav,speech,1440.000,0.9570,0.5,D:\SIH\ira-wakeword\streaming_false_negatives\fn_719_speech.wav
720,E:\SIH\ira-wakeword\dataset\positive_all\synthetic\synthetic_amy_normal_41.wav,speech,1444.500,0.9688,0.5,D:\SIH\ira-wakeword\streaming_false_negatives\fn_720_speech.wav
721,E:\SIH\ira-wakeword\dataset\positive_all\piper_batch_B\312.wav,speech,1449.000,0.4648,0.5,D:\SIH\ira-wakeword\streaming_false_negatives\fn_721_speech.wav
722,E:\SIH\ira-wakeword\dataset\positive_all\piper_batch_D\207.wav,speech,1453.500,0.0273,0.5,D:\SIH\ira-wakeword\streaming_false_negatives\fn_722_speech.wav
723,E:\SIH\ira-wakeword\dataset\positive_all\piper_batch_C\25.wav,speech,1458.000,0.9766,0.5,D:\SIH\ira-wakeword\streaming_false_negatives\fn_723_speech.wav
724,E:\SIH\ira-wakeword\dataset\positive_all\piper_batch_C\1440.wav,speech,1462.500,0.0547,0.5,D:\SIH\ira-wakeword\streaming_false_negatives\fn_724_speech.wav
725,E:\SIH\ira-wakeword\dataset\positive_all\synthetic\synthetic_hfc_female_fast_14.wav,speech,1467.000,0.1758,0.5,D:\SIH\ira-wakeword\streaming_false_negatives\fn_725_speech.wav
726,E:\SIH\ira-wakeword\dataset\positive_all\piper_batch_C\227.wav,speech,1471.500,0.9258,0.5,D:\SIH\ira-wakeword\streaming_false_negatives\fn_726_speech.wav
727,E:\SIH\ira-wakeword\dataset\positive_all\synthetic\synthetic_hfc_male_fast_16.wav,speech,1476.000,0.1562,0.5,D:\SIH\ira-wakeword\streaming_false_negatives\fn_727_speech.wav
728,E:\SIH\ira-wakeword\dataset\positive_all\synthetic\synthetic_ryan_normal_29.wav,speech,1480.500,0.1367,0.5,D:\SIH\ira-wakeword\streaming_false_negatives\fn_728_speech.wav
729,E:\SIH\ira-wakeword\dataset\positive_all\piper_batch_A\1111.wav,speech,1485.000,0.8438,0.5,D:\SIH\ira-wakeword\streaming_false_negatives\fn_729_speech.wav
730,E:\SIH\ira-wakeword\dataset\positive_all\piper_batch_A\1439.wav,speech,1489.500,0.2188,0.5,D:\SIH\ira-wakeword\streaming_false_negatives\fn_730_speech.wav
731,E:\SIH\ira-wakeword\dataset\positive_all\piper_batch_C\250.wav,speech,1494.000,0.9766,0.5,D:\SIH\ira-wakeword\streaming_false_negatives\fn_731_speech.wav
732,E:\SIH\ira-wakeword\real\positive\standardized\quiet_50cm\ira_0115.wav,speech,1498.500,0.0195,0.5,D:\SIH\ira-wakeword\streaming_false_negatives\fn_732_speech.wav
733,E:\SIH\ira-wakeword\dataset\positive_all\synthetic\synthetic_hfc_female_normal_14.wav,speech,1503.000,0.0547,0.5,D:\SIH\ira-wakeword\streaming_false_negatives\fn_733_speech.wav
