source_file,source_type,offset_ms,score,pred_0_50
E:\SIH\ira-wakeword\real\positive\standardized\quiet_20cm\ira_002.wav,REAL,0,0.9375,1
E:\SIH\ira-wakeword\real\positive\standardized\quiet_20cm\ira_0112.wav,REAL,0,0.9921875,1
E:\SIH\ira-wakeword\real\positive\standardized\quiet_20cm\ira_0113.wav,REAL,0,0.9921875,1
E:\SIH\ira-wakeword\real\positive\standardized\quiet_20cm\ira_0115.wav,REAL,0,0.99609375,1
E:\SIH\ira-wakeword\real\positive\standardized\quiet_20cm\ira_0128.wav,REAL,0,0.9921875,1
E:\SIH\ira-wakeword\real\positive\standardized\quiet_20cm\ira_0129.wav,REAL,0,0.9765625,1
E:\SIH\ira-wakeword\real\positive\standardized\quiet_20cm\ira_0142.wav,REAL,0,0.984375,1
E:\SIH\ira-wakeword\real\positive\standardized\quiet_20cm\ira_0157.wav,REAL,0,0.99609375,1
E:\SIH\ira-wakeword\real\positive\standardized\quiet_20cm\ira_0170.wav,REAL,0,0.9375,1
E:\SIH\ira-wakeword\real\positive\standardized\quiet_20cm\ira_0171.wav,REAL,0,0.95703125,1
E:\SIH\ira-wakeword\real\positive\standardized\quiet_20cm\ira_0172.wav,REAL,0,0.984375,1
E:\SIH\ira-wakeword\real\positive\standardized\quiet_20cm\ira_0175.wav,REAL,0,0.96875,1
E:\SIH\ira-wakeword\real\positive\standardized\quiet_20cm\ira_0180.wav,REAL,0,0.9765625,1
E:\SIH\ira-wakeword\real\positive\standardized\quiet_20cm\ira_0190.wav,REAL,0,0.9921875,1
E:\SIH\ira-wakeword\real\positive\standardized\quiet_20cm\ira_0229.wav,REAL,0,0.98828125,1
E:\SIH\ira-wakeword\real\positive\standardized\quiet_20cm\ira_025.wav,REAL,0,0.90625,1
E:\SIH\ira-wakeword\real\positive\standardized\quiet_20cm\ira_049.wav,REAL,0,0.84375,1
E:\SIH\ira-wakeword\real\positive\standardized\quiet_20cm\ira_065.wav,REAL,0,0.95703125,1
E:\SIH\ira-wakeword\real\positive\standardized\quiet_20cm\ira_066.wav,REAL,0,0.9453125,1
E:\SIH\ira-wakeword\real\positive\standardized\quiet_20cm\ira_077.wav,REAL,0,0.9609375,1
E:\SIH\ira-wakeword\real\positive\standardized\quiet_20cm\ira_078.wav,REAL,0,0.90625,1
E:\SIH\ira-wakeword\real\positive\standardized\quiet_20cm\ira_093.wav,REAL,0,0.96875,1
E:\SIH\ira-wakeword\real\positive\standardized\quiet_20cm\ira_099.wav,REAL,0,0.9765625,1
E:\SIH\ira-wakeword\real\positive\standardized\quiet_50cm\ira_0104.wav,REAL,0,0.984375,1
E:\SIH\ira-wakeword\real\positive\standardized\quiet_50cm\ira_0106.wav,REAL,0,0.99609375,1
E:\SIH\ira-wakeword\real\positive\standardized\quiet_50cm\ira_0115.wav,REAL,0,0.99609375,1
E:\SIH\ira-wakeword\real\positive\standardized\quiet_50cm\ira_0117.wav,REAL,0,0.99609375,1
E:\SIH\ira-wakeword\real\positive\standardized\quiet_50cm\ira_0136.wav,REAL,0,0.98828125,1
E:\SIH\ira-wakeword\real\positive\standardized\quiet_50cm\ira_0137.wav,REAL,0,0.98828125,1
E:\SIH\ira-wakeword\real\positive\standardized\quiet_50cm\ira_015.wav,REAL,0,0.7578125,1
E:\SIH\ira-wakeword\real\positive\standardized\quiet_50cm\ira_015.wav,REAL,100,0.2421875,0
E:\SIH\ira-wakeword\real\positive\standardized\quiet_50cm\ira_0170.wav,REAL,0,0.984375,1
E:\SIH\ira-wakeword\real\positive\standardized\quiet_50cm\ira_0174.wav,REAL,0,0.99609375,1
E:\SIH\ira-wakeword\real\positive\standardized\quiet_50cm\ira_0186.wav,REAL,0,0.9921875,1
E:\SIH\ira-wakeword\real\positive\standardized\quiet_50cm\ira_0188.wav,REAL,0,0.99609375,1
E:\SIH\ira-wakeword\real\positive\standardized\quiet_50cm\ira_0190.wav,REAL,0,0.9921875,1
E:\SIH\ira-wakeword\real\positive\standardized\quiet_50cm\ira_0192.wav,REAL,0,0.9921875,1
E:\SIH\ira-wakeword\real\positive\standardized\quiet_50cm\ira_0196.wav,REAL,0,0.9921875,1
E:\SIH\ira-wakeword\real\positive\standardized\quiet_50cm\ira_0200.wav,REAL,0,0.9921875,1
E:\SIH\ira-wakeword\real\positive\standardized\quiet_50cm\ira_0217.wav,REAL,0,0.953125,1
E:\SIH\ira-wakeword\real\positive\standardized\quiet_50cm\ira_041.wav,REAL,0,0.95703125,1
E:\SIH\ira-wakeword\real\positive\standardized\quiet_50cm\ira_043.wav,REAL,0,0.73046875,1
E:\SIH\ira-wakeword\real\positive\standardized\quiet_50cm\ira_044.wav,REAL,0,0.91796875,1
E:\SIH\ira-wakeword\real\positive\standardized\quiet_50cm\ira_048.wav,REAL,0,0.953125,1
E:\SIH\ira-wakeword\real\positive\standardized\quiet_50cm\ira_062.wav,REAL,0,0.953125,1
E:\SIH\ira-wakeword\real\positive\standardized\quiet_50cm\ira_080.wav,REAL,0,0.97265625,1
E:\SIH\ira-wakeword\real\positive\standardized\quiet_50cm\ira_094.wav,REAL,0,0.953125,1
E:\SIH\ira-wakeword\real\positive\standardized\quiet_1m\ira_008.wav,REAL,0,0.82421875,1
E:\SIH\ira-wakeword\real\positive\standardized\quiet_1m\ira_010.wav,REAL,0,0.53515625,1
E:\SIH\ira-wakeword\real\positive\standardized\quiet_1m\ira_0117.wav,REAL,0,0.99609375,1
E:\SIH\ira-wakeword\real\positive\standardized\quiet_1m\ira_0119.wav,REAL,0,0.98828125,1
E:\SIH\ira-wakeword\real\positive\standardized\quiet_1m\ira_0133.wav,REAL,0,0.96875,1
E:\SIH\ira-wakeword\real\positive\standardized\quiet_1m\ira_0152.wav,REAL,0,0.9921875,1
E:\SIH\ira-wakeword\real\positive\standardized\quiet_1m\ira_0153.wav,REAL,0,0.9921875,1
E:\SIH\ira-wakeword\real\positive\standardized\quiet_1m\ira_0157.wav,REAL,0,0.9921875,1
E:\SIH\ira-wakeword\real\positive\standardized\quiet_1m\ira_0165.wav,REAL,0,0.98828125,1
E:\SIH\ira-wakeword\real\positive\standardized\quiet_1m\ira_0169.wav,REAL,0,0.9921875,1
E:\SIH\ira-wakeword\real\positive\standardized\quiet_1m\ira_0172.wav,REAL,0,0.9921875,1
E:\SIH\ira-wakeword\real\positive\standardized\quiet_1m\ira_0173.wav,REAL,0,0.9765625,1
E:\SIH\ira-wakeword\real\positive\standardized\quiet_1m\ira_0185.wav,REAL,0,0.9921875,1
E:\SIH\ira-wakeword\real\positive\standardized\quiet_1m\ira_0193.wav,REAL,0,0.99609375,1
E:\SIH\ira-wakeword\real\positive\standardized\quiet_1m\ira_0210.wav,REAL,0,0.99609375,1
E:\SIH\ira-wakeword\real\positive\standardized\quiet_1m\ira_0217.wav,REAL,0,0.99609375,1
E:\SIH\ira-wakeword\real\positive\standardized\quiet_1m\ira_0227.wav,REAL,0,0.99609375,1
E:\SIH\ira-wakeword\real\positive\standardized\quiet_1m\ira_026.wav,REAL,0,0.953125,1
E:\SIH\ira-wakeword\real\positive\standardized\quiet_1m\ira_038.wav,REAL,0,0.97265625,1
E:\SIH\ira-wakeword\real\positive\standardized\quiet_1m\ira_047.wav,REAL,0,0.98046875,1
E:\SIH\ira-wakeword\real\positive\standardized\quiet_1m\ira_060.wav,REAL,0,0.95703125,1
E:\SIH\ira-wakeword\real\positive\standardized\quiet_1m\ira_071.wav,REAL,0,0.98046875,1
E:\SIH\ira-wakeword\real\positive\standardized\quiet_1m\ira_075.wav,REAL,0,0.92578125,1
E:\SIH\ira-wakeword\real\positive\standardized\quiet_1m\ira_089.wav,REAL,0,0.9765625,1
E:\SIH\ira-wakeword\dataset\positive_all\synthetic\synthetic_amy_116.wav,TTS,0,0.99609375,1
E:\SIH\ira-wakeword\dataset\positive_all\synthetic\synthetic_amy_116.wav,TTS,100,0.99609375,1
E:\SIH\ira-wakeword\dataset\positive_all\synthetic\synthetic_amy_116.wav,TTS,200,0.99609375,1
E:\SIH\ira-wakeword\dataset\positive_all\synthetic\synthetic_amy_116.wav,TTS,300,0.99609375,1
E:\SIH\ira-wakeword\dataset\positive_all\synthetic\synthetic_amy_116.wav,TTS,400,0.99609375,1
E:\SIH\ira-wakeword\dataset\positive_all\synthetic\synthetic_amy_13.wav,TTS,0,0.99609375,1
E:\SIH\ira-wakeword\dataset\positive_all\synthetic\synthetic_amy_13.wav,TTS,100,0.99609375,1
E:\SIH\ira-wakeword\dataset\positive_all\synthetic\synthetic_amy_13.wav,TTS,200,0.99609375,1
E:\SIH\ira-wakeword\dataset\positive_all\synthetic\synthetic_amy_13.wav,TTS,300,0.99609375,1
E:\SIH\ira-wakeword\dataset\positive_all\synthetic\synthetic_amy_13.wav,TTS,400,0.99609375,1
E:\SIH\ira-wakeword\dataset\positive_all\synthetic\synthetic_amy_22.wav,TTS,0,0.99609375,1
E:\SIH\ira-wakeword\dataset\positive_all\synthetic\synthetic_amy_22.wav,TTS,100,0.99609375,1
E:\SIH\ira-wakeword\dataset\positive_all\synthetic\synthetic_amy_22.wav,TTS,200,0.99609375,1
E:\SIH\ira-wakeword\dataset\positive_all\synthetic\synthetic_amy_22.wav,TTS,300,0.99609375,1
E:\SIH\ira-wakeword\dataset\positive_all\synthetic\synthetic_amy_22.wav,TTS,400,0.99609375,1
E:\SIH\ira-wakeword\dataset\positive_all\synthetic\synthetic_amy_26.wav,TTS,0,0.99609375,1
E:\SIH\ira-wakeword\dataset\positive_all\synthetic\synthetic_amy_26.wav,TTS,100,0.99609375,1
E:\SIH\ira-wakeword\dataset\positive_all\synthetic\synthetic_amy_26.wav,TTS,200,0.99609375,1
E:\SIH\ira-wakeword\dataset\positive_all\synthetic\synthetic_amy_26.wav,TTS,300,0.99609375,1
E:\SIH\ira-wakeword\dataset\positive_all\synthetic\synthetic_amy_26.wav,TTS,400,0.99609375,1
E:\SIH\ira-wakeword\dataset\positive_all\synthetic\synthetic_amy_28.wav,TTS,0,0.99609375,1
E:\SIH\ira-wakeword\dataset\positive_all\synthetic\synthetic_amy_28.wav,TTS,100,0.99609375,1
E:\SIH\ira-wakeword\dataset\positive_all\synthetic\synthetic_amy_28.wav,TTS,200,0.99609375,1
E:\SIH\ira-wakeword\dataset\positive_all\synthetic\synthetic_amy_28.wav,TTS,300,0.99609375,1
E:\SIH\ira-wakeword\dataset\positive_all\synthetic\synthetic_amy_28.wav,TTS,400,0.99609375,1
E:\SIH\ira-wakeword\dataset\positive_all\synthetic\synthetic_amy_38.wav,TTS,0,0.99609375,1
E:\SIH\ira-wakeword\dataset\positive_all\synthetic\synthetic_amy_38.wav,TTS,100,0.99609375,1
E:\SIH\ira-wakeword\dataset\positive_all\synthetic\synthetic_amy_38.wav,TTS,200,0.99609375,1
E:\SIH\ira-wakeword\dataset\positive_all\synthetic\synthetic_amy_38.wav,TTS,300,0.99609375,1
E:\SIH\ira-wakeword\dataset\positive_all\synthetic\synthetic_amy_43.wav,TTS,0,0.99609375,1
E:\SIH\ira-wakeword\dataset\positive_all\synthetic\synthetic_amy_43.wav,TTS,100,0.99609375,1
E:\SIH\ira-wakeword\dataset\positive_all\synthetic\synthetic_amy_43.wav,TTS,200,0.99609375,1
E:\SIH\ira-wakeword\dataset\positive_all\synthetic\synthetic_amy_43.wav,TTS,300,0.99609375,1
E:\SIH\ira-wakeword\dataset\positive_all\synthetic\synthetic_amy_43.wav,TTS,400,0.99609375,1
E:\SIH\ira-wakeword\dataset\positive_all\synthetic\synthetic_amy_48.wav,TTS,0,0.99609375,1
E:\SIH\ira-wakeword\dataset\positive_all\synthetic\synthetic_amy_48.wav,TTS,100,0.99609375,1
E:\SIH\ira-wakeword\dataset\positive_all\synthetic\synthetic_amy_48.wav,TTS,200,0.99609375,1
E:\SIH\ira-wakeword\dataset\positive_all\synthetic\synthetic_amy_48.wav,TTS,300,0.99609375,1
E:\SIH\ira-wakeword\dataset\positive_all\synthetic\synthetic_amy_48.wav,TTS,400,0.99609375,1
E:\SIH\ira-wakeword\dataset\positive_all\synthetic\synthetic_amy_65.wav,TTS,0,0.99609375,1
E:\SIH\ira-wakeword\dataset\positive_all\synthetic\synthetic_amy_65.wav,TTS,100,0.99609375,1
E:\SIH\ira-wakeword\dataset\positive_all\synthetic\synthetic_amy_65.wav,TTS,200,0.99609375,1
E:\SIH\ira-wakeword\dataset\positive_all\synthetic\synthetic_amy_65.wav,TTS,300,0.99609375,1
E:\SIH\ira-wakeword\dataset\positive_all\synthetic\synthetic_amy_65.wav,TTS,400,0.99609375,1
E:\SIH\ira-wakeword\dataset\positive_all\synthetic\synthetic_amy_67.wav,TTS,0,0.99609375,1
E:\SIH\ira-wakeword\dataset\positive_all\synthetic\synthetic_amy_67.wav,TTS,100,0.99609375,1
E:\SIH\ira-wakeword\dataset\positive_all\synthetic\synthetic_amy_67.wav,TTS,200,0.99609375,1
E:\SIH\ira-wakeword\dataset\positive_all\synthetic\synthetic_amy_67.wav,TTS,300,0.99609375,1
E:\SIH\ira-wakeword\dataset\positive_all\synthetic\synthetic_amy_67.wav,TTS,400,0.99609375,1
E:\SIH\ira-wakeword\dataset\positive_all\synthetic\synthetic_amy_87.wav,TTS,0,0.99609375,1
E:\SIH\ira-wakeword\dataset\positive_all\synthetic\synthetic_amy_87.wav,TTS,100,0.99609375,1
E:\SIH\ira-wakeword\dataset\positive_all\synthetic\synthetic_amy_87.wav,TTS,200,0.99609375,1
E:\SIH\ira-wakeword\dataset\positive_all\synthetic\synthetic_amy_87.wav,TTS,300,0.99609375,1
E:\SIH\ira-wakeword\dataset\positive_all\synthetic\synthetic_amy_87.wav,TTS,400,0.99609375,1
E:\SIH\ira-wakeword\dataset\positive_all\synthetic\synthetic_amy_fast_27.wav,TTS,0,0.99609375,1
E:\SIH\ira-wakeword\dataset\positive_all\synthetic\synthetic_amy_fast_27.wav,TTS,100,0.99609375,1
E:\SIH\ira-wakeword\dataset\positive_all\synthetic\synthetic_amy_fast_27.wav,TTS,200,0.99609375,1
E:\SIH\ira-wakeword\dataset\positive_all\synthetic\synthetic_amy_fast_27.wav,TTS,300,0.99609375,1
E:\SIH\ira-wakeword\dataset\positive_all\synthetic\synthetic_amy_fast_27.wav,TTS,400,0.99609375,1
E:\SIH\ira-wakeword\dataset\positive_all\synthetic\synthetic_amy_fast_28.wav,TTS,0,0.99609375,1
E:\SIH\ira-wakeword\dataset\positive_all\synthetic\synthetic_amy_fast_28.wav,TTS,100,0.99609375,1
E:\SIH\ira-wakeword\dataset\positive_all\synthetic\synthetic_amy_fast_28.wav,TTS,200,0.99609375,1
E:\SIH\ira-wakeword\dataset\positive_all\synthetic\synthetic_amy_fast_28.wav,TTS,300,0.99609375,1
E:\SIH\ira-wakeword\dataset\positive_all\synthetic\synthetic_amy_fast_28.wav,TTS,400,0.99609375,1
E:\SIH\ira-wakeword\dataset\positive_all\synthetic\synthetic_amy_fast_5.wav,TTS,0,0.99609375,1
E:\SIH\ira-wakeword\dataset\positive_all\synthetic\synthetic_amy_fast_5.wav,TTS,100,0.99609375,1
E:\SIH\ira-wakeword\dataset\positive_all\synthetic\synthetic_amy_fast_5.wav,TTS,200,0.99609375,1
E:\SIH\ira-wakeword\dataset\positive_all\synthetic\synthetic_amy_fast_5.wav,TTS,300,0.99609375,1
E:\SIH\ira-wakeword\dataset\positive_all\synthetic\synthetic_amy_fast_5.wav,TTS,400,0.99609375,1
E:\SIH\ira-wakeword\dataset\positive_all\synthetic\synthetic_amy_normal_104.wav,TTS,0,0.99609375,1
E:\SIH\ira-wakeword\dataset\positive_all\synthetic\synthetic_amy_normal_104.wav,TTS,100,0.99609375,1
E:\SIH\ira-wakeword\dataset\positive_all\synthetic\synthetic_amy_normal_104.wav,TTS,200,0.99609375,1
E:\SIH\ira-wakeword\dataset\positive_all\synthetic\synthetic_amy_normal_104.wav,TTS,300,0.99609375,1
E:\SIH\ira-wakeword\dataset\positive_all\synthetic\synthetic_amy_normal_104.wav,TTS,400,0.99609375,1
E:\SIH\ira-wakeword\dataset\positive_all\synthetic\synthetic_amy_normal_111.wav,TTS,0,0.99609375,1
E:\SIH\ira-wakeword\dataset\positive_all\synthetic\synthetic_amy_normal_111.wav,TTS,100,0.99609375,1
E:\SIH\ira-wakeword\dataset\positive_all\synthetic\synthetic_amy_normal_111.wav,TTS,200,0.99609375,1
E:\SIH\ira-wakeword\dataset\positive_all\synthetic\synthetic_amy_normal_111.wav,TTS,300,0.99609375,1
E:\SIH\ira-wakeword\dataset\positive_all\synthetic\synthetic_amy_normal_111.wav,TTS,400,0.99609375,1
E:\SIH\ira-wakeword\dataset\positive_all\synthetic\synthetic_amy_normal_113.wav,TTS,0,0.99609375,1
E:\SIH\ira-wakeword\dataset\positive_all\synthetic\synthetic_amy_normal_113.wav,TTS,100,0.99609375,1
E:\SIH\ira-wakeword\dataset\positive_all\synthetic\synthetic_amy_normal_113.wav,TTS,200,0.99609375,1
E:\SIH\ira-wakeword\dataset\positive_all\synthetic\synthetic_amy_normal_113.wav,TTS,300,0.99609375,1
E:\SIH\ira-wakeword\dataset\positive_all\synthetic\synthetic_amy_normal_113.wav,TTS,400,0.99609375,1
E:\SIH\ira-wakeword\dataset\positive_all\synthetic\synthetic_amy_normal_18.wav,TTS,0,0.99609375,1
E:\SIH\ira-wakeword\dataset\positive_all\synthetic\synthetic_amy_normal_18.wav,TTS,100,0.99609375,1
E:\SIH\ira-wakeword\dataset\positive_all\synthetic\synthetic_amy_normal_18.wav,TTS,200,0.99609375,1
E:\SIH\ira-wakeword\dataset\positive_all\synthetic\synthetic_amy_normal_18.wav,TTS,300,0.99609375,1
E:\SIH\ira-wakeword\dataset\positive_all\synthetic\synthetic_amy_normal_18.wav,TTS,400,0.99609375,1
E:\SIH\ira-wakeword\dataset\positive_all\synthetic\synthetic_amy_normal_34.wav,TTS,0,0.99609375,1
E:\SIH\ira-wakeword\dataset\positive_all\synthetic\synthetic_amy_normal_34.wav,TTS,100,0.99609375,1
E:\SIH\ira-wakeword\dataset\positive_all\synthetic\synthetic_amy_normal_34.wav,TTS,200,0.99609375,1
E:\SIH\ira-wakeword\dataset\positive_all\synthetic\synthetic_amy_normal_34.wav,TTS,300,0.99609375,1
E:\SIH\ira-wakeword\dataset\positive_all\synthetic\synthetic_amy_normal_34.wav,TTS,400,0.99609375,1
E:\SIH\ira-wakeword\dataset\positive_all\synthetic\synthetic_amy_normal_41.wav,TTS,0,0.99609375,1
E:\SIH\ira-wakeword\dataset\positive_all\synthetic\synthetic_amy_normal_41.wav,TTS,100,0.99609375,1
E:\SIH\ira-wakeword\dataset\positive_all\synthetic\synthetic_amy_normal_41.wav,TTS,200,0.99609375,1
E:\SIH\ira-wakeword\dataset\positive_all\synthetic\synthetic_amy_normal_41.wav,TTS,300,0.99609375,1
E:\SIH\ira-wakeword\dataset\positive_all\synthetic\synthetic_amy_normal_46.wav,TTS,0,0.99609375,1
E:\SIH\ira-wakeword\dataset\positive_all\synthetic\synthetic_amy_normal_46.wav,TTS,100,0.99609375,1
E:\SIH\ira-wakeword\dataset\positive_all\synthetic\synthetic_amy_normal_46.wav,TTS,200,0.99609375,1
E:\SIH\ira-wakeword\dataset\positive_all\synthetic\synthetic_amy_normal_46.wav,TTS,300,0.99609375,1
E:\SIH\ira-wakeword\dataset\positive_all\synthetic\synthetic_amy_normal_46.wav,TTS,400,0.99609375,1
E:\SIH\ira-wakeword\dataset\positive_all\synthetic\synthetic_amy_normal_58.wav,TTS,0,0.99609375,1
E:\SIH\ira-wakeword\dataset\positive_all\synthetic\synthetic_amy_normal_58.wav,TTS,100,0.99609375,1
E:\SIH\ira-wakeword\dataset\positive_all\synthetic\synthetic_amy_normal_58.wav,TTS,200,0.99609375,1
E:\SIH\ira-wakeword\dataset\positive_all\synthetic\synthetic_amy_normal_58.wav,TTS,300,0.99609375,1
E:\SIH\ira-wakeword\dataset\positive_all\synthetic\synthetic_amy_normal_58.wav,TTS,400,0.99609375,1
E:\SIH\ira-wakeword\dataset\positive_all\synthetic\synthetic_amy_normal_7.wav,TTS,0,0.99609375,1
E:\SIH\ira-wakeword\dataset\positive_all\synthetic\synthetic_amy_normal_7.wav,TTS,100,0.99609375,1
E:\SIH\ira-wakeword\dataset\positive_all\synthetic\synthetic_amy_normal_7.wav,TTS,200,0.99609375,1
E:\SIH\ira-wakeword\dataset\positive_all\synthetic\synthetic_amy_normal_7.wav,TTS,300,0.99609375,1
E:\SIH\ira-wakeword\dataset\positive_all\synthetic\synthetic_amy_normal_7.wav,TTS,400,0.99609375,1
E:\SIH\ira-wakeword\dataset\positive_all\synthetic\synthetic_amy_normal_8.wav,TTS,0,0.99609375,1
E:\SIH\ira-wakeword\dataset\positive_all\synthetic\synthetic_amy_normal_8.wav,TTS,100,0.99609375,1
E:\SIH\ira-wakeword\dataset\positive_all\synthetic\synthetic_amy_normal_8.wav,TTS,200,0.99609375,1
E:\SIH\ira-wakeword\dataset\positive_all\synthetic\synthetic_amy_normal_8.wav,TTS,300,0.99609375,1
E:\SIH\ira-wakeword\dataset\positive_all\synthetic\synthetic_amy_normal_8.wav,TTS,400,0.99609375,1
E:\SIH\ira-wakeword\dataset\positive_all\synthetic\synthetic_amy_slow_38.wav,TTS,0,0.99609375,1
E:\SIH\ira-wakeword\dataset\positive_all\synthetic\synthetic_amy_slow_38.wav,TTS,100,0.99609375,1
E:\SIH\ira-wakeword\dataset\positive_all\synthetic\synthetic_amy_slow_38.wav,TTS,200,0.99609375,1
E:\SIH\ira-wakeword\dataset\positive_all\synthetic\synthetic_amy_slow_38.wav,TTS,300,0.99609375,1
E:\SIH\ira-wakeword\dataset\positive_all\synthetic\synthetic_amy_slow_38.wav,TTS,400,0.99609375,1
E:\SIH\ira-wakeword\dataset\positive_all\synthetic\synthetic_amy_slow_39.wav,TTS,0,0.99609375,1
E:\SIH\ira-wakeword\dataset\positive_all\synthetic\synthetic_amy_slow_39.wav,TTS,100,0.99609375,1
E:\SIH\ira-wakeword\dataset\positive_all\synthetic\synthetic_amy_slow_39.wav,TTS,200,0.99609375,1
E:\SIH\ira-wakeword\dataset\positive_all\synthetic\synthetic_amy_slow_39.wav,TTS,300,0.99609375,1
E:\SIH\ira-wakeword\dataset\positive_all\synthetic\synthetic_amy_slow_39.wav,TTS,400,0.99609375,1
E:\SIH\ira-wakeword\dataset\positive_all\synthetic\synthetic_hfc_female_111.wav,TTS,0,0.99609375,1
E:\SIH\ira-wakeword\dataset\positive_all\synthetic\synthetic_hfc_female_111.wav,TTS,100,0.99609375,1
E:\SIH\ira-wakeword\dataset\positive_all\synthetic\synthetic_hfc_female_111.wav,TTS,200,0.99609375,1
E:\SIH\ira-wakeword\dataset\positive_all\synthetic\synthetic_hfc_female_111.wav,TTS,300,0.99609375,1
E:\SIH\ira-wakeword\dataset\positive_all\synthetic\synthetic_hfc_female_111.wav,TTS,400,0.99609375,1
E:\SIH\ira-wakeword\dataset\positive_all\synthetic\synthetic_hfc_female_111.wav,TTS,500,0.99609375,1
E:\SIH\ira-wakeword\dataset\positive_all\synthetic\synthetic_hfc_female_119.wav,TTS,0,0.99609375,1
E:\SIH\ira-wakeword\dataset\positive_all\synthetic\synthetic_hfc_female_119.wav,TTS,100,0.99609375,1
E:\SIH\ira-wakeword\dataset\positive_all\synthetic\synthetic_hfc_female_119.wav,TTS,200,0.99609375,1
E:\SIH\ira-wakeword\dataset\positive_all\synthetic\synthetic_hfc_female_119.wav,TTS,300,0.99609375,1
E:\SIH\ira-wakeword\dataset\positive_all\synthetic\synthetic_hfc_female_119.wav,TTS,400,0.99609375,1
E:\SIH\ira-wakeword\dataset\positive_all\synthetic\synthetic_hfc_female_27.wav,TTS,0,0.99609375,1
E:\SIH\ira-wakeword\dataset\positive_all\synthetic\synthetic_hfc_female_27.wav,TTS,100,0.99609375,1
E:\SIH\ira-wakeword\dataset\positive_all\synthetic\synthetic_hfc_female_27.wav,TTS,200,0.99609375,1
E:\SIH\ira-wakeword\dataset\positive_all\synthetic\synthetic_hfc_female_27.wav,TTS,300,0.99609375,1
E:\SIH\ira-wakeword\dataset\positive_all\synthetic\synthetic_hfc_female_27.wav,TTS,400,0.99609375,1
E:\SIH\ira-wakeword\dataset\positive_all\synthetic\synthetic_hfc_female_38.wav,TTS,0,0.99609375,1
E:\SIH\ira-wakeword\dataset\positive_all\synthetic\synthetic_hfc_female_38.wav,TTS,100,0.99609375,1
E:\SIH\ira-wakeword\dataset\positive_all\synthetic\synthetic_hfc_female_38.wav,TTS,200,0.99609375,1
E:\SIH\ira-wakeword\dataset\positive_all\synthetic\synthetic_hfc_female_38.wav,TTS,300,0.99609375,1
E:\SIH\ira-wakeword\dataset\positive_all\synthetic\synthetic_hfc_female_55.wav,TTS,0,0.99609375,1
E:\SIH\ira-wakeword\dataset\positive_all\synthetic\synthetic_hfc_female_55.wav,TTS,100,0.99609375,1
E:\SIH\ira-wakeword\dataset\positive_all\synthetic\synthetic_hfc_female_55.wav,TTS,200,0.99609375,1
E:\SIH\ira-wakeword\dataset\positive_all\synthetic\synthetic_hfc_female_55.wav,TTS,300,0.99609375,1
E:\SIH\ira-wakeword\dataset\positive_all\synthetic\synthetic_hfc_female_55.wav,TTS,400,0.99609375,1
E:\SIH\ira-wakeword\dataset\positive_all\synthetic\synthetic_hfc_female_69.wav,TTS,0,0.99609375,1
E:\SIH\ira-wakeword\dataset\positive_all\synthetic\synthetic_hfc_female_69.wav,TTS,100,0.99609375,1
E:\SIH\ira-wakeword\dataset\positive_all\synthetic\synthetic_hfc_female_69.wav,TTS,200,0.99609375,1
E:\SIH\ira-wakeword\dataset\positive_all\synthetic\synthetic_hfc_female_69.wav,TTS,300,0.99609375,1
E:\SIH\ira-wakeword\dataset\positive_all\synthetic\synthetic_hfc_female_69.wav,TTS,400,0.99609375,1
E:\SIH\ira-wakeword\dataset\positive_all\synthetic\synthetic_hfc_female_69.wav,TTS,500,0.99609375,1
E:\SIH\ira-wakeword\dataset\positive_all\synthetic\synthetic_hfc_female_70.wav,TTS,0,0.99609375,1
E:\SIH\ira-wakeword\dataset\positive_all\synthetic\synthetic_hfc_female_70.wav,TTS,100,0.99609375,1
E:\SIH\ira-wakeword\dataset\positive_all\synthetic\synthetic_hfc_female_70.wav,TTS,200,0.99609375,1
E:\SIH\ira-wakeword\dataset\positive_all\synthetic\synthetic_hfc_female_70.wav,TTS,300,0.99609375,1
E:\SIH\ira-wakeword\dataset\positive_all\synthetic\synthetic_hfc_female_70.wav,TTS,400,0.99609375,1
E:\SIH\ira-wakeword\dataset\positive_all\synthetic\synthetic_hfc_female_94.wav,TTS,0,0.99609375,1
E:\SIH\ira-wakeword\dataset\positive_all\synthetic\synthetic_hfc_female_94.wav,TTS,100,0.99609375,1
E:\SIH\ira-wakeword\dataset\positive_all\synthetic\synthetic_hfc_female_94.wav,TTS,200,0.99609375,1
E:\SIH\ira-wakeword\dataset\positive_all\synthetic\synthetic_hfc_female_94.wav,TTS,300,0.99609375,1
E:\SIH\ira-wakeword\dataset\positive_all\synthetic\synthetic_hfc_female_94.wav,TTS,400,0.99609375,1
E:\SIH\ira-wakeword\dataset\positive_all\synthetic\synthetic_hfc_female_fast_14.wav,TTS,0,0.99609375,1
E:\SIH\ira-wakeword\dataset\positive_all\synthetic\synthetic_hfc_female_fast_14.wav,TTS,100,0.99609375,1
E:\SIH\ira-wakeword\dataset\positive_all\synthetic\synthetic_hfc_female_fast_14.wav,TTS,200,0.99609375,1
E:\SIH\ira-wakeword\dataset\positive_all\synthetic\synthetic_hfc_female_fast_14.wav,TTS,300,0.99609375,1
E:\SIH\ira-wakeword\dataset\positive_all\synthetic\synthetic_hfc_female_fast_14.wav,TTS,400,0.99609375,1
E:\SIH\ira-wakeword\dataset\positive_all\synthetic\synthetic_hfc_female_fast_14.wav,TTS,500,0.99609375,1
E:\SIH\ira-wakeword\dataset\positive_all\synthetic\synthetic_hfc_female_fast_20.wav,TTS,0,0.99609375,1
E:\SIH\ira-wakeword\dataset\positive_all\synthetic\synthetic_hfc_female_fast_20.wav,TTS,100,0.99609375,1
E:\SIH\ira-wakeword\dataset\positive_all\synthetic\synthetic_hfc_female_fast_20.wav,TTS,200,0.99609375,1
E:\SIH\ira-wakeword\dataset\positive_all\synthetic\synthetic_hfc_female_fast_20.wav,TTS,300,0.99609375,1
E:\SIH\ira-wakeword\dataset\positive_all\synthetic\synthetic_hfc_female_fast_26.wav,TTS,0,0.99609375,1
E:\SIH\ira-wakeword\dataset\positive_all\synthetic\synthetic_hfc_female_fast_26.wav,TTS,100,0.99609375,1
E:\SIH\ira-wakeword\dataset\positive_all\synthetic\synthetic_hfc_female_fast_26.wav,TTS,200,0.99609375,1
E:\SIH\ira-wakeword\dataset\positive_all\synthetic\synthetic_hfc_female_fast_26.wav,TTS,300,0.99609375,1
E:\SIH\ira-wakeword\dataset\positive_all\synthetic\synthetic_hfc_female_fast_26.wav,TTS,400,0.99609375,1
E:\SIH\ira-wakeword\dataset\positive_all\synthetic\synthetic_hfc_female_fast_26.wav,TTS,500,0.99609375,1
E:\SIH\ira-wakeword\dataset\positive_all\synthetic\synthetic_hfc_female_normal_105.wav,TTS,0,0.99609375,1
E:\SIH\ira-wakeword\dataset\positive_all\synthetic\synthetic_hfc_female_normal_105.wav,TTS,100,0.99609375,1
E:\SIH\ira-wakeword\dataset\positive_all\synthetic\synthetic_hfc_female_normal_105.wav,TTS,200,0.99609375,1
E:\SIH\ira-wakeword\dataset\positive_all\synthetic\synthetic_hfc_female_normal_105.wav,TTS,300,0.99609375,1
E:\SIH\ira-wakeword\dataset\positive_all\synthetic\synthetic_hfc_female_normal_105.wav,TTS,400,0.99609375,1
E:\SIH\ira-wakeword\dataset\positive_all\synthetic\synthetic_hfc_female_normal_105.wav,TTS,500,0.99609375,1
E:\SIH\ira-wakeword\dataset\positive_all\synthetic\synthetic_hfc_female_normal_109.wav,TTS,0,0.99609375,1
E:\SIH\ira-wakeword\dataset\positive_all\synthetic\synthetic_hfc_female_normal_109.wav,TTS,100,0.99609375,1
E:\SIH\ira-wakeword\dataset\positive_all\synthetic\synthetic_hfc_female_normal_109.wav,TTS,200,0.99609375,1
E:\SIH\ira-wakeword\dataset\positive_all\synthetic\synthetic_hfc_female_normal_109.wav,TTS,300,0.99609375,1
E:\SIH\ira-wakeword\dataset\positive_all\synthetic\synthetic_hfc_female_normal_109.wav,TTS,400,0.99609375,1
E:\SIH\ira-wakeword\dataset\positive_all\synthetic\synthetic_hfc_female_normal_110.wav,TTS,0,0.99609375,1
E:\SIH\ira-wakeword\dataset\positive_all\synthetic\synthetic_hfc_female_normal_110.wav,TTS,100,0.99609375,1
E:\SIH\ira-wakeword\dataset\positive_all\synthetic\synthetic_hfc_female_normal_110.wav,TTS,200,0.99609375,1
E:\SIH\ira-wakeword\dataset\positive_all\synthetic\synthetic_hfc_female_normal_110.wav,TTS,300,0.99609375,1
E:\SIH\ira-wakeword\dataset\positive_all\synthetic\synthetic_hfc_female_normal_110.wav,TTS,400,0.99609375,1
E:\SIH\ira-wakeword\dataset\positive_all\synthetic\synthetic_hfc_female_normal_113.wav,TTS,0,0.99609375,1
E:\SIH\ira-wakeword\dataset\positive_all\synthetic\synthetic_hfc_female_normal_113.wav,TTS,100,0.99609375,1
E:\SIH\ira-wakeword\dataset\positive_all\synthetic\synthetic_hfc_female_normal_113.wav,TTS,200,0.99609375,1
E:\SIH\ira-wakeword\dataset\positive_all\synthetic\synthetic_hfc_female_normal_113.wav,TTS,300,0.99609375,1
E:\SIH\ira-wakeword\dataset\positive_all\synthetic\synthetic_hfc_female_normal_113.wav,TTS,400,0.99609375,1
E:\SIH\ira-wakeword\dataset\positive_all\synthetic\synthetic_hfc_female_normal_114.wav,TTS,0,0.99609375,1
E:\SIH\ira-wakeword\dataset\positive_all\synthetic\synthetic_hfc_female_normal_114.wav,TTS,100,0.99609375,1
E:\SIH\ira-wakeword\dataset\positive_all\synthetic\synthetic_hfc_female_normal_114.wav,TTS,200,0.99609375,1
E:\SIH\ira-wakeword\dataset\positive_all\synthetic\synthetic_hfc_female_normal_114.wav,TTS,300,0.99609375,1
E:\SIH\ira-wakeword\dataset\positive_all\synthetic\synthetic_hfc_female_normal_114.wav,TTS,400,0.99609375,1
E:\SIH\ira-wakeword\dataset\positive_all\synthetic\synthetic_hfc_female_normal_115.wav,TTS,0,0.99609375,1
E:\SIH\ira-wakeword\dataset\positive_all\synthetic\synthetic_hfc_female_normal_115.wav,TTS,100,0.99609375,1
E:\SIH\ira-wakeword\dataset\positive_all\synthetic\synthetic_hfc_female_normal_115.wav,TTS,200,0.99609375,1
E:\SIH\ira-wakeword\dataset\positive_all\synthetic\synthetic_hfc_female_normal_115.wav,TTS,300,0.99609375,1
E:\SIH\ira-wakeword\dataset\positive_all\synthetic\synthetic_hfc_female_normal_115.wav,TTS,400,0.99609375,1
E:\SIH\ira-wakeword\dataset\positive_all\synthetic\synthetic_hfc_female_normal_118.wav,TTS,0,0.99609375,1
E:\SIH\ira-wakeword\dataset\positive_all\synthetic\synthetic_hfc_female_normal_118.wav,TTS,100,0.99609375,1
E:\SIH\ira-wakeword\dataset\positive_all\synthetic\synthetic_hfc_female_normal_118.wav,TTS,200,0.99609375,1
E:\SIH\ira-wakeword\dataset\positive_all\synthetic\synthetic_hfc_female_normal_118.wav,TTS,300,0.99609375,1
E:\SIH\ira-wakeword\dataset\positive_all\synthetic\synthetic_hfc_female_normal_118.wav,TTS,400,0.99609375,1
E:\SIH\ira-wakeword\dataset\positive_all\synthetic\synthetic_hfc_female_normal_14.wav,TTS,0,0.99609375,1
E:\SIH\ira-wakeword\dataset\positive_all\synthetic\synthetic_hfc_female_normal_14.wav,TTS,100,0.99609375,1
E:\SIH\ira-wakeword\dataset\positive_all\synthetic\synthetic_hfc_female_normal_14.wav,TTS,200,0.99609375,1
E:\SIH\ira-wakeword\dataset\positive_all\synthetic\synthetic_hfc_female_normal_14.wav,TTS,300,0.99609375,1
E:\SIH\ira-wakeword\dataset\positive_all\synthetic\synthetic_hfc_female_normal_14.wav,TTS,400,0.99609375,1
E:\SIH\ira-wakeword\dataset\positive_all\synthetic\synthetic_hfc_female_normal_14.wav,TTS,500,0.99609375,1
E:\SIH\ira-wakeword\dataset\positive_all\synthetic\synthetic_hfc_female_normal_23.wav,TTS,0,0.99609375,1
E:\SIH\ira-wakeword\dataset\positive_all\synthetic\synthetic_hfc_female_normal_23.wav,TTS,100,0.99609375,1
E:\SIH\ira-wakeword\dataset\positive_all\synthetic\synthetic_hfc_female_normal_23.wav,TTS,200,0.99609375,1
E:\SIH\ira-wakeword\dataset\positive_all\synthetic\synthetic_hfc_female_normal_23.wav,TTS,300,0.99609375,1
E:\SIH\ira-wakeword\dataset\positive_all\synthetic\synthetic_hfc_female_normal_23.wav,TTS,400,0.99609375,1
E:\SIH\ira-wakeword\dataset\positive_all\synthetic\synthetic_hfc_female_normal_30.wav,TTS,0,0.99609375,1
E:\SIH\ira-wakeword\dataset\positive_all\synthetic\synthetic_hfc_female_normal_30.wav,TTS,100,0.99609375,1
E:\SIH\ira-wakeword\dataset\positive_all\synthetic\synthetic_hfc_female_normal_30.wav,TTS,200,0.99609375,1
E:\SIH\ira-wakeword\dataset\positive_all\synthetic\synthetic_hfc_female_normal_30.wav,TTS,300,0.99609375,1
E:\SIH\ira-wakeword\dataset\positive_all\synthetic\synthetic_hfc_female_normal_30.wav,TTS,400,0.99609375,1
E:\SIH\ira-wakeword\dataset\positive_all\synthetic\synthetic_hfc_female_normal_35.wav,TTS,0,0.99609375,1
E:\SIH\ira-wakeword\dataset\positive_all\synthetic\synthetic_hfc_female_normal_35.wav,TTS,100,0.99609375,1
E:\SIH\ira-wakeword\dataset\positive_all\synthetic\synthetic_hfc_female_normal_35.wav,TTS,200,0.99609375,1
E:\SIH\ira-wakeword\dataset\positive_all\synthetic\synthetic_hfc_female_normal_35.wav,TTS,300,0.99609375,1
E:\SIH\ira-wakeword\dataset\positive_all\synthetic\synthetic_hfc_female_normal_35.wav,TTS,400,0.99609375,1
E:\SIH\ira-wakeword\dataset\positive_all\synthetic\synthetic_hfc_female_normal_35.wav,TTS,500,0.99609375,1
E:\SIH\ira-wakeword\dataset\positive_all\synthetic\synthetic_hfc_female_normal_53.wav,TTS,0,0.99609375,1
E:\SIH\ira-wakeword\dataset\positive_all\synthetic\synthetic_hfc_female_normal_53.wav,TTS,100,0.99609375,1
E:\SIH\ira-wakeword\dataset\positive_all\synthetic\synthetic_hfc_female_normal_53.wav,TTS,200,0.99609375,1
E:\SIH\ira-wakeword\dataset\positive_all\synthetic\synthetic_hfc_female_normal_53.wav,TTS,300,0.99609375,1
E:\SIH\ira-wakeword\dataset\positive_all\synthetic\synthetic_hfc_female_normal_53.wav,TTS,400,0.99609375,1
E:\SIH\ira-wakeword\dataset\positive_all\synthetic\synthetic_hfc_female_normal_53.wav,TTS,500,0.99609375,1
E:\SIH\ira-wakeword\dataset\positive_all\synthetic\synthetic_hfc_female_normal_57.wav,TTS,0,0.99609375,1
E:\SIH\ira-wakeword\dataset\positive_all\synthetic\synthetic_hfc_female_normal_57.wav,TTS,100,0.99609375,1
E:\SIH\ira-wakeword\dataset\positive_all\synthetic\synthetic_hfc_female_normal_57.wav,TTS,200,0.99609375,1
E:\SIH\ira-wakeword\dataset\positive_all\synthetic\synthetic_hfc_female_normal_57.wav,TTS,300,0.99609375,1
E:\SIH\ira-wakeword\dataset\positive_all\synthetic\synthetic_hfc_female_normal_57.wav,TTS,400,0.99609375,1
E:\SIH\ira-wakeword\dataset\positive_all\synthetic\synthetic_hfc_female_normal_57.wav,TTS,500,0.99609375,1
E:\SIH\ira-wakeword\dataset\positive_all\synthetic\synthetic_hfc_female_normal_68.wav,TTS,0,0.99609375,1
E:\SIH\ira-wakeword\dataset\positive_all\synthetic\synthetic_hfc_female_normal_68.wav,TTS,100,0.99609375,1
E:\SIH\ira-wakeword\dataset\positive_all\synthetic\synthetic_hfc_female_normal_68.wav,TTS,200,0.99609375,1
E:\SIH\ira-wakeword\dataset\positive_all\synthetic\synthetic_hfc_female_normal_68.wav,TTS,300,0.99609375,1
E:\SIH\ira-wakeword\dataset\positive_all\synthetic\synthetic_hfc_female_normal_68.wav,TTS,400,0.99609375,1
E:\SIH\ira-wakeword\dataset\positive_all\synthetic\synthetic_hfc_female_normal_68.wav,TTS,500,0.99609375,1
E:\SIH\ira-wakeword\dataset\positive_all\synthetic\synthetic_hfc_female_normal_71.wav,TTS,0,0.99609375,1
E:\SIH\ira-wakeword\dataset\positive_all\synthetic\synthetic_hfc_female_normal_71.wav,TTS,100,0.99609375,1
E:\SIH\ira-wakeword\dataset\positive_all\synthetic\synthetic_hfc_female_normal_71.wav,TTS,200,0.99609375,1
E:\SIH\ira-wakeword\dataset\positive_all\synthetic\synthetic_hfc_female_normal_71.wav,TTS,300,0.99609375,1
E:\SIH\ira-wakeword\dataset\positive_all\synthetic\synthetic_hfc_female_normal_71.wav,TTS,400,0.99609375,1
E:\SIH\ira-wakeword\dataset\positive_all\synthetic\synthetic_hfc_female_normal_73.wav,TTS,0,0.99609375,1
E:\SIH\ira-wakeword\dataset\positive_all\synthetic\synthetic_hfc_female_normal_73.wav,TTS,100,0.99609375,1
E:\SIH\ira-wakeword\dataset\positive_all\synthetic\synthetic_hfc_female_normal_73.wav,TTS,200,0.99609375,1
E:\SIH\ira-wakeword\dataset\positive_all\synthetic\synthetic_hfc_female_normal_73.wav,TTS,300,0.99609375,1
E:\SIH\ira-wakeword\dataset\positive_all\synthetic\synthetic_hfc_female_normal_73.wav,TTS,400,0.99609375,1
E:\SIH\ira-wakeword\dataset\positive_all\synthetic\synthetic_hfc_female_normal_73.wav,TTS,500,0.99609375,1
E:\SIH\ira-wakeword\dataset\positive_all\synthetic\synthetic_hfc_female_normal_74.wav,TTS,0,0.99609375,1
E:\SIH\ira-wakeword\dataset\positive_all\synthetic\synthetic_hfc_female_normal_74.wav,TTS,100,0.99609375,1
E:\SIH\ira-wakeword\dataset\positive_all\synthetic\synthetic_hfc_female_normal_74.wav,TTS,200,0.99609375,1
E:\SIH\ira-wakeword\dataset\positive_all\synthetic\synthetic_hfc_female_normal_74.wav,TTS,300,0.99609375,1
E:\SIH\ira-wakeword\dataset\positive_all\synthetic\synthetic_hfc_female_normal_74.wav,TTS,400,0.99609375,1
E:\SIH\ira-wakeword\dataset\positive_all\synthetic\synthetic_hfc_female_slow_10.wav,TTS,0,0.99609375,1
E:\SIH\ira-wakeword\dataset\positive_all\synthetic\synthetic_hfc_female_slow_10.wav,TTS,100,0.99609375,1
E:\SIH\ira-wakeword\dataset\positive_all\synthetic\synthetic_hfc_female_slow_10.wav,TTS,200,0.99609375,1
E:\SIH\ira-wakeword\dataset\positive_all\synthetic\synthetic_hfc_female_slow_10.wav,TTS,300,0.99609375,1
E:\SIH\ira-wakeword\dataset\positive_all\synthetic\synthetic_hfc_female_slow_24.wav,TTS,0,0.99609375,1
E:\SIH\ira-wakeword\dataset\positive_all\synthetic\synthetic_hfc_female_slow_24.wav,TTS,100,0.99609375,1
E:\SIH\ira-wakeword\dataset\positive_all\synthetic\synthetic_hfc_female_slow_24.wav,TTS,200,0.99609375,1
E:\SIH\ira-wakeword\dataset\positive_all\synthetic\synthetic_hfc_female_slow_24.wav,TTS,300,0.99609375,1
E:\SIH\ira-wakeword\dataset\positive_all\synthetic\synthetic_hfc_female_slow_24.wav,TTS,400,0.99609375,1
E:\SIH\ira-wakeword\dataset\positive_all\synthetic\synthetic_hfc_female_slow_33.wav,TTS,0,0.99609375,1
E:\SIH\ira-wakeword\dataset\positive_all\synthetic\synthetic_hfc_female_slow_33.wav,TTS,100,0.99609375,1
E:\SIH\ira-wakeword\dataset\positive_all\synthetic\synthetic_hfc_female_slow_33.wav,TTS,200,0.99609375,1
E:\SIH\ira-wakeword\dataset\positive_all\synthetic\synthetic_hfc_female_slow_33.wav,TTS,300,0.99609375,1
E:\SIH\ira-wakeword\dataset\positive_all\synthetic\synthetic_hfc_female_slow_33.wav,TTS,400,0.99609375,1
E:\SIH\ira-wakeword\dataset\positive_all\synthetic\synthetic_hfc_female_slow_7.wav,TTS,0,0.99609375,1
E:\SIH\ira-wakeword\dataset\positive_all\synthetic\synthetic_hfc_female_slow_7.wav,TTS,100,0.99609375,1
E:\SIH\ira-wakeword\dataset\positive_all\synthetic\synthetic_hfc_female_slow_7.wav,TTS,200,0.99609375,1
E:\SIH\ira-wakeword\dataset\positive_all\synthetic\synthetic_hfc_female_slow_7.wav,TTS,300,0.99609375,1
E:\SIH\ira-wakeword\dataset\positive_all\synthetic\synthetic_hfc_female_slow_7.wav,TTS,400,0.99609375,1
E:\SIH\ira-wakeword\dataset\positive_all\synthetic\synthetic_hfc_female_slow_8.wav,TTS,0,0.99609375,1
E:\SIH\ira-wakeword\dataset\positive_all\synthetic\synthetic_hfc_female_slow_8.wav,TTS,100,0.99609375,1
E:\SIH\ira-wakeword\dataset\positive_all\synthetic\synthetic_hfc_female_slow_8.wav,TTS,200,0.99609375,1
E:\SIH\ira-wakeword\dataset\positive_all\synthetic\synthetic_hfc_female_slow_8.wav,TTS,300,0.99609375,1
E:\SIH\ira-wakeword\dataset\positive_all\synthetic\synthetic_hfc_female_slow_8.wav,TTS,400,0.99609375,1
E:\SIH\ira-wakeword\dataset\positive_all\synthetic\synthetic_hfc_male_116.wav,TTS,0,0.99609375,1
E:\SIH\ira-wakeword\dataset\positive_all\synthetic\synthetic_hfc_male_116.wav,TTS,100,0.99609375,1
E:\SIH\ira-wakeword\dataset\positive_all\synthetic\synthetic_hfc_male_116.wav,TTS,200,0.99609375,1
E:\SIH\ira-wakeword\dataset\positive_all\synthetic\synthetic_hfc_male_116.wav,TTS,300,0.99609375,1
E:\SIH\ira-wakeword\dataset\positive_all\synthetic\synthetic_hfc_male_116.wav,TTS,400,0.99609375,1
E:\SIH\ira-wakeword\dataset\positive_all\synthetic\synthetic_hfc_male_13.wav,TTS,0,0.99609375,1
E:\SIH\ira-wakeword\dataset\positive_all\synthetic\synthetic_hfc_male_13.wav,TTS,100,0.99609375,1
E:\SIH\ira-wakeword\dataset\positive_all\synthetic\synthetic_hfc_male_13.wav,TTS,200,0.99609375,1
E:\SIH\ira-wakeword\dataset\positive_all\synthetic\synthetic_hfc_male_13.wav,TTS,300,0.99609375,1
E:\SIH\ira-wakeword\dataset\positive_all\synthetic\synthetic_hfc_male_13.wav,TTS,400,0.99609375,1
E:\SIH\ira-wakeword\dataset\positive_all\synthetic\synthetic_hfc_male_13.wav,TTS,500,0.99609375,1
E:\SIH\ira-wakeword\dataset\positive_all\synthetic\synthetic_hfc_male_24.wav,TTS,0,0.99609375,1
E:\SIH\ira-wakeword\dataset\positive_all\synthetic\synthetic_hfc_male_24.wav,TTS,100,0.99609375,1
E:\SIH\ira-wakeword\dataset\positive_all\synthetic\synthetic_hfc_male_24.wav,TTS,200,0.99609375,1
E:\SIH\ira-wakeword\dataset\positive_all\synthetic\synthetic_hfc_male_24.wav,TTS,300,0.99609375,1
E:\SIH\ira-wakeword\dataset\positive_all\synthetic\synthetic_hfc_male_24.wav,TTS,400,0.99609375,1
E:\SIH\ira-wakeword\dataset\positive_all\synthetic\synthetic_hfc_male_24.wav,TTS,500,0.99609375,1
E:\SIH\ira-wakeword\dataset\positive_all\synthetic\synthetic_hfc_male_34.wav,TTS,0,0.99609375,1
E:\SIH\ira-wakeword\dataset\positive_all\synthetic\synthetic_hfc_male_34.wav,TTS,100,0.99609375,1
E:\SIH\ira-wakeword\dataset\positive_all\synthetic\synthetic_hfc_male_34.wav,TTS,200,0.99609375,1
E:\SIH\ira-wakeword\dataset\positive_all\synthetic\synthetic_hfc_male_34.wav,TTS,300,0.99609375,1
E:\SIH\ira-wakeword\dataset\positive_all\synthetic\synthetic_hfc_male_34.wav,TTS,400,0.99609375,1
E:\SIH\ira-wakeword\dataset\positive_all\synthetic\synthetic_hfc_male_42.wav,TTS,0,0.99609375,1
E:\SIH\ira-wakeword\dataset\positive_all\synthetic\synthetic_hfc_male_42.wav,TTS,100,0.99609375,1
E:\SIH\ira-wakeword\dataset\positive_all\synthetic\synthetic_hfc_male_42.wav,TTS,200,0.99609375,1
E:\SIH\ira-wakeword\dataset\positive_all\synthetic\synthetic_hfc_male_42.wav,TTS,300,0.99609375,1
E:\SIH\ira-wakeword\dataset\positive_all\synthetic\synthetic_hfc_male_42.wav,TTS,400,0.99609375,1
E:\SIH\ira-wakeword\dataset\positive_all\synthetic\synthetic_hfc_male_43.wav,TTS,0,0.99609375,1
E:\SIH\ira-wakeword\dataset\positive_all\synthetic\synthetic_hfc_male_43.wav,TTS,100,0.99609375,1
E:\SIH\ira-wakeword\dataset\positive_all\synthetic\synthetic_hfc_male_43.wav,TTS,200,0.99609375,1
E:\SIH\ira-wakeword\dataset\positive_all\synthetic\synthetic_hfc_male_43.wav,TTS,300,0.99609375,1
E:\SIH\ira-wakeword\dataset\positive_all\synthetic\synthetic_hfc_male_43.wav,TTS,400,0.99609375,1
E:\SIH\ira-wakeword\dataset\positive_all\synthetic\synthetic_hfc_male_43.wav,TTS,500,0.99609375,1
E:\SIH\ira-wakeword\dataset\positive_all\synthetic\synthetic_hfc_male_49.wav,TTS,0,0.99609375,1
E:\SIH\ira-wakeword\dataset\positive_all\synthetic\synthetic_hfc_male_49.wav,TTS,100,0.99609375,1
E:\SIH\ira-wakeword\dataset\positive_all\synthetic\synthetic_hfc_male_49.wav,TTS,200,0.99609375,1
E:\SIH\ira-wakeword\dataset\positive_all\synthetic\synthetic_hfc_male_49.wav,TTS,300,0.99609375,1
E:\SIH\ira-wakeword\dataset\positive_all\synthetic\synthetic_hfc_male_49.wav,TTS,400,0.99609375,1
E:\SIH\ira-wakeword\dataset\positive_all\synthetic\synthetic_hfc_male_55.wav,TTS,0,0.99609375,1
E:\SIH\ira-wakeword\dataset\positive_all\synthetic\synthetic_hfc_male_55.wav,TTS,100,0.99609375,1
E:\SIH\ira-wakeword\dataset\positive_all\synthetic\synthetic_hfc_male_55.wav,TTS,200,0.99609375,1
E:\SIH\ira-wakeword\dataset\positive_all\synthetic\synthetic_hfc_male_55.wav,TTS,300,0.99609375,1
E:\SIH\ira-wakeword\dataset\positive_all\synthetic\synthetic_hfc_male_55.wav,TTS,400,0.99609375,1
E:\SIH\ira-wakeword\dataset\positive_all\synthetic\synthetic_hfc_male_55.wav,TTS,500,0.99609375,1
E:\SIH\ira-wakeword\dataset\positive_all\synthetic\synthetic_hfc_male_6.wav,TTS,0,0.99609375,1
E:\SIH\ira-wakeword\dataset\positive_all\synthetic\synthetic_hfc_male_6.wav,TTS,100,0.99609375,1
E:\SIH\ira-wakeword\dataset\positive_all\synthetic\synthetic_hfc_male_6.wav,TTS,200,0.99609375,1
E:\SIH\ira-wakeword\dataset\positive_all\synthetic\synthetic_hfc_male_6.wav,TTS,300,0.99609375,1
E:\SIH\ira-wakeword\dataset\positive_all\synthetic\synthetic_hfc_male_6.wav,TTS,400,0.99609375,1
E:\SIH\ira-wakeword\dataset\positive_all\synthetic\synthetic_hfc_male_6.wav,TTS,500,0.99609375,1
E:\SIH\ira-wakeword\dataset\positive_all\synthetic\synthetic_hfc_male_69.wav,TTS,0,0.99609375,1
E:\SIH\ira-wakeword\dataset\positive_all\synthetic\synthetic_hfc_male_69.wav,TTS,100,0.99609375,1
E:\SIH\ira-wakeword\dataset\positive_all\synthetic\synthetic_hfc_male_69.wav,TTS,200,0.99609375,1
E:\SIH\ira-wakeword\dataset\positive_all\synthetic\synthetic_hfc_male_69.wav,TTS,300,0.99609375,1
E:\SIH\ira-wakeword\dataset\positive_all\synthetic\synthetic_hfc_male_69.wav,TTS,400,0.99609375,1
E:\SIH\ira-wakeword\dataset\positive_all\synthetic\synthetic_hfc_male_82.wav,TTS,0,0.99609375,1
E:\SIH\ira-wakeword\dataset\positive_all\synthetic\synthetic_hfc_male_82.wav,TTS,100,0.99609375,1
E:\SIH\ira-wakeword\dataset\positive_all\synthetic\synthetic_hfc_male_82.wav,TTS,200,0.99609375,1
E:\SIH\ira-wakeword\dataset\positive_all\synthetic\synthetic_hfc_male_82.wav,TTS,300,0.99609375,1
E:\SIH\ira-wakeword\dataset\positive_all\synthetic\synthetic_hfc_male_82.wav,TTS,400,0.99609375,1
E:\SIH\ira-wakeword\dataset\positive_all\synthetic\synthetic_hfc_male_95.wav,TTS,0,0.99609375,1
E:\SIH\ira-wakeword\dataset\positive_all\synthetic\synthetic_hfc_male_95.wav,TTS,100,0.99609375,1
E:\SIH\ira-wakeword\dataset\positive_all\synthetic\synthetic_hfc_male_95.wav,TTS,200,0.99609375,1
E:\SIH\ira-wakeword\dataset\positive_all\synthetic\synthetic_hfc_male_95.wav,TTS,300,0.99609375,1
E:\SIH\ira-wakeword\dataset\positive_all\synthetic\synthetic_hfc_male_95.wav,TTS,400,0.99609375,1
E:\SIH\ira-wakeword\dataset\positive_all\synthetic\synthetic_hfc_male_98.wav,TTS,0,0.99609375,1
E:\SIH\ira-wakeword\dataset\positive_all\synthetic\synthetic_hfc_male_98.wav,TTS,100,0.99609375,1
E:\SIH\ira-wakeword\dataset\positive_all\synthetic\synthetic_hfc_male_98.wav,TTS,200,0.99609375,1
E:\SIH\ira-wakeword\dataset\positive_all\synthetic\synthetic_hfc_male_98.wav,TTS,300,0.99609375,1
E:\SIH\ira-wakeword\dataset\positive_all\synthetic\synthetic_hfc_male_98.wav,TTS,400,0.99609375,1
E:\SIH\ira-wakeword\dataset\positive_all\synthetic\synthetic_hfc_male_98.wav,TTS,500,0.99609375,1
E:\SIH\ira-wakeword\dataset\positive_all\synthetic\synthetic_hfc_male_fast_16.wav,TTS,0,0.99609375,1
E:\SIH\ira-wakeword\dataset\positive_all\synthetic\synthetic_hfc_male_fast_16.wav,TTS,100,0.99609375,1
E:\SIH\ira-wakeword\dataset\positive_all\synthetic\synthetic_hfc_male_fast_16.wav,TTS,200,0.99609375,1
E:\SIH\ira-wakeword\dataset\positive_all\synthetic\synthetic_hfc_male_fast_16.wav,TTS,300,0.99609375,1
E:\SIH\ira-wakeword\dataset\positive_all\synthetic\synthetic_hfc_male_fast_16.wav,TTS,400,0.99609375,1
E:\SIH\ira-wakeword\dataset\positive_all\synthetic\synthetic_hfc_male_fast_16.wav,TTS,500,0.99609375,1
E:\SIH\ira-wakeword\dataset\positive_all\synthetic\synthetic_hfc_male_fast_23.wav,TTS,0,0.99609375,1
E:\SIH\ira-wakeword\dataset\positive_all\synthetic\synthetic_hfc_male_fast_23.wav,TTS,100,0.99609375,1
E:\SIH\ira-wakeword\dataset\positive_all\synthetic\synthetic_hfc_male_fast_23.wav,TTS,200,0.99609375,1
E:\SIH\ira-wakeword\dataset\positive_all\synthetic\synthetic_hfc_male_fast_23.wav,TTS,300,0.99609375,1
E:\SIH\ira-wakeword\dataset\positive_all\synthetic\synthetic_hfc_male_fast_23.wav,TTS,400,0.99609375,1
E:\SIH\ira-wakeword\dataset\positive_all\synthetic\synthetic_hfc_male_fast_23.wav,TTS,500,0.99609375,1
E:\SIH\ira-wakeword\dataset\positive_all\synthetic\synthetic_hfc_male_normal_109.wav,TTS,0,0.99609375,1
E:\SIH\ira-wakeword\dataset\positive_all\synthetic\synthetic_hfc_male_normal_109.wav,TTS,100,0.99609375,1
E:\SIH\ira-wakeword\dataset\positive_all\synthetic\synthetic_hfc_male_normal_109.wav,TTS,200,0.99609375,1
E:\SIH\ira-wakeword\dataset\positive_all\synthetic\synthetic_hfc_male_normal_109.wav,TTS,300,0.99609375,1
E:\SIH\ira-wakeword\dataset\positive_all\synthetic\synthetic_hfc_male_normal_109.wav,TTS,400,0.99609375,1
E:\SIH\ira-wakeword\dataset\positive_all\synthetic\synthetic_hfc_male_normal_109.wav,TTS,500,0.99609375,1
E:\SIH\ira-wakeword\dataset\positive_all\synthetic\synthetic_hfc_male_normal_16.wav,TTS,0,0.99609375,1
E:\SIH\ira-wakeword\dataset\positive_all\synthetic\synthetic_hfc_male_normal_16.wav,TTS,100,0.99609375,1
E:\SIH\ira-wakeword\dataset\positive_all\synthetic\synthetic_hfc_male_normal_16.wav,TTS,200,0.99609375,1
E:\SIH\ira-wakeword\dataset\positive_all\synthetic\synthetic_hfc_male_normal_16.wav,TTS,300,0.99609375,1
E:\SIH\ira-wakeword\dataset\positive_all\synthetic\synthetic_hfc_male_normal_16.wav,TTS,400,0.99609375,1
E:\SIH\ira-wakeword\dataset\positive_all\synthetic\synthetic_hfc_male_normal_16.wav,TTS,500,0.99609375,1
E:\SIH\ira-wakeword\dataset\positive_all\synthetic\synthetic_hfc_male_normal_2.wav,TTS,0,0.99609375,1
E:\SIH\ira-wakeword\dataset\positive_all\synthetic\synthetic_hfc_male_normal_2.wav,TTS,100,0.99609375,1
E:\SIH\ira-wakeword\dataset\positive_all\synthetic\synthetic_hfc_male_normal_2.wav,TTS,200,0.99609375,1
E:\SIH\ira-wakeword\dataset\positive_all\synthetic\synthetic_hfc_male_normal_2.wav,TTS,300,0.99609375,1
E:\SIH\ira-wakeword\dataset\positive_all\synthetic\synthetic_hfc_male_normal_2.wav,TTS,400,0.99609375,1
E:\SIH\ira-wakeword\dataset\positive_all\synthetic\synthetic_hfc_male_normal_45.wav,TTS,0,0.99609375,1
E:\SIH\ira-wakeword\dataset\positive_all\synthetic\synthetic_hfc_male_normal_45.wav,TTS,100,0.99609375,1
E:\SIH\ira-wakeword\dataset\positive_all\synthetic\synthetic_hfc_male_normal_45.wav,TTS,200,0.99609375,1
E:\SIH\ira-wakeword\dataset\positive_all\synthetic\synthetic_hfc_male_normal_45.wav,TTS,300,0.99609375,1
E:\SIH\ira-wakeword\dataset\positive_all\synthetic\synthetic_hfc_male_normal_45.wav,TTS,400,0.99609375,1
E:\SIH\ira-wakeword\dataset\positive_all\synthetic\synthetic_hfc_male_normal_45.wav,TTS,500,0.99609375,1
E:\SIH\ira-wakeword\dataset\positive_all\synthetic\synthetic_hfc_male_normal_48.wav,TTS,0,0.99609375,1
E:\SIH\ira-wakeword\dataset\positive_all\synthetic\synthetic_hfc_male_normal_48.wav,TTS,100,0.99609375,1
E:\SIH\ira-wakeword\dataset\positive_all\synthetic\synthetic_hfc_male_normal_48.wav,TTS,200,0.99609375,1
E:\SIH\ira-wakeword\dataset\positive_all\synthetic\synthetic_hfc_male_normal_48.wav,TTS,300,0.99609375,1
E:\SIH\ira-wakeword\dataset\positive_all\synthetic\synthetic_hfc_male_normal_48.wav,TTS,400,0.99609375,1
E:\SIH\ira-wakeword\dataset\positive_all\synthetic\synthetic_hfc_male_normal_48.wav,TTS,500,0.99609375,1
E:\SIH\ira-wakeword\dataset\positive_all\synthetic\synthetic_hfc_male_normal_55.wav,TTS,0,0.99609375,1
E:\SIH\ira-wakeword\dataset\positive_all\synthetic\synthetic_hfc_male_normal_55.wav,TTS,100,0.99609375,1
E:\SIH\ira-wakeword\dataset\positive_all\synthetic\synthetic_hfc_male_normal_55.wav,TTS,200,0.99609375,1
E:\SIH\ira-wakeword\dataset\positive_all\synthetic\synthetic_hfc_male_normal_55.wav,TTS,300,0.99609375,1
E:\SIH\ira-wakeword\dataset\positive_all\synthetic\synthetic_hfc_male_normal_55.wav,TTS,400,0.99609375,1
E:\SIH\ira-wakeword\dataset\positive_all\synthetic\synthetic_hfc_male_normal_55.wav,TTS,500,0.99609375,1
E:\SIH\ira-wakeword\dataset\positive_all\synthetic\synthetic_hfc_male_normal_60.wav,TTS,0,0.99609375,1
E:\SIH\ira-wakeword\dataset\positive_all\synthetic\synthetic_hfc_male_normal_60.wav,TTS,100,0.99609375,1
E:\SIH\ira-wakeword\dataset\positive_all\synthetic\synthetic_hfc_male_normal_60.wav,TTS,200,0.99609375,1
E:\SIH\ira-wakeword\dataset\positive_all\synthetic\synthetic_hfc_male_normal_60.wav,TTS,300,0.99609375,1
E:\SIH\ira-wakeword\dataset\positive_all\synthetic\synthetic_hfc_male_normal_60.wav,TTS,400,0.99609375,1
E:\SIH\ira-wakeword\dataset\positive_all\synthetic\synthetic_hfc_male_normal_7.wav,TTS,0,0.99609375,1
E:\SIH\ira-wakeword\dataset\positive_all\synthetic\synthetic_hfc_male_normal_7.wav,TTS,100,0.99609375,1
E:\SIH\ira-wakeword\dataset\positive_all\synthetic\synthetic_hfc_male_normal_7.wav,TTS,200,0.99609375,1
E:\SIH\ira-wakeword\dataset\positive_all\synthetic\synthetic_hfc_male_normal_7.wav,TTS,300,0.99609375,1
E:\SIH\ira-wakeword\dataset\positive_all\synthetic\synthetic_hfc_male_normal_7.wav,TTS,400,0.99609375,1
E:\SIH\ira-wakeword\dataset\positive_all\synthetic\synthetic_hfc_male_normal_73.wav,TTS,0,0.99609375,1
E:\SIH\ira-wakeword\dataset\positive_all\synthetic\synthetic_hfc_male_normal_73.wav,TTS,100,0.99609375,1
E:\SIH\ira-wakeword\dataset\positive_all\synthetic\synthetic_hfc_male_normal_73.wav,TTS,200,0.99609375,1
E:\SIH\ira-wakeword\dataset\positive_all\synthetic\synthetic_hfc_male_normal_73.wav,TTS,300,0.99609375,1
E:\SIH\ira-wakeword\dataset\positive_all\synthetic\synthetic_hfc_male_normal_73.wav,TTS,400,0.99609375,1
E:\SIH\ira-wakeword\dataset\positive_all\synthetic\synthetic_hfc_male_normal_73.wav,TTS,500,0.99609375,1
E:\SIH\ira-wakeword\dataset\positive_all\synthetic\synthetic_hfc_male_normal_74.wav,TTS,0,0.99609375,1
E:\SIH\ira-wakeword\dataset\positive_all\synthetic\synthetic_hfc_male_normal_74.wav,TTS,100,0.99609375,1
E:\SIH\ira-wakeword\dataset\positive_all\synthetic\synthetic_hfc_male_normal_74.wav,TTS,200,0.99609375,1
E:\SIH\ira-wakeword\dataset\positive_all\synthetic\synthetic_hfc_male_normal_74.wav,TTS,300,0.99609375,1
E:\SIH\ira-wakeword\dataset\positive_all\synthetic\synthetic_hfc_male_normal_74.wav,TTS,400,0.99609375,1
E:\SIH\ira-wakeword\dataset\positive_all\synthetic\synthetic_hfc_male_normal_74.wav,TTS,500,0.99609375,1
E:\SIH\ira-wakeword\dataset\positive_all\synthetic\synthetic_hfc_male_normal_97.wav,TTS,0,0.99609375,1
E:\SIH\ira-wakeword\dataset\positive_all\synthetic\synthetic_hfc_male_normal_97.wav,TTS,100,0.99609375,1
E:\SIH\ira-wakeword\dataset\positive_all\synthetic\synthetic_hfc_male_normal_97.wav,TTS,200,0.99609375,1
E:\SIH\ira-wakeword\dataset\positive_all\synthetic\synthetic_hfc_male_normal_97.wav,TTS,300,0.99609375,1
E:\SIH\ira-wakeword\dataset\positive_all\synthetic\synthetic_hfc_male_normal_97.wav,TTS,400,0.99609375,1
E:\SIH\ira-wakeword\dataset\positive_all\synthetic\synthetic_hfc_male_normal_97.wav,TTS,500,0.99609375,1
E:\SIH\ira-wakeword\dataset\positive_all\synthetic\synthetic_hfc_male_slow_11.wav,TTS,0,0.99609375,1
E:\SIH\ira-wakeword\dataset\positive_all\synthetic\synthetic_hfc_male_slow_11.wav,TTS,100,0.99609375,1
E:\SIH\ira-wakeword\dataset\positive_all\synthetic\synthetic_hfc_male_slow_11.wav,TTS,200,0.99609375,1
E:\SIH\ira-wakeword\dataset\positive_all\synthetic\synthetic_hfc_male_slow_11.wav,TTS,300,0.99609375,1
E:\SIH\ira-wakeword\dataset\positive_all\synthetic\synthetic_hfc_male_slow_11.wav,TTS,400,0.99609375,1
E:\SIH\ira-wakeword\dataset\positive_all\synthetic\synthetic_hfc_male_slow_28.wav,TTS,0,0.99609375,1
E:\SIH\ira-wakeword\dataset\positive_all\synthetic\synthetic_hfc_male_slow_28.wav,TTS,100,0.99609375,1
E:\SIH\ira-wakeword\dataset\positive_all\synthetic\synthetic_hfc_male_slow_28.wav,TTS,200,0.99609375,1
E:\SIH\ira-wakeword\dataset\positive_all\synthetic\synthetic_hfc_male_slow_28.wav,TTS,300,0.99609375,1
E:\SIH\ira-wakeword\dataset\positive_all\synthetic\synthetic_hfc_male_slow_28.wav,TTS,400,0.99609375,1
E:\SIH\ira-wakeword\dataset\positive_all\synthetic\synthetic_hfc_male_slow_37.wav,TTS,0,0.99609375,1
E:\SIH\ira-wakeword\dataset\positive_all\synthetic\synthetic_hfc_male_slow_37.wav,TTS,100,0.99609375,1
E:\SIH\ira-wakeword\dataset\positive_all\synthetic\synthetic_hfc_male_slow_37.wav,TTS,200,0.99609375,1
E:\SIH\ira-wakeword\dataset\positive_all\synthetic\synthetic_hfc_male_slow_37.wav,TTS,300,0.99609375,1
E:\SIH\ira-wakeword\dataset\positive_all\synthetic\synthetic_hfc_male_slow_37.wav,TTS,400,0.99609375,1
E:\SIH\ira-wakeword\dataset\positive_all\synthetic\synthetic_hfc_male_slow_37.wav,TTS,500,0.99609375,1
E:\SIH\ira-wakeword\dataset\positive_all\synthetic\synthetic_hfc_male_slow_37.wav,TTS,600,0.99609375,1
E:\SIH\ira-wakeword\dataset\positive_all\synthetic\synthetic_hfc_male_slow_38.wav,TTS,0,0.99609375,1
E:\SIH\ira-wakeword\dataset\positive_all\synthetic\synthetic_hfc_male_slow_38.wav,TTS,100,0.99609375,1
E:\SIH\ira-wakeword\dataset\positive_all\synthetic\synthetic_hfc_male_slow_38.wav,TTS,200,0.99609375,1
E:\SIH\ira-wakeword\dataset\positive_all\synthetic\synthetic_hfc_male_slow_38.wav,TTS,300,0.99609375,1
E:\SIH\ira-wakeword\dataset\positive_all\synthetic\synthetic_hfc_male_slow_38.wav,TTS,400,0.99609375,1
E:\SIH\ira-wakeword\dataset\positive_all\synthetic\synthetic_lessac_100.wav,TTS,0,0.99609375,1
E:\SIH\ira-wakeword\dataset\positive_all\synthetic\synthetic_lessac_100.wav,TTS,100,0.99609375,1
E:\SIH\ira-wakeword\dataset\positive_all\synthetic\synthetic_lessac_100.wav,TTS,200,0.99609375,1
E:\SIH\ira-wakeword\dataset\positive_all\synthetic\synthetic_lessac_100.wav,TTS,300,0.99609375,1
E:\SIH\ira-wakeword\dataset\positive_all\synthetic\synthetic_lessac_100.wav,TTS,400,0.99609375,1
E:\SIH\ira-wakeword\dataset\positive_all\synthetic\synthetic_lessac_106.wav,TTS,0,0.99609375,1
E:\SIH\ira-wakeword\dataset\positive_all\synthetic\synthetic_lessac_106.wav,TTS,100,0.99609375,1
E:\SIH\ira-wakeword\dataset\positive_all\synthetic\synthetic_lessac_106.wav,TTS,200,0.99609375,1
E:\SIH\ira-wakeword\dataset\positive_all\synthetic\synthetic_lessac_106.wav,TTS,300,0.99609375,1
E:\SIH\ira-wakeword\dataset\positive_all\synthetic\synthetic_lessac_106.wav,TTS,400,0.99609375,1
E:\SIH\ira-wakeword\dataset\positive_all\synthetic\synthetic_lessac_106.wav,TTS,500,0.99609375,1
E:\SIH\ira-wakeword\dataset\positive_all\synthetic\synthetic_lessac_111.wav,TTS,0,0.99609375,1
E:\SIH\ira-wakeword\dataset\positive_all\synthetic\synthetic_lessac_111.wav,TTS,100,0.99609375,1
E:\SIH\ira-wakeword\dataset\positive_all\synthetic\synthetic_lessac_111.wav,TTS,200,0.99609375,1
E:\SIH\ira-wakeword\dataset\positive_all\synthetic\synthetic_lessac_111.wav,TTS,300,0.99609375,1
E:\SIH\ira-wakeword\dataset\positive_all\synthetic\synthetic_lessac_111.wav,TTS,400,0.99609375,1
E:\SIH\ira-wakeword\dataset\positive_all\synthetic\synthetic_lessac_111.wav,TTS,500,0.99609375,1
E:\SIH\ira-wakeword\dataset\positive_all\synthetic\synthetic_lessac_18.wav,TTS,0,0.99609375,1
E:\SIH\ira-wakeword\dataset\positive_all\synthetic\synthetic_lessac_18.wav,TTS,100,0.99609375,1
E:\SIH\ira-wakeword\dataset\positive_all\synthetic\synthetic_lessac_18.wav,TTS,200,0.99609375,1
E:\SIH\ira-wakeword\dataset\positive_all\synthetic\synthetic_lessac_18.wav,TTS,300,0.99609375,1
E:\SIH\ira-wakeword\dataset\positive_all\synthetic\synthetic_lessac_18.wav,TTS,400,0.99609375,1
E:\SIH\ira-wakeword\dataset\positive_all\synthetic\synthetic_lessac_25.wav,TTS,0,0.99609375,1
E:\SIH\ira-wakeword\dataset\positive_all\synthetic\synthetic_lessac_25.wav,TTS,100,0.99609375,1
E:\SIH\ira-wakeword\dataset\positive_all\synthetic\synthetic_lessac_25.wav,TTS,200,0.99609375,1
E:\SIH\ira-wakeword\dataset\positive_all\synthetic\synthetic_lessac_25.wav,TTS,300,0.99609375,1
E:\SIH\ira-wakeword\dataset\positive_all\synthetic\synthetic_lessac_25.wav,TTS,400,0.99609375,1
E:\SIH\ira-wakeword\dataset\positive_all\synthetic\synthetic_lessac_25.wav,TTS,500,0.99609375,1
E:\SIH\ira-wakeword\dataset\positive_all\synthetic\synthetic_lessac_27.wav,TTS,0,0.99609375,1
E:\SIH\ira-wakeword\dataset\positive_all\synthetic\synthetic_lessac_27.wav,TTS,100,0.99609375,1
E:\SIH\ira-wakeword\dataset\positive_all\synthetic\synthetic_lessac_27.wav,TTS,200,0.99609375,1
E:\SIH\ira-wakeword\dataset\positive_all\synthetic\synthetic_lessac_27.wav,TTS,300,0.99609375,1
E:\SIH\ira-wakeword\dataset\positive_all\synthetic\synthetic_lessac_27.wav,TTS,400,0.99609375,1
E:\SIH\ira-wakeword\dataset\positive_all\synthetic\synthetic_lessac_3.wav,TTS,0,0.99609375,1
E:\SIH\ira-wakeword\dataset\positive_all\synthetic\synthetic_lessac_3.wav,TTS,100,0.99609375,1
E:\SIH\ira-wakeword\dataset\positive_all\synthetic\synthetic_lessac_3.wav,TTS,200,0.99609375,1
E:\SIH\ira-wakeword\dataset\positive_all\synthetic\synthetic_lessac_3.wav,TTS,300,0.99609375,1
E:\SIH\ira-wakeword\dataset\positive_all\synthetic\synthetic_lessac_3.wav,TTS,400,0.99609375,1
E:\SIH\ira-wakeword\dataset\positive_all\synthetic\synthetic_lessac_3.wav,TTS,500,0.99609375,1
E:\SIH\ira-wakeword\dataset\positive_all\synthetic\synthetic_lessac_31.wav,TTS,0,0.99609375,1
E:\SIH\ira-wakeword\dataset\positive_all\synthetic\synthetic_lessac_31.wav,TTS,100,0.99609375,1
E:\SIH\ira-wakeword\dataset\positive_all\synthetic\synthetic_lessac_31.wav,TTS,200,0.99609375,1
E:\SIH\ira-wakeword\dataset\positive_all\synthetic\synthetic_lessac_31.wav,TTS,300,0.99609375,1
E:\SIH\ira-wakeword\dataset\positive_all\synthetic\synthetic_lessac_31.wav,TTS,400,0.99609375,1
E:\SIH\ira-wakeword\dataset\positive_all\synthetic\synthetic_lessac_31.wav,TTS,500,0.99609375,1
E:\SIH\ira-wakeword\dataset\positive_all\synthetic\synthetic_lessac_38.wav,TTS,0,0.99609375,1
E:\SIH\ira-wakeword\dataset\positive_all\synthetic\synthetic_lessac_38.wav,TTS,100,0.99609375,1
E:\SIH\ira-wakeword\dataset\positive_all\synthetic\synthetic_lessac_38.wav,TTS,200,0.99609375,1
E:\SIH\ira-wakeword\dataset\positive_all\synthetic\synthetic_lessac_38.wav,TTS,300,0.99609375,1
E:\SIH\ira-wakeword\dataset\positive_all\synthetic\synthetic_lessac_38.wav,TTS,400,0.99609375,1
E:\SIH\ira-wakeword\dataset\positive_all\synthetic\synthetic_lessac_6.wav,TTS,0,0.99609375,1
E:\SIH\ira-wakeword\dataset\positive_all\synthetic\synthetic_lessac_6.wav,TTS,100,0.99609375,1
E:\SIH\ira-wakeword\dataset\positive_all\synthetic\synthetic_lessac_6.wav,TTS,200,0.99609375,1
E:\SIH\ira-wakeword\dataset\positive_all\synthetic\synthetic_lessac_6.wav,TTS,300,0.99609375,1
E:\SIH\ira-wakeword\dataset\positive_all\synthetic\synthetic_lessac_6.wav,TTS,400,0.99609375,1
E:\SIH\ira-wakeword\dataset\positive_all\synthetic\synthetic_lessac_8.wav,TTS,0,0.99609375,1
E:\SIH\ira-wakeword\dataset\positive_all\synthetic\synthetic_lessac_8.wav,TTS,100,0.99609375,1
E:\SIH\ira-wakeword\dataset\positive_all\synthetic\synthetic_lessac_8.wav,TTS,200,0.99609375,1
E:\SIH\ira-wakeword\dataset\positive_all\synthetic\synthetic_lessac_8.wav,TTS,300,0.99609375,1
E:\SIH\ira-wakeword\dataset\positive_all\synthetic\synthetic_lessac_8.wav,TTS,400,0.99609375,1
E:\SIH\ira-wakeword\dataset\positive_all\synthetic\synthetic_lessac_8.wav,TTS,500,0.99609375,1
E:\SIH\ira-wakeword\dataset\positive_all\synthetic\synthetic_lessac_89.wav,TTS,0,0.99609375,1
E:\SIH\ira-wakeword\dataset\positive_all\synthetic\synthetic_lessac_89.wav,TTS,100,0.99609375,1
E:\SIH\ira-wakeword\dataset\positive_all\synthetic\synthetic_lessac_89.wav,TTS,200,0.99609375,1
E:\SIH\ira-wakeword\dataset\positive_all\synthetic\synthetic_lessac_89.wav,TTS,300,0.99609375,1
E:\SIH\ira-wakeword\dataset\positive_all\synthetic\synthetic_lessac_89.wav,TTS,400,0.99609375,1
E:\SIH\ira-wakeword\dataset\positive_all\synthetic\synthetic_lessac_89.wav,TTS,500,0.99609375,1
E:\SIH\ira-wakeword\dataset\positive_all\synthetic\synthetic_lessac_fast_15.wav,TTS,0,0.99609375,1
E:\SIH\ira-wakeword\dataset\positive_all\synthetic\synthetic_lessac_fast_15.wav,TTS,100,0.99609375,1
E:\SIH\ira-wakeword\dataset\positive_all\synthetic\synthetic_lessac_fast_15.wav,TTS,200,0.99609375,1
E:\SIH\ira-wakeword\dataset\positive_all\synthetic\synthetic_lessac_fast_15.wav,TTS,300,0.99609375,1
E:\SIH\ira-wakeword\dataset\positive_all\synthetic\synthetic_lessac_fast_15.wav,TTS,400,0.99609375,1
E:\SIH\ira-wakeword\dataset\positive_all\synthetic\synthetic_lessac_fast_15.wav,TTS,500,0.99609375,1
E:\SIH\ira-wakeword\dataset\positive_all\synthetic\synthetic_lessac_fast_19.wav,TTS,0,0.99609375,1
E:\SIH\ira-wakeword\dataset\positive_all\synthetic\synthetic_lessac_fast_19.wav,TTS,100,0.99609375,1
E:\SIH\ira-wakeword\dataset\positive_all\synthetic\synthetic_lessac_fast_19.wav,TTS,200,0.99609375,1
E:\SIH\ira-wakeword\dataset\positive_all\synthetic\synthetic_lessac_fast_19.wav,TTS,300,0.99609375,1
E:\SIH\ira-wakeword\dataset\positive_all\synthetic\synthetic_lessac_fast_19.wav,TTS,400,0.99609375,1
E:\SIH\ira-wakeword\dataset\positive_all\synthetic\synthetic_lessac_fast_19.wav,TTS,500,0.99609375,1
E:\SIH\ira-wakeword\dataset\positive_all\synthetic\synthetic_lessac_fast_29.wav,TTS,0,0.99609375,1
E:\SIH\ira-wakeword\dataset\positive_all\synthetic\synthetic_lessac_fast_29.wav,TTS,100,0.99609375,1
E:\SIH\ira-wakeword\dataset\positive_all\synthetic\synthetic_lessac_fast_29.wav,TTS,200,0.99609375,1
E:\SIH\ira-wakeword\dataset\positive_all\synthetic\synthetic_lessac_fast_29.wav,TTS,300,0.99609375,1
E:\SIH\ira-wakeword\dataset\positive_all\synthetic\synthetic_lessac_fast_29.wav,TTS,400,0.99609375,1
E:\SIH\ira-wakeword\dataset\positive_all\synthetic\synthetic_lessac_fast_29.wav,TTS,500,0.99609375,1
E:\SIH\ira-wakeword\dataset\positive_all\synthetic\synthetic_lessac_fast_30.wav,TTS,0,0.99609375,1
E:\SIH\ira-wakeword\dataset\positive_all\synthetic\synthetic_lessac_fast_30.wav,TTS,100,0.99609375,1
E:\SIH\ira-wakeword\dataset\positive_all\synthetic\synthetic_lessac_fast_30.wav,TTS,200,0.99609375,1
E:\SIH\ira-wakeword\dataset\positive_all\synthetic\synthetic_lessac_fast_30.wav,TTS,300,0.99609375,1
E:\SIH\ira-wakeword\dataset\positive_all\synthetic\synthetic_lessac_fast_30.wav,TTS,400,0.99609375,1
E:\SIH\ira-wakeword\dataset\positive_all\synthetic\synthetic_lessac_fast_30.wav,TTS,500,0.99609375,1
E:\SIH\ira-wakeword\dataset\positive_all\synthetic\synthetic_lessac_normal_104.wav,TTS,0,0.99609375,1
E:\SIH\ira-wakeword\dataset\positive_all\synthetic\synthetic_lessac_normal_104.wav,TTS,100,0.99609375,1
E:\SIH\ira-wakeword\dataset\positive_all\synthetic\synthetic_lessac_normal_104.wav,TTS,200,0.99609375,1
E:\SIH\ira-wakeword\dataset\positive_all\synthetic\synthetic_lessac_normal_104.wav,TTS,300,0.99609375,1
E:\SIH\ira-wakeword\dataset\positive_all\synthetic\synthetic_lessac_normal_104.wav,TTS,400,0.99609375,1
E:\SIH\ira-wakeword\dataset\positive_all\synthetic\synthetic_lessac_normal_11.wav,TTS,0,0.99609375,1
E:\SIH\ira-wakeword\dataset\positive_all\synthetic\synthetic_lessac_normal_11.wav,TTS,100,0.99609375,1
E:\SIH\ira-wakeword\dataset\positive_all\synthetic\synthetic_lessac_normal_11.wav,TTS,200,0.99609375,1
E:\SIH\ira-wakeword\dataset\positive_all\synthetic\synthetic_lessac_normal_11.wav,TTS,300,0.99609375,1
E:\SIH\ira-wakeword\dataset\positive_all\synthetic\synthetic_lessac_normal_11.wav,TTS,400,0.99609375,1
E:\SIH\ira-wakeword\dataset\positive_all\synthetic\synthetic_lessac_normal_11.wav,TTS,500,0.99609375,1
E:\SIH\ira-wakeword\dataset\positive_all\synthetic\synthetic_lessac_normal_113.wav,TTS,0,0.99609375,1
E:\SIH\ira-wakeword\dataset\positive_all\synthetic\synthetic_lessac_normal_113.wav,TTS,100,0.99609375,1
E:\SIH\ira-wakeword\dataset\positive_all\synthetic\synthetic_lessac_normal_113.wav,TTS,200,0.99609375,1
E:\SIH\ira-wakeword\dataset\positive_all\synthetic\synthetic_lessac_normal_113.wav,TTS,300,0.99609375,1
E:\SIH\ira-wakeword\dataset\positive_all\synthetic\synthetic_lessac_normal_113.wav,TTS,400,0.99609375,1
E:\SIH\ira-wakeword\dataset\positive_all\synthetic\synthetic_lessac_normal_113.wav,TTS,500,0.99609375,1
E:\SIH\ira-wakeword\dataset\positive_all\synthetic\synthetic_lessac_normal_114.wav,TTS,0,0.99609375,1
E:\SIH\ira-wakeword\dataset\positive_all\synthetic\synthetic_lessac_normal_114.wav,TTS,100,0.99609375,1
E:\SIH\ira-wakeword\dataset\positive_all\synthetic\synthetic_lessac_normal_114.wav,TTS,200,0.99609375,1
E:\SIH\ira-wakeword\dataset\positive_all\synthetic\synthetic_lessac_normal_114.wav,TTS,300,0.99609375,1
E:\SIH\ira-wakeword\dataset\positive_all\synthetic\synthetic_lessac_normal_114.wav,TTS,400,0.99609375,1
E:\SIH\ira-wakeword\dataset\positive_all\synthetic\synthetic_lessac_normal_114.wav,TTS,500,0.99609375,1
E:\SIH\ira-wakeword\dataset\positive_all\synthetic\synthetic_lessac_normal_22.wav,TTS,0,0.99609375,1
E:\SIH\ira-wakeword\dataset\positive_all\synthetic\synthetic_lessac_normal_22.wav,TTS,100,0.99609375,1
E:\SIH\ira-wakeword\dataset\positive_all\synthetic\synthetic_lessac_normal_22.wav,TTS,200,0.99609375,1
E:\SIH\ira-wakeword\dataset\positive_all\synthetic\synthetic_lessac_normal_22.wav,TTS,300,0.99609375,1
E:\SIH\ira-wakeword\dataset\positive_all\synthetic\synthetic_lessac_normal_22.wav,TTS,400,0.99609375,1
E:\SIH\ira-wakeword\dataset\positive_all\synthetic\synthetic_lessac_normal_22.wav,TTS,500,0.99609375,1
E:\SIH\ira-wakeword\dataset\positive_all\synthetic\synthetic_lessac_normal_26.wav,TTS,0,0.99609375,1
E:\SIH\ira-wakeword\dataset\positive_all\synthetic\synthetic_lessac_normal_26.wav,TTS,100,0.99609375,1
E:\SIH\ira-wakeword\dataset\positive_all\synthetic\synthetic_lessac_normal_26.wav,TTS,200,0.99609375,1
E:\SIH\ira-wakeword\dataset\positive_all\synthetic\synthetic_lessac_normal_26.wav,TTS,300,0.99609375,1
E:\SIH\ira-wakeword\dataset\positive_all\synthetic\synthetic_lessac_normal_26.wav,TTS,400,0.99609375,1
E:\SIH\ira-wakeword\dataset\positive_all\synthetic\synthetic_lessac_normal_26.wav,TTS,500,0.99609375,1
E:\SIH\ira-wakeword\dataset\positive_all\synthetic\synthetic_lessac_normal_33.wav,TTS,0,0.99609375,1
E:\SIH\ira-wakeword\dataset\positive_all\synthetic\synthetic_lessac_normal_33.wav,TTS,100,0.99609375,1
E:\SIH\ira-wakeword\dataset\positive_all\synthetic\synthetic_lessac_normal_33.wav,TTS,200,0.99609375,1
E:\SIH\ira-wakeword\dataset\positive_all\synthetic\synthetic_lessac_normal_33.wav,TTS,300,0.99609375,1
E:\SIH\ira-wakeword\dataset\positive_all\synthetic\synthetic_lessac_normal_33.wav,TTS,400,0.99609375,1
E:\SIH\ira-wakeword\dataset\positive_all\synthetic\synthetic_lessac_normal_33.wav,TTS,500,0.99609375,1
E:\SIH\ira-wakeword\dataset\positive_all\synthetic\synthetic_lessac_normal_44.wav,TTS,0,0.99609375,1
E:\SIH\ira-wakeword\dataset\positive_all\synthetic\synthetic_lessac_normal_44.wav,TTS,100,0.99609375,1
E:\SIH\ira-wakeword\dataset\positive_all\synthetic\synthetic_lessac_normal_44.wav,TTS,200,0.99609375,1
E:\SIH\ira-wakeword\dataset\positive_all\synthetic\synthetic_lessac_normal_44.wav,TTS,300,0.99609375,1
E:\SIH\ira-wakeword\dataset\positive_all\synthetic\synthetic_lessac_normal_44.wav,TTS,400,0.99609375,1
E:\SIH\ira-wakeword\dataset\positive_all\synthetic\synthetic_lessac_normal_44.wav,TTS,500,0.99609375,1
E:\SIH\ira-wakeword\dataset\positive_all\synthetic\synthetic_lessac_normal_5.wav,TTS,0,0.99609375,1
E:\SIH\ira-wakeword\dataset\positive_all\synthetic\synthetic_lessac_normal_5.wav,TTS,100,0.99609375,1
E:\SIH\ira-wakeword\dataset\positive_all\synthetic\synthetic_lessac_normal_5.wav,TTS,200,0.99609375,1
E:\SIH\ira-wakeword\dataset\positive_all\synthetic\synthetic_lessac_normal_5.wav,TTS,300,0.99609375,1
E:\SIH\ira-wakeword\dataset\positive_all\synthetic\synthetic_lessac_normal_5.wav,TTS,400,0.99609375,1
E:\SIH\ira-wakeword\dataset\positive_all\synthetic\synthetic_lessac_normal_55.wav,TTS,0,0.99609375,1
E:\SIH\ira-wakeword\dataset\positive_all\synthetic\synthetic_lessac_normal_55.wav,TTS,100,0.99609375,1
E:\SIH\ira-wakeword\dataset\positive_all\synthetic\synthetic_lessac_normal_55.wav,TTS,200,0.99609375,1
E:\SIH\ira-wakeword\dataset\positive_all\synthetic\synthetic_lessac_normal_55.wav,TTS,300,0.99609375,1
E:\SIH\ira-wakeword\dataset\positive_all\synthetic\synthetic_lessac_normal_55.wav,TTS,400,0.99609375,1
E:\SIH\ira-wakeword\dataset\positive_all\synthetic\synthetic_lessac_normal_55.wav,TTS,500,0.99609375,1
E:\SIH\ira-wakeword\dataset\positive_all\synthetic\synthetic_lessac_normal_74.wav,TTS,0,0.99609375,1
E:\SIH\ira-wakeword\dataset\positive_all\synthetic\synthetic_lessac_normal_74.wav,TTS,100,0.99609375,1
E:\SIH\ira-wakeword\dataset\positive_all\synthetic\synthetic_lessac_normal_74.wav,TTS,200,0.99609375,1
E:\SIH\ira-wakeword\dataset\positive_all\synthetic\synthetic_lessac_normal_74.wav,TTS,300,0.99609375,1
E:\SIH\ira-wakeword\dataset\positive_all\synthetic\synthetic_lessac_normal_74.wav,TTS,400,0.99609375,1
E:\SIH\ira-wakeword\dataset\positive_all\synthetic\synthetic_lessac_normal_74.wav,TTS,500,0.99609375,1
E:\SIH\ira-wakeword\dataset\positive_all\synthetic\synthetic_lessac_normal_75.wav,TTS,0,0.99609375,1
E:\SIH\ira-wakeword\dataset\positive_all\synthetic\synthetic_lessac_normal_75.wav,TTS,100,0.99609375,1
E:\SIH\ira-wakeword\dataset\positive_all\synthetic\synthetic_lessac_normal_75.wav,TTS,200,0.99609375,1
E:\SIH\ira-wakeword\dataset\positive_all\synthetic\synthetic_lessac_normal_75.wav,TTS,300,0.99609375,1
E:\SIH\ira-wakeword\dataset\positive_all\synthetic\synthetic_lessac_normal_75.wav,TTS,400,0.99609375,1
E:\SIH\ira-wakeword\dataset\positive_all\synthetic\synthetic_lessac_normal_75.wav,TTS,500,0.99609375,1
E:\SIH\ira-wakeword\dataset\positive_all\synthetic\synthetic_lessac_normal_81.wav,TTS,0,0.99609375,1
E:\SIH\ira-wakeword\dataset\positive_all\synthetic\synthetic_lessac_normal_81.wav,TTS,100,0.99609375,1
E:\SIH\ira-wakeword\dataset\positive_all\synthetic\synthetic_lessac_normal_81.wav,TTS,200,0.99609375,1
E:\SIH\ira-wakeword\dataset\positive_all\synthetic\synthetic_lessac_normal_81.wav,TTS,300,0.99609375,1
E:\SIH\ira-wakeword\dataset\positive_all\synthetic\synthetic_lessac_normal_81.wav,TTS,400,0.99609375,1
E:\SIH\ira-wakeword\dataset\positive_all\synthetic\synthetic_lessac_normal_81.wav,TTS,500,0.99609375,1
E:\SIH\ira-wakeword\dataset\positive_all\synthetic\synthetic_lessac_normal_81.wav,TTS,600,0.99609375,1
E:\SIH\ira-wakeword\dataset\positive_all\synthetic\synthetic_lessac_normal_9.wav,TTS,0,0.99609375,1
E:\SIH\ira-wakeword\dataset\positive_all\synthetic\synthetic_lessac_normal_9.wav,TTS,100,0.99609375,1
E:\SIH\ira-wakeword\dataset\positive_all\synthetic\synthetic_lessac_normal_9.wav,TTS,200,0.99609375,1
E:\SIH\ira-wakeword\dataset\positive_all\synthetic\synthetic_lessac_normal_9.wav,TTS,300,0.99609375,1
E:\SIH\ira-wakeword\dataset\positive_all\synthetic\synthetic_lessac_normal_9.wav,TTS,400,0.99609375,1
E:\SIH\ira-wakeword\dataset\positive_all\synthetic\synthetic_lessac_normal_9.wav,TTS,500,0.99609375,1
E:\SIH\ira-wakeword\dataset\positive_all\synthetic\synthetic_lessac_slow_0.wav,TTS,0,0.99609375,1
E:\SIH\ira-wakeword\dataset\positive_all\synthetic\synthetic_lessac_slow_0.wav,TTS,100,0.99609375,1
E:\SIH\ira-wakeword\dataset\positive_all\synthetic\synthetic_lessac_slow_0.wav,TTS,200,0.99609375,1
E:\SIH\ira-wakeword\dataset\positive_all\synthetic\synthetic_lessac_slow_0.wav,TTS,300,0.99609375,1
E:\SIH\ira-wakeword\dataset\positive_all\synthetic\synthetic_lessac_slow_0.wav,TTS,400,0.99609375,1
E:\SIH\ira-wakeword\dataset\positive_all\synthetic\synthetic_lessac_slow_0.wav,TTS,500,0.99609375,1
E:\SIH\ira-wakeword\dataset\positive_all\synthetic\synthetic_lessac_slow_11.wav,TTS,0,0.99609375,1
E:\SIH\ira-wakeword\dataset\positive_all\synthetic\synthetic_lessac_slow_11.wav,TTS,100,0.99609375,1
E:\SIH\ira-wakeword\dataset\positive_all\synthetic\synthetic_lessac_slow_11.wav,TTS,200,0.99609375,1
E:\SIH\ira-wakeword\dataset\positive_all\synthetic\synthetic_lessac_slow_11.wav,TTS,300,0.99609375,1
E:\SIH\ira-wakeword\dataset\positive_all\synthetic\synthetic_lessac_slow_11.wav,TTS,400,0.99609375,1
E:\SIH\ira-wakeword\dataset\positive_all\synthetic\synthetic_lessac_slow_17.wav,TTS,0,0.99609375,1
E:\SIH\ira-wakeword\dataset\positive_all\synthetic\synthetic_lessac_slow_17.wav,TTS,100,0.99609375,1
E:\SIH\ira-wakeword\dataset\positive_all\synthetic\synthetic_lessac_slow_17.wav,TTS,200,0.99609375,1
E:\SIH\ira-wakeword\dataset\positive_all\synthetic\synthetic_lessac_slow_17.wav,TTS,300,0.99609375,1
E:\SIH\ira-wakeword\dataset\positive_all\synthetic\synthetic_lessac_slow_17.wav,TTS,400,0.99609375,1
E:\SIH\ira-wakeword\dataset\positive_all\synthetic\synthetic_lessac_slow_17.wav,TTS,500,0.99609375,1
E:\SIH\ira-wakeword\dataset\positive_all\synthetic\synthetic_lessac_slow_28.wav,TTS,0,0.99609375,1
E:\SIH\ira-wakeword\dataset\positive_all\synthetic\synthetic_lessac_slow_28.wav,TTS,100,0.99609375,1
E:\SIH\ira-wakeword\dataset\positive_all\synthetic\synthetic_lessac_slow_28.wav,TTS,200,0.99609375,1
E:\SIH\ira-wakeword\dataset\positive_all\synthetic\synthetic_lessac_slow_28.wav,TTS,300,0.99609375,1
E:\SIH\ira-wakeword\dataset\positive_all\synthetic\synthetic_lessac_slow_28.wav,TTS,400,0.99609375,1
E:\SIH\ira-wakeword\dataset\positive_all\synthetic\synthetic_lessac_slow_28.wav,TTS,500,0.99609375,1
E:\SIH\ira-wakeword\dataset\positive_all\synthetic\synthetic_lessac_slow_38.wav,TTS,0,0.99609375,1
E:\SIH\ira-wakeword\dataset\positive_all\synthetic\synthetic_lessac_slow_38.wav,TTS,100,0.99609375,1
E:\SIH\ira-wakeword\dataset\positive_all\synthetic\synthetic_lessac_slow_38.wav,TTS,200,0.99609375,1
E:\SIH\ira-wakeword\dataset\positive_all\synthetic\synthetic_lessac_slow_38.wav,TTS,300,0.99609375,1
E:\SIH\ira-wakeword\dataset\positive_all\synthetic\synthetic_lessac_slow_38.wav,TTS,400,0.99609375,1
E:\SIH\ira-wakeword\dataset\positive_all\synthetic\synthetic_lessac_slow_38.wav,TTS,500,0.99609375,1
E:\SIH\ira-wakeword\dataset\positive_all\synthetic\synthetic_pilot100_12.wav,TTS,0,0.99609375,1
E:\SIH\ira-wakeword\dataset\positive_all\synthetic\synthetic_pilot100_12.wav,TTS,100,0.99609375,1
E:\SIH\ira-wakeword\dataset\positive_all\synthetic\synthetic_pilot100_12.wav,TTS,200,0.99609375,1
E:\SIH\ira-wakeword\dataset\positive_all\synthetic\synthetic_pilot100_12.wav,TTS,300,0.99609375,1
E:\SIH\ira-wakeword\dataset\positive_all\synthetic\synthetic_pilot100_12.wav,TTS,400,0.99609375,1
E:\SIH\ira-wakeword\dataset\positive_all\synthetic\synthetic_pilot100_12.wav,TTS,500,0.99609375,1
E:\SIH\ira-wakeword\dataset\positive_all\synthetic\synthetic_pilot100_28.wav,TTS,0,0.99609375,1
E:\SIH\ira-wakeword\dataset\positive_all\synthetic\synthetic_pilot100_28.wav,TTS,100,0.99609375,1
E:\SIH\ira-wakeword\dataset\positive_all\synthetic\synthetic_pilot100_28.wav,TTS,200,0.99609375,1
E:\SIH\ira-wakeword\dataset\positive_all\synthetic\synthetic_pilot100_28.wav,TTS,300,0.99609375,1
E:\SIH\ira-wakeword\dataset\positive_all\synthetic\synthetic_pilot100_28.wav,TTS,400,0.99609375,1
E:\SIH\ira-wakeword\dataset\positive_all\synthetic\synthetic_pilot100_28.wav,TTS,500,0.99609375,1
E:\SIH\ira-wakeword\dataset\positive_all\synthetic\synthetic_pilot100_47.wav,TTS,0,0.99609375,1
E:\SIH\ira-wakeword\dataset\positive_all\synthetic\synthetic_pilot100_47.wav,TTS,100,0.99609375,1
E:\SIH\ira-wakeword\dataset\positive_all\synthetic\synthetic_pilot100_47.wav,TTS,200,0.99609375,1
E:\SIH\ira-wakeword\dataset\positive_all\synthetic\synthetic_pilot100_47.wav,TTS,300,0.99609375,1
E:\SIH\ira-wakeword\dataset\positive_all\synthetic\synthetic_pilot100_47.wav,TTS,400,0.99609375,1
E:\SIH\ira-wakeword\dataset\positive_all\synthetic\synthetic_pilot100_47.wav,TTS,500,0.99609375,1
E:\SIH\ira-wakeword\dataset\positive_all\synthetic\synthetic_pilot100_50.wav,TTS,0,0.99609375,1
E:\SIH\ira-wakeword\dataset\positive_all\synthetic\synthetic_pilot100_50.wav,TTS,100,0.99609375,1
E:\SIH\ira-wakeword\dataset\positive_all\synthetic\synthetic_pilot100_50.wav,TTS,200,0.99609375,1
E:\SIH\ira-wakeword\dataset\positive_all\synthetic\synthetic_pilot100_50.wav,TTS,300,0.99609375,1
E:\SIH\ira-wakeword\dataset\positive_all\synthetic\synthetic_pilot100_50.wav,TTS,400,0.99609375,1
E:\SIH\ira-wakeword\dataset\positive_all\synthetic\synthetic_pilot100_55.wav,TTS,0,0.99609375,1
E:\SIH\ira-wakeword\dataset\positive_all\synthetic\synthetic_pilot100_55.wav,TTS,100,0.99609375,1
E:\SIH\ira-wakeword\dataset\positive_all\synthetic\synthetic_pilot100_55.wav,TTS,200,0.99609375,1
E:\SIH\ira-wakeword\dataset\positive_all\synthetic\synthetic_pilot100_55.wav,TTS,300,0.99609375,1
E:\SIH\ira-wakeword\dataset\positive_all\synthetic\synthetic_pilot100_55.wav,TTS,400,0.99609375,1
E:\SIH\ira-wakeword\dataset\positive_all\synthetic\synthetic_pilot100_55.wav,TTS,500,0.99609375,1
E:\SIH\ira-wakeword\dataset\positive_all\synthetic\synthetic_pilot100_56.wav,TTS,0,0.99609375,1
E:\SIH\ira-wakeword\dataset\positive_all\synthetic\synthetic_pilot100_56.wav,TTS,100,0.99609375,1
E:\SIH\ira-wakeword\dataset\positive_all\synthetic\synthetic_pilot100_56.wav,TTS,200,0.99609375,1
E:\SIH\ira-wakeword\dataset\positive_all\synthetic\synthetic_pilot100_56.wav,TTS,300,0.99609375,1
E:\SIH\ira-wakeword\dataset\positive_all\synthetic\synthetic_pilot100_56.wav,TTS,400,0.99609375,1
E:\SIH\ira-wakeword\dataset\positive_all\synthetic\synthetic_pilot100_56.wav,TTS,500,0.99609375,1
E:\SIH\ira-wakeword\dataset\positive_all\synthetic\synthetic_pilot100_58.wav,TTS,0,0.99609375,1
E:\SIH\ira-wakeword\dataset\positive_all\synthetic\synthetic_pilot100_58.wav,TTS,100,0.99609375,1
E:\SIH\ira-wakeword\dataset\positive_all\synthetic\synthetic_pilot100_58.wav,TTS,200,0.99609375,1
E:\SIH\ira-wakeword\dataset\positive_all\synthetic\synthetic_pilot100_58.wav,TTS,300,0.99609375,1
E:\SIH\ira-wakeword\dataset\positive_all\synthetic\synthetic_pilot100_58.wav,TTS,400,0.99609375,1
E:\SIH\ira-wakeword\dataset\positive_all\synthetic\synthetic_pilot100_76.wav,TTS,0,0.99609375,1
E:\SIH\ira-wakeword\dataset\positive_all\synthetic\synthetic_pilot100_76.wav,TTS,100,0.99609375,1
E:\SIH\ira-wakeword\dataset\positive_all\synthetic\synthetic_pilot100_76.wav,TTS,200,0.99609375,1
E:\SIH\ira-wakeword\dataset\positive_all\synthetic\synthetic_pilot100_76.wav,TTS,300,0.99609375,1
E:\SIH\ira-wakeword\dataset\positive_all\synthetic\synthetic_pilot100_76.wav,TTS,400,0.99609375,1
E:\SIH\ira-wakeword\dataset\positive_all\synthetic\synthetic_pilot100_76.wav,TTS,500,0.99609375,1
E:\SIH\ira-wakeword\dataset\positive_all\synthetic\synthetic_pilot100_80.wav,TTS,0,0.99609375,1
E:\SIH\ira-wakeword\dataset\positive_all\synthetic\synthetic_pilot100_80.wav,TTS,100,0.99609375,1
E:\SIH\ira-wakeword\dataset\positive_all\synthetic\synthetic_pilot100_80.wav,TTS,200,0.99609375,1
E:\SIH\ira-wakeword\dataset\positive_all\synthetic\synthetic_pilot100_80.wav,TTS,300,0.99609375,1
E:\SIH\ira-wakeword\dataset\positive_all\synthetic\synthetic_pilot100_80.wav,TTS,400,0.99609375,1
E:\SIH\ira-wakeword\dataset\positive_all\synthetic\synthetic_pilot100_80.wav,TTS,500,0.99609375,1
E:\SIH\ira-wakeword\dataset\positive_all\synthetic\synthetic_pilot100_89.wav,TTS,0,0.99609375,1
E:\SIH\ira-wakeword\dataset\positive_all\synthetic\synthetic_pilot100_89.wav,TTS,100,0.99609375,1
E:\SIH\ira-wakeword\dataset\positive_all\synthetic\synthetic_pilot100_89.wav,TTS,200,0.99609375,1
E:\SIH\ira-wakeword\dataset\positive_all\synthetic\synthetic_pilot100_89.wav,TTS,300,0.99609375,1
E:\SIH\ira-wakeword\dataset\positive_all\synthetic\synthetic_pilot100_89.wav,TTS,400,0.99609375,1
E:\SIH\ira-wakeword\dataset\positive_all\synthetic\synthetic_pilot100_89.wav,TTS,500,0.99609375,1
E:\SIH\ira-wakeword\dataset\positive_all\synthetic\synthetic_pilot100_91.wav,TTS,0,0.99609375,1
E:\SIH\ira-wakeword\dataset\positive_all\synthetic\synthetic_pilot100_91.wav,TTS,100,0.99609375,1
E:\SIH\ira-wakeword\dataset\positive_all\synthetic\synthetic_pilot100_91.wav,TTS,200,0.99609375,1
E:\SIH\ira-wakeword\dataset\positive_all\synthetic\synthetic_pilot100_91.wav,TTS,300,0.99609375,1
E:\SIH\ira-wakeword\dataset\positive_all\synthetic\synthetic_pilot100_91.wav,TTS,400,0.99609375,1
E:\SIH\ira-wakeword\dataset\positive_all\synthetic\synthetic_pilot100_91.wav,TTS,500,0.99609375,1
E:\SIH\ira-wakeword\dataset\positive_all\synthetic\synthetic_ryan_104.wav,TTS,0,0.99609375,1
E:\SIH\ira-wakeword\dataset\positive_all\synthetic\synthetic_ryan_104.wav,TTS,100,0.99609375,1
E:\SIH\ira-wakeword\dataset\positive_all\synthetic\synthetic_ryan_104.wav,TTS,200,0.99609375,1
E:\SIH\ira-wakeword\dataset\positive_all\synthetic\synthetic_ryan_104.wav,TTS,300,0.99609375,1
E:\SIH\ira-wakeword\dataset\positive_all\synthetic\synthetic_ryan_104.wav,TTS,400,0.99609375,1
E:\SIH\ira-wakeword\dataset\positive_all\synthetic\synthetic_ryan_104.wav,TTS,500,0.99609375,1
E:\SIH\ira-wakeword\dataset\positive_all\synthetic\synthetic_ryan_104.wav,TTS,600,0.99609375,1
E:\SIH\ira-wakeword\dataset\positive_all\synthetic\synthetic_ryan_117.wav,TTS,0,0.99609375,1
E:\SIH\ira-wakeword\dataset\positive_all\synthetic\synthetic_ryan_117.wav,TTS,100,0.99609375,1
E:\SIH\ira-wakeword\dataset\positive_all\synthetic\synthetic_ryan_117.wav,TTS,200,0.99609375,1
E:\SIH\ira-wakeword\dataset\positive_all\synthetic\synthetic_ryan_117.wav,TTS,300,0.99609375,1
E:\SIH\ira-wakeword\dataset\positive_all\synthetic\synthetic_ryan_117.wav,TTS,400,0.99609375,1
E:\SIH\ira-wakeword\dataset\positive_all\synthetic\synthetic_ryan_117.wav,TTS,500,0.99609375,1
E:\SIH\ira-wakeword\dataset\positive_all\synthetic\synthetic_ryan_117.wav,TTS,600,0.99609375,1
E:\SIH\ira-wakeword\dataset\positive_all\synthetic\synthetic_ryan_21.wav,TTS,0,0.99609375,1
E:\SIH\ira-wakeword\dataset\positive_all\synthetic\synthetic_ryan_21.wav,TTS,100,0.99609375,1
E:\SIH\ira-wakeword\dataset\positive_all\synthetic\synthetic_ryan_21.wav,TTS,200,0.99609375,1
E:\SIH\ira-wakeword\dataset\positive_all\synthetic\synthetic_ryan_21.wav,TTS,300,0.99609375,1
E:\SIH\ira-wakeword\dataset\positive_all\synthetic\synthetic_ryan_21.wav,TTS,400,0.99609375,1
E:\SIH\ira-wakeword\dataset\positive_all\synthetic\synthetic_ryan_21.wav,TTS,500,0.99609375,1
E:\SIH\ira-wakeword\dataset\positive_all\synthetic\synthetic_ryan_21.wav,TTS,600,0.99609375,1
E:\SIH\ira-wakeword\dataset\positive_all\synthetic\synthetic_ryan_23.wav,TTS,0,0.99609375,1
E:\SIH\ira-wakeword\dataset\positive_all\synthetic\synthetic_ryan_23.wav,TTS,100,0.99609375,1
E:\SIH\ira-wakeword\dataset\positive_all\synthetic\synthetic_ryan_23.wav,TTS,200,0.99609375,1
E:\SIH\ira-wakeword\dataset\positive_all\synthetic\synthetic_ryan_23.wav,TTS,300,0.99609375,1
E:\SIH\ira-wakeword\dataset\positive_all\synthetic\synthetic_ryan_23.wav,TTS,400,0.99609375,1
E:\SIH\ira-wakeword\dataset\positive_all\synthetic\synthetic_ryan_23.wav,TTS,500,0.99609375,1
E:\SIH\ira-wakeword\dataset\positive_all\synthetic\synthetic_ryan_23.wav,TTS,600,0.99609375,1
E:\SIH\ira-wakeword\dataset\positive_all\synthetic\synthetic_ryan_33.wav,TTS,0,0.99609375,1
E:\SIH\ira-wakeword\dataset\positive_all\synthetic\synthetic_ryan_33.wav,TTS,100,0.99609375,1
E:\SIH\ira-wakeword\dataset\positive_all\synthetic\synthetic_ryan_33.wav,TTS,200,0.99609375,1
E:\SIH\ira-wakeword\dataset\positive_all\synthetic\synthetic_ryan_33.wav,TTS,300,0.99609375,1
E:\SIH\ira-wakeword\dataset\positive_all\synthetic\synthetic_ryan_33.wav,TTS,400,0.99609375,1
E:\SIH\ira-wakeword\dataset\positive_all\synthetic\synthetic_ryan_33.wav,TTS,500,0.99609375,1
E:\SIH\ira-wakeword\dataset\positive_all\synthetic\synthetic_ryan_33.wav,TTS,600,0.99609375,1
E:\SIH\ira-wakeword\dataset\positive_all\synthetic\synthetic_ryan_38.wav,TTS,0,0.99609375,1
E:\SIH\ira-wakeword\dataset\positive_all\synthetic\synthetic_ryan_38.wav,TTS,100,0.99609375,1
E:\SIH\ira-wakeword\dataset\positive_all\synthetic\synthetic_ryan_38.wav,TTS,200,0.99609375,1
E:\SIH\ira-wakeword\dataset\positive_all\synthetic\synthetic_ryan_38.wav,TTS,300,0.99609375,1
E:\SIH\ira-wakeword\dataset\positive_all\synthetic\synthetic_ryan_38.wav,TTS,400,0.99609375,1
E:\SIH\ira-wakeword\dataset\positive_all\synthetic\synthetic_ryan_38.wav,TTS,500,0.99609375,1
E:\SIH\ira-wakeword\dataset\positive_all\synthetic\synthetic_ryan_38.wav,TTS,600,0.99609375,1
E:\SIH\ira-wakeword\dataset\positive_all\synthetic\synthetic_ryan_41.wav,TTS,0,0.99609375,1
E:\SIH\ira-wakeword\dataset\positive_all\synthetic\synthetic_ryan_41.wav,TTS,100,0.99609375,1
E:\SIH\ira-wakeword\dataset\positive_all\synthetic\synthetic_ryan_41.wav,TTS,200,0.99609375,1
E:\SIH\ira-wakeword\dataset\positive_all\synthetic\synthetic_ryan_41.wav,TTS,300,0.99609375,1
E:\SIH\ira-wakeword\dataset\positive_all\synthetic\synthetic_ryan_41.wav,TTS,400,0.99609375,1
E:\SIH\ira-wakeword\dataset\positive_all\synthetic\synthetic_ryan_41.wav,TTS,500,0.99609375,1
E:\SIH\ira-wakeword\dataset\positive_all\synthetic\synthetic_ryan_41.wav,TTS,600,0.99609375,1
E:\SIH\ira-wakeword\dataset\positive_all\synthetic\synthetic_ryan_52.wav,TTS,0,0.99609375,1
E:\SIH\ira-wakeword\dataset\positive_all\synthetic\synthetic_ryan_52.wav,TTS,100,0.99609375,1
E:\SIH\ira-wakeword\dataset\positive_all\synthetic\synthetic_ryan_52.wav,TTS,200,0.99609375,1
E:\SIH\ira-wakeword\dataset\positive_all\synthetic\synthetic_ryan_52.wav,TTS,300,0.99609375,1
E:\SIH\ira-wakeword\dataset\positive_all\synthetic\synthetic_ryan_52.wav,TTS,400,0.99609375,1
E:\SIH\ira-wakeword\dataset\positive_all\synthetic\synthetic_ryan_52.wav,TTS,500,0.99609375,1
E:\SIH\ira-wakeword\dataset\positive_all\synthetic\synthetic_ryan_52.wav,TTS,600,0.99609375,1
E:\SIH\ira-wakeword\dataset\positive_all\synthetic\synthetic_ryan_60.wav,TTS,0,0.99609375,1
E:\SIH\ira-wakeword\dataset\positive_all\synthetic\synthetic_ryan_60.wav,TTS,100,0.99609375,1
E:\SIH\ira-wakeword\dataset\positive_all\synthetic\synthetic_ryan_60.wav,TTS,200,0.99609375,1
E:\SIH\ira-wakeword\dataset\positive_all\synthetic\synthetic_ryan_60.wav,TTS,300,0.99609375,1
E:\SIH\ira-wakeword\dataset\positive_all\synthetic\synthetic_ryan_60.wav,TTS,400,0.99609375,1
E:\SIH\ira-wakeword\dataset\positive_all\synthetic\synthetic_ryan_60.wav,TTS,500,0.99609375,1
E:\SIH\ira-wakeword\dataset\positive_all\synthetic\synthetic_ryan_60.wav,TTS,600,0.99609375,1
E:\SIH\ira-wakeword\dataset\positive_all\synthetic\synthetic_ryan_67.wav,TTS,0,0.99609375,1
E:\SIH\ira-wakeword\dataset\positive_all\synthetic\synthetic_ryan_67.wav,TTS,100,0.99609375,1
E:\SIH\ira-wakeword\dataset\positive_all\synthetic\synthetic_ryan_67.wav,TTS,200,0.99609375,1
E:\SIH\ira-wakeword\dataset\positive_all\synthetic\synthetic_ryan_67.wav,TTS,300,0.99609375,1
E:\SIH\ira-wakeword\dataset\positive_all\synthetic\synthetic_ryan_67.wav,TTS,400,0.99609375,1
E:\SIH\ira-wakeword\dataset\positive_all\synthetic\synthetic_ryan_67.wav,TTS,500,0.99609375,1
E:\SIH\ira-wakeword\dataset\positive_all\synthetic\synthetic_ryan_67.wav,TTS,600,0.99609375,1
E:\SIH\ira-wakeword\dataset\positive_all\synthetic\synthetic_ryan_73.wav,TTS,0,0.99609375,1
E:\SIH\ira-wakeword\dataset\positive_all\synthetic\synthetic_ryan_73.wav,TTS,100,0.99609375,1
E:\SIH\ira-wakeword\dataset\positive_all\synthetic\synthetic_ryan_73.wav,TTS,200,0.99609375,1
E:\SIH\ira-wakeword\dataset\positive_all\synthetic\synthetic_ryan_73.wav,TTS,300,0.99609375,1
E:\SIH\ira-wakeword\dataset\positive_all\synthetic\synthetic_ryan_73.wav,TTS,400,0.99609375,1
E:\SIH\ira-wakeword\dataset\positive_all\synthetic\synthetic_ryan_73.wav,TTS,500,0.99609375,1
E:\SIH\ira-wakeword\dataset\positive_all\synthetic\synthetic_ryan_73.wav,TTS,600,0.99609375,1
E:\SIH\ira-wakeword\dataset\positive_all\synthetic\synthetic_ryan_76.wav,TTS,0,0.99609375,1
E:\SIH\ira-wakeword\dataset\positive_all\synthetic\synthetic_ryan_76.wav,TTS,100,0.99609375,1
E:\SIH\ira-wakeword\dataset\positive_all\synthetic\synthetic_ryan_76.wav,TTS,200,0.99609375,1
E:\SIH\ira-wakeword\dataset\positive_all\synthetic\synthetic_ryan_76.wav,TTS,300,0.99609375,1
E:\SIH\ira-wakeword\dataset\positive_all\synthetic\synthetic_ryan_76.wav,TTS,400,0.99609375,1
E:\SIH\ira-wakeword\dataset\positive_all\synthetic\synthetic_ryan_76.wav,TTS,500,0.99609375,1
E:\SIH\ira-wakeword\dataset\positive_all\synthetic\synthetic_ryan_76.wav,TTS,600,0.99609375,1
E:\SIH\ira-wakeword\dataset\positive_all\synthetic\synthetic_ryan_97.wav,TTS,0,0.99609375,1
E:\SIH\ira-wakeword\dataset\positive_all\synthetic\synthetic_ryan_97.wav,TTS,100,0.99609375,1
E:\SIH\ira-wakeword\dataset\positive_all\synthetic\synthetic_ryan_97.wav,TTS,200,0.99609375,1
E:\SIH\ira-wakeword\dataset\positive_all\synthetic\synthetic_ryan_97.wav,TTS,300,0.99609375,1
E:\SIH\ira-wakeword\dataset\positive_all\synthetic\synthetic_ryan_97.wav,TTS,400,0.99609375,1
E:\SIH\ira-wakeword\dataset\positive_all\synthetic\synthetic_ryan_97.wav,TTS,500,0.99609375,1
E:\SIH\ira-wakeword\dataset\positive_all\synthetic\synthetic_ryan_97.wav,TTS,600,0.99609375,1
E:\SIH\ira-wakeword\dataset\positive_all\synthetic\synthetic_ryan_fast_10.wav,TTS,0,0.99609375,1
E:\SIH\ira-wakeword\dataset\positive_all\synthetic\synthetic_ryan_fast_10.wav,TTS,100,0.99609375,1
E:\SIH\ira-wakeword\dataset\positive_all\synthetic\synthetic_ryan_fast_10.wav,TTS,200,0.99609375,1
E:\SIH\ira-wakeword\dataset\positive_all\synthetic\synthetic_ryan_fast_10.wav,TTS,300,0.99609375,1
E:\SIH\ira-wakeword\dataset\positive_all\synthetic\synthetic_ryan_fast_10.wav,TTS,400,0.99609375,1
E:\SIH\ira-wakeword\dataset\positive_all\synthetic\synthetic_ryan_fast_10.wav,TTS,500,0.99609375,1
E:\SIH\ira-wakeword\dataset\positive_all\synthetic\synthetic_ryan_fast_10.wav,TTS,600,0.99609375,1
E:\SIH\ira-wakeword\dataset\positive_all\synthetic\synthetic_ryan_fast_33.wav,TTS,0,0.99609375,1
E:\SIH\ira-wakeword\dataset\positive_all\synthetic\synthetic_ryan_fast_33.wav,TTS,100,0.99609375,1
E:\SIH\ira-wakeword\dataset\positive_all\synthetic\synthetic_ryan_fast_33.wav,TTS,200,0.99609375,1
E:\SIH\ira-wakeword\dataset\positive_all\synthetic\synthetic_ryan_fast_33.wav,TTS,300,0.99609375,1
E:\SIH\ira-wakeword\dataset\positive_all\synthetic\synthetic_ryan_fast_33.wav,TTS,400,0.99609375,1
E:\SIH\ira-wakeword\dataset\positive_all\synthetic\synthetic_ryan_fast_33.wav,TTS,500,0.99609375,1
E:\SIH\ira-wakeword\dataset\positive_all\synthetic\synthetic_ryan_fast_33.wav,TTS,600,0.99609375,1
E:\SIH\ira-wakeword\dataset\positive_all\synthetic\synthetic_ryan_fast_37.wav,TTS,0,0.99609375,1
E:\SIH\ira-wakeword\dataset\positive_all\synthetic\synthetic_ryan_fast_37.wav,TTS,100,0.99609375,1
E:\SIH\ira-wakeword\dataset\positive_all\synthetic\synthetic_ryan_fast_37.wav,TTS,200,0.99609375,1
E:\SIH\ira-wakeword\dataset\positive_all\synthetic\synthetic_ryan_fast_37.wav,TTS,300,0.99609375,1
E:\SIH\ira-wakeword\dataset\positive_all\synthetic\synthetic_ryan_fast_37.wav,TTS,400,0.99609375,1
E:\SIH\ira-wakeword\dataset\positive_all\synthetic\synthetic_ryan_fast_37.wav,TTS,500,0.99609375,1
E:\SIH\ira-wakeword\dataset\positive_all\synthetic\synthetic_ryan_fast_37.wav,TTS,600,0.99609375,1
E:\SIH\ira-wakeword\dataset\positive_all\synthetic\synthetic_ryan_fast_4.wav,TTS,0,0.99609375,1
E:\SIH\ira-wakeword\dataset\positive_all\synthetic\synthetic_ryan_fast_4.wav,TTS,100,0.99609375,1
E:\SIH\ira-wakeword\dataset\positive_all\synthetic\synthetic_ryan_fast_4.wav,TTS,200,0.99609375,1
E:\SIH\ira-wakeword\dataset\positive_all\synthetic\synthetic_ryan_fast_4.wav,TTS,300,0.99609375,1
E:\SIH\ira-wakeword\dataset\positive_all\synthetic\synthetic_ryan_fast_4.wav,TTS,400,0.99609375,1
E:\SIH\ira-wakeword\dataset\positive_all\synthetic\synthetic_ryan_fast_4.wav,TTS,500,0.99609375,1
E:\SIH\ira-wakeword\dataset\positive_all\synthetic\synthetic_ryan_fast_4.wav,TTS,600,0.99609375,1
E:\SIH\ira-wakeword\dataset\positive_all\synthetic\synthetic_ryan_fast_6.wav,TTS,0,0.99609375,1
E:\SIH\ira-wakeword\dataset\positive_all\synthetic\synthetic_ryan_fast_6.wav,TTS,100,0.99609375,1
E:\SIH\ira-wakeword\dataset\positive_all\synthetic\synthetic_ryan_fast_6.wav,TTS,200,0.99609375,1
E:\SIH\ira-wakeword\dataset\positive_all\synthetic\synthetic_ryan_fast_6.wav,TTS,300,0.99609375,1
E:\SIH\ira-wakeword\dataset\positive_all\synthetic\synthetic_ryan_fast_6.wav,TTS,400,0.99609375,1
E:\SIH\ira-wakeword\dataset\positive_all\synthetic\synthetic_ryan_fast_6.wav,TTS,500,0.99609375,1
E:\SIH\ira-wakeword\dataset\positive_all\synthetic\synthetic_ryan_fast_6.wav,TTS,600,0.99609375,1
E:\SIH\ira-wakeword\dataset\positive_all\synthetic\synthetic_ryan_normal_0.wav,TTS,0,0.99609375,1
E:\SIH\ira-wakeword\dataset\positive_all\synthetic\synthetic_ryan_normal_0.wav,TTS,100,0.99609375,1
E:\SIH\ira-wakeword\dataset\positive_all\synthetic\synthetic_ryan_normal_0.wav,TTS,200,0.99609375,1
E:\SIH\ira-wakeword\dataset\positive_all\synthetic\synthetic_ryan_normal_0.wav,TTS,300,0.99609375,1
E:\SIH\ira-wakeword\dataset\positive_all\synthetic\synthetic_ryan_normal_0.wav,TTS,400,0.99609375,1
E:\SIH\ira-wakeword\dataset\positive_all\synthetic\synthetic_ryan_normal_0.wav,TTS,500,0.99609375,1
E:\SIH\ira-wakeword\dataset\positive_all\synthetic\synthetic_ryan_normal_0.wav,TTS,600,0.99609375,1
E:\SIH\ira-wakeword\dataset\positive_all\synthetic\synthetic_ryan_normal_101.wav,TTS,0,0.99609375,1
E:\SIH\ira-wakeword\dataset\positive_all\synthetic\synthetic_ryan_normal_101.wav,TTS,100,0.99609375,1
E:\SIH\ira-wakeword\dataset\positive_all\synthetic\synthetic_ryan_normal_101.wav,TTS,200,0.99609375,1
E:\SIH\ira-wakeword\dataset\positive_all\synthetic\synthetic_ryan_normal_101.wav,TTS,300,0.99609375,1
E:\SIH\ira-wakeword\dataset\positive_all\synthetic\synthetic_ryan_normal_101.wav,TTS,400,0.99609375,1
E:\SIH\ira-wakeword\dataset\positive_all\synthetic\synthetic_ryan_normal_101.wav,TTS,500,0.99609375,1
E:\SIH\ira-wakeword\dataset\positive_all\synthetic\synthetic_ryan_normal_101.wav,TTS,600,0.99609375,1
E:\SIH\ira-wakeword\dataset\positive_all\synthetic\synthetic_ryan_normal_109.wav,TTS,0,0.99609375,1
E:\SIH\ira-wakeword\dataset\positive_all\synthetic\synthetic_ryan_normal_109.wav,TTS,100,0.99609375,1
E:\SIH\ira-wakeword\dataset\positive_all\synthetic\synthetic_ryan_normal_109.wav,TTS,200,0.99609375,1
E:\SIH\ira-wakeword\dataset\positive_all\synthetic\synthetic_ryan_normal_109.wav,TTS,300,0.99609375,1
E:\SIH\ira-wakeword\dataset\positive_all\synthetic\synthetic_ryan_normal_109.wav,TTS,400,0.99609375,1
E:\SIH\ira-wakeword\dataset\positive_all\synthetic\synthetic_ryan_normal_109.wav,TTS,500,0.99609375,1
E:\SIH\ira-wakeword\dataset\positive_all\synthetic\synthetic_ryan_normal_109.wav,TTS,600,0.99609375,1
E:\SIH\ira-wakeword\dataset\positive_all\synthetic\synthetic_ryan_normal_114.wav,TTS,0,0.99609375,1
E:\SIH\ira-wakeword\dataset\positive_all\synthetic\synthetic_ryan_normal_114.wav,TTS,100,0.99609375,1
E:\SIH\ira-wakeword\dataset\positive_all\synthetic\synthetic_ryan_normal_114.wav,TTS,200,0.99609375,1
E:\SIH\ira-wakeword\dataset\positive_all\synthetic\synthetic_ryan_normal_114.wav,TTS,300,0.99609375,1
E:\SIH\ira-wakeword\dataset\positive_all\synthetic\synthetic_ryan_normal_114.wav,TTS,400,0.99609375,1
E:\SIH\ira-wakeword\dataset\positive_all\synthetic\synthetic_ryan_normal_114.wav,TTS,500,0.99609375,1
E:\SIH\ira-wakeword\dataset\positive_all\synthetic\synthetic_ryan_normal_114.wav,TTS,600,0.99609375,1
E:\SIH\ira-wakeword\dataset\positive_all\synthetic\synthetic_ryan_normal_18.wav,TTS,0,0.99609375,1
E:\SIH\ira-wakeword\dataset\positive_all\synthetic\synthetic_ryan_normal_18.wav,TTS,100,0.99609375,1
E:\SIH\ira-wakeword\dataset\positive_all\synthetic\synthetic_ryan_normal_18.wav,TTS,200,0.99609375,1
E:\SIH\ira-wakeword\dataset\positive_all\synthetic\synthetic_ryan_normal_18.wav,TTS,300,0.99609375,1
E:\SIH\ira-wakeword\dataset\positive_all\synthetic\synthetic_ryan_normal_18.wav,TTS,400,0.99609375,1
E:\SIH\ira-wakeword\dataset\positive_all\synthetic\synthetic_ryan_normal_18.wav,TTS,500,0.99609375,1
E:\SIH\ira-wakeword\dataset\positive_all\synthetic\synthetic_ryan_normal_18.wav,TTS,600,0.99609375,1
E:\SIH\ira-wakeword\dataset\positive_all\synthetic\synthetic_ryan_normal_29.wav,TTS,0,0.99609375,1
E:\SIH\ira-wakeword\dataset\positive_all\synthetic\synthetic_ryan_normal_29.wav,TTS,100,0.99609375,1
E:\SIH\ira-wakeword\dataset\positive_all\synthetic\synthetic_ryan_normal_29.wav,TTS,200,0.99609375,1
E:\SIH\ira-wakeword\dataset\positive_all\synthetic\synthetic_ryan_normal_29.wav,TTS,300,0.99609375,1
E:\SIH\ira-wakeword\dataset\positive_all\synthetic\synthetic_ryan_normal_29.wav,TTS,400,0.99609375,1
E:\SIH\ira-wakeword\dataset\positive_all\synthetic\synthetic_ryan_normal_29.wav,TTS,500,0.99609375,1
E:\SIH\ira-wakeword\dataset\positive_all\synthetic\synthetic_ryan_normal_29.wav,TTS,600,0.99609375,1
E:\SIH\ira-wakeword\dataset\positive_all\synthetic\synthetic_ryan_normal_32.wav,TTS,0,0.99609375,1
E:\SIH\ira-wakeword\dataset\positive_all\synthetic\synthetic_ryan_normal_32.wav,TTS,100,0.99609375,1
E:\SIH\ira-wakeword\dataset\positive_all\synthetic\synthetic_ryan_normal_32.wav,TTS,200,0.99609375,1
E:\SIH\ira-wakeword\dataset\positive_all\synthetic\synthetic_ryan_normal_32.wav,TTS,300,0.99609375,1
E:\SIH\ira-wakeword\dataset\positive_all\synthetic\synthetic_ryan_normal_32.wav,TTS,400,0.99609375,1
E:\SIH\ira-wakeword\dataset\positive_all\synthetic\synthetic_ryan_normal_32.wav,TTS,500,0.99609375,1
E:\SIH\ira-wakeword\dataset\positive_all\synthetic\synthetic_ryan_normal_32.wav,TTS,600,0.99609375,1
E:\SIH\ira-wakeword\dataset\positive_all\synthetic\synthetic_ryan_normal_38.wav,TTS,0,0.99609375,1
E:\SIH\ira-wakeword\dataset\positive_all\synthetic\synthetic_ryan_normal_38.wav,TTS,100,0.99609375,1
E:\SIH\ira-wakeword\dataset\positive_all\synthetic\synthetic_ryan_normal_38.wav,TTS,200,0.99609375,1
E:\SIH\ira-wakeword\dataset\positive_all\synthetic\synthetic_ryan_normal_38.wav,TTS,300,0.99609375,1
E:\SIH\ira-wakeword\dataset\positive_all\synthetic\synthetic_ryan_normal_38.wav,TTS,400,0.99609375,1
E:\SIH\ira-wakeword\dataset\positive_all\synthetic\synthetic_ryan_normal_38.wav,TTS,500,0.99609375,1
E:\SIH\ira-wakeword\dataset\positive_all\synthetic\synthetic_ryan_normal_38.wav,TTS,600,0.99609375,1
E:\SIH\ira-wakeword\dataset\positive_all\synthetic\synthetic_ryan_normal_44.wav,TTS,0,0.99609375,1
E:\SIH\ira-wakeword\dataset\positive_all\synthetic\synthetic_ryan_normal_44.wav,TTS,100,0.99609375,1
E:\SIH\ira-wakeword\dataset\positive_all\synthetic\synthetic_ryan_normal_44.wav,TTS,200,0.99609375,1
E:\SIH\ira-wakeword\dataset\positive_all\synthetic\synthetic_ryan_normal_44.wav,TTS,300,0.99609375,1
E:\SIH\ira-wakeword\dataset\positive_all\synthetic\synthetic_ryan_normal_44.wav,TTS,400,0.99609375,1
E:\SIH\ira-wakeword\dataset\positive_all\synthetic\synthetic_ryan_normal_44.wav,TTS,500,0.99609375,1
E:\SIH\ira-wakeword\dataset\positive_all\synthetic\synthetic_ryan_normal_44.wav,TTS,600,0.99609375,1
E:\SIH\ira-wakeword\dataset\positive_all\synthetic\synthetic_ryan_normal_47.wav,TTS,0,0.99609375,1
E:\SIH\ira-wakeword\dataset\positive_all\synthetic\synthetic_ryan_normal_47.wav,TTS,100,0.99609375,1
E:\SIH\ira-wakeword\dataset\positive_all\synthetic\synthetic_ryan_normal_47.wav,TTS,200,0.99609375,1
E:\SIH\ira-wakeword\dataset\positive_all\synthetic\synthetic_ryan_normal_47.wav,TTS,300,0.99609375,1
E:\SIH\ira-wakeword\dataset\positive_all\synthetic\synthetic_ryan_normal_47.wav,TTS,400,0.99609375,1
E:\SIH\ira-wakeword\dataset\positive_all\synthetic\synthetic_ryan_normal_47.wav,TTS,500,0.99609375,1
E:\SIH\ira-wakeword\dataset\positive_all\synthetic\synthetic_ryan_normal_47.wav,TTS,600,0.99609375,1
E:\SIH\ira-wakeword\dataset\positive_all\synthetic\synthetic_ryan_normal_72.wav,TTS,0,0.99609375,1
E:\SIH\ira-wakeword\dataset\positive_all\synthetic\synthetic_ryan_normal_72.wav,TTS,100,0.99609375,1
E:\SIH\ira-wakeword\dataset\positive_all\synthetic\synthetic_ryan_normal_72.wav,TTS,200,0.99609375,1
E:\SIH\ira-wakeword\dataset\positive_all\synthetic\synthetic_ryan_normal_72.wav,TTS,300,0.99609375,1
E:\SIH\ira-wakeword\dataset\positive_all\synthetic\synthetic_ryan_normal_72.wav,TTS,400,0.99609375,1
E:\SIH\ira-wakeword\dataset\positive_all\synthetic\synthetic_ryan_normal_72.wav,TTS,500,0.99609375,1
E:\SIH\ira-wakeword\dataset\positive_all\synthetic\synthetic_ryan_normal_72.wav,TTS,600,0.99609375,1
E:\SIH\ira-wakeword\dataset\positive_all\synthetic\synthetic_ryan_normal_9.wav,TTS,0,0.99609375,1
E:\SIH\ira-wakeword\dataset\positive_all\synthetic\synthetic_ryan_normal_9.wav,TTS,100,0.99609375,1
E:\SIH\ira-wakeword\dataset\positive_all\synthetic\synthetic_ryan_normal_9.wav,TTS,200,0.99609375,1
E:\SIH\ira-wakeword\dataset\positive_all\synthetic\synthetic_ryan_normal_9.wav,TTS,300,0.99609375,1
E:\SIH\ira-wakeword\dataset\positive_all\synthetic\synthetic_ryan_normal_9.wav,TTS,400,0.99609375,1
E:\SIH\ira-wakeword\dataset\positive_all\synthetic\synthetic_ryan_normal_9.wav,TTS,500,0.99609375,1
E:\SIH\ira-wakeword\dataset\positive_all\synthetic\synthetic_ryan_normal_9.wav,TTS,600,0.99609375,1
E:\SIH\ira-wakeword\dataset\positive_all\synthetic\synthetic_ryan_slow_19.wav,TTS,0,0.99609375,1
E:\SIH\ira-wakeword\dataset\positive_all\synthetic\synthetic_ryan_slow_19.wav,TTS,100,0.99609375,1
E:\SIH\ira-wakeword\dataset\positive_all\synthetic\synthetic_ryan_slow_19.wav,TTS,200,0.99609375,1
E:\SIH\ira-wakeword\dataset\positive_all\synthetic\synthetic_ryan_slow_19.wav,TTS,300,0.99609375,1
E:\SIH\ira-wakeword\dataset\positive_all\synthetic\synthetic_ryan_slow_19.wav,TTS,400,0.99609375,1
E:\SIH\ira-wakeword\dataset\positive_all\synthetic\synthetic_ryan_slow_19.wav,TTS,500,0.99609375,1
E:\SIH\ira-wakeword\dataset\positive_all\synthetic\synthetic_ryan_slow_19.wav,TTS,600,0.99609375,1
E:\SIH\ira-wakeword\dataset\positive_all\synthetic\synthetic_ryan_slow_22.wav,TTS,0,0.99609375,1
E:\SIH\ira-wakeword\dataset\positive_all\synthetic\synthetic_ryan_slow_22.wav,TTS,100,0.99609375,1
E:\SIH\ira-wakeword\dataset\positive_all\synthetic\synthetic_ryan_slow_22.wav,TTS,200,0.99609375,1
E:\SIH\ira-wakeword\dataset\positive_all\synthetic\synthetic_ryan_slow_22.wav,TTS,300,0.99609375,1
E:\SIH\ira-wakeword\dataset\positive_all\synthetic\synthetic_ryan_slow_22.wav,TTS,400,0.99609375,1
E:\SIH\ira-wakeword\dataset\positive_all\synthetic\synthetic_ryan_slow_22.wav,TTS,500,0.99609375,1
E:\SIH\ira-wakeword\dataset\positive_all\synthetic\synthetic_ryan_slow_22.wav,TTS,600,0.99609375,1
E:\SIH\ira-wakeword\dataset\positive_all\synthetic\synthetic_ryan_slow_25.wav,TTS,0,0.99609375,1
E:\SIH\ira-wakeword\dataset\positive_all\synthetic\synthetic_ryan_slow_25.wav,TTS,100,0.99609375,1
E:\SIH\ira-wakeword\dataset\positive_all\synthetic\synthetic_ryan_slow_25.wav,TTS,200,0.99609375,1
E:\SIH\ira-wakeword\dataset\positive_all\synthetic\synthetic_ryan_slow_25.wav,TTS,300,0.99609375,1
E:\SIH\ira-wakeword\dataset\positive_all\synthetic\synthetic_ryan_slow_25.wav,TTS,400,0.99609375,1
E:\SIH\ira-wakeword\dataset\positive_all\synthetic\synthetic_ryan_slow_25.wav,TTS,500,0.99609375,1
E:\SIH\ira-wakeword\dataset\positive_all\synthetic\synthetic_ryan_slow_25.wav,TTS,600,0.99609375,1
E:\SIH\ira-wakeword\dataset\positive_all\synthetic\synthetic_ryan_slow_27.wav,TTS,0,0.99609375,1
E:\SIH\ira-wakeword\dataset\positive_all\synthetic\synthetic_ryan_slow_27.wav,TTS,100,0.99609375,1
E:\SIH\ira-wakeword\dataset\positive_all\synthetic\synthetic_ryan_slow_27.wav,TTS,200,0.99609375,1
E:\SIH\ira-wakeword\dataset\positive_all\synthetic\synthetic_ryan_slow_27.wav,TTS,300,0.99609375,1
E:\SIH\ira-wakeword\dataset\positive_all\synthetic\synthetic_ryan_slow_27.wav,TTS,400,0.99609375,1
E:\SIH\ira-wakeword\dataset\positive_all\synthetic\synthetic_ryan_slow_27.wav,TTS,500,0.99609375,1
E:\SIH\ira-wakeword\dataset\positive_all\synthetic\synthetic_ryan_slow_27.wav,TTS,600,0.99609375,1
E:\SIH\ira-wakeword\dataset\positive_all\synthetic\synthetic_test_3.wav,TTS,0,0.99609375,1
E:\SIH\ira-wakeword\dataset\positive_all\synthetic\synthetic_test_3.wav,TTS,100,0.99609375,1
E:\SIH\ira-wakeword\dataset\positive_all\synthetic\synthetic_test_3.wav,TTS,200,0.99609375,1
E:\SIH\ira-wakeword\dataset\positive_all\synthetic\synthetic_test_3.wav,TTS,300,0.99609375,1
E:\SIH\ira-wakeword\dataset\positive_all\synthetic\synthetic_test_3.wav,TTS,400,0.99609375,1
E:\SIH\ira-wakeword\dataset\positive_all\synthetic\synthetic_test_3.wav,TTS,500,0.99609375,1
E:\SIH\ira-wakeword\dataset\positive_all\synthetic\synthetic_test_8.wav,TTS,0,0.99609375,1
E:\SIH\ira-wakeword\dataset\positive_all\synthetic\synthetic_test_8.wav,TTS,100,0.99609375,1
E:\SIH\ira-wakeword\dataset\positive_all\synthetic\synthetic_test_8.wav,TTS,200,0.99609375,1
E:\SIH\ira-wakeword\dataset\positive_all\synthetic\synthetic_test_8.wav,TTS,300,0.99609375,1
E:\SIH\ira-wakeword\dataset\positive_all\synthetic\synthetic_test_8.wav,TTS,400,0.99609375,1
E:\SIH\ira-wakeword\dataset\positive_all\synthetic\synthetic_test_8.wav,TTS,500,0.99609375,1
E:\SIH\ira-wakeword\dataset\positive_all\piper_batch_A\1006.wav,TTS,0,0.99609375,1
E:\SIH\ira-wakeword\dataset\positive_all\piper_batch_A\1006.wav,TTS,100,0.99609375,1
E:\SIH\ira-wakeword\dataset\positive_all\piper_batch_A\1006.wav,TTS,200,0.99609375,1
E:\SIH\ira-wakeword\dataset\positive_all\piper_batch_A\1006.wav,TTS,300,0.99609375,1
E:\SIH\ira-wakeword\dataset\positive_all\piper_batch_A\1006.wav,TTS,400,0.99609375,1
E:\SIH\ira-wakeword\dataset\positive_all\piper_batch_A\1006.wav,TTS,500,0.99609375,1
E:\SIH\ira-wakeword\dataset\positive_all\piper_batch_A\1013.wav,TTS,0,0.99609375,1
E:\SIH\ira-wakeword\dataset\positive_all\piper_batch_A\1013.wav,TTS,100,0.99609375,1
E:\SIH\ira-wakeword\dataset\positive_all\piper_batch_A\1013.wav,TTS,200,0.99609375,1
E:\SIH\ira-wakeword\dataset\positive_all\piper_batch_A\1013.wav,TTS,300,0.99609375,1
E:\SIH\ira-wakeword\dataset\positive_all\piper_batch_A\1013.wav,TTS,400,0.99609375,1
E:\SIH\ira-wakeword\dataset\positive_all\piper_batch_A\1013.wav,TTS,500,0.99609375,1
E:\SIH\ira-wakeword\dataset\positive_all\piper_batch_A\1031.wav,TTS,0,0.99609375,1
E:\SIH\ira-wakeword\dataset\positive_all\piper_batch_A\1031.wav,TTS,100,0.99609375,1
E:\SIH\ira-wakeword\dataset\positive_all\piper_batch_A\1031.wav,TTS,200,0.99609375,1
E:\SIH\ira-wakeword\dataset\positive_all\piper_batch_A\1031.wav,TTS,300,0.99609375,1
E:\SIH\ira-wakeword\dataset\positive_all\piper_batch_A\1031.wav,TTS,400,0.99609375,1
E:\SIH\ira-wakeword\dataset\positive_all\piper_batch_A\1031.wav,TTS,500,0.99609375,1
E:\SIH\ira-wakeword\dataset\positive_all\piper_batch_A\1064.wav,TTS,0,0.99609375,1
E:\SIH\ira-wakeword\dataset\positive_all\piper_batch_A\1064.wav,TTS,100,0.99609375,1
E:\SIH\ira-wakeword\dataset\positive_all\piper_batch_A\1064.wav,TTS,200,0.99609375,1
E:\SIH\ira-wakeword\dataset\positive_all\piper_batch_A\1064.wav,TTS,300,0.99609375,1
E:\SIH\ira-wakeword\dataset\positive_all\piper_batch_A\1064.wav,TTS,400,0.99609375,1
E:\SIH\ira-wakeword\dataset\positive_all\piper_batch_A\1064.wav,TTS,500,0.99609375,1
E:\SIH\ira-wakeword\dataset\positive_all\piper_batch_A\1066.wav,TTS,0,0.99609375,1
E:\SIH\ira-wakeword\dataset\positive_all\piper_batch_A\1066.wav,TTS,100,0.99609375,1
E:\SIH\ira-wakeword\dataset\positive_all\piper_batch_A\1066.wav,TTS,200,0.99609375,1
E:\SIH\ira-wakeword\dataset\positive_all\piper_batch_A\1066.wav,TTS,300,0.99609375,1
E:\SIH\ira-wakeword\dataset\positive_all\piper_batch_A\1066.wav,TTS,400,0.99609375,1
E:\SIH\ira-wakeword\dataset\positive_all\piper_batch_A\1066.wav,TTS,500,0.99609375,1
E:\SIH\ira-wakeword\dataset\positive_all\piper_batch_A\1075.wav,TTS,0,0.99609375,1
E:\SIH\ira-wakeword\dataset\positive_all\piper_batch_A\1075.wav,TTS,100,0.99609375,1
E:\SIH\ira-wakeword\dataset\positive_all\piper_batch_A\1075.wav,TTS,200,0.99609375,1
E:\SIH\ira-wakeword\dataset\positive_all\piper_batch_A\1075.wav,TTS,300,0.99609375,1
E:\SIH\ira-wakeword\dataset\positive_all\piper_batch_A\1075.wav,TTS,400,0.99609375,1
E:\SIH\ira-wakeword\dataset\positive_all\piper_batch_A\1075.wav,TTS,500,0.99609375,1
E:\SIH\ira-wakeword\dataset\positive_all\piper_batch_A\1090.wav,TTS,0,0.99609375,1
E:\SIH\ira-wakeword\dataset\positive_all\piper_batch_A\1090.wav,TTS,100,0.99609375,1
E:\SIH\ira-wakeword\dataset\positive_all\piper_batch_A\1090.wav,TTS,200,0.99609375,1
E:\SIH\ira-wakeword\dataset\positive_all\piper_batch_A\1090.wav,TTS,300,0.99609375,1
E:\SIH\ira-wakeword\dataset\positive_all\piper_batch_A\1090.wav,TTS,400,0.99609375,1
E:\SIH\ira-wakeword\dataset\positive_all\piper_batch_A\1094.wav,TTS,0,0.99609375,1
E:\SIH\ira-wakeword\dataset\positive_all\piper_batch_A\1094.wav,TTS,100,0.99609375,1
E:\SIH\ira-wakeword\dataset\positive_all\piper_batch_A\1094.wav,TTS,200,0.99609375,1
E:\SIH\ira-wakeword\dataset\positive_all\piper_batch_A\1094.wav,TTS,300,0.99609375,1
E:\SIH\ira-wakeword\dataset\positive_all\piper_batch_A\1094.wav,TTS,400,0.99609375,1
E:\SIH\ira-wakeword\dataset\positive_all\piper_batch_A\1094.wav,TTS,500,0.99609375,1
E:\SIH\ira-wakeword\dataset\positive_all\piper_batch_A\1094.wav,TTS,600,0.99609375,1
E:\SIH\ira-wakeword\dataset\positive_all\piper_batch_A\1106.wav,TTS,0,0.99609375,1
E:\SIH\ira-wakeword\dataset\positive_all\piper_batch_A\1106.wav,TTS,100,0.99609375,1
E:\SIH\ira-wakeword\dataset\positive_all\piper_batch_A\1106.wav,TTS,200,0.99609375,1
E:\SIH\ira-wakeword\dataset\positive_all\piper_batch_A\1106.wav,TTS,300,0.99609375,1
E:\SIH\ira-wakeword\dataset\positive_all\piper_batch_A\1106.wav,TTS,400,0.99609375,1
E:\SIH\ira-wakeword\dataset\positive_all\piper_batch_A\1106.wav,TTS,500,0.99609375,1
E:\SIH\ira-wakeword\dataset\positive_all\piper_batch_A\1111.wav,TTS,0,0.99609375,1
E:\SIH\ira-wakeword\dataset\positive_all\piper_batch_A\1111.wav,TTS,100,0.99609375,1
E:\SIH\ira-wakeword\dataset\positive_all\piper_batch_A\1111.wav,TTS,200,0.99609375,1
E:\SIH\ira-wakeword\dataset\positive_all\piper_batch_A\1111.wav,TTS,300,0.99609375,1
E:\SIH\ira-wakeword\dataset\positive_all\piper_batch_A\1111.wav,TTS,400,0.99609375,1
E:\SIH\ira-wakeword\dataset\positive_all\piper_batch_A\1111.wav,TTS,500,0.99609375,1
E:\SIH\ira-wakeword\dataset\positive_all\piper_batch_A\1142.wav,TTS,0,0.99609375,1
E:\SIH\ira-wakeword\dataset\positive_all\piper_batch_A\1142.wav,TTS,100,0.99609375,1
E:\SIH\ira-wakeword\dataset\positive_all\piper_batch_A\1142.wav,TTS,200,0.99609375,1
E:\SIH\ira-wakeword\dataset\positive_all\piper_batch_A\1142.wav,TTS,300,0.99609375,1
E:\SIH\ira-wakeword\dataset\positive_all\piper_batch_A\1142.wav,TTS,400,0.99609375,1
E:\SIH\ira-wakeword\dataset\positive_all\piper_batch_A\1142.wav,TTS,500,0.99609375,1
E:\SIH\ira-wakeword\dataset\positive_all\piper_batch_A\1142.wav,TTS,600,0.99609375,1
E:\SIH\ira-wakeword\dataset\positive_all\piper_batch_A\1162.wav,TTS,0,0.99609375,1
E:\SIH\ira-wakeword\dataset\positive_all\piper_batch_A\1162.wav,TTS,100,0.99609375,1
E:\SIH\ira-wakeword\dataset\positive_all\piper_batch_A\1162.wav,TTS,200,0.99609375,1
E:\SIH\ira-wakeword\dataset\positive_all\piper_batch_A\1162.wav,TTS,300,0.99609375,1
E:\SIH\ira-wakeword\dataset\positive_all\piper_batch_A\1162.wav,TTS,400,0.99609375,1
E:\SIH\ira-wakeword\dataset\positive_all\piper_batch_A\1162.wav,TTS,500,0.99609375,1
E:\SIH\ira-wakeword\dataset\positive_all\piper_batch_A\1182.wav,TTS,0,0.99609375,1
E:\SIH\ira-wakeword\dataset\positive_all\piper_batch_A\1182.wav,TTS,100,0.99609375,1
E:\SIH\ira-wakeword\dataset\positive_all\piper_batch_A\1182.wav,TTS,200,0.99609375,1
E:\SIH\ira-wakeword\dataset\positive_all\piper_batch_A\1182.wav,TTS,300,0.99609375,1
E:\SIH\ira-wakeword\dataset\positive_all\piper_batch_A\1182.wav,TTS,400,0.99609375,1
E:\SIH\ira-wakeword\dataset\positive_all\piper_batch_A\1182.wav,TTS,500,0.99609375,1
E:\SIH\ira-wakeword\dataset\positive_all\piper_batch_A\1182.wav,TTS,600,0.99609375,1
E:\SIH\ira-wakeword\dataset\positive_all\piper_batch_A\1195.wav,TTS,0,0.99609375,1
E:\SIH\ira-wakeword\dataset\positive_all\piper_batch_A\1195.wav,TTS,100,0.99609375,1
E:\SIH\ira-wakeword\dataset\positive_all\piper_batch_A\1195.wav,TTS,200,0.99609375,1
E:\SIH\ira-wakeword\dataset\positive_all\piper_batch_A\1195.wav,TTS,300,0.99609375,1
E:\SIH\ira-wakeword\dataset\positive_all\piper_batch_A\1195.wav,TTS,400,0.99609375,1
E:\SIH\ira-wakeword\dataset\positive_all\piper_batch_A\1195.wav,TTS,500,0.99609375,1
E:\SIH\ira-wakeword\dataset\positive_all\piper_batch_A\1199.wav,TTS,0,0.99609375,1
E:\SIH\ira-wakeword\dataset\positive_all\piper_batch_A\1199.wav,TTS,100,0.99609375,1
E:\SIH\ira-wakeword\dataset\positive_all\piper_batch_A\1199.wav,TTS,200,0.99609375,1
E:\SIH\ira-wakeword\dataset\positive_all\piper_batch_A\1199.wav,TTS,300,0.99609375,1
E:\SIH\ira-wakeword\dataset\positive_all\piper_batch_A\1199.wav,TTS,400,0.99609375,1
E:\SIH\ira-wakeword\dataset\positive_all\piper_batch_A\1199.wav,TTS,500,0.99609375,1
E:\SIH\ira-wakeword\dataset\positive_all\piper_batch_A\1199.wav,TTS,600,0.99609375,1
E:\SIH\ira-wakeword\dataset\positive_all\piper_batch_A\1204.wav,TTS,0,0.99609375,1
E:\SIH\ira-wakeword\dataset\positive_all\piper_batch_A\1204.wav,TTS,100,0.99609375,1
E:\SIH\ira-wakeword\dataset\positive_all\piper_batch_A\1204.wav,TTS,200,0.99609375,1
E:\SIH\ira-wakeword\dataset\positive_all\piper_batch_A\1204.wav,TTS,300,0.99609375,1
E:\SIH\ira-wakeword\dataset\positive_all\piper_batch_A\1204.wav,TTS,400,0.99609375,1
E:\SIH\ira-wakeword\dataset\positive_all\piper_batch_A\1204.wav,TTS,500,0.99609375,1
E:\SIH\ira-wakeword\dataset\positive_all\piper_batch_A\1204.wav,TTS,600,0.99609375,1
E:\SIH\ira-wakeword\dataset\positive_all\piper_batch_A\1221.wav,TTS,0,0.99609375,1
E:\SIH\ira-wakeword\dataset\positive_all\piper_batch_A\1221.wav,TTS,100,0.99609375,1
E:\SIH\ira-wakeword\dataset\positive_all\piper_batch_A\1221.wav,TTS,200,0.99609375,1
E:\SIH\ira-wakeword\dataset\positive_all\piper_batch_A\1221.wav,TTS,300,0.99609375,1
E:\SIH\ira-wakeword\dataset\positive_all\piper_batch_A\1221.wav,TTS,400,0.99609375,1
E:\SIH\ira-wakeword\dataset\positive_all\piper_batch_A\1221.wav,TTS,500,0.99609375,1
E:\SIH\ira-wakeword\dataset\positive_all\piper_batch_A\1221.wav,TTS,600,0.99609375,1
E:\SIH\ira-wakeword\dataset\positive_all\piper_batch_A\1244.wav,TTS,0,0.99609375,1
E:\SIH\ira-wakeword\dataset\positive_all\piper_batch_A\1244.wav,TTS,100,0.99609375,1
E:\SIH\ira-wakeword\dataset\positive_all\piper_batch_A\1244.wav,TTS,200,0.99609375,1
E:\SIH\ira-wakeword\dataset\positive_all\piper_batch_A\1244.wav,TTS,300,0.99609375,1
E:\SIH\ira-wakeword\dataset\positive_all\piper_batch_A\1244.wav,TTS,400,0.99609375,1
E:\SIH\ira-wakeword\dataset\positive_all\piper_batch_A\1244.wav,TTS,500,0.99609375,1
E:\SIH\ira-wakeword\dataset\positive_all\piper_batch_A\1250.wav,TTS,0,0.99609375,1
E:\SIH\ira-wakeword\dataset\positive_all\piper_batch_A\1250.wav,TTS,100,0.99609375,1
E:\SIH\ira-wakeword\dataset\positive_all\piper_batch_A\1250.wav,TTS,200,0.99609375,1
E:\SIH\ira-wakeword\dataset\positive_all\piper_batch_A\1250.wav,TTS,300,0.99609375,1
E:\SIH\ira-wakeword\dataset\positive_all\piper_batch_A\1250.wav,TTS,400,0.99609375,1
E:\SIH\ira-wakeword\dataset\positive_all\piper_batch_A\1250.wav,TTS,500,0.99609375,1
E:\SIH\ira-wakeword\dataset\positive_all\piper_batch_A\1251.wav,TTS,0,0.99609375,1
E:\SIH\ira-wakeword\dataset\positive_all\piper_batch_A\1251.wav,TTS,100,0.99609375,1
E:\SIH\ira-wakeword\dataset\positive_all\piper_batch_A\1251.wav,TTS,200,0.99609375,1
E:\SIH\ira-wakeword\dataset\positive_all\piper_batch_A\1251.wav,TTS,300,0.99609375,1
E:\SIH\ira-wakeword\dataset\positive_all\piper_batch_A\1251.wav,TTS,400,0.99609375,1
E:\SIH\ira-wakeword\dataset\positive_all\piper_batch_A\1251.wav,TTS,500,0.99609375,1
E:\SIH\ira-wakeword\dataset\positive_all\piper_batch_A\1267.wav,TTS,0,0.99609375,1
E:\SIH\ira-wakeword\dataset\positive_all\piper_batch_A\1267.wav,TTS,100,0.99609375,1
E:\SIH\ira-wakeword\dataset\positive_all\piper_batch_A\1267.wav,TTS,200,0.99609375,1
E:\SIH\ira-wakeword\dataset\positive_all\piper_batch_A\1267.wav,TTS,300,0.99609375,1
E:\SIH\ira-wakeword\dataset\positive_all\piper_batch_A\1267.wav,TTS,400,0.99609375,1
E:\SIH\ira-wakeword\dataset\positive_all\piper_batch_A\1267.wav,TTS,500,0.99609375,1
E:\SIH\ira-wakeword\dataset\positive_all\piper_batch_A\1277.wav,TTS,0,0.99609375,1
E:\SIH\ira-wakeword\dataset\positive_all\piper_batch_A\1277.wav,TTS,100,0.99609375,1
E:\SIH\ira-wakeword\dataset\positive_all\piper_batch_A\1277.wav,TTS,200,0.99609375,1
E:\SIH\ira-wakeword\dataset\positive_all\piper_batch_A\1277.wav,TTS,300,0.99609375,1
E:\SIH\ira-wakeword\dataset\positive_all\piper_batch_A\1277.wav,TTS,400,0.99609375,1
E:\SIH\ira-wakeword\dataset\positive_all\piper_batch_A\1277.wav,TTS,500,0.99609375,1
E:\SIH\ira-wakeword\dataset\positive_all\piper_batch_A\1277.wav,TTS,600,0.99609375,1
E:\SIH\ira-wakeword\dataset\positive_all\piper_batch_A\1289.wav,TTS,0,0.99609375,1
E:\SIH\ira-wakeword\dataset\positive_all\piper_batch_A\1289.wav,TTS,100,0.99609375,1
E:\SIH\ira-wakeword\dataset\positive_all\piper_batch_A\1289.wav,TTS,200,0.99609375,1
E:\SIH\ira-wakeword\dataset\positive_all\piper_batch_A\1289.wav,TTS,300,0.99609375,1
E:\SIH\ira-wakeword\dataset\positive_all\piper_batch_A\1289.wav,TTS,400,0.99609375,1
E:\SIH\ira-wakeword\dataset\positive_all\piper_batch_A\1289.wav,TTS,500,0.99609375,1
E:\SIH\ira-wakeword\dataset\positive_all\piper_batch_A\1289.wav,TTS,600,0.99609375,1
E:\SIH\ira-wakeword\dataset\positive_all\piper_batch_A\1297.wav,TTS,0,0.99609375,1
E:\SIH\ira-wakeword\dataset\positive_all\piper_batch_A\1297.wav,TTS,100,0.99609375,1
E:\SIH\ira-wakeword\dataset\positive_all\piper_batch_A\1297.wav,TTS,200,0.99609375,1
E:\SIH\ira-wakeword\dataset\positive_all\piper_batch_A\1297.wav,TTS,300,0.99609375,1
E:\SIH\ira-wakeword\dataset\positive_all\piper_batch_A\1297.wav,TTS,400,0.99609375,1
E:\SIH\ira-wakeword\dataset\positive_all\piper_batch_A\1297.wav,TTS,500,0.99609375,1
E:\SIH\ira-wakeword\dataset\positive_all\piper_batch_A\1297.wav,TTS,600,0.99609375,1
E:\SIH\ira-wakeword\dataset\positive_all\piper_batch_A\1316.wav,TTS,0,0.99609375,1
E:\SIH\ira-wakeword\dataset\positive_all\piper_batch_A\1316.wav,TTS,100,0.99609375,1
E:\SIH\ira-wakeword\dataset\positive_all\piper_batch_A\1316.wav,TTS,200,0.99609375,1
E:\SIH\ira-wakeword\dataset\positive_all\piper_batch_A\1316.wav,TTS,300,0.99609375,1
E:\SIH\ira-wakeword\dataset\positive_all\piper_batch_A\1316.wav,TTS,400,0.99609375,1
E:\SIH\ira-wakeword\dataset\positive_all\piper_batch_A\1316.wav,TTS,500,0.99609375,1
E:\SIH\ira-wakeword\dataset\positive_all\piper_batch_A\1316.wav,TTS,600,0.99609375,1
E:\SIH\ira-wakeword\dataset\positive_all\piper_batch_A\132.wav,TTS,0,0.99609375,1
E:\SIH\ira-wakeword\dataset\positive_all\piper_batch_A\132.wav,TTS,100,0.99609375,1
E:\SIH\ira-wakeword\dataset\positive_all\piper_batch_A\132.wav,TTS,200,0.99609375,1
E:\SIH\ira-wakeword\dataset\positive_all\piper_batch_A\132.wav,TTS,300,0.99609375,1
E:\SIH\ira-wakeword\dataset\positive_all\piper_batch_A\132.wav,TTS,400,0.99609375,1
E:\SIH\ira-wakeword\dataset\positive_all\piper_batch_A\132.wav,TTS,500,0.99609375,1
E:\SIH\ira-wakeword\dataset\positive_all\piper_batch_A\132.wav,TTS,600,0.99609375,1
E:\SIH\ira-wakeword\dataset\positive_all\piper_batch_A\1321.wav,TTS,0,0.99609375,1
E:\SIH\ira-wakeword\dataset\positive_all\piper_batch_A\1321.wav,TTS,100,0.99609375,1
E:\SIH\ira-wakeword\dataset\positive_all\piper_batch_A\1321.wav,TTS,200,0.99609375,1
E:\SIH\ira-wakeword\dataset\positive_all\piper_batch_A\1321.wav,TTS,300,0.99609375,1
E:\SIH\ira-wakeword\dataset\positive_all\piper_batch_A\1321.wav,TTS,400,0.99609375,1
E:\SIH\ira-wakeword\dataset\positive_all\piper_batch_A\1340.wav,TTS,0,0.99609375,1
E:\SIH\ira-wakeword\dataset\positive_all\piper_batch_A\1340.wav,TTS,100,0.99609375,1
E:\SIH\ira-wakeword\dataset\positive_all\piper_batch_A\1340.wav,TTS,200,0.99609375,1
E:\SIH\ira-wakeword\dataset\positive_all\piper_batch_A\1340.wav,TTS,300,0.99609375,1
E:\SIH\ira-wakeword\dataset\positive_all\piper_batch_A\1340.wav,TTS,400,0.99609375,1
E:\SIH\ira-wakeword\dataset\positive_all\piper_batch_A\1340.wav,TTS,500,0.99609375,1
E:\SIH\ira-wakeword\dataset\positive_all\piper_batch_A\1340.wav,TTS,600,0.99609375,1
E:\SIH\ira-wakeword\dataset\positive_all\piper_batch_A\1349.wav,TTS,0,0.99609375,1
E:\SIH\ira-wakeword\dataset\positive_all\piper_batch_A\1349.wav,TTS,100,0.99609375,1
E:\SIH\ira-wakeword\dataset\positive_all\piper_batch_A\1349.wav,TTS,200,0.99609375,1
E:\SIH\ira-wakeword\dataset\positive_all\piper_batch_A\1349.wav,TTS,300,0.99609375,1
E:\SIH\ira-wakeword\dataset\positive_all\piper_batch_A\1349.wav,TTS,400,0.99609375,1
E:\SIH\ira-wakeword\dataset\positive_all\piper_batch_A\1349.wav,TTS,500,0.99609375,1
E:\SIH\ira-wakeword\dataset\positive_all\piper_batch_A\1349.wav,TTS,600,0.99609375,1
E:\SIH\ira-wakeword\dataset\positive_all\piper_batch_A\1351.wav,TTS,0,0.99609375,1
E:\SIH\ira-wakeword\dataset\positive_all\piper_batch_A\1351.wav,TTS,100,0.99609375,1
E:\SIH\ira-wakeword\dataset\positive_all\piper_batch_A\1351.wav,TTS,200,0.99609375,1
E:\SIH\ira-wakeword\dataset\positive_all\piper_batch_A\1351.wav,TTS,300,0.99609375,1
E:\SIH\ira-wakeword\dataset\positive_all\piper_batch_A\1351.wav,TTS,400,0.99609375,1
E:\SIH\ira-wakeword\dataset\positive_all\piper_batch_A\1351.wav,TTS,500,0.99609375,1
E:\SIH\ira-wakeword\dataset\positive_all\piper_batch_A\1352.wav,TTS,0,0.99609375,1
E:\SIH\ira-wakeword\dataset\positive_all\piper_batch_A\1352.wav,TTS,100,0.99609375,1
E:\SIH\ira-wakeword\dataset\positive_all\piper_batch_A\1352.wav,TTS,200,0.99609375,1
E:\SIH\ira-wakeword\dataset\positive_all\piper_batch_A\1352.wav,TTS,300,0.99609375,1
E:\SIH\ira-wakeword\dataset\positive_all\piper_batch_A\1352.wav,TTS,400,0.99609375,1
E:\SIH\ira-wakeword\dataset\positive_all\piper_batch_A\1352.wav,TTS,500,0.99609375,1
E:\SIH\ira-wakeword\dataset\positive_all\piper_batch_A\1352.wav,TTS,600,0.99609375,1
E:\SIH\ira-wakeword\dataset\positive_all\piper_batch_A\1365.wav,TTS,0,0.99609375,1
E:\SIH\ira-wakeword\dataset\positive_all\piper_batch_A\1365.wav,TTS,100,0.99609375,1
E:\SIH\ira-wakeword\dataset\positive_all\piper_batch_A\1365.wav,TTS,200,0.99609375,1
E:\SIH\ira-wakeword\dataset\positive_all\piper_batch_A\1365.wav,TTS,300,0.99609375,1
E:\SIH\ira-wakeword\dataset\positive_all\piper_batch_A\1365.wav,TTS,400,0.99609375,1
E:\SIH\ira-wakeword\dataset\positive_all\piper_batch_A\1365.wav,TTS,500,0.99609375,1
E:\SIH\ira-wakeword\dataset\positive_all\piper_batch_A\137.wav,TTS,0,0.99609375,1
E:\SIH\ira-wakeword\dataset\positive_all\piper_batch_A\137.wav,TTS,100,0.99609375,1
E:\SIH\ira-wakeword\dataset\positive_all\piper_batch_A\137.wav,TTS,200,0.99609375,1
E:\SIH\ira-wakeword\dataset\positive_all\piper_batch_A\137.wav,TTS,300,0.99609375,1
E:\SIH\ira-wakeword\dataset\positive_all\piper_batch_A\137.wav,TTS,400,0.99609375,1
E:\SIH\ira-wakeword\dataset\positive_all\piper_batch_A\137.wav,TTS,500,0.99609375,1
E:\SIH\ira-wakeword\dataset\positive_all\piper_batch_A\1373.wav,TTS,0,0.99609375,1
E:\SIH\ira-wakeword\dataset\positive_all\piper_batch_A\1373.wav,TTS,100,0.99609375,1
E:\SIH\ira-wakeword\dataset\positive_all\piper_batch_A\1373.wav,TTS,200,0.99609375,1
E:\SIH\ira-wakeword\dataset\positive_all\piper_batch_A\1373.wav,TTS,300,0.99609375,1
E:\SIH\ira-wakeword\dataset\positive_all\piper_batch_A\1373.wav,TTS,400,0.99609375,1
E:\SIH\ira-wakeword\dataset\positive_all\piper_batch_A\138.wav,TTS,0,0.99609375,1
E:\SIH\ira-wakeword\dataset\positive_all\piper_batch_A\138.wav,TTS,100,0.99609375,1
E:\SIH\ira-wakeword\dataset\positive_all\piper_batch_A\138.wav,TTS,200,0.99609375,1
E:\SIH\ira-wakeword\dataset\positive_all\piper_batch_A\138.wav,TTS,300,0.99609375,1
E:\SIH\ira-wakeword\dataset\positive_all\piper_batch_A\138.wav,TTS,400,0.99609375,1
E:\SIH\ira-wakeword\dataset\positive_all\piper_batch_A\138.wav,TTS,500,0.99609375,1
E:\SIH\ira-wakeword\dataset\positive_all\piper_batch_A\138.wav,TTS,600,0.99609375,1
E:\SIH\ira-wakeword\dataset\positive_all\piper_batch_A\1392.wav,TTS,0,0.99609375,1
E:\SIH\ira-wakeword\dataset\positive_all\piper_batch_A\1392.wav,TTS,100,0.99609375,1
E:\SIH\ira-wakeword\dataset\positive_all\piper_batch_A\1392.wav,TTS,200,0.99609375,1
E:\SIH\ira-wakeword\dataset\positive_all\piper_batch_A\1392.wav,TTS,300,0.99609375,1
E:\SIH\ira-wakeword\dataset\positive_all\piper_batch_A\1392.wav,TTS,400,0.99609375,1
E:\SIH\ira-wakeword\dataset\positive_all\piper_batch_A\1392.wav,TTS,500,0.99609375,1
E:\SIH\ira-wakeword\dataset\positive_all\piper_batch_A\1392.wav,TTS,600,0.99609375,1
E:\SIH\ira-wakeword\dataset\positive_all\piper_batch_A\1411.wav,TTS,0,0.99609375,1
E:\SIH\ira-wakeword\dataset\positive_all\piper_batch_A\1411.wav,TTS,100,0.99609375,1
E:\SIH\ira-wakeword\dataset\positive_all\piper_batch_A\1411.wav,TTS,200,0.99609375,1
E:\SIH\ira-wakeword\dataset\positive_all\piper_batch_A\1411.wav,TTS,300,0.99609375,1
E:\SIH\ira-wakeword\dataset\positive_all\piper_batch_A\1411.wav,TTS,400,0.99609375,1
E:\SIH\ira-wakeword\dataset\positive_all\piper_batch_A\1411.wav,TTS,500,0.99609375,1
E:\SIH\ira-wakeword\dataset\positive_all\piper_batch_A\1413.wav,TTS,0,0.99609375,1
E:\SIH\ira-wakeword\dataset\positive_all\piper_batch_A\1413.wav,TTS,100,0.99609375,1
E:\SIH\ira-wakeword\dataset\positive_all\piper_batch_A\1413.wav,TTS,200,0.99609375,1
E:\SIH\ira-wakeword\dataset\positive_all\piper_batch_A\1413.wav,TTS,300,0.99609375,1
E:\SIH\ira-wakeword\dataset\positive_all\piper_batch_A\1413.wav,TTS,400,0.99609375,1
E:\SIH\ira-wakeword\dataset\positive_all\piper_batch_A\1413.wav,TTS,500,0.99609375,1
E:\SIH\ira-wakeword\dataset\positive_all\piper_batch_A\1425.wav,TTS,0,0.99609375,1
E:\SIH\ira-wakeword\dataset\positive_all\piper_batch_A\1425.wav,TTS,100,0.99609375,1
E:\SIH\ira-wakeword\dataset\positive_all\piper_batch_A\1425.wav,TTS,200,0.99609375,1
E:\SIH\ira-wakeword\dataset\positive_all\piper_batch_A\1425.wav,TTS,300,0.99609375,1
E:\SIH\ira-wakeword\dataset\positive_all\piper_batch_A\1425.wav,TTS,400,0.99609375,1
E:\SIH\ira-wakeword\dataset\positive_all\piper_batch_A\1425.wav,TTS,500,0.99609375,1
E:\SIH\ira-wakeword\dataset\positive_all\piper_batch_A\1425.wav,TTS,600,0.99609375,1
E:\SIH\ira-wakeword\dataset\positive_all\piper_batch_A\1426.wav,TTS,0,0.99609375,1
E:\SIH\ira-wakeword\dataset\positive_all\piper_batch_A\1426.wav,TTS,100,0.99609375,1
E:\SIH\ira-wakeword\dataset\positive_all\piper_batch_A\1426.wav,TTS,200,0.99609375,1
E:\SIH\ira-wakeword\dataset\positive_all\piper_batch_A\1426.wav,TTS,300,0.99609375,1
E:\SIH\ira-wakeword\dataset\positive_all\piper_batch_A\1426.wav,TTS,400,0.99609375,1
E:\SIH\ira-wakeword\dataset\positive_all\piper_batch_A\1439.wav,TTS,0,0.99609375,1
E:\SIH\ira-wakeword\dataset\positive_all\piper_batch_A\1439.wav,TTS,100,0.99609375,1
E:\SIH\ira-wakeword\dataset\positive_all\piper_batch_A\1439.wav,TTS,200,0.99609375,1
E:\SIH\ira-wakeword\dataset\positive_all\piper_batch_A\1439.wav,TTS,300,0.99609375,1
E:\SIH\ira-wakeword\dataset\positive_all\piper_batch_A\1439.wav,TTS,400,0.99609375,1
E:\SIH\ira-wakeword\dataset\positive_all\piper_batch_A\1444.wav,TTS,0,0.99609375,1
E:\SIH\ira-wakeword\dataset\positive_all\piper_batch_A\1444.wav,TTS,100,0.99609375,1
E:\SIH\ira-wakeword\dataset\positive_all\piper_batch_A\1444.wav,TTS,200,0.99609375,1
E:\SIH\ira-wakeword\dataset\positive_all\piper_batch_A\1444.wav,TTS,300,0.99609375,1
E:\SIH\ira-wakeword\dataset\positive_all\piper_batch_A\1444.wav,TTS,400,0.99609375,1
E:\SIH\ira-wakeword\dataset\positive_all\piper_batch_A\1444.wav,TTS,500,0.99609375,1
E:\SIH\ira-wakeword\dataset\positive_all\piper_batch_A\1451.wav,TTS,0,0.99609375,1
E:\SIH\ira-wakeword\dataset\positive_all\piper_batch_A\1451.wav,TTS,100,0.99609375,1
E:\SIH\ira-wakeword\dataset\positive_all\piper_batch_A\1451.wav,TTS,200,0.99609375,1
E:\SIH\ira-wakeword\dataset\positive_all\piper_batch_A\1451.wav,TTS,300,0.99609375,1
E:\SIH\ira-wakeword\dataset\positive_all\piper_batch_A\1451.wav,TTS,400,0.99609375,1
E:\SIH\ira-wakeword\dataset\positive_all\piper_batch_A\1451.wav,TTS,500,0.99609375,1
E:\SIH\ira-wakeword\dataset\positive_all\piper_batch_A\1451.wav,TTS,600,0.99609375,1
E:\SIH\ira-wakeword\dataset\positive_all\piper_batch_A\1470.wav,TTS,0,0.99609375,1
E:\SIH\ira-wakeword\dataset\positive_all\piper_batch_A\1470.wav,TTS,100,0.99609375,1
E:\SIH\ira-wakeword\dataset\positive_all\piper_batch_A\1470.wav,TTS,200,0.99609375,1
E:\SIH\ira-wakeword\dataset\positive_all\piper_batch_A\1470.wav,TTS,300,0.99609375,1
E:\SIH\ira-wakeword\dataset\positive_all\piper_batch_A\1470.wav,TTS,400,0.99609375,1
E:\SIH\ira-wakeword\dataset\positive_all\piper_batch_A\1471.wav,TTS,0,0.99609375,1
E:\SIH\ira-wakeword\dataset\positive_all\piper_batch_A\1471.wav,TTS,100,0.99609375,1
E:\SIH\ira-wakeword\dataset\positive_all\piper_batch_A\1471.wav,TTS,200,0.99609375,1
E:\SIH\ira-wakeword\dataset\positive_all\piper_batch_A\1471.wav,TTS,300,0.99609375,1
E:\SIH\ira-wakeword\dataset\positive_all\piper_batch_A\1471.wav,TTS,400,0.99609375,1
E:\SIH\ira-wakeword\dataset\positive_all\piper_batch_A\1471.wav,TTS,500,0.99609375,1
E:\SIH\ira-wakeword\dataset\positive_all\piper_batch_A\1471.wav,TTS,600,0.99609375,1
E:\SIH\ira-wakeword\dataset\positive_all\piper_batch_A\1485.wav,TTS,0,0.99609375,1
E:\SIH\ira-wakeword\dataset\positive_all\piper_batch_A\1485.wav,TTS,100,0.99609375,1
E:\SIH\ira-wakeword\dataset\positive_all\piper_batch_A\1485.wav,TTS,200,0.99609375,1
E:\SIH\ira-wakeword\dataset\positive_all\piper_batch_A\1485.wav,TTS,300,0.99609375,1
E:\SIH\ira-wakeword\dataset\positive_all\piper_batch_A\1485.wav,TTS,400,0.99609375,1
E:\SIH\ira-wakeword\dataset\positive_all\piper_batch_A\1485.wav,TTS,500,0.99609375,1
E:\SIH\ira-wakeword\dataset\positive_all\piper_batch_A\1485.wav,TTS,600,0.99609375,1
E:\SIH\ira-wakeword\dataset\positive_all\piper_batch_A\1498.wav,TTS,0,0.99609375,1
E:\SIH\ira-wakeword\dataset\positive_all\piper_batch_A\1498.wav,TTS,100,0.99609375,1
E:\SIH\ira-wakeword\dataset\positive_all\piper_batch_A\1498.wav,TTS,200,0.99609375,1
E:\SIH\ira-wakeword\dataset\positive_all\piper_batch_A\1498.wav,TTS,300,0.99609375,1
E:\SIH\ira-wakeword\dataset\positive_all\piper_batch_A\1498.wav,TTS,400,0.99609375,1
E:\SIH\ira-wakeword\dataset\positive_all\piper_batch_A\1498.wav,TTS,500,0.99609375,1
E:\SIH\ira-wakeword\dataset\positive_all\piper_batch_A\1499.wav,TTS,0,0.99609375,1
E:\SIH\ira-wakeword\dataset\positive_all\piper_batch_A\1499.wav,TTS,100,0.99609375,1
E:\SIH\ira-wakeword\dataset\positive_all\piper_batch_A\1499.wav,TTS,200,0.99609375,1
E:\SIH\ira-wakeword\dataset\positive_all\piper_batch_A\1499.wav,TTS,300,0.99609375,1
E:\SIH\ira-wakeword\dataset\positive_all\piper_batch_A\1499.wav,TTS,400,0.99609375,1
E:\SIH\ira-wakeword\dataset\positive_all\piper_batch_A\150.wav,TTS,0,0.99609375,1
E:\SIH\ira-wakeword\dataset\positive_all\piper_batch_A\150.wav,TTS,100,0.99609375,1
E:\SIH\ira-wakeword\dataset\positive_all\piper_batch_A\150.wav,TTS,200,0.99609375,1
E:\SIH\ira-wakeword\dataset\positive_all\piper_batch_A\150.wav,TTS,300,0.99609375,1
E:\SIH\ira-wakeword\dataset\positive_all\piper_batch_A\150.wav,TTS,400,0.99609375,1
E:\SIH\ira-wakeword\dataset\positive_all\piper_batch_A\150.wav,TTS,500,0.99609375,1
E:\SIH\ira-wakeword\dataset\positive_all\piper_batch_A\1501.wav,TTS,0,0.99609375,1
E:\SIH\ira-wakeword\dataset\positive_all\piper_batch_A\1501.wav,TTS,100,0.99609375,1
E:\SIH\ira-wakeword\dataset\positive_all\piper_batch_A\1501.wav,TTS,200,0.99609375,1
E:\SIH\ira-wakeword\dataset\positive_all\piper_batch_A\1501.wav,TTS,300,0.99609375,1
E:\SIH\ira-wakeword\dataset\positive_all\piper_batch_A\1501.wav,TTS,400,0.99609375,1
E:\SIH\ira-wakeword\dataset\positive_all\piper_batch_A\1501.wav,TTS,500,0.99609375,1
E:\SIH\ira-wakeword\dataset\positive_all\piper_batch_A\1511.wav,TTS,0,0.99609375,1
E:\SIH\ira-wakeword\dataset\positive_all\piper_batch_A\1511.wav,TTS,100,0.99609375,1
E:\SIH\ira-wakeword\dataset\positive_all\piper_batch_A\1511.wav,TTS,200,0.99609375,1
E:\SIH\ira-wakeword\dataset\positive_all\piper_batch_A\1511.wav,TTS,300,0.99609375,1
E:\SIH\ira-wakeword\dataset\positive_all\piper_batch_A\1511.wav,TTS,400,0.99609375,1
E:\SIH\ira-wakeword\dataset\positive_all\piper_batch_A\1511.wav,TTS,500,0.99609375,1
E:\SIH\ira-wakeword\dataset\positive_all\piper_batch_A\1521.wav,TTS,0,0.99609375,1
E:\SIH\ira-wakeword\dataset\positive_all\piper_batch_A\1521.wav,TTS,100,0.99609375,1
E:\SIH\ira-wakeword\dataset\positive_all\piper_batch_A\1521.wav,TTS,200,0.99609375,1
E:\SIH\ira-wakeword\dataset\positive_all\piper_batch_A\1521.wav,TTS,300,0.99609375,1
E:\SIH\ira-wakeword\dataset\positive_all\piper_batch_A\1521.wav,TTS,400,0.99609375,1
E:\SIH\ira-wakeword\dataset\positive_all\piper_batch_A\1521.wav,TTS,500,0.99609375,1
E:\SIH\ira-wakeword\dataset\positive_all\piper_batch_A\1523.wav,TTS,0,0.99609375,1
E:\SIH\ira-wakeword\dataset\positive_all\piper_batch_A\1523.wav,TTS,100,0.99609375,1
E:\SIH\ira-wakeword\dataset\positive_all\piper_batch_A\1523.wav,TTS,200,0.99609375,1
E:\SIH\ira-wakeword\dataset\positive_all\piper_batch_A\1523.wav,TTS,300,0.99609375,1
E:\SIH\ira-wakeword\dataset\positive_all\piper_batch_A\1523.wav,TTS,400,0.99609375,1
E:\SIH\ira-wakeword\dataset\positive_all\piper_batch_A\1523.wav,TTS,500,0.99609375,1
E:\SIH\ira-wakeword\dataset\positive_all\piper_batch_A\1527.wav,TTS,0,0.99609375,1
E:\SIH\ira-wakeword\dataset\positive_all\piper_batch_A\1527.wav,TTS,100,0.99609375,1
E:\SIH\ira-wakeword\dataset\positive_all\piper_batch_A\1527.wav,TTS,200,0.99609375,1
E:\SIH\ira-wakeword\dataset\positive_all\piper_batch_A\1527.wav,TTS,300,0.99609375,1
E:\SIH\ira-wakeword\dataset\positive_all\piper_batch_A\1527.wav,TTS,400,0.99609375,1
E:\SIH\ira-wakeword\dataset\positive_all\piper_batch_A\1527.wav,TTS,500,0.99609375,1
E:\SIH\ira-wakeword\dataset\positive_all\piper_batch_A\1528.wav,TTS,0,0.99609375,1
E:\SIH\ira-wakeword\dataset\positive_all\piper_batch_A\1528.wav,TTS,100,0.99609375,1
E:\SIH\ira-wakeword\dataset\positive_all\piper_batch_A\1528.wav,TTS,200,0.99609375,1
E:\SIH\ira-wakeword\dataset\positive_all\piper_batch_A\1528.wav,TTS,300,0.99609375,1
E:\SIH\ira-wakeword\dataset\positive_all\piper_batch_A\1528.wav,TTS,400,0.99609375,1
E:\SIH\ira-wakeword\dataset\positive_all\piper_batch_A\1528.wav,TTS,500,0.99609375,1
E:\SIH\ira-wakeword\dataset\positive_all\piper_batch_A\153.wav,TTS,0,0.99609375,1
E:\SIH\ira-wakeword\dataset\positive_all\piper_batch_A\153.wav,TTS,100,0.99609375,1
E:\SIH\ira-wakeword\dataset\positive_all\piper_batch_A\153.wav,TTS,200,0.99609375,1
E:\SIH\ira-wakeword\dataset\positive_all\piper_batch_A\153.wav,TTS,300,0.99609375,1
E:\SIH\ira-wakeword\dataset\positive_all\piper_batch_A\153.wav,TTS,400,0.99609375,1
E:\SIH\ira-wakeword\dataset\positive_all\piper_batch_A\153.wav,TTS,500,0.99609375,1
E:\SIH\ira-wakeword\dataset\positive_all\piper_batch_A\153.wav,TTS,600,0.99609375,1
E:\SIH\ira-wakeword\dataset\positive_all\piper_batch_A\1530.wav,TTS,0,0.99609375,1
E:\SIH\ira-wakeword\dataset\positive_all\piper_batch_A\1530.wav,TTS,100,0.99609375,1
E:\SIH\ira-wakeword\dataset\positive_all\piper_batch_A\1530.wav,TTS,200,0.99609375,1
E:\SIH\ira-wakeword\dataset\positive_all\piper_batch_A\1530.wav,TTS,300,0.99609375,1
E:\SIH\ira-wakeword\dataset\positive_all\piper_batch_A\1530.wav,TTS,400,0.99609375,1
E:\SIH\ira-wakeword\dataset\positive_all\piper_batch_A\1532.wav,TTS,0,0.99609375,1
E:\SIH\ira-wakeword\dataset\positive_all\piper_batch_A\1532.wav,TTS,100,0.99609375,1
E:\SIH\ira-wakeword\dataset\positive_all\piper_batch_A\1532.wav,TTS,200,0.99609375,1
E:\SIH\ira-wakeword\dataset\positive_all\piper_batch_A\1532.wav,TTS,300,0.99609375,1
E:\SIH\ira-wakeword\dataset\positive_all\piper_batch_A\1532.wav,TTS,400,0.99609375,1
E:\SIH\ira-wakeword\dataset\positive_all\piper_batch_A\1532.wav,TTS,500,0.99609375,1
E:\SIH\ira-wakeword\dataset\positive_all\piper_batch_A\1546.wav,TTS,0,0.99609375,1
E:\SIH\ira-wakeword\dataset\positive_all\piper_batch_A\1546.wav,TTS,100,0.99609375,1
E:\SIH\ira-wakeword\dataset\positive_all\piper_batch_A\1546.wav,TTS,200,0.99609375,1
E:\SIH\ira-wakeword\dataset\positive_all\piper_batch_A\1546.wav,TTS,300,0.99609375,1
E:\SIH\ira-wakeword\dataset\positive_all\piper_batch_A\1546.wav,TTS,400,0.99609375,1
E:\SIH\ira-wakeword\dataset\positive_all\piper_batch_A\1546.wav,TTS,500,0.99609375,1
E:\SIH\ira-wakeword\dataset\positive_all\piper_batch_A\1548.wav,TTS,0,0.99609375,1
E:\SIH\ira-wakeword\dataset\positive_all\piper_batch_A\1548.wav,TTS,100,0.99609375,1
E:\SIH\ira-wakeword\dataset\positive_all\piper_batch_A\1548.wav,TTS,200,0.99609375,1
E:\SIH\ira-wakeword\dataset\positive_all\piper_batch_A\1548.wav,TTS,300,0.99609375,1
E:\SIH\ira-wakeword\dataset\positive_all\piper_batch_A\1548.wav,TTS,400,0.99609375,1
E:\SIH\ira-wakeword\dataset\positive_all\piper_batch_A\1548.wav,TTS,500,0.99609375,1
E:\SIH\ira-wakeword\dataset\positive_all\piper_batch_A\1576.wav,TTS,0,0.99609375,1
E:\SIH\ira-wakeword\dataset\positive_all\piper_batch_A\1576.wav,TTS,100,0.99609375,1
E:\SIH\ira-wakeword\dataset\positive_all\piper_batch_A\1576.wav,TTS,200,0.99609375,1
E:\SIH\ira-wakeword\dataset\positive_all\piper_batch_A\1576.wav,TTS,300,0.99609375,1
E:\SIH\ira-wakeword\dataset\positive_all\piper_batch_A\1576.wav,TTS,400,0.99609375,1
E:\SIH\ira-wakeword\dataset\positive_all\piper_batch_A\1576.wav,TTS,500,0.99609375,1
E:\SIH\ira-wakeword\dataset\positive_all\piper_batch_A\1576.wav,TTS,600,0.99609375,1
E:\SIH\ira-wakeword\dataset\positive_all\piper_batch_A\1582.wav,TTS,0,0.99609375,1
E:\SIH\ira-wakeword\dataset\positive_all\piper_batch_A\1582.wav,TTS,100,0.99609375,1
E:\SIH\ira-wakeword\dataset\positive_all\piper_batch_A\1582.wav,TTS,200,0.99609375,1
E:\SIH\ira-wakeword\dataset\positive_all\piper_batch_A\1582.wav,TTS,300,0.99609375,1
E:\SIH\ira-wakeword\dataset\positive_all\piper_batch_A\1582.wav,TTS,400,0.99609375,1
E:\SIH\ira-wakeword\dataset\positive_all\piper_batch_A\1582.wav,TTS,500,0.99609375,1
E:\SIH\ira-wakeword\dataset\positive_all\piper_batch_A\159.wav,TTS,0,0.99609375,1
E:\SIH\ira-wakeword\dataset\positive_all\piper_batch_A\159.wav,TTS,100,0.99609375,1
E:\SIH\ira-wakeword\dataset\positive_all\piper_batch_A\159.wav,TTS,200,0.99609375,1
E:\SIH\ira-wakeword\dataset\positive_all\piper_batch_A\159.wav,TTS,300,0.99609375,1
E:\SIH\ira-wakeword\dataset\positive_all\piper_batch_A\159.wav,TTS,400,0.99609375,1
E:\SIH\ira-wakeword\dataset\positive_all\piper_batch_A\159.wav,TTS,500,0.99609375,1
E:\SIH\ira-wakeword\dataset\positive_all\piper_batch_A\159.wav,TTS,600,0.99609375,1
E:\SIH\ira-wakeword\dataset\positive_all\piper_batch_A\1597.wav,TTS,0,0.99609375,1
E:\SIH\ira-wakeword\dataset\positive_all\piper_batch_A\1597.wav,TTS,100,0.99609375,1
E:\SIH\ira-wakeword\dataset\positive_all\piper_batch_A\1597.wav,TTS,200,0.99609375,1
E:\SIH\ira-wakeword\dataset\positive_all\piper_batch_A\1597.wav,TTS,300,0.99609375,1
E:\SIH\ira-wakeword\dataset\positive_all\piper_batch_A\1597.wav,TTS,400,0.99609375,1
E:\SIH\ira-wakeword\dataset\positive_all\piper_batch_A\1597.wav,TTS,500,0.99609375,1
E:\SIH\ira-wakeword\dataset\positive_all\piper_batch_A\1606.wav,TTS,0,0.99609375,1
E:\SIH\ira-wakeword\dataset\positive_all\piper_batch_A\1606.wav,TTS,100,0.99609375,1
E:\SIH\ira-wakeword\dataset\positive_all\piper_batch_A\1606.wav,TTS,200,0.99609375,1
E:\SIH\ira-wakeword\dataset\positive_all\piper_batch_A\1606.wav,TTS,300,0.99609375,1
E:\SIH\ira-wakeword\dataset\positive_all\piper_batch_A\1606.wav,TTS,400,0.99609375,1
E:\SIH\ira-wakeword\dataset\positive_all\piper_batch_A\1607.wav,TTS,0,0.99609375,1
E:\SIH\ira-wakeword\dataset\positive_all\piper_batch_A\1607.wav,TTS,100,0.99609375,1
E:\SIH\ira-wakeword\dataset\positive_all\piper_batch_A\1607.wav,TTS,200,0.99609375,1
E:\SIH\ira-wakeword\dataset\positive_all\piper_batch_A\1607.wav,TTS,300,0.99609375,1
E:\SIH\ira-wakeword\dataset\positive_all\piper_batch_A\1607.wav,TTS,400,0.99609375,1
E:\SIH\ira-wakeword\dataset\positive_all\piper_batch_A\1607.wav,TTS,500,0.99609375,1
E:\SIH\ira-wakeword\dataset\positive_all\piper_batch_A\1615.wav,TTS,0,0.99609375,1
E:\SIH\ira-wakeword\dataset\positive_all\piper_batch_A\1615.wav,TTS,100,0.99609375,1
E:\SIH\ira-wakeword\dataset\positive_all\piper_batch_A\1615.wav,TTS,200,0.99609375,1
E:\SIH\ira-wakeword\dataset\positive_all\piper_batch_A\1615.wav,TTS,300,0.99609375,1
E:\SIH\ira-wakeword\dataset\positive_all\piper_batch_A\1615.wav,TTS,400,0.99609375,1
E:\SIH\ira-wakeword\dataset\positive_all\piper_batch_A\1629.wav,TTS,0,0.99609375,1
E:\SIH\ira-wakeword\dataset\positive_all\piper_batch_A\1629.wav,TTS,100,0.99609375,1
E:\SIH\ira-wakeword\dataset\positive_all\piper_batch_A\1629.wav,TTS,200,0.99609375,1
E:\SIH\ira-wakeword\dataset\positive_all\piper_batch_A\1629.wav,TTS,300,0.99609375,1
E:\SIH\ira-wakeword\dataset\positive_all\piper_batch_A\1629.wav,TTS,400,0.99609375,1
E:\SIH\ira-wakeword\dataset\positive_all\piper_batch_A\1629.wav,TTS,500,0.99609375,1
E:\SIH\ira-wakeword\dataset\positive_all\piper_batch_A\1633.wav,TTS,0,0.99609375,1
E:\SIH\ira-wakeword\dataset\positive_all\piper_batch_A\1633.wav,TTS,100,0.99609375,1
E:\SIH\ira-wakeword\dataset\positive_all\piper_batch_A\1633.wav,TTS,200,0.99609375,1
E:\SIH\ira-wakeword\dataset\positive_all\piper_batch_A\1633.wav,TTS,300,0.99609375,1
E:\SIH\ira-wakeword\dataset\positive_all\piper_batch_A\1633.wav,TTS,400,0.99609375,1
E:\SIH\ira-wakeword\dataset\positive_all\piper_batch_A\1633.wav,TTS,500,0.99609375,1
E:\SIH\ira-wakeword\dataset\positive_all\piper_batch_A\1636.wav,TTS,0,0.99609375,1
E:\SIH\ira-wakeword\dataset\positive_all\piper_batch_A\1636.wav,TTS,100,0.99609375,1
E:\SIH\ira-wakeword\dataset\positive_all\piper_batch_A\1636.wav,TTS,200,0.99609375,1
E:\SIH\ira-wakeword\dataset\positive_all\piper_batch_A\1636.wav,TTS,300,0.99609375,1
E:\SIH\ira-wakeword\dataset\positive_all\piper_batch_A\1636.wav,TTS,400,0.99609375,1
E:\SIH\ira-wakeword\dataset\positive_all\piper_batch_A\1640.wav,TTS,0,0.99609375,1
E:\SIH\ira-wakeword\dataset\positive_all\piper_batch_A\1640.wav,TTS,100,0.99609375,1
E:\SIH\ira-wakeword\dataset\positive_all\piper_batch_A\1640.wav,TTS,200,0.99609375,1
E:\SIH\ira-wakeword\dataset\positive_all\piper_batch_A\1640.wav,TTS,300,0.99609375,1
E:\SIH\ira-wakeword\dataset\positive_all\piper_batch_A\1640.wav,TTS,400,0.99609375,1
E:\SIH\ira-wakeword\dataset\positive_all\piper_batch_A\1640.wav,TTS,500,0.99609375,1
E:\SIH\ira-wakeword\dataset\positive_all\piper_batch_A\1650.wav,TTS,0,0.99609375,1
E:\SIH\ira-wakeword\dataset\positive_all\piper_batch_A\1650.wav,TTS,100,0.99609375,1
E:\SIH\ira-wakeword\dataset\positive_all\piper_batch_A\1650.wav,TTS,200,0.99609375,1
E:\SIH\ira-wakeword\dataset\positive_all\piper_batch_A\1650.wav,TTS,300,0.99609375,1
E:\SIH\ira-wakeword\dataset\positive_all\piper_batch_A\1650.wav,TTS,400,0.99609375,1
E:\SIH\ira-wakeword\dataset\positive_all\piper_batch_A\1692.wav,TTS,0,0.99609375,1
E:\SIH\ira-wakeword\dataset\positive_all\piper_batch_A\1692.wav,TTS,100,0.99609375,1
E:\SIH\ira-wakeword\dataset\positive_all\piper_batch_A\1692.wav,TTS,200,0.99609375,1
E:\SIH\ira-wakeword\dataset\positive_all\piper_batch_A\1692.wav,TTS,300,0.99609375,1
E:\SIH\ira-wakeword\dataset\positive_all\piper_batch_A\1692.wav,TTS,400,0.99609375,1
E:\SIH\ira-wakeword\dataset\positive_all\piper_batch_A\1692.wav,TTS,500,0.99609375,1
E:\SIH\ira-wakeword\dataset\positive_all\piper_batch_A\1698.wav,TTS,0,0.99609375,1
E:\SIH\ira-wakeword\dataset\positive_all\piper_batch_A\1698.wav,TTS,100,0.99609375,1
E:\SIH\ira-wakeword\dataset\positive_all\piper_batch_A\1698.wav,TTS,200,0.99609375,1
E:\SIH\ira-wakeword\dataset\positive_all\piper_batch_A\1698.wav,TTS,300,0.99609375,1
E:\SIH\ira-wakeword\dataset\positive_all\piper_batch_A\1698.wav,TTS,400,0.99609375,1
E:\SIH\ira-wakeword\dataset\positive_all\piper_batch_A\1725.wav,TTS,0,0.99609375,1
E:\SIH\ira-wakeword\dataset\positive_all\piper_batch_A\1725.wav,TTS,100,0.99609375,1
E:\SIH\ira-wakeword\dataset\positive_all\piper_batch_A\1725.wav,TTS,200,0.99609375,1
E:\SIH\ira-wakeword\dataset\positive_all\piper_batch_A\1725.wav,TTS,300,0.99609375,1
E:\SIH\ira-wakeword\dataset\positive_all\piper_batch_A\1725.wav,TTS,400,0.99609375,1
E:\SIH\ira-wakeword\dataset\positive_all\piper_batch_A\1725.wav,TTS,500,0.99609375,1
E:\SIH\ira-wakeword\dataset\positive_all\piper_batch_A\173.wav,TTS,0,0.99609375,1
E:\SIH\ira-wakeword\dataset\positive_all\piper_batch_A\173.wav,TTS,100,0.99609375,1
E:\SIH\ira-wakeword\dataset\positive_all\piper_batch_A\173.wav,TTS,200,0.99609375,1
E:\SIH\ira-wakeword\dataset\positive_all\piper_batch_A\173.wav,TTS,300,0.99609375,1
E:\SIH\ira-wakeword\dataset\positive_all\piper_batch_A\173.wav,TTS,400,0.99609375,1
E:\SIH\ira-wakeword\dataset\positive_all\piper_batch_A\173.wav,TTS,500,0.99609375,1
E:\SIH\ira-wakeword\dataset\positive_all\piper_batch_A\173.wav,TTS,600,0.99609375,1
E:\SIH\ira-wakeword\dataset\positive_all\piper_batch_A\1748.wav,TTS,0,0.99609375,1
E:\SIH\ira-wakeword\dataset\positive_all\piper_batch_A\1748.wav,TTS,100,0.99609375,1
E:\SIH\ira-wakeword\dataset\positive_all\piper_batch_A\1748.wav,TTS,200,0.99609375,1
E:\SIH\ira-wakeword\dataset\positive_all\piper_batch_A\1748.wav,TTS,300,0.99609375,1
E:\SIH\ira-wakeword\dataset\positive_all\piper_batch_A\1748.wav,TTS,400,0.99609375,1
E:\SIH\ira-wakeword\dataset\positive_all\piper_batch_A\1748.wav,TTS,500,0.99609375,1
E:\SIH\ira-wakeword\dataset\positive_all\piper_batch_A\1748.wav,TTS,600,0.99609375,1
E:\SIH\ira-wakeword\dataset\positive_all\piper_batch_A\1754.wav,TTS,0,0.99609375,1
E:\SIH\ira-wakeword\dataset\positive_all\piper_batch_A\1754.wav,TTS,100,0.99609375,1
E:\SIH\ira-wakeword\dataset\positive_all\piper_batch_A\1754.wav,TTS,200,0.99609375,1
E:\SIH\ira-wakeword\dataset\positive_all\piper_batch_A\1754.wav,TTS,300,0.99609375,1
E:\SIH\ira-wakeword\dataset\positive_all\piper_batch_A\1754.wav,TTS,400,0.99609375,1
E:\SIH\ira-wakeword\dataset\positive_all\piper_batch_A\1754.wav,TTS,500,0.99609375,1
E:\SIH\ira-wakeword\dataset\positive_all\piper_batch_A\1754.wav,TTS,600,0.99609375,1
E:\SIH\ira-wakeword\dataset\positive_all\piper_batch_A\1759.wav,TTS,0,0.99609375,1
E:\SIH\ira-wakeword\dataset\positive_all\piper_batch_A\1759.wav,TTS,100,0.99609375,1
E:\SIH\ira-wakeword\dataset\positive_all\piper_batch_A\1759.wav,TTS,200,0.99609375,1
E:\SIH\ira-wakeword\dataset\positive_all\piper_batch_A\1759.wav,TTS,300,0.99609375,1
E:\SIH\ira-wakeword\dataset\positive_all\piper_batch_A\1759.wav,TTS,400,0.99609375,1
E:\SIH\ira-wakeword\dataset\positive_all\piper_batch_A\1759.wav,TTS,500,0.99609375,1
E:\SIH\ira-wakeword\dataset\positive_all\piper_batch_A\176.wav,TTS,0,0.99609375,1
E:\SIH\ira-wakeword\dataset\positive_all\piper_batch_A\176.wav,TTS,100,0.99609375,1
E:\SIH\ira-wakeword\dataset\positive_all\piper_batch_A\176.wav,TTS,200,0.99609375,1
E:\SIH\ira-wakeword\dataset\positive_all\piper_batch_A\176.wav,TTS,300,0.99609375,1
E:\SIH\ira-wakeword\dataset\positive_all\piper_batch_A\176.wav,TTS,400,0.99609375,1
E:\SIH\ira-wakeword\dataset\positive_all\piper_batch_A\176.wav,TTS,500,0.99609375,1
E:\SIH\ira-wakeword\dataset\positive_all\piper_batch_A\1768.wav,TTS,0,0.99609375,1
E:\SIH\ira-wakeword\dataset\positive_all\piper_batch_A\1768.wav,TTS,100,0.99609375,1
E:\SIH\ira-wakeword\dataset\positive_all\piper_batch_A\1768.wav,TTS,200,0.99609375,1
E:\SIH\ira-wakeword\dataset\positive_all\piper_batch_A\1768.wav,TTS,300,0.99609375,1
E:\SIH\ira-wakeword\dataset\positive_all\piper_batch_A\1768.wav,TTS,400,0.99609375,1
E:\SIH\ira-wakeword\dataset\positive_all\piper_batch_A\1768.wav,TTS,500,0.99609375,1
E:\SIH\ira-wakeword\dataset\positive_all\piper_batch_A\1768.wav,TTS,600,0.99609375,1
E:\SIH\ira-wakeword\dataset\positive_all\piper_batch_A\177.wav,TTS,0,0.99609375,1
E:\SIH\ira-wakeword\dataset\positive_all\piper_batch_A\177.wav,TTS,100,0.99609375,1
E:\SIH\ira-wakeword\dataset\positive_all\piper_batch_A\177.wav,TTS,200,0.99609375,1
E:\SIH\ira-wakeword\dataset\positive_all\piper_batch_A\177.wav,TTS,300,0.99609375,1
E:\SIH\ira-wakeword\dataset\positive_all\piper_batch_A\177.wav,TTS,400,0.99609375,1
E:\SIH\ira-wakeword\dataset\positive_all\piper_batch_A\177.wav,TTS,500,0.99609375,1
E:\SIH\ira-wakeword\dataset\positive_all\piper_batch_A\1810.wav,TTS,0,0.99609375,1
E:\SIH\ira-wakeword\dataset\positive_all\piper_batch_A\1810.wav,TTS,100,0.99609375,1
E:\SIH\ira-wakeword\dataset\positive_all\piper_batch_A\1810.wav,TTS,200,0.99609375,1
E:\SIH\ira-wakeword\dataset\positive_all\piper_batch_A\1810.wav,TTS,300,0.99609375,1
E:\SIH\ira-wakeword\dataset\positive_all\piper_batch_A\1810.wav,TTS,400,0.99609375,1
E:\SIH\ira-wakeword\dataset\positive_all\piper_batch_A\1810.wav,TTS,500,0.99609375,1
E:\SIH\ira-wakeword\dataset\positive_all\piper_batch_A\1810.wav,TTS,600,0.99609375,1
E:\SIH\ira-wakeword\dataset\positive_all\piper_batch_A\1812.wav,TTS,0,0.99609375,1
E:\SIH\ira-wakeword\dataset\positive_all\piper_batch_A\1812.wav,TTS,100,0.99609375,1
E:\SIH\ira-wakeword\dataset\positive_all\piper_batch_A\1812.wav,TTS,200,0.99609375,1
E:\SIH\ira-wakeword\dataset\positive_all\piper_batch_A\1812.wav,TTS,300,0.99609375,1
E:\SIH\ira-wakeword\dataset\positive_all\piper_batch_A\1812.wav,TTS,400,0.99609375,1
E:\SIH\ira-wakeword\dataset\positive_all\piper_batch_A\1812.wav,TTS,500,0.99609375,1
E:\SIH\ira-wakeword\dataset\positive_all\piper_batch_A\1812.wav,TTS,600,0.99609375,1
E:\SIH\ira-wakeword\dataset\positive_all\piper_batch_A\1835.wav,TTS,0,0.99609375,1
E:\SIH\ira-wakeword\dataset\positive_all\piper_batch_A\1835.wav,TTS,100,0.99609375,1
E:\SIH\ira-wakeword\dataset\positive_all\piper_batch_A\1835.wav,TTS,200,0.99609375,1
E:\SIH\ira-wakeword\dataset\positive_all\piper_batch_A\1835.wav,TTS,300,0.99609375,1
E:\SIH\ira-wakeword\dataset\positive_all\piper_batch_A\1835.wav,TTS,400,0.99609375,1
E:\SIH\ira-wakeword\dataset\positive_all\piper_batch_A\1835.wav,TTS,500,0.99609375,1
E:\SIH\ira-wakeword\dataset\positive_all\piper_batch_A\1835.wav,TTS,600,0.99609375,1
E:\SIH\ira-wakeword\dataset\positive_all\piper_batch_A\1843.wav,TTS,0,0.99609375,1
E:\SIH\ira-wakeword\dataset\positive_all\piper_batch_A\1843.wav,TTS,100,0.99609375,1
E:\SIH\ira-wakeword\dataset\positive_all\piper_batch_A\1843.wav,TTS,200,0.99609375,1
E:\SIH\ira-wakeword\dataset\positive_all\piper_batch_A\1843.wav,TTS,300,0.99609375,1
E:\SIH\ira-wakeword\dataset\positive_all\piper_batch_A\1843.wav,TTS,400,0.99609375,1
E:\SIH\ira-wakeword\dataset\positive_all\piper_batch_A\1843.wav,TTS,500,0.99609375,1
E:\SIH\ira-wakeword\dataset\positive_all\piper_batch_A\1843.wav,TTS,600,0.99609375,1
E:\SIH\ira-wakeword\dataset\positive_all\piper_batch_A\1845.wav,TTS,0,0.99609375,1
E:\SIH\ira-wakeword\dataset\positive_all\piper_batch_A\1845.wav,TTS,100,0.99609375,1
E:\SIH\ira-wakeword\dataset\positive_all\piper_batch_A\1845.wav,TTS,200,0.99609375,1
E:\SIH\ira-wakeword\dataset\positive_all\piper_batch_A\1845.wav,TTS,300,0.99609375,1
E:\SIH\ira-wakeword\dataset\positive_all\piper_batch_A\1845.wav,TTS,400,0.99609375,1
E:\SIH\ira-wakeword\dataset\positive_all\piper_batch_A\1845.wav,TTS,500,0.99609375,1
E:\SIH\ira-wakeword\dataset\positive_all\piper_batch_A\1845.wav,TTS,600,0.99609375,1
E:\SIH\ira-wakeword\dataset\positive_all\piper_batch_A\1860.wav,TTS,0,0.99609375,1
E:\SIH\ira-wakeword\dataset\positive_all\piper_batch_A\1860.wav,TTS,100,0.99609375,1
E:\SIH\ira-wakeword\dataset\positive_all\piper_batch_A\1860.wav,TTS,200,0.99609375,1
E:\SIH\ira-wakeword\dataset\positive_all\piper_batch_A\1860.wav,TTS,300,0.99609375,1
E:\SIH\ira-wakeword\dataset\positive_all\piper_batch_A\1860.wav,TTS,400,0.99609375,1
E:\SIH\ira-wakeword\dataset\positive_all\piper_batch_A\1860.wav,TTS,500,0.99609375,1
E:\SIH\ira-wakeword\dataset\positive_all\piper_batch_A\1860.wav,TTS,600,0.99609375,1
E:\SIH\ira-wakeword\dataset\positive_all\piper_batch_A\1867.wav,TTS,0,0.99609375,1
E:\SIH\ira-wakeword\dataset\positive_all\piper_batch_A\1867.wav,TTS,100,0.99609375,1
E:\SIH\ira-wakeword\dataset\positive_all\piper_batch_A\1867.wav,TTS,200,0.99609375,1
E:\SIH\ira-wakeword\dataset\positive_all\piper_batch_A\1867.wav,TTS,300,0.99609375,1
E:\SIH\ira-wakeword\dataset\positive_all\piper_batch_A\1867.wav,TTS,400,0.99609375,1
E:\SIH\ira-wakeword\dataset\positive_all\piper_batch_A\1867.wav,TTS,500,0.99609375,1
E:\SIH\ira-wakeword\dataset\positive_all\piper_batch_A\1869.wav,TTS,0,0.99609375,1
E:\SIH\ira-wakeword\dataset\positive_all\piper_batch_A\1869.wav,TTS,100,0.99609375,1
E:\SIH\ira-wakeword\dataset\positive_all\piper_batch_A\1869.wav,TTS,200,0.99609375,1
E:\SIH\ira-wakeword\dataset\positive_all\piper_batch_A\1869.wav,TTS,300,0.99609375,1
E:\SIH\ira-wakeword\dataset\positive_all\piper_batch_A\1869.wav,TTS,400,0.99609375,1
E:\SIH\ira-wakeword\dataset\positive_all\piper_batch_A\1869.wav,TTS,500,0.99609375,1
E:\SIH\ira-wakeword\dataset\positive_all\piper_batch_A\1869.wav,TTS,600,0.99609375,1
E:\SIH\ira-wakeword\dataset\positive_all\piper_batch_A\1875.wav,TTS,0,0.99609375,1
E:\SIH\ira-wakeword\dataset\positive_all\piper_batch_A\1875.wav,TTS,100,0.99609375,1
E:\SIH\ira-wakeword\dataset\positive_all\piper_batch_A\1875.wav,TTS,200,0.99609375,1
E:\SIH\ira-wakeword\dataset\positive_all\piper_batch_A\1875.wav,TTS,300,0.99609375,1
E:\SIH\ira-wakeword\dataset\positive_all\piper_batch_A\1875.wav,TTS,400,0.99609375,1
E:\SIH\ira-wakeword\dataset\positive_all\piper_batch_A\1875.wav,TTS,500,0.99609375,1
E:\SIH\ira-wakeword\dataset\positive_all\piper_batch_A\1875.wav,TTS,600,0.99609375,1
E:\SIH\ira-wakeword\dataset\positive_all\piper_batch_A\1878.wav,TTS,0,0.99609375,1
E:\SIH\ira-wakeword\dataset\positive_all\piper_batch_A\1878.wav,TTS,100,0.99609375,1
E:\SIH\ira-wakeword\dataset\positive_all\piper_batch_A\1878.wav,TTS,200,0.99609375,1
E:\SIH\ira-wakeword\dataset\positive_all\piper_batch_A\1878.wav,TTS,300,0.99609375,1
E:\SIH\ira-wakeword\dataset\positive_all\piper_batch_A\1878.wav,TTS,400,0.99609375,1
E:\SIH\ira-wakeword\dataset\positive_all\piper_batch_A\1878.wav,TTS,500,0.99609375,1
E:\SIH\ira-wakeword\dataset\positive_all\piper_batch_A\1878.wav,TTS,600,0.99609375,1
E:\SIH\ira-wakeword\dataset\positive_all\piper_batch_A\188.wav,TTS,0,0.99609375,1
E:\SIH\ira-wakeword\dataset\positive_all\piper_batch_A\188.wav,TTS,100,0.99609375,1
E:\SIH\ira-wakeword\dataset\positive_all\piper_batch_A\188.wav,TTS,200,0.99609375,1
E:\SIH\ira-wakeword\dataset\positive_all\piper_batch_A\188.wav,TTS,300,0.99609375,1
E:\SIH\ira-wakeword\dataset\positive_all\piper_batch_A\188.wav,TTS,400,0.99609375,1
E:\SIH\ira-wakeword\dataset\positive_all\piper_batch_A\188.wav,TTS,500,0.99609375,1
E:\SIH\ira-wakeword\dataset\positive_all\piper_batch_A\1881.wav,TTS,0,0.99609375,1
E:\SIH\ira-wakeword\dataset\positive_all\piper_batch_A\1881.wav,TTS,100,0.99609375,1
E:\SIH\ira-wakeword\dataset\positive_all\piper_batch_A\1881.wav,TTS,200,0.99609375,1
E:\SIH\ira-wakeword\dataset\positive_all\piper_batch_A\1881.wav,TTS,300,0.99609375,1
E:\SIH\ira-wakeword\dataset\positive_all\piper_batch_A\1881.wav,TTS,400,0.99609375,1
E:\SIH\ira-wakeword\dataset\positive_all\piper_batch_A\1881.wav,TTS,500,0.99609375,1
E:\SIH\ira-wakeword\dataset\positive_all\piper_batch_A\1881.wav,TTS,600,0.99609375,1
E:\SIH\ira-wakeword\dataset\positive_all\piper_batch_A\1882.wav,TTS,0,0.99609375,1
E:\SIH\ira-wakeword\dataset\positive_all\piper_batch_A\1882.wav,TTS,100,0.99609375,1
E:\SIH\ira-wakeword\dataset\positive_all\piper_batch_A\1882.wav,TTS,200,0.99609375,1
E:\SIH\ira-wakeword\dataset\positive_all\piper_batch_A\1882.wav,TTS,300,0.99609375,1
E:\SIH\ira-wakeword\dataset\positive_all\piper_batch_A\1882.wav,TTS,400,0.99609375,1
E:\SIH\ira-wakeword\dataset\positive_all\piper_batch_A\1882.wav,TTS,500,0.99609375,1
E:\SIH\ira-wakeword\dataset\positive_all\piper_batch_A\1890.wav,TTS,0,0.99609375,1
E:\SIH\ira-wakeword\dataset\positive_all\piper_batch_A\1890.wav,TTS,100,0.99609375,1
E:\SIH\ira-wakeword\dataset\positive_all\piper_batch_A\1890.wav,TTS,200,0.99609375,1
E:\SIH\ira-wakeword\dataset\positive_all\piper_batch_A\1890.wav,TTS,300,0.99609375,1
E:\SIH\ira-wakeword\dataset\positive_all\piper_batch_A\1890.wav,TTS,400,0.99609375,1
E:\SIH\ira-wakeword\dataset\positive_all\piper_batch_A\1890.wav,TTS,500,0.99609375,1
E:\SIH\ira-wakeword\dataset\positive_all\piper_batch_A\19.wav,TTS,0,0.99609375,1
E:\SIH\ira-wakeword\dataset\positive_all\piper_batch_A\19.wav,TTS,100,0.99609375,1
E:\SIH\ira-wakeword\dataset\positive_all\piper_batch_A\19.wav,TTS,200,0.99609375,1
E:\SIH\ira-wakeword\dataset\positive_all\piper_batch_A\19.wav,TTS,300,0.99609375,1
E:\SIH\ira-wakeword\dataset\positive_all\piper_batch_A\19.wav,TTS,400,0.99609375,1
E:\SIH\ira-wakeword\dataset\positive_all\piper_batch_A\19.wav,TTS,500,0.99609375,1
E:\SIH\ira-wakeword\dataset\positive_all\piper_batch_A\19.wav,TTS,600,0.99609375,1
E:\SIH\ira-wakeword\dataset\positive_all\piper_batch_A\1908.wav,TTS,0,0.99609375,1
E:\SIH\ira-wakeword\dataset\positive_all\piper_batch_A\1908.wav,TTS,100,0.99609375,1
E:\SIH\ira-wakeword\dataset\positive_all\piper_batch_A\1908.wav,TTS,200,0.99609375,1
E:\SIH\ira-wakeword\dataset\positive_all\piper_batch_A\1908.wav,TTS,300,0.99609375,1
E:\SIH\ira-wakeword\dataset\positive_all\piper_batch_A\1908.wav,TTS,400,0.99609375,1
E:\SIH\ira-wakeword\dataset\positive_all\piper_batch_A\1908.wav,TTS,500,0.99609375,1
E:\SIH\ira-wakeword\dataset\positive_all\piper_batch_A\1908.wav,TTS,600,0.99609375,1
E:\SIH\ira-wakeword\dataset\positive_all\piper_batch_A\1910.wav,TTS,0,0.99609375,1
E:\SIH\ira-wakeword\dataset\positive_all\piper_batch_A\1910.wav,TTS,100,0.99609375,1
E:\SIH\ira-wakeword\dataset\positive_all\piper_batch_A\1910.wav,TTS,200,0.99609375,1
E:\SIH\ira-wakeword\dataset\positive_all\piper_batch_A\1910.wav,TTS,300,0.99609375,1
E:\SIH\ira-wakeword\dataset\positive_all\piper_batch_A\1910.wav,TTS,400,0.99609375,1
E:\SIH\ira-wakeword\dataset\positive_all\piper_batch_A\1910.wav,TTS,500,0.99609375,1
E:\SIH\ira-wakeword\dataset\positive_all\piper_batch_A\1910.wav,TTS,600,0.99609375,1
E:\SIH\ira-wakeword\dataset\positive_all\piper_batch_A\1922.wav,TTS,0,0.99609375,1
E:\SIH\ira-wakeword\dataset\positive_all\piper_batch_A\1922.wav,TTS,100,0.99609375,1
E:\SIH\ira-wakeword\dataset\positive_all\piper_batch_A\1922.wav,TTS,200,0.99609375,1
E:\SIH\ira-wakeword\dataset\positive_all\piper_batch_A\1922.wav,TTS,300,0.99609375,1
E:\SIH\ira-wakeword\dataset\positive_all\piper_batch_A\1922.wav,TTS,400,0.99609375,1
E:\SIH\ira-wakeword\dataset\positive_all\piper_batch_A\1922.wav,TTS,500,0.99609375,1
E:\SIH\ira-wakeword\dataset\positive_all\piper_batch_A\1922.wav,TTS,600,0.99609375,1
E:\SIH\ira-wakeword\dataset\positive_all\piper_batch_A\1927.wav,TTS,0,0.99609375,1
E:\SIH\ira-wakeword\dataset\positive_all\piper_batch_A\1927.wav,TTS,100,0.99609375,1
E:\SIH\ira-wakeword\dataset\positive_all\piper_batch_A\1927.wav,TTS,200,0.99609375,1
E:\SIH\ira-wakeword\dataset\positive_all\piper_batch_A\1927.wav,TTS,300,0.99609375,1
E:\SIH\ira-wakeword\dataset\positive_all\piper_batch_A\1927.wav,TTS,400,0.99609375,1
E:\SIH\ira-wakeword\dataset\positive_all\piper_batch_A\1927.wav,TTS,500,0.99609375,1
E:\SIH\ira-wakeword\dataset\positive_all\piper_batch_A\1927.wav,TTS,600,0.99609375,1
E:\SIH\ira-wakeword\dataset\positive_all\piper_batch_A\1954.wav,TTS,0,0.99609375,1
E:\SIH\ira-wakeword\dataset\positive_all\piper_batch_A\1954.wav,TTS,100,0.99609375,1
E:\SIH\ira-wakeword\dataset\positive_all\piper_batch_A\1954.wav,TTS,200,0.99609375,1
E:\SIH\ira-wakeword\dataset\positive_all\piper_batch_A\1954.wav,TTS,300,0.99609375,1
E:\SIH\ira-wakeword\dataset\positive_all\piper_batch_A\1954.wav,TTS,400,0.99609375,1
E:\SIH\ira-wakeword\dataset\positive_all\piper_batch_A\1954.wav,TTS,500,0.99609375,1
E:\SIH\ira-wakeword\dataset\positive_all\piper_batch_A\1954.wav,TTS,600,0.99609375,1
E:\SIH\ira-wakeword\dataset\positive_all\piper_batch_A\1964.wav,TTS,0,0.99609375,1
E:\SIH\ira-wakeword\dataset\positive_all\piper_batch_A\1964.wav,TTS,100,0.99609375,1
E:\SIH\ira-wakeword\dataset\positive_all\piper_batch_A\1964.wav,TTS,200,0.99609375,1
E:\SIH\ira-wakeword\dataset\positive_all\piper_batch_A\1964.wav,TTS,300,0.99609375,1
E:\SIH\ira-wakeword\dataset\positive_all\piper_batch_A\1964.wav,TTS,400,0.99609375,1
E:\SIH\ira-wakeword\dataset\positive_all\piper_batch_A\1964.wav,TTS,500,0.99609375,1
E:\SIH\ira-wakeword\dataset\positive_all\piper_batch_A\1967.wav,TTS,0,0.99609375,1
E:\SIH\ira-wakeword\dataset\positive_all\piper_batch_A\1967.wav,TTS,100,0.99609375,1
E:\SIH\ira-wakeword\dataset\positive_all\piper_batch_A\1967.wav,TTS,200,0.99609375,1
E:\SIH\ira-wakeword\dataset\positive_all\piper_batch_A\1967.wav,TTS,300,0.99609375,1
E:\SIH\ira-wakeword\dataset\positive_all\piper_batch_A\1967.wav,TTS,400,0.99609375,1
E:\SIH\ira-wakeword\dataset\positive_all\piper_batch_A\1967.wav,TTS,500,0.99609375,1
E:\SIH\ira-wakeword\dataset\positive_all\piper_batch_A\1967.wav,TTS,600,0.99609375,1
E:\SIH\ira-wakeword\dataset\positive_all\piper_batch_A\1977.wav,TTS,0,0.99609375,1
E:\SIH\ira-wakeword\dataset\positive_all\piper_batch_A\1977.wav,TTS,100,0.99609375,1
E:\SIH\ira-wakeword\dataset\positive_all\piper_batch_A\1977.wav,TTS,200,0.99609375,1
E:\SIH\ira-wakeword\dataset\positive_all\piper_batch_A\1977.wav,TTS,300,0.99609375,1
E:\SIH\ira-wakeword\dataset\positive_all\piper_batch_A\1977.wav,TTS,400,0.99609375,1
E:\SIH\ira-wakeword\dataset\positive_all\piper_batch_A\1977.wav,TTS,500,0.99609375,1
E:\SIH\ira-wakeword\dataset\positive_all\piper_batch_A\1977.wav,TTS,600,0.99609375,1
E:\SIH\ira-wakeword\dataset\positive_all\piper_batch_A\1980.wav,TTS,0,0.99609375,1
E:\SIH\ira-wakeword\dataset\positive_all\piper_batch_A\1980.wav,TTS,100,0.99609375,1
E:\SIH\ira-wakeword\dataset\positive_all\piper_batch_A\1980.wav,TTS,200,0.99609375,1
E:\SIH\ira-wakeword\dataset\positive_all\piper_batch_A\1980.wav,TTS,300,0.99609375,1
E:\SIH\ira-wakeword\dataset\positive_all\piper_batch_A\1980.wav,TTS,400,0.99609375,1
E:\SIH\ira-wakeword\dataset\positive_all\piper_batch_A\1980.wav,TTS,500,0.99609375,1
E:\SIH\ira-wakeword\dataset\positive_all\piper_batch_A\1980.wav,TTS,600,0.99609375,1
E:\SIH\ira-wakeword\dataset\positive_all\piper_batch_A\1984.wav,TTS,0,0.99609375,1
E:\SIH\ira-wakeword\dataset\positive_all\piper_batch_A\1984.wav,TTS,100,0.99609375,1
E:\SIH\ira-wakeword\dataset\positive_all\piper_batch_A\1984.wav,TTS,200,0.99609375,1
E:\SIH\ira-wakeword\dataset\positive_all\piper_batch_A\1984.wav,TTS,300,0.99609375,1
E:\SIH\ira-wakeword\dataset\positive_all\piper_batch_A\1984.wav,TTS,400,0.99609375,1
E:\SIH\ira-wakeword\dataset\positive_all\piper_batch_A\1984.wav,TTS,500,0.99609375,1
E:\SIH\ira-wakeword\dataset\positive_all\piper_batch_A\1984.wav,TTS,600,0.99609375,1
E:\SIH\ira-wakeword\dataset\positive_all\piper_batch_A\1991.wav,TTS,0,0.99609375,1
E:\SIH\ira-wakeword\dataset\positive_all\piper_batch_A\1991.wav,TTS,100,0.99609375,1
E:\SIH\ira-wakeword\dataset\positive_all\piper_batch_A\1991.wav,TTS,200,0.99609375,1
E:\SIH\ira-wakeword\dataset\positive_all\piper_batch_A\1991.wav,TTS,300,0.99609375,1
E:\SIH\ira-wakeword\dataset\positive_all\piper_batch_A\1991.wav,TTS,400,0.99609375,1
E:\SIH\ira-wakeword\dataset\positive_all\piper_batch_A\1991.wav,TTS,500,0.99609375,1
E:\SIH\ira-wakeword\dataset\positive_all\piper_batch_A\2.wav,TTS,0,0.99609375,1
E:\SIH\ira-wakeword\dataset\positive_all\piper_batch_A\2.wav,TTS,100,0.99609375,1
E:\SIH\ira-wakeword\dataset\positive_all\piper_batch_A\2.wav,TTS,200,0.99609375,1
E:\SIH\ira-wakeword\dataset\positive_all\piper_batch_A\2.wav,TTS,300,0.99609375,1
E:\SIH\ira-wakeword\dataset\positive_all\piper_batch_A\2.wav,TTS,400,0.99609375,1
E:\SIH\ira-wakeword\dataset\positive_all\piper_batch_A\2.wav,TTS,500,0.99609375,1
E:\SIH\ira-wakeword\dataset\positive_all\piper_batch_A\2.wav,TTS,600,0.99609375,1
E:\SIH\ira-wakeword\dataset\positive_all\piper_batch_A\204.wav,TTS,0,0.99609375,1
E:\SIH\ira-wakeword\dataset\positive_all\piper_batch_A\204.wav,TTS,100,0.99609375,1
E:\SIH\ira-wakeword\dataset\positive_all\piper_batch_A\204.wav,TTS,200,0.99609375,1
E:\SIH\ira-wakeword\dataset\positive_all\piper_batch_A\204.wav,TTS,300,0.99609375,1
E:\SIH\ira-wakeword\dataset\positive_all\piper_batch_A\204.wav,TTS,400,0.99609375,1
E:\SIH\ira-wakeword\dataset\positive_all\piper_batch_A\204.wav,TTS,500,0.99609375,1
E:\SIH\ira-wakeword\dataset\positive_all\piper_batch_A\204.wav,TTS,600,0.99609375,1
E:\SIH\ira-wakeword\dataset\positive_all\piper_batch_A\212.wav,TTS,0,0.99609375,1
E:\SIH\ira-wakeword\dataset\positive_all\piper_batch_A\212.wav,TTS,100,0.99609375,1
E:\SIH\ira-wakeword\dataset\positive_all\piper_batch_A\212.wav,TTS,200,0.99609375,1
E:\SIH\ira-wakeword\dataset\positive_all\piper_batch_A\212.wav,TTS,300,0.99609375,1
E:\SIH\ira-wakeword\dataset\positive_all\piper_batch_A\212.wav,TTS,400,0.99609375,1
E:\SIH\ira-wakeword\dataset\positive_all\piper_batch_A\212.wav,TTS,500,0.99609375,1
E:\SIH\ira-wakeword\dataset\positive_all\piper_batch_A\226.wav,TTS,0,0.99609375,1
E:\SIH\ira-wakeword\dataset\positive_all\piper_batch_A\226.wav,TTS,100,0.99609375,1
E:\SIH\ira-wakeword\dataset\positive_all\piper_batch_A\226.wav,TTS,200,0.99609375,1
E:\SIH\ira-wakeword\dataset\positive_all\piper_batch_A\226.wav,TTS,300,0.99609375,1
E:\SIH\ira-wakeword\dataset\positive_all\piper_batch_A\226.wav,TTS,400,0.99609375,1
E:\SIH\ira-wakeword\dataset\positive_all\piper_batch_A\226.wav,TTS,500,0.99609375,1
E:\SIH\ira-wakeword\dataset\positive_all\piper_batch_A\230.wav,TTS,0,0.99609375,1
E:\SIH\ira-wakeword\dataset\positive_all\piper_batch_A\230.wav,TTS,100,0.99609375,1
E:\SIH\ira-wakeword\dataset\positive_all\piper_batch_A\230.wav,TTS,200,0.99609375,1
E:\SIH\ira-wakeword\dataset\positive_all\piper_batch_A\230.wav,TTS,300,0.99609375,1
E:\SIH\ira-wakeword\dataset\positive_all\piper_batch_A\230.wav,TTS,400,0.99609375,1
E:\SIH\ira-wakeword\dataset\positive_all\piper_batch_A\230.wav,TTS,500,0.99609375,1
E:\SIH\ira-wakeword\dataset\positive_all\piper_batch_A\231.wav,TTS,0,0.99609375,1
E:\SIH\ira-wakeword\dataset\positive_all\piper_batch_A\231.wav,TTS,100,0.99609375,1
E:\SIH\ira-wakeword\dataset\positive_all\piper_batch_A\231.wav,TTS,200,0.99609375,1
E:\SIH\ira-wakeword\dataset\positive_all\piper_batch_A\231.wav,TTS,300,0.99609375,1
E:\SIH\ira-wakeword\dataset\positive_all\piper_batch_A\231.wav,TTS,400,0.99609375,1
E:\SIH\ira-wakeword\dataset\positive_all\piper_batch_A\231.wav,TTS,500,0.99609375,1
E:\SIH\ira-wakeword\dataset\positive_all\piper_batch_A\231.wav,TTS,600,0.99609375,1
E:\SIH\ira-wakeword\dataset\positive_all\piper_batch_A\234.wav,TTS,0,0.99609375,1
E:\SIH\ira-wakeword\dataset\positive_all\piper_batch_A\234.wav,TTS,100,0.99609375,1
E:\SIH\ira-wakeword\dataset\positive_all\piper_batch_A\234.wav,TTS,200,0.99609375,1
E:\SIH\ira-wakeword\dataset\positive_all\piper_batch_A\234.wav,TTS,300,0.99609375,1
E:\SIH\ira-wakeword\dataset\positive_all\piper_batch_A\234.wav,TTS,400,0.99609375,1
E:\SIH\ira-wakeword\dataset\positive_all\piper_batch_A\234.wav,TTS,500,0.99609375,1
E:\SIH\ira-wakeword\dataset\positive_all\piper_batch_A\234.wav,TTS,600,0.99609375,1
E:\SIH\ira-wakeword\dataset\positive_all\piper_batch_A\245.wav,TTS,0,0.99609375,1
E:\SIH\ira-wakeword\dataset\positive_all\piper_batch_A\245.wav,TTS,100,0.99609375,1
E:\SIH\ira-wakeword\dataset\positive_all\piper_batch_A\245.wav,TTS,200,0.99609375,1
E:\SIH\ira-wakeword\dataset\positive_all\piper_batch_A\245.wav,TTS,300,0.99609375,1
E:\SIH\ira-wakeword\dataset\positive_all\piper_batch_A\245.wav,TTS,400,0.99609375,1
E:\SIH\ira-wakeword\dataset\positive_all\piper_batch_A\245.wav,TTS,500,0.99609375,1
E:\SIH\ira-wakeword\dataset\positive_all\piper_batch_A\245.wav,TTS,600,0.99609375,1
E:\SIH\ira-wakeword\dataset\positive_all\piper_batch_A\255.wav,TTS,0,0.99609375,1
E:\SIH\ira-wakeword\dataset\positive_all\piper_batch_A\255.wav,TTS,100,0.99609375,1
E:\SIH\ira-wakeword\dataset\positive_all\piper_batch_A\255.wav,TTS,200,0.99609375,1
E:\SIH\ira-wakeword\dataset\positive_all\piper_batch_A\255.wav,TTS,300,0.99609375,1
E:\SIH\ira-wakeword\dataset\positive_all\piper_batch_A\255.wav,TTS,400,0.99609375,1
E:\SIH\ira-wakeword\dataset\positive_all\piper_batch_A\255.wav,TTS,500,0.99609375,1
E:\SIH\ira-wakeword\dataset\positive_all\piper_batch_A\256.wav,TTS,0,0.99609375,1
E:\SIH\ira-wakeword\dataset\positive_all\piper_batch_A\256.wav,TTS,100,0.99609375,1
E:\SIH\ira-wakeword\dataset\positive_all\piper_batch_A\256.wav,TTS,200,0.99609375,1
E:\SIH\ira-wakeword\dataset\positive_all\piper_batch_A\256.wav,TTS,300,0.99609375,1
E:\SIH\ira-wakeword\dataset\positive_all\piper_batch_A\256.wav,TTS,400,0.99609375,1
E:\SIH\ira-wakeword\dataset\positive_all\piper_batch_A\256.wav,TTS,500,0.99609375,1
E:\SIH\ira-wakeword\dataset\positive_all\piper_batch_A\256.wav,TTS,600,0.99609375,1
E:\SIH\ira-wakeword\dataset\positive_all\piper_batch_A\28.wav,TTS,0,0.99609375,1
E:\SIH\ira-wakeword\dataset\positive_all\piper_batch_A\28.wav,TTS,100,0.99609375,1
E:\SIH\ira-wakeword\dataset\positive_all\piper_batch_A\28.wav,TTS,200,0.99609375,1
E:\SIH\ira-wakeword\dataset\positive_all\piper_batch_A\28.wav,TTS,300,0.99609375,1
E:\SIH\ira-wakeword\dataset\positive_all\piper_batch_A\28.wav,TTS,400,0.99609375,1
E:\SIH\ira-wakeword\dataset\positive_all\piper_batch_A\28.wav,TTS,500,0.99609375,1
E:\SIH\ira-wakeword\dataset\positive_all\piper_batch_A\28.wav,TTS,600,0.99609375,1
E:\SIH\ira-wakeword\dataset\positive_all\piper_batch_A\309.wav,TTS,0,0.99609375,1
E:\SIH\ira-wakeword\dataset\positive_all\piper_batch_A\309.wav,TTS,100,0.99609375,1
E:\SIH\ira-wakeword\dataset\positive_all\piper_batch_A\309.wav,TTS,200,0.99609375,1
E:\SIH\ira-wakeword\dataset\positive_all\piper_batch_A\309.wav,TTS,300,0.99609375,1
E:\SIH\ira-wakeword\dataset\positive_all\piper_batch_A\309.wav,TTS,400,0.99609375,1
E:\SIH\ira-wakeword\dataset\positive_all\piper_batch_A\309.wav,TTS,500,0.99609375,1
E:\SIH\ira-wakeword\dataset\positive_all\piper_batch_A\322.wav,TTS,0,0.99609375,1
E:\SIH\ira-wakeword\dataset\positive_all\piper_batch_A\322.wav,TTS,100,0.99609375,1
E:\SIH\ira-wakeword\dataset\positive_all\piper_batch_A\322.wav,TTS,200,0.99609375,1
E:\SIH\ira-wakeword\dataset\positive_all\piper_batch_A\322.wav,TTS,300,0.99609375,1
E:\SIH\ira-wakeword\dataset\positive_all\piper_batch_A\322.wav,TTS,400,0.99609375,1
E:\SIH\ira-wakeword\dataset\positive_all\piper_batch_A\322.wav,TTS,500,0.99609375,1
E:\SIH\ira-wakeword\dataset\positive_all\piper_batch_A\325.wav,TTS,0,0.99609375,1
E:\SIH\ira-wakeword\dataset\positive_all\piper_batch_A\325.wav,TTS,100,0.99609375,1
E:\SIH\ira-wakeword\dataset\positive_all\piper_batch_A\325.wav,TTS,200,0.99609375,1
E:\SIH\ira-wakeword\dataset\positive_all\piper_batch_A\325.wav,TTS,300,0.99609375,1
E:\SIH\ira-wakeword\dataset\positive_all\piper_batch_A\325.wav,TTS,400,0.99609375,1
E:\SIH\ira-wakeword\dataset\positive_all\piper_batch_A\325.wav,TTS,500,0.99609375,1
E:\SIH\ira-wakeword\dataset\positive_all\piper_batch_A\332.wav,TTS,0,0.99609375,1
E:\SIH\ira-wakeword\dataset\positive_all\piper_batch_A\332.wav,TTS,100,0.99609375,1
E:\SIH\ira-wakeword\dataset\positive_all\piper_batch_A\332.wav,TTS,200,0.99609375,1
E:\SIH\ira-wakeword\dataset\positive_all\piper_batch_A\332.wav,TTS,300,0.99609375,1
E:\SIH\ira-wakeword\dataset\positive_all\piper_batch_A\332.wav,TTS,400,0.99609375,1
E:\SIH\ira-wakeword\dataset\positive_all\piper_batch_A\332.wav,TTS,500,0.99609375,1
E:\SIH\ira-wakeword\dataset\positive_all\piper_batch_A\332.wav,TTS,600,0.99609375,1
E:\SIH\ira-wakeword\dataset\positive_all\piper_batch_A\374.wav,TTS,0,0.99609375,1
E:\SIH\ira-wakeword\dataset\positive_all\piper_batch_A\374.wav,TTS,100,0.99609375,1
E:\SIH\ira-wakeword\dataset\positive_all\piper_batch_A\374.wav,TTS,200,0.99609375,1
E:\SIH\ira-wakeword\dataset\positive_all\piper_batch_A\374.wav,TTS,300,0.99609375,1
E:\SIH\ira-wakeword\dataset\positive_all\piper_batch_A\374.wav,TTS,400,0.99609375,1
E:\SIH\ira-wakeword\dataset\positive_all\piper_batch_A\374.wav,TTS,500,0.99609375,1
E:\SIH\ira-wakeword\dataset\positive_all\piper_batch_A\374.wav,TTS,600,0.99609375,1
E:\SIH\ira-wakeword\dataset\positive_all\piper_batch_A\380.wav,TTS,0,0.99609375,1
E:\SIH\ira-wakeword\dataset\positive_all\piper_batch_A\380.wav,TTS,100,0.99609375,1
E:\SIH\ira-wakeword\dataset\positive_all\piper_batch_A\380.wav,TTS,200,0.99609375,1
E:\SIH\ira-wakeword\dataset\positive_all\piper_batch_A\380.wav,TTS,300,0.99609375,1
E:\SIH\ira-wakeword\dataset\positive_all\piper_batch_A\380.wav,TTS,400,0.99609375,1
E:\SIH\ira-wakeword\dataset\positive_all\piper_batch_A\380.wav,TTS,500,0.99609375,1
E:\SIH\ira-wakeword\dataset\positive_all\piper_batch_A\384.wav,TTS,0,0.99609375,1
E:\SIH\ira-wakeword\dataset\positive_all\piper_batch_A\384.wav,TTS,100,0.99609375,1
E:\SIH\ira-wakeword\dataset\positive_all\piper_batch_A\384.wav,TTS,200,0.99609375,1
E:\SIH\ira-wakeword\dataset\positive_all\piper_batch_A\384.wav,TTS,300,0.99609375,1
E:\SIH\ira-wakeword\dataset\positive_all\piper_batch_A\384.wav,TTS,400,0.99609375,1
E:\SIH\ira-wakeword\dataset\positive_all\piper_batch_A\384.wav,TTS,500,0.99609375,1
E:\SIH\ira-wakeword\dataset\positive_all\piper_batch_A\389.wav,TTS,0,0.99609375,1
E:\SIH\ira-wakeword\dataset\positive_all\piper_batch_A\389.wav,TTS,100,0.99609375,1
E:\SIH\ira-wakeword\dataset\positive_all\piper_batch_A\389.wav,TTS,200,0.99609375,1
E:\SIH\ira-wakeword\dataset\positive_all\piper_batch_A\389.wav,TTS,300,0.99609375,1
E:\SIH\ira-wakeword\dataset\positive_all\piper_batch_A\389.wav,TTS,400,0.99609375,1
E:\SIH\ira-wakeword\dataset\positive_all\piper_batch_A\389.wav,TTS,500,0.99609375,1
E:\SIH\ira-wakeword\dataset\positive_all\piper_batch_A\393.wav,TTS,0,0.99609375,1
E:\SIH\ira-wakeword\dataset\positive_all\piper_batch_A\393.wav,TTS,100,0.99609375,1
E:\SIH\ira-wakeword\dataset\positive_all\piper_batch_A\393.wav,TTS,200,0.99609375,1
E:\SIH\ira-wakeword\dataset\positive_all\piper_batch_A\393.wav,TTS,300,0.99609375,1
E:\SIH\ira-wakeword\dataset\positive_all\piper_batch_A\393.wav,TTS,400,0.99609375,1
E:\SIH\ira-wakeword\dataset\positive_all\piper_batch_A\393.wav,TTS,500,0.99609375,1
E:\SIH\ira-wakeword\dataset\positive_all\piper_batch_A\398.wav,TTS,0,0.99609375,1
E:\SIH\ira-wakeword\dataset\positive_all\piper_batch_A\398.wav,TTS,100,0.99609375,1
E:\SIH\ira-wakeword\dataset\positive_all\piper_batch_A\398.wav,TTS,200,0.99609375,1
E:\SIH\ira-wakeword\dataset\positive_all\piper_batch_A\398.wav,TTS,300,0.99609375,1
E:\SIH\ira-wakeword\dataset\positive_all\piper_batch_A\398.wav,TTS,400,0.99609375,1
E:\SIH\ira-wakeword\dataset\positive_all\piper_batch_A\398.wav,TTS,500,0.99609375,1
E:\SIH\ira-wakeword\dataset\positive_all\piper_batch_A\40.wav,TTS,0,0.99609375,1
E:\SIH\ira-wakeword\dataset\positive_all\piper_batch_A\40.wav,TTS,100,0.99609375,1
E:\SIH\ira-wakeword\dataset\positive_all\piper_batch_A\40.wav,TTS,200,0.99609375,1
E:\SIH\ira-wakeword\dataset\positive_all\piper_batch_A\40.wav,TTS,300,0.99609375,1
E:\SIH\ira-wakeword\dataset\positive_all\piper_batch_A\40.wav,TTS,400,0.99609375,1
E:\SIH\ira-wakeword\dataset\positive_all\piper_batch_A\40.wav,TTS,500,0.99609375,1
E:\SIH\ira-wakeword\dataset\positive_all\piper_batch_A\40.wav,TTS,600,0.99609375,1
E:\SIH\ira-wakeword\dataset\positive_all\piper_batch_A\401.wav,TTS,0,0.99609375,1
E:\SIH\ira-wakeword\dataset\positive_all\piper_batch_A\401.wav,TTS,100,0.99609375,1
E:\SIH\ira-wakeword\dataset\positive_all\piper_batch_A\401.wav,TTS,200,0.99609375,1
E:\SIH\ira-wakeword\dataset\positive_all\piper_batch_A\401.wav,TTS,300,0.99609375,1
E:\SIH\ira-wakeword\dataset\positive_all\piper_batch_A\401.wav,TTS,400,0.99609375,1
E:\SIH\ira-wakeword\dataset\positive_all\piper_batch_A\401.wav,TTS,500,0.99609375,1
E:\SIH\ira-wakeword\dataset\positive_all\piper_batch_A\401.wav,TTS,600,0.99609375,1
E:\SIH\ira-wakeword\dataset\positive_all\piper_batch_A\407.wav,TTS,0,0.99609375,1
E:\SIH\ira-wakeword\dataset\positive_all\piper_batch_A\407.wav,TTS,100,0.99609375,1
E:\SIH\ira-wakeword\dataset\positive_all\piper_batch_A\407.wav,TTS,200,0.99609375,1
E:\SIH\ira-wakeword\dataset\positive_all\piper_batch_A\407.wav,TTS,300,0.99609375,1
E:\SIH\ira-wakeword\dataset\positive_all\piper_batch_A\407.wav,TTS,400,0.99609375,1
E:\SIH\ira-wakeword\dataset\positive_all\piper_batch_A\407.wav,TTS,500,0.99609375,1
E:\SIH\ira-wakeword\dataset\positive_all\piper_batch_A\407.wav,TTS,600,0.99609375,1
E:\SIH\ira-wakeword\dataset\positive_all\piper_batch_A\419.wav,TTS,0,0.99609375,1
E:\SIH\ira-wakeword\dataset\positive_all\piper_batch_A\419.wav,TTS,100,0.99609375,1
E:\SIH\ira-wakeword\dataset\positive_all\piper_batch_A\419.wav,TTS,200,0.99609375,1
E:\SIH\ira-wakeword\dataset\positive_all\piper_batch_A\419.wav,TTS,300,0.99609375,1
E:\SIH\ira-wakeword\dataset\positive_all\piper_batch_A\419.wav,TTS,400,0.99609375,1
E:\SIH\ira-wakeword\dataset\positive_all\piper_batch_A\432.wav,TTS,0,0.99609375,1
E:\SIH\ira-wakeword\dataset\positive_all\piper_batch_A\432.wav,TTS,100,0.99609375,1
E:\SIH\ira-wakeword\dataset\positive_all\piper_batch_A\432.wav,TTS,200,0.99609375,1
E:\SIH\ira-wakeword\dataset\positive_all\piper_batch_A\432.wav,TTS,300,0.99609375,1
E:\SIH\ira-wakeword\dataset\positive_all\piper_batch_A\432.wav,TTS,400,0.99609375,1
E:\SIH\ira-wakeword\dataset\positive_all\piper_batch_A\432.wav,TTS,500,0.99609375,1
E:\SIH\ira-wakeword\dataset\positive_all\piper_batch_A\432.wav,TTS,600,0.99609375,1
E:\SIH\ira-wakeword\dataset\positive_all\piper_batch_A\444.wav,TTS,0,0.99609375,1
E:\SIH\ira-wakeword\dataset\positive_all\piper_batch_A\444.wav,TTS,100,0.99609375,1
E:\SIH\ira-wakeword\dataset\positive_all\piper_batch_A\444.wav,TTS,200,0.99609375,1
E:\SIH\ira-wakeword\dataset\positive_all\piper_batch_A\444.wav,TTS,300,0.99609375,1
E:\SIH\ira-wakeword\dataset\positive_all\piper_batch_A\444.wav,TTS,400,0.99609375,1
E:\SIH\ira-wakeword\dataset\positive_all\piper_batch_A\444.wav,TTS,500,0.99609375,1
E:\SIH\ira-wakeword\dataset\positive_all\piper_batch_A\444.wav,TTS,600,0.99609375,1
E:\SIH\ira-wakeword\dataset\positive_all\piper_batch_A\445.wav,TTS,0,0.99609375,1
E:\SIH\ira-wakeword\dataset\positive_all\piper_batch_A\445.wav,TTS,100,0.99609375,1
E:\SIH\ira-wakeword\dataset\positive_all\piper_batch_A\445.wav,TTS,200,0.99609375,1
E:\SIH\ira-wakeword\dataset\positive_all\piper_batch_A\445.wav,TTS,300,0.99609375,1
E:\SIH\ira-wakeword\dataset\positive_all\piper_batch_A\445.wav,TTS,400,0.99609375,1
E:\SIH\ira-wakeword\dataset\positive_all\piper_batch_A\445.wav,TTS,500,0.99609375,1
E:\SIH\ira-wakeword\dataset\positive_all\piper_batch_A\453.wav,TTS,0,0.99609375,1
E:\SIH\ira-wakeword\dataset\positive_all\piper_batch_A\453.wav,TTS,100,0.99609375,1
E:\SIH\ira-wakeword\dataset\positive_all\piper_batch_A\453.wav,TTS,200,0.99609375,1
E:\SIH\ira-wakeword\dataset\positive_all\piper_batch_A\453.wav,TTS,300,0.99609375,1
E:\SIH\ira-wakeword\dataset\positive_all\piper_batch_A\453.wav,TTS,400,0.99609375,1
E:\SIH\ira-wakeword\dataset\positive_all\piper_batch_A\453.wav,TTS,500,0.99609375,1
E:\SIH\ira-wakeword\dataset\positive_all\piper_batch_A\454.wav,TTS,0,0.99609375,1
E:\SIH\ira-wakeword\dataset\positive_all\piper_batch_A\454.wav,TTS,100,0.99609375,1
E:\SIH\ira-wakeword\dataset\positive_all\piper_batch_A\454.wav,TTS,200,0.99609375,1
E:\SIH\ira-wakeword\dataset\positive_all\piper_batch_A\454.wav,TTS,300,0.99609375,1
E:\SIH\ira-wakeword\dataset\positive_all\piper_batch_A\454.wav,TTS,400,0.99609375,1
E:\SIH\ira-wakeword\dataset\positive_all\piper_batch_A\454.wav,TTS,500,0.99609375,1
E:\SIH\ira-wakeword\dataset\positive_all\piper_batch_A\454.wav,TTS,600,0.99609375,1
E:\SIH\ira-wakeword\dataset\positive_all\piper_batch_A\470.wav,TTS,0,0.99609375,1
E:\SIH\ira-wakeword\dataset\positive_all\piper_batch_A\470.wav,TTS,100,0.99609375,1
E:\SIH\ira-wakeword\dataset\positive_all\piper_batch_A\470.wav,TTS,200,0.99609375,1
E:\SIH\ira-wakeword\dataset\positive_all\piper_batch_A\470.wav,TTS,300,0.99609375,1
E:\SIH\ira-wakeword\dataset\positive_all\piper_batch_A\470.wav,TTS,400,0.99609375,1
E:\SIH\ira-wakeword\dataset\positive_all\piper_batch_A\470.wav,TTS,500,0.99609375,1
E:\SIH\ira-wakeword\dataset\positive_all\piper_batch_A\471.wav,TTS,0,0.99609375,1
E:\SIH\ira-wakeword\dataset\positive_all\piper_batch_A\471.wav,TTS,100,0.99609375,1
E:\SIH\ira-wakeword\dataset\positive_all\piper_batch_A\471.wav,TTS,200,0.99609375,1
E:\SIH\ira-wakeword\dataset\positive_all\piper_batch_A\471.wav,TTS,300,0.99609375,1
E:\SIH\ira-wakeword\dataset\positive_all\piper_batch_A\471.wav,TTS,400,0.99609375,1
E:\SIH\ira-wakeword\dataset\positive_all\piper_batch_A\471.wav,TTS,500,0.99609375,1
E:\SIH\ira-wakeword\dataset\positive_all\piper_batch_A\476.wav,TTS,0,0.99609375,1
E:\SIH\ira-wakeword\dataset\positive_all\piper_batch_A\476.wav,TTS,100,0.99609375,1
E:\SIH\ira-wakeword\dataset\positive_all\piper_batch_A\476.wav,TTS,200,0.99609375,1
E:\SIH\ira-wakeword\dataset\positive_all\piper_batch_A\476.wav,TTS,300,0.99609375,1
E:\SIH\ira-wakeword\dataset\positive_all\piper_batch_A\476.wav,TTS,400,0.99609375,1
E:\SIH\ira-wakeword\dataset\positive_all\piper_batch_A\476.wav,TTS,500,0.99609375,1
E:\SIH\ira-wakeword\dataset\positive_all\piper_batch_A\481.wav,TTS,0,0.99609375,1
E:\SIH\ira-wakeword\dataset\positive_all\piper_batch_A\481.wav,TTS,100,0.99609375,1
E:\SIH\ira-wakeword\dataset\positive_all\piper_batch_A\481.wav,TTS,200,0.99609375,1
E:\SIH\ira-wakeword\dataset\positive_all\piper_batch_A\481.wav,TTS,300,0.99609375,1
E:\SIH\ira-wakeword\dataset\positive_all\piper_batch_A\481.wav,TTS,400,0.99609375,1
E:\SIH\ira-wakeword\dataset\positive_all\piper_batch_A\481.wav,TTS,500,0.99609375,1
E:\SIH\ira-wakeword\dataset\positive_all\piper_batch_A\481.wav,TTS,600,0.99609375,1
E:\SIH\ira-wakeword\dataset\positive_all\piper_batch_A\498.wav,TTS,0,0.99609375,1
E:\SIH\ira-wakeword\dataset\positive_all\piper_batch_A\498.wav,TTS,100,0.99609375,1
E:\SIH\ira-wakeword\dataset\positive_all\piper_batch_A\498.wav,TTS,200,0.99609375,1
E:\SIH\ira-wakeword\dataset\positive_all\piper_batch_A\498.wav,TTS,300,0.99609375,1
E:\SIH\ira-wakeword\dataset\positive_all\piper_batch_A\498.wav,TTS,400,0.99609375,1
E:\SIH\ira-wakeword\dataset\positive_all\piper_batch_A\498.wav,TTS,500,0.99609375,1
E:\SIH\ira-wakeword\dataset\positive_all\piper_batch_A\5.wav,TTS,0,0.99609375,1
E:\SIH\ira-wakeword\dataset\positive_all\piper_batch_A\5.wav,TTS,100,0.99609375,1
E:\SIH\ira-wakeword\dataset\positive_all\piper_batch_A\5.wav,TTS,200,0.99609375,1
E:\SIH\ira-wakeword\dataset\positive_all\piper_batch_A\5.wav,TTS,300,0.99609375,1
E:\SIH\ira-wakeword\dataset\positive_all\piper_batch_A\5.wav,TTS,400,0.99609375,1
E:\SIH\ira-wakeword\dataset\positive_all\piper_batch_A\5.wav,TTS,500,0.99609375,1
E:\SIH\ira-wakeword\dataset\positive_all\piper_batch_A\514.wav,TTS,0,0.99609375,1
E:\SIH\ira-wakeword\dataset\positive_all\piper_batch_A\514.wav,TTS,100,0.99609375,1
E:\SIH\ira-wakeword\dataset\positive_all\piper_batch_A\514.wav,TTS,200,0.99609375,1
E:\SIH\ira-wakeword\dataset\positive_all\piper_batch_A\514.wav,TTS,300,0.99609375,1
E:\SIH\ira-wakeword\dataset\positive_all\piper_batch_A\514.wav,TTS,400,0.99609375,1
E:\SIH\ira-wakeword\dataset\positive_all\piper_batch_A\514.wav,TTS,500,0.99609375,1
E:\SIH\ira-wakeword\dataset\positive_all\piper_batch_A\514.wav,TTS,600,0.99609375,1
E:\SIH\ira-wakeword\dataset\positive_all\piper_batch_A\520.wav,TTS,0,0.99609375,1
E:\SIH\ira-wakeword\dataset\positive_all\piper_batch_A\520.wav,TTS,100,0.99609375,1
E:\SIH\ira-wakeword\dataset\positive_all\piper_batch_A\520.wav,TTS,200,0.99609375,1
E:\SIH\ira-wakeword\dataset\positive_all\piper_batch_A\520.wav,TTS,300,0.99609375,1
E:\SIH\ira-wakeword\dataset\positive_all\piper_batch_A\520.wav,TTS,400,0.99609375,1
E:\SIH\ira-wakeword\dataset\positive_all\piper_batch_A\520.wav,TTS,500,0.99609375,1
E:\SIH\ira-wakeword\dataset\positive_all\piper_batch_A\527.wav,TTS,0,0.99609375,1
E:\SIH\ira-wakeword\dataset\positive_all\piper_batch_A\527.wav,TTS,100,0.99609375,1
E:\SIH\ira-wakeword\dataset\positive_all\piper_batch_A\527.wav,TTS,200,0.99609375,1
E:\SIH\ira-wakeword\dataset\positive_all\piper_batch_A\527.wav,TTS,300,0.99609375,1
E:\SIH\ira-wakeword\dataset\positive_all\piper_batch_A\527.wav,TTS,400,0.99609375,1
E:\SIH\ira-wakeword\dataset\positive_all\piper_batch_A\527.wav,TTS,500,0.99609375,1
E:\SIH\ira-wakeword\dataset\positive_all\piper_batch_A\527.wav,TTS,600,0.99609375,1
E:\SIH\ira-wakeword\dataset\positive_all\piper_batch_A\528.wav,TTS,0,0.99609375,1
E:\SIH\ira-wakeword\dataset\positive_all\piper_batch_A\528.wav,TTS,100,0.99609375,1
E:\SIH\ira-wakeword\dataset\positive_all\piper_batch_A\528.wav,TTS,200,0.99609375,1
E:\SIH\ira-wakeword\dataset\positive_all\piper_batch_A\528.wav,TTS,300,0.99609375,1
E:\SIH\ira-wakeword\dataset\positive_all\piper_batch_A\528.wav,TTS,400,0.99609375,1
E:\SIH\ira-wakeword\dataset\positive_all\piper_batch_A\528.wav,TTS,500,0.99609375,1
E:\SIH\ira-wakeword\dataset\positive_all\piper_batch_A\528.wav,TTS,600,0.99609375,1
E:\SIH\ira-wakeword\dataset\positive_all\piper_batch_A\530.wav,TTS,0,0.99609375,1
E:\SIH\ira-wakeword\dataset\positive_all\piper_batch_A\530.wav,TTS,100,0.99609375,1
E:\SIH\ira-wakeword\dataset\positive_all\piper_batch_A\530.wav,TTS,200,0.99609375,1
E:\SIH\ira-wakeword\dataset\positive_all\piper_batch_A\530.wav,TTS,300,0.99609375,1
E:\SIH\ira-wakeword\dataset\positive_all\piper_batch_A\530.wav,TTS,400,0.99609375,1
E:\SIH\ira-wakeword\dataset\positive_all\piper_batch_A\530.wav,TTS,500,0.99609375,1
E:\SIH\ira-wakeword\dataset\positive_all\piper_batch_A\530.wav,TTS,600,0.99609375,1
E:\SIH\ira-wakeword\dataset\positive_all\piper_batch_A\539.wav,TTS,0,0.99609375,1
E:\SIH\ira-wakeword\dataset\positive_all\piper_batch_A\539.wav,TTS,100,0.99609375,1
E:\SIH\ira-wakeword\dataset\positive_all\piper_batch_A\539.wav,TTS,200,0.99609375,1
E:\SIH\ira-wakeword\dataset\positive_all\piper_batch_A\539.wav,TTS,300,0.99609375,1
E:\SIH\ira-wakeword\dataset\positive_all\piper_batch_A\539.wav,TTS,400,0.99609375,1
E:\SIH\ira-wakeword\dataset\positive_all\piper_batch_A\539.wav,TTS,500,0.99609375,1
E:\SIH\ira-wakeword\dataset\positive_all\piper_batch_A\546.wav,TTS,0,0.99609375,1
E:\SIH\ira-wakeword\dataset\positive_all\piper_batch_A\546.wav,TTS,100,0.99609375,1
E:\SIH\ira-wakeword\dataset\positive_all\piper_batch_A\546.wav,TTS,200,0.99609375,1
E:\SIH\ira-wakeword\dataset\positive_all\piper_batch_A\546.wav,TTS,300,0.99609375,1
E:\SIH\ira-wakeword\dataset\positive_all\piper_batch_A\546.wav,TTS,400,0.99609375,1
E:\SIH\ira-wakeword\dataset\positive_all\piper_batch_A\546.wav,TTS,500,0.99609375,1
E:\SIH\ira-wakeword\dataset\positive_all\piper_batch_A\554.wav,TTS,0,0.99609375,1
E:\SIH\ira-wakeword\dataset\positive_all\piper_batch_A\554.wav,TTS,100,0.99609375,1
E:\SIH\ira-wakeword\dataset\positive_all\piper_batch_A\554.wav,TTS,200,0.99609375,1
E:\SIH\ira-wakeword\dataset\positive_all\piper_batch_A\554.wav,TTS,300,0.99609375,1
E:\SIH\ira-wakeword\dataset\positive_all\piper_batch_A\554.wav,TTS,400,0.99609375,1
E:\SIH\ira-wakeword\dataset\positive_all\piper_batch_A\554.wav,TTS,500,0.99609375,1
E:\SIH\ira-wakeword\dataset\positive_all\piper_batch_A\554.wav,TTS,600,0.99609375,1
E:\SIH\ira-wakeword\dataset\positive_all\piper_batch_A\56.wav,TTS,0,0.99609375,1
E:\SIH\ira-wakeword\dataset\positive_all\piper_batch_A\56.wav,TTS,100,0.99609375,1
E:\SIH\ira-wakeword\dataset\positive_all\piper_batch_A\56.wav,TTS,200,0.99609375,1
E:\SIH\ira-wakeword\dataset\positive_all\piper_batch_A\56.wav,TTS,300,0.99609375,1
E:\SIH\ira-wakeword\dataset\positive_all\piper_batch_A\56.wav,TTS,400,0.99609375,1
E:\SIH\ira-wakeword\dataset\positive_all\piper_batch_A\56.wav,TTS,500,0.99609375,1
E:\SIH\ira-wakeword\dataset\positive_all\piper_batch_A\564.wav,TTS,0,0.99609375,1
E:\SIH\ira-wakeword\dataset\positive_all\piper_batch_A\564.wav,TTS,100,0.99609375,1
E:\SIH\ira-wakeword\dataset\positive_all\piper_batch_A\564.wav,TTS,200,0.99609375,1
E:\SIH\ira-wakeword\dataset\positive_all\piper_batch_A\564.wav,TTS,300,0.99609375,1
E:\SIH\ira-wakeword\dataset\positive_all\piper_batch_A\564.wav,TTS,400,0.99609375,1
E:\SIH\ira-wakeword\dataset\positive_all\piper_batch_A\564.wav,TTS,500,0.99609375,1
E:\SIH\ira-wakeword\dataset\positive_all\piper_batch_A\576.wav,TTS,0,0.99609375,1
E:\SIH\ira-wakeword\dataset\positive_all\piper_batch_A\576.wav,TTS,100,0.99609375,1
E:\SIH\ira-wakeword\dataset\positive_all\piper_batch_A\576.wav,TTS,200,0.99609375,1
E:\SIH\ira-wakeword\dataset\positive_all\piper_batch_A\576.wav,TTS,300,0.99609375,1
E:\SIH\ira-wakeword\dataset\positive_all\piper_batch_A\576.wav,TTS,400,0.99609375,1
E:\SIH\ira-wakeword\dataset\positive_all\piper_batch_A\576.wav,TTS,500,0.99609375,1
E:\SIH\ira-wakeword\dataset\positive_all\piper_batch_A\576.wav,TTS,600,0.99609375,1
E:\SIH\ira-wakeword\dataset\positive_all\piper_batch_A\579.wav,TTS,0,0.99609375,1
E:\SIH\ira-wakeword\dataset\positive_all\piper_batch_A\579.wav,TTS,100,0.99609375,1
E:\SIH\ira-wakeword\dataset\positive_all\piper_batch_A\579.wav,TTS,200,0.99609375,1
E:\SIH\ira-wakeword\dataset\positive_all\piper_batch_A\579.wav,TTS,300,0.99609375,1
E:\SIH\ira-wakeword\dataset\positive_all\piper_batch_A\579.wav,TTS,400,0.99609375,1
E:\SIH\ira-wakeword\dataset\positive_all\piper_batch_A\579.wav,TTS,500,0.99609375,1
E:\SIH\ira-wakeword\dataset\positive_all\piper_batch_A\592.wav,TTS,0,0.99609375,1
E:\SIH\ira-wakeword\dataset\positive_all\piper_batch_A\592.wav,TTS,100,0.99609375,1
E:\SIH\ira-wakeword\dataset\positive_all\piper_batch_A\592.wav,TTS,200,0.99609375,1
E:\SIH\ira-wakeword\dataset\positive_all\piper_batch_A\592.wav,TTS,300,0.99609375,1
E:\SIH\ira-wakeword\dataset\positive_all\piper_batch_A\592.wav,TTS,400,0.99609375,1
E:\SIH\ira-wakeword\dataset\positive_all\piper_batch_A\592.wav,TTS,500,0.99609375,1
E:\SIH\ira-wakeword\dataset\positive_all\piper_batch_A\615.wav,TTS,0,0.99609375,1
E:\SIH\ira-wakeword\dataset\positive_all\piper_batch_A\615.wav,TTS,100,0.99609375,1
E:\SIH\ira-wakeword\dataset\positive_all\piper_batch_A\615.wav,TTS,200,0.99609375,1
E:\SIH\ira-wakeword\dataset\positive_all\piper_batch_A\615.wav,TTS,300,0.99609375,1
E:\SIH\ira-wakeword\dataset\positive_all\piper_batch_A\615.wav,TTS,400,0.99609375,1
E:\SIH\ira-wakeword\dataset\positive_all\piper_batch_A\615.wav,TTS,500,0.99609375,1
E:\SIH\ira-wakeword\dataset\positive_all\piper_batch_A\615.wav,TTS,600,0.99609375,1
E:\SIH\ira-wakeword\dataset\positive_all\piper_batch_A\619.wav,TTS,0,0.99609375,1
E:\SIH\ira-wakeword\dataset\positive_all\piper_batch_A\619.wav,TTS,100,0.99609375,1
E:\SIH\ira-wakeword\dataset\positive_all\piper_batch_A\619.wav,TTS,200,0.99609375,1
E:\SIH\ira-wakeword\dataset\positive_all\piper_batch_A\619.wav,TTS,300,0.99609375,1
E:\SIH\ira-wakeword\dataset\positive_all\piper_batch_A\619.wav,TTS,400,0.99609375,1
E:\SIH\ira-wakeword\dataset\positive_all\piper_batch_A\619.wav,TTS,500,0.99609375,1
E:\SIH\ira-wakeword\dataset\positive_all\piper_batch_A\62.wav,TTS,0,0.99609375,1
E:\SIH\ira-wakeword\dataset\positive_all\piper_batch_A\62.wav,TTS,100,0.99609375,1
E:\SIH\ira-wakeword\dataset\positive_all\piper_batch_A\62.wav,TTS,200,0.99609375,1
E:\SIH\ira-wakeword\dataset\positive_all\piper_batch_A\62.wav,TTS,300,0.99609375,1
E:\SIH\ira-wakeword\dataset\positive_all\piper_batch_A\62.wav,TTS,400,0.99609375,1
E:\SIH\ira-wakeword\dataset\positive_all\piper_batch_A\62.wav,TTS,500,0.99609375,1
E:\SIH\ira-wakeword\dataset\positive_all\piper_batch_A\62.wav,TTS,600,0.99609375,1
E:\SIH\ira-wakeword\dataset\positive_all\piper_batch_A\621.wav,TTS,0,0.99609375,1
E:\SIH\ira-wakeword\dataset\positive_all\piper_batch_A\621.wav,TTS,100,0.99609375,1
E:\SIH\ira-wakeword\dataset\positive_all\piper_batch_A\621.wav,TTS,200,0.99609375,1
E:\SIH\ira-wakeword\dataset\positive_all\piper_batch_A\621.wav,TTS,300,0.99609375,1
E:\SIH\ira-wakeword\dataset\positive_all\piper_batch_A\621.wav,TTS,400,0.99609375,1
E:\SIH\ira-wakeword\dataset\positive_all\piper_batch_A\621.wav,TTS,500,0.99609375,1
E:\SIH\ira-wakeword\dataset\positive_all\piper_batch_A\623.wav,TTS,0,0.99609375,1
E:\SIH\ira-wakeword\dataset\positive_all\piper_batch_A\623.wav,TTS,100,0.99609375,1
E:\SIH\ira-wakeword\dataset\positive_all\piper_batch_A\623.wav,TTS,200,0.99609375,1
E:\SIH\ira-wakeword\dataset\positive_all\piper_batch_A\623.wav,TTS,300,0.99609375,1
E:\SIH\ira-wakeword\dataset\positive_all\piper_batch_A\623.wav,TTS,400,0.99609375,1
E:\SIH\ira-wakeword\dataset\positive_all\piper_batch_A\623.wav,TTS,500,0.99609375,1
E:\SIH\ira-wakeword\dataset\positive_all\piper_batch_A\627.wav,TTS,0,0.99609375,1
E:\SIH\ira-wakeword\dataset\positive_all\piper_batch_A\627.wav,TTS,100,0.99609375,1
E:\SIH\ira-wakeword\dataset\positive_all\piper_batch_A\627.wav,TTS,200,0.99609375,1
E:\SIH\ira-wakeword\dataset\positive_all\piper_batch_A\627.wav,TTS,300,0.99609375,1
E:\SIH\ira-wakeword\dataset\positive_all\piper_batch_A\627.wav,TTS,400,0.99609375,1
E:\SIH\ira-wakeword\dataset\positive_all\piper_batch_A\627.wav,TTS,500,0.99609375,1
E:\SIH\ira-wakeword\dataset\positive_all\piper_batch_A\627.wav,TTS,600,0.99609375,1
E:\SIH\ira-wakeword\dataset\positive_all\piper_batch_A\650.wav,TTS,0,0.99609375,1
E:\SIH\ira-wakeword\dataset\positive_all\piper_batch_A\650.wav,TTS,100,0.99609375,1
E:\SIH\ira-wakeword\dataset\positive_all\piper_batch_A\650.wav,TTS,200,0.99609375,1
E:\SIH\ira-wakeword\dataset\positive_all\piper_batch_A\650.wav,TTS,300,0.99609375,1
E:\SIH\ira-wakeword\dataset\positive_all\piper_batch_A\650.wav,TTS,400,0.99609375,1
E:\SIH\ira-wakeword\dataset\positive_all\piper_batch_A\664.wav,TTS,0,0.99609375,1
E:\SIH\ira-wakeword\dataset\positive_all\piper_batch_A\664.wav,TTS,100,0.99609375,1
E:\SIH\ira-wakeword\dataset\positive_all\piper_batch_A\664.wav,TTS,200,0.99609375,1
E:\SIH\ira-wakeword\dataset\positive_all\piper_batch_A\664.wav,TTS,300,0.99609375,1
E:\SIH\ira-wakeword\dataset\positive_all\piper_batch_A\664.wav,TTS,400,0.99609375,1
E:\SIH\ira-wakeword\dataset\positive_all\piper_batch_A\664.wav,TTS,500,0.99609375,1
E:\SIH\ira-wakeword\dataset\positive_all\piper_batch_A\68.wav,TTS,0,0.99609375,1
E:\SIH\ira-wakeword\dataset\positive_all\piper_batch_A\68.wav,TTS,100,0.99609375,1
E:\SIH\ira-wakeword\dataset\positive_all\piper_batch_A\68.wav,TTS,200,0.99609375,1
E:\SIH\ira-wakeword\dataset\positive_all\piper_batch_A\68.wav,TTS,300,0.99609375,1
E:\SIH\ira-wakeword\dataset\positive_all\piper_batch_A\68.wav,TTS,400,0.99609375,1
E:\SIH\ira-wakeword\dataset\positive_all\piper_batch_A\68.wav,TTS,500,0.99609375,1
E:\SIH\ira-wakeword\dataset\positive_all\piper_batch_A\681.wav,TTS,0,0.99609375,1
E:\SIH\ira-wakeword\dataset\positive_all\piper_batch_A\681.wav,TTS,100,0.99609375,1
E:\SIH\ira-wakeword\dataset\positive_all\piper_batch_A\681.wav,TTS,200,0.99609375,1
E:\SIH\ira-wakeword\dataset\positive_all\piper_batch_A\681.wav,TTS,300,0.99609375,1
E:\SIH\ira-wakeword\dataset\positive_all\piper_batch_A\681.wav,TTS,400,0.99609375,1
E:\SIH\ira-wakeword\dataset\positive_all\piper_batch_A\681.wav,TTS,500,0.99609375,1
E:\SIH\ira-wakeword\dataset\positive_all\piper_batch_A\69.wav,TTS,0,0.99609375,1
E:\SIH\ira-wakeword\dataset\positive_all\piper_batch_A\69.wav,TTS,100,0.99609375,1
E:\SIH\ira-wakeword\dataset\positive_all\piper_batch_A\69.wav,TTS,200,0.99609375,1
E:\SIH\ira-wakeword\dataset\positive_all\piper_batch_A\69.wav,TTS,300,0.99609375,1
E:\SIH\ira-wakeword\dataset\positive_all\piper_batch_A\69.wav,TTS,400,0.99609375,1
E:\SIH\ira-wakeword\dataset\positive_all\piper_batch_A\69.wav,TTS,500,0.99609375,1
E:\SIH\ira-wakeword\dataset\positive_all\piper_batch_A\69.wav,TTS,600,0.99609375,1
E:\SIH\ira-wakeword\dataset\positive_all\piper_batch_A\707.wav,TTS,0,0.99609375,1
E:\SIH\ira-wakeword\dataset\positive_all\piper_batch_A\707.wav,TTS,100,0.99609375,1
E:\SIH\ira-wakeword\dataset\positive_all\piper_batch_A\707.wav,TTS,200,0.99609375,1
E:\SIH\ira-wakeword\dataset\positive_all\piper_batch_A\707.wav,TTS,300,0.99609375,1
E:\SIH\ira-wakeword\dataset\positive_all\piper_batch_A\707.wav,TTS,400,0.99609375,1
E:\SIH\ira-wakeword\dataset\positive_all\piper_batch_A\724.wav,TTS,0,0.99609375,1
E:\SIH\ira-wakeword\dataset\positive_all\piper_batch_A\724.wav,TTS,100,0.99609375,1
E:\SIH\ira-wakeword\dataset\positive_all\piper_batch_A\724.wav,TTS,200,0.99609375,1
E:\SIH\ira-wakeword\dataset\positive_all\piper_batch_A\724.wav,TTS,300,0.99609375,1
E:\SIH\ira-wakeword\dataset\positive_all\piper_batch_A\724.wav,TTS,400,0.99609375,1
E:\SIH\ira-wakeword\dataset\positive_all\piper_batch_A\724.wav,TTS,500,0.99609375,1
E:\SIH\ira-wakeword\dataset\positive_all\piper_batch_A\74.wav,TTS,0,0.99609375,1
E:\SIH\ira-wakeword\dataset\positive_all\piper_batch_A\74.wav,TTS,100,0.99609375,1
E:\SIH\ira-wakeword\dataset\positive_all\piper_batch_A\74.wav,TTS,200,0.99609375,1
E:\SIH\ira-wakeword\dataset\positive_all\piper_batch_A\74.wav,TTS,300,0.99609375,1
E:\SIH\ira-wakeword\dataset\positive_all\piper_batch_A\74.wav,TTS,400,0.99609375,1
E:\SIH\ira-wakeword\dataset\positive_all\piper_batch_A\74.wav,TTS,500,0.99609375,1
E:\SIH\ira-wakeword\dataset\positive_all\piper_batch_A\74.wav,TTS,600,0.99609375,1
E:\SIH\ira-wakeword\dataset\positive_all\piper_batch_A\742.wav,TTS,0,0.99609375,1
E:\SIH\ira-wakeword\dataset\positive_all\piper_batch_A\742.wav,TTS,100,0.99609375,1
E:\SIH\ira-wakeword\dataset\positive_all\piper_batch_A\742.wav,TTS,200,0.99609375,1
E:\SIH\ira-wakeword\dataset\positive_all\piper_batch_A\742.wav,TTS,300,0.99609375,1
E:\SIH\ira-wakeword\dataset\positive_all\piper_batch_A\742.wav,TTS,400,0.99609375,1
E:\SIH\ira-wakeword\dataset\positive_all\piper_batch_A\742.wav,TTS,500,0.99609375,1
E:\SIH\ira-wakeword\dataset\positive_all\piper_batch_A\742.wav,TTS,600,0.99609375,1
E:\SIH\ira-wakeword\dataset\positive_all\piper_batch_A\762.wav,TTS,0,0.99609375,1
E:\SIH\ira-wakeword\dataset\positive_all\piper_batch_A\762.wav,TTS,100,0.99609375,1
E:\SIH\ira-wakeword\dataset\positive_all\piper_batch_A\762.wav,TTS,200,0.99609375,1
E:\SIH\ira-wakeword\dataset\positive_all\piper_batch_A\762.wav,TTS,300,0.99609375,1
E:\SIH\ira-wakeword\dataset\positive_all\piper_batch_A\762.wav,TTS,400,0.99609375,1
E:\SIH\ira-wakeword\dataset\positive_all\piper_batch_A\762.wav,TTS,500,0.99609375,1
E:\SIH\ira-wakeword\dataset\positive_all\piper_batch_A\766.wav,TTS,0,0.99609375,1
E:\SIH\ira-wakeword\dataset\positive_all\piper_batch_A\766.wav,TTS,100,0.99609375,1
E:\SIH\ira-wakeword\dataset\positive_all\piper_batch_A\766.wav,TTS,200,0.99609375,1
E:\SIH\ira-wakeword\dataset\positive_all\piper_batch_A\766.wav,TTS,300,0.99609375,1
E:\SIH\ira-wakeword\dataset\positive_all\piper_batch_A\766.wav,TTS,400,0.99609375,1
E:\SIH\ira-wakeword\dataset\positive_all\piper_batch_A\767.wav,TTS,0,0.99609375,1
E:\SIH\ira-wakeword\dataset\positive_all\piper_batch_A\767.wav,TTS,100,0.99609375,1
E:\SIH\ira-wakeword\dataset\positive_all\piper_batch_A\767.wav,TTS,200,0.99609375,1
E:\SIH\ira-wakeword\dataset\positive_all\piper_batch_A\767.wav,TTS,300,0.99609375,1
E:\SIH\ira-wakeword\dataset\positive_all\piper_batch_A\767.wav,TTS,400,0.99609375,1
E:\SIH\ira-wakeword\dataset\positive_all\piper_batch_A\767.wav,TTS,500,0.99609375,1
E:\SIH\ira-wakeword\dataset\positive_all\piper_batch_A\798.wav,TTS,0,0.99609375,1
E:\SIH\ira-wakeword\dataset\positive_all\piper_batch_A\798.wav,TTS,100,0.99609375,1
E:\SIH\ira-wakeword\dataset\positive_all\piper_batch_A\798.wav,TTS,200,0.99609375,1
E:\SIH\ira-wakeword\dataset\positive_all\piper_batch_A\798.wav,TTS,300,0.99609375,1
E:\SIH\ira-wakeword\dataset\positive_all\piper_batch_A\798.wav,TTS,400,0.99609375,1
E:\SIH\ira-wakeword\dataset\positive_all\piper_batch_A\798.wav,TTS,500,0.99609375,1
E:\SIH\ira-wakeword\dataset\positive_all\piper_batch_A\798.wav,TTS,600,0.99609375,1
E:\SIH\ira-wakeword\dataset\positive_all\piper_batch_A\806.wav,TTS,0,0.99609375,1
E:\SIH\ira-wakeword\dataset\positive_all\piper_batch_A\806.wav,TTS,100,0.99609375,1
E:\SIH\ira-wakeword\dataset\positive_all\piper_batch_A\806.wav,TTS,200,0.99609375,1
E:\SIH\ira-wakeword\dataset\positive_all\piper_batch_A\806.wav,TTS,300,0.99609375,1
E:\SIH\ira-wakeword\dataset\positive_all\piper_batch_A\806.wav,TTS,400,0.99609375,1
E:\SIH\ira-wakeword\dataset\positive_all\piper_batch_A\806.wav,TTS,500,0.99609375,1
E:\SIH\ira-wakeword\dataset\positive_all\piper_batch_A\806.wav,TTS,600,0.99609375,1
E:\SIH\ira-wakeword\dataset\positive_all\piper_batch_A\807.wav,TTS,0,0.99609375,1
E:\SIH\ira-wakeword\dataset\positive_all\piper_batch_A\807.wav,TTS,100,0.99609375,1
E:\SIH\ira-wakeword\dataset\positive_all\piper_batch_A\807.wav,TTS,200,0.99609375,1
E:\SIH\ira-wakeword\dataset\positive_all\piper_batch_A\807.wav,TTS,300,0.99609375,1
E:\SIH\ira-wakeword\dataset\positive_all\piper_batch_A\807.wav,TTS,400,0.99609375,1
E:\SIH\ira-wakeword\dataset\positive_all\piper_batch_A\807.wav,TTS,500,0.99609375,1
E:\SIH\ira-wakeword\dataset\positive_all\piper_batch_A\814.wav,TTS,0,0.99609375,1
E:\SIH\ira-wakeword\dataset\positive_all\piper_batch_A\814.wav,TTS,100,0.99609375,1
E:\SIH\ira-wakeword\dataset\positive_all\piper_batch_A\814.wav,TTS,200,0.99609375,1
E:\SIH\ira-wakeword\dataset\positive_all\piper_batch_A\814.wav,TTS,300,0.99609375,1
E:\SIH\ira-wakeword\dataset\positive_all\piper_batch_A\814.wav,TTS,400,0.99609375,1
E:\SIH\ira-wakeword\dataset\positive_all\piper_batch_A\814.wav,TTS,500,0.99609375,1
E:\SIH\ira-wakeword\dataset\positive_all\piper_batch_A\814.wav,TTS,600,0.99609375,1
E:\SIH\ira-wakeword\dataset\positive_all\piper_batch_A\817.wav,TTS,0,0.99609375,1
E:\SIH\ira-wakeword\dataset\positive_all\piper_batch_A\817.wav,TTS,100,0.99609375,1
E:\SIH\ira-wakeword\dataset\positive_all\piper_batch_A\817.wav,TTS,200,0.99609375,1
E:\SIH\ira-wakeword\dataset\positive_all\piper_batch_A\817.wav,TTS,300,0.99609375,1
E:\SIH\ira-wakeword\dataset\positive_all\piper_batch_A\817.wav,TTS,400,0.99609375,1
E:\SIH\ira-wakeword\dataset\positive_all\piper_batch_A\817.wav,TTS,500,0.99609375,1
E:\SIH\ira-wakeword\dataset\positive_all\piper_batch_A\821.wav,TTS,0,0.99609375,1
E:\SIH\ira-wakeword\dataset\positive_all\piper_batch_A\821.wav,TTS,100,0.99609375,1
E:\SIH\ira-wakeword\dataset\positive_all\piper_batch_A\821.wav,TTS,200,0.99609375,1
E:\SIH\ira-wakeword\dataset\positive_all\piper_batch_A\821.wav,TTS,300,0.99609375,1
E:\SIH\ira-wakeword\dataset\positive_all\piper_batch_A\821.wav,TTS,400,0.99609375,1
E:\SIH\ira-wakeword\dataset\positive_all\piper_batch_A\821.wav,TTS,500,0.99609375,1
E:\SIH\ira-wakeword\dataset\positive_all\piper_batch_A\824.wav,TTS,0,0.99609375,1
E:\SIH\ira-wakeword\dataset\positive_all\piper_batch_A\824.wav,TTS,100,0.99609375,1
E:\SIH\ira-wakeword\dataset\positive_all\piper_batch_A\824.wav,TTS,200,0.99609375,1
E:\SIH\ira-wakeword\dataset\positive_all\piper_batch_A\824.wav,TTS,300,0.99609375,1
E:\SIH\ira-wakeword\dataset\positive_all\piper_batch_A\824.wav,TTS,400,0.99609375,1
E:\SIH\ira-wakeword\dataset\positive_all\piper_batch_A\824.wav,TTS,500,0.99609375,1
E:\SIH\ira-wakeword\dataset\positive_all\piper_batch_A\85.wav,TTS,0,0.99609375,1
E:\SIH\ira-wakeword\dataset\positive_all\piper_batch_A\85.wav,TTS,100,0.99609375,1
E:\SIH\ira-wakeword\dataset\positive_all\piper_batch_A\85.wav,TTS,200,0.99609375,1
E:\SIH\ira-wakeword\dataset\positive_all\piper_batch_A\85.wav,TTS,300,0.99609375,1
E:\SIH\ira-wakeword\dataset\positive_all\piper_batch_A\85.wav,TTS,400,0.99609375,1
E:\SIH\ira-wakeword\dataset\positive_all\piper_batch_A\85.wav,TTS,500,0.99609375,1
E:\SIH\ira-wakeword\dataset\positive_all\piper_batch_A\857.wav,TTS,0,0.99609375,1
E:\SIH\ira-wakeword\dataset\positive_all\piper_batch_A\857.wav,TTS,100,0.99609375,1
E:\SIH\ira-wakeword\dataset\positive_all\piper_batch_A\857.wav,TTS,200,0.99609375,1
E:\SIH\ira-wakeword\dataset\positive_all\piper_batch_A\857.wav,TTS,300,0.99609375,1
E:\SIH\ira-wakeword\dataset\positive_all\piper_batch_A\857.wav,TTS,400,0.99609375,1
E:\SIH\ira-wakeword\dataset\positive_all\piper_batch_A\857.wav,TTS,500,0.99609375,1
E:\SIH\ira-wakeword\dataset\positive_all\piper_batch_A\867.wav,TTS,0,0.99609375,1
E:\SIH\ira-wakeword\dataset\positive_all\piper_batch_A\867.wav,TTS,100,0.99609375,1
E:\SIH\ira-wakeword\dataset\positive_all\piper_batch_A\867.wav,TTS,200,0.99609375,1
E:\SIH\ira-wakeword\dataset\positive_all\piper_batch_A\867.wav,TTS,300,0.99609375,1
E:\SIH\ira-wakeword\dataset\positive_all\piper_batch_A\867.wav,TTS,400,0.99609375,1
E:\SIH\ira-wakeword\dataset\positive_all\piper_batch_A\867.wav,TTS,500,0.99609375,1
E:\SIH\ira-wakeword\dataset\positive_all\piper_batch_A\867.wav,TTS,600,0.99609375,1
E:\SIH\ira-wakeword\dataset\positive_all\piper_batch_A\880.wav,TTS,0,0.99609375,1
E:\SIH\ira-wakeword\dataset\positive_all\piper_batch_A\880.wav,TTS,100,0.99609375,1
E:\SIH\ira-wakeword\dataset\positive_all\piper_batch_A\880.wav,TTS,200,0.99609375,1
E:\SIH\ira-wakeword\dataset\positive_all\piper_batch_A\880.wav,TTS,300,0.99609375,1
E:\SIH\ira-wakeword\dataset\positive_all\piper_batch_A\880.wav,TTS,400,0.99609375,1
E:\SIH\ira-wakeword\dataset\positive_all\piper_batch_A\880.wav,TTS,500,0.99609375,1
E:\SIH\ira-wakeword\dataset\positive_all\piper_batch_A\880.wav,TTS,600,0.99609375,1
E:\SIH\ira-wakeword\dataset\positive_all\piper_batch_A\889.wav,TTS,0,0.99609375,1
E:\SIH\ira-wakeword\dataset\positive_all\piper_batch_A\889.wav,TTS,100,0.99609375,1
E:\SIH\ira-wakeword\dataset\positive_all\piper_batch_A\889.wav,TTS,200,0.99609375,1
E:\SIH\ira-wakeword\dataset\positive_all\piper_batch_A\889.wav,TTS,300,0.99609375,1
E:\SIH\ira-wakeword\dataset\positive_all\piper_batch_A\889.wav,TTS,400,0.99609375,1
E:\SIH\ira-wakeword\dataset\positive_all\piper_batch_A\889.wav,TTS,500,0.99609375,1
E:\SIH\ira-wakeword\dataset\positive_all\piper_batch_A\896.wav,TTS,0,0.99609375,1
E:\SIH\ira-wakeword\dataset\positive_all\piper_batch_A\896.wav,TTS,100,0.99609375,1
E:\SIH\ira-wakeword\dataset\positive_all\piper_batch_A\896.wav,TTS,200,0.99609375,1
E:\SIH\ira-wakeword\dataset\positive_all\piper_batch_A\896.wav,TTS,300,0.99609375,1
E:\SIH\ira-wakeword\dataset\positive_all\piper_batch_A\896.wav,TTS,400,0.99609375,1
E:\SIH\ira-wakeword\dataset\positive_all\piper_batch_A\896.wav,TTS,500,0.99609375,1
E:\SIH\ira-wakeword\dataset\positive_all\piper_batch_A\896.wav,TTS,600,0.99609375,1
E:\SIH\ira-wakeword\dataset\positive_all\piper_batch_A\901.wav,TTS,0,0.99609375,1
E:\SIH\ira-wakeword\dataset\positive_all\piper_batch_A\901.wav,TTS,100,0.99609375,1
E:\SIH\ira-wakeword\dataset\positive_all\piper_batch_A\901.wav,TTS,200,0.99609375,1
E:\SIH\ira-wakeword\dataset\positive_all\piper_batch_A\901.wav,TTS,300,0.99609375,1
E:\SIH\ira-wakeword\dataset\positive_all\piper_batch_A\901.wav,TTS,400,0.99609375,1
E:\SIH\ira-wakeword\dataset\positive_all\piper_batch_A\901.wav,TTS,500,0.99609375,1
E:\SIH\ira-wakeword\dataset\positive_all\piper_batch_A\901.wav,TTS,600,0.99609375,1
E:\SIH\ira-wakeword\dataset\positive_all\piper_batch_A\914.wav,TTS,0,0.99609375,1
E:\SIH\ira-wakeword\dataset\positive_all\piper_batch_A\914.wav,TTS,100,0.99609375,1
E:\SIH\ira-wakeword\dataset\positive_all\piper_batch_A\914.wav,TTS,200,0.99609375,1
E:\SIH\ira-wakeword\dataset\positive_all\piper_batch_A\914.wav,TTS,300,0.99609375,1
E:\SIH\ira-wakeword\dataset\positive_all\piper_batch_A\914.wav,TTS,400,0.99609375,1
E:\SIH\ira-wakeword\dataset\positive_all\piper_batch_A\914.wav,TTS,500,0.99609375,1
E:\SIH\ira-wakeword\dataset\positive_all\piper_batch_A\914.wav,TTS,600,0.99609375,1
E:\SIH\ira-wakeword\dataset\positive_all\piper_batch_A\92.wav,TTS,0,0.99609375,1
E:\SIH\ira-wakeword\dataset\positive_all\piper_batch_A\92.wav,TTS,100,0.99609375,1
E:\SIH\ira-wakeword\dataset\positive_all\piper_batch_A\92.wav,TTS,200,0.99609375,1
E:\SIH\ira-wakeword\dataset\positive_all\piper_batch_A\92.wav,TTS,300,0.99609375,1
E:\SIH\ira-wakeword\dataset\positive_all\piper_batch_A\92.wav,TTS,400,0.99609375,1
E:\SIH\ira-wakeword\dataset\positive_all\piper_batch_A\92.wav,TTS,500,0.99609375,1
E:\SIH\ira-wakeword\dataset\positive_all\piper_batch_A\92.wav,TTS,600,0.99609375,1
E:\SIH\ira-wakeword\dataset\positive_all\piper_batch_A\920.wav,TTS,0,0.99609375,1
E:\SIH\ira-wakeword\dataset\positive_all\piper_batch_A\920.wav,TTS,100,0.99609375,1
E:\SIH\ira-wakeword\dataset\positive_all\piper_batch_A\920.wav,TTS,200,0.99609375,1
E:\SIH\ira-wakeword\dataset\positive_all\piper_batch_A\920.wav,TTS,300,0.99609375,1
E:\SIH\ira-wakeword\dataset\positive_all\piper_batch_A\920.wav,TTS,400,0.99609375,1
E:\SIH\ira-wakeword\dataset\positive_all\piper_batch_A\920.wav,TTS,500,0.99609375,1
E:\SIH\ira-wakeword\dataset\positive_all\piper_batch_A\928.wav,TTS,0,0.99609375,1
E:\SIH\ira-wakeword\dataset\positive_all\piper_batch_A\928.wav,TTS,100,0.99609375,1
E:\SIH\ira-wakeword\dataset\positive_all\piper_batch_A\928.wav,TTS,200,0.99609375,1
E:\SIH\ira-wakeword\dataset\positive_all\piper_batch_A\928.wav,TTS,300,0.99609375,1
E:\SIH\ira-wakeword\dataset\positive_all\piper_batch_A\928.wav,TTS,400,0.99609375,1
E:\SIH\ira-wakeword\dataset\positive_all\piper_batch_A\928.wav,TTS,500,0.99609375,1
E:\SIH\ira-wakeword\dataset\positive_all\piper_batch_A\928.wav,TTS,600,0.99609375,1
E:\SIH\ira-wakeword\dataset\positive_all\piper_batch_A\931.wav,TTS,0,0.99609375,1
E:\SIH\ira-wakeword\dataset\positive_all\piper_batch_A\931.wav,TTS,100,0.99609375,1
E:\SIH\ira-wakeword\dataset\positive_all\piper_batch_A\931.wav,TTS,200,0.99609375,1
E:\SIH\ira-wakeword\dataset\positive_all\piper_batch_A\931.wav,TTS,300,0.99609375,1
E:\SIH\ira-wakeword\dataset\positive_all\piper_batch_A\931.wav,TTS,400,0.99609375,1
E:\SIH\ira-wakeword\dataset\positive_all\piper_batch_A\931.wav,TTS,500,0.99609375,1
E:\SIH\ira-wakeword\dataset\positive_all\piper_batch_A\931.wav,TTS,600,0.99609375,1
E:\SIH\ira-wakeword\dataset\positive_all\piper_batch_A\934.wav,TTS,0,0.99609375,1
E:\SIH\ira-wakeword\dataset\positive_all\piper_batch_A\934.wav,TTS,100,0.99609375,1
E:\SIH\ira-wakeword\dataset\positive_all\piper_batch_A\934.wav,TTS,200,0.99609375,1
E:\SIH\ira-wakeword\dataset\positive_all\piper_batch_A\934.wav,TTS,300,0.99609375,1
E:\SIH\ira-wakeword\dataset\positive_all\piper_batch_A\934.wav,TTS,400,0.99609375,1
E:\SIH\ira-wakeword\dataset\positive_all\piper_batch_A\934.wav,TTS,500,0.99609375,1
E:\SIH\ira-wakeword\dataset\positive_all\piper_batch_A\934.wav,TTS,600,0.99609375,1
E:\SIH\ira-wakeword\dataset\positive_all\piper_batch_A\944.wav,TTS,0,0.99609375,1
E:\SIH\ira-wakeword\dataset\positive_all\piper_batch_A\944.wav,TTS,100,0.99609375,1
E:\SIH\ira-wakeword\dataset\positive_all\piper_batch_A\944.wav,TTS,200,0.99609375,1
E:\SIH\ira-wakeword\dataset\positive_all\piper_batch_A\944.wav,TTS,300,0.99609375,1
E:\SIH\ira-wakeword\dataset\positive_all\piper_batch_A\944.wav,TTS,400,0.99609375,1
E:\SIH\ira-wakeword\dataset\positive_all\piper_batch_A\944.wav,TTS,500,0.99609375,1
E:\SIH\ira-wakeword\dataset\positive_all\piper_batch_A\95.wav,TTS,0,0.99609375,1
E:\SIH\ira-wakeword\dataset\positive_all\piper_batch_A\95.wav,TTS,100,0.99609375,1
E:\SIH\ira-wakeword\dataset\positive_all\piper_batch_A\95.wav,TTS,200,0.99609375,1
E:\SIH\ira-wakeword\dataset\positive_all\piper_batch_A\95.wav,TTS,300,0.99609375,1
E:\SIH\ira-wakeword\dataset\positive_all\piper_batch_A\95.wav,TTS,400,0.99609375,1
E:\SIH\ira-wakeword\dataset\positive_all\piper_batch_A\95.wav,TTS,500,0.99609375,1
E:\SIH\ira-wakeword\dataset\positive_all\piper_batch_A\962.wav,TTS,0,0.99609375,1
E:\SIH\ira-wakeword\dataset\positive_all\piper_batch_A\962.wav,TTS,100,0.99609375,1
E:\SIH\ira-wakeword\dataset\positive_all\piper_batch_A\962.wav,TTS,200,0.99609375,1
E:\SIH\ira-wakeword\dataset\positive_all\piper_batch_A\962.wav,TTS,300,0.99609375,1
E:\SIH\ira-wakeword\dataset\positive_all\piper_batch_A\962.wav,TTS,400,0.99609375,1
E:\SIH\ira-wakeword\dataset\positive_all\piper_batch_A\962.wav,TTS,500,0.99609375,1
E:\SIH\ira-wakeword\dataset\positive_all\piper_batch_A\962.wav,TTS,600,0.99609375,1
E:\SIH\ira-wakeword\dataset\positive_all\piper_batch_A\978.wav,TTS,0,0.99609375,1
E:\SIH\ira-wakeword\dataset\positive_all\piper_batch_A\978.wav,TTS,100,0.99609375,1
E:\SIH\ira-wakeword\dataset\positive_all\piper_batch_A\978.wav,TTS,200,0.99609375,1
E:\SIH\ira-wakeword\dataset\positive_all\piper_batch_A\978.wav,TTS,300,0.99609375,1
E:\SIH\ira-wakeword\dataset\positive_all\piper_batch_A\978.wav,TTS,400,0.99609375,1
E:\SIH\ira-wakeword\dataset\positive_all\piper_batch_A\978.wav,TTS,500,0.99609375,1
E:\SIH\ira-wakeword\dataset\positive_all\piper_batch_A\996.wav,TTS,0,0.99609375,1
E:\SIH\ira-wakeword\dataset\positive_all\piper_batch_A\996.wav,TTS,100,0.99609375,1
E:\SIH\ira-wakeword\dataset\positive_all\piper_batch_A\996.wav,TTS,200,0.99609375,1
E:\SIH\ira-wakeword\dataset\positive_all\piper_batch_A\996.wav,TTS,300,0.99609375,1
E:\SIH\ira-wakeword\dataset\positive_all\piper_batch_A\996.wav,TTS,400,0.99609375,1
E:\SIH\ira-wakeword\dataset\positive_all\piper_batch_A\996.wav,TTS,500,0.99609375,1
E:\SIH\ira-wakeword\dataset\positive_all\piper_batch_B\1010.wav,TTS,0,0.99609375,1
E:\SIH\ira-wakeword\dataset\positive_all\piper_batch_B\1010.wav,TTS,100,0.99609375,1
E:\SIH\ira-wakeword\dataset\positive_all\piper_batch_B\1010.wav,TTS,200,0.99609375,1
E:\SIH\ira-wakeword\dataset\positive_all\piper_batch_B\1010.wav,TTS,300,0.99609375,1
E:\SIH\ira-wakeword\dataset\positive_all\piper_batch_B\1010.wav,TTS,400,0.99609375,1
E:\SIH\ira-wakeword\dataset\positive_all\piper_batch_B\1010.wav,TTS,500,0.99609375,1
E:\SIH\ira-wakeword\dataset\positive_all\piper_batch_B\1012.wav,TTS,0,0.99609375,1
E:\SIH\ira-wakeword\dataset\positive_all\piper_batch_B\1012.wav,TTS,100,0.99609375,1
E:\SIH\ira-wakeword\dataset\positive_all\piper_batch_B\1012.wav,TTS,200,0.99609375,1
E:\SIH\ira-wakeword\dataset\positive_all\piper_batch_B\1012.wav,TTS,300,0.99609375,1
E:\SIH\ira-wakeword\dataset\positive_all\piper_batch_B\1012.wav,TTS,400,0.99609375,1
E:\SIH\ira-wakeword\dataset\positive_all\piper_batch_B\1012.wav,TTS,500,0.99609375,1
E:\SIH\ira-wakeword\dataset\positive_all\piper_batch_B\1012.wav,TTS,600,0.99609375,1
E:\SIH\ira-wakeword\dataset\positive_all\piper_batch_B\1013.wav,TTS,0,0.99609375,1
E:\SIH\ira-wakeword\dataset\positive_all\piper_batch_B\1013.wav,TTS,100,0.99609375,1
E:\SIH\ira-wakeword\dataset\positive_all\piper_batch_B\1013.wav,TTS,200,0.99609375,1
E:\SIH\ira-wakeword\dataset\positive_all\piper_batch_B\1013.wav,TTS,300,0.99609375,1
E:\SIH\ira-wakeword\dataset\positive_all\piper_batch_B\1013.wav,TTS,400,0.99609375,1
E:\SIH\ira-wakeword\dataset\positive_all\piper_batch_B\1013.wav,TTS,500,0.99609375,1
E:\SIH\ira-wakeword\dataset\positive_all\piper_batch_B\1013.wav,TTS,600,0.99609375,1
E:\SIH\ira-wakeword\dataset\positive_all\piper_batch_B\1034.wav,TTS,0,0.99609375,1
E:\SIH\ira-wakeword\dataset\positive_all\piper_batch_B\1034.wav,TTS,100,0.99609375,1
E:\SIH\ira-wakeword\dataset\positive_all\piper_batch_B\1034.wav,TTS,200,0.99609375,1
E:\SIH\ira-wakeword\dataset\positive_all\piper_batch_B\1034.wav,TTS,300,0.99609375,1
E:\SIH\ira-wakeword\dataset\positive_all\piper_batch_B\1034.wav,TTS,400,0.99609375,1
E:\SIH\ira-wakeword\dataset\positive_all\piper_batch_B\1034.wav,TTS,500,0.99609375,1
E:\SIH\ira-wakeword\dataset\positive_all\piper_batch_B\1048.wav,TTS,0,0.99609375,1
E:\SIH\ira-wakeword\dataset\positive_all\piper_batch_B\1048.wav,TTS,100,0.99609375,1
E:\SIH\ira-wakeword\dataset\positive_all\piper_batch_B\1048.wav,TTS,200,0.99609375,1
E:\SIH\ira-wakeword\dataset\positive_all\piper_batch_B\1048.wav,TTS,300,0.99609375,1
E:\SIH\ira-wakeword\dataset\positive_all\piper_batch_B\1048.wav,TTS,400,0.99609375,1
E:\SIH\ira-wakeword\dataset\positive_all\piper_batch_B\1048.wav,TTS,500,0.99609375,1
E:\SIH\ira-wakeword\dataset\positive_all\piper_batch_B\1048.wav,TTS,600,0.99609375,1
E:\SIH\ira-wakeword\dataset\positive_all\piper_batch_B\1050.wav,TTS,0,0.99609375,1
E:\SIH\ira-wakeword\dataset\positive_all\piper_batch_B\1050.wav,TTS,100,0.99609375,1
E:\SIH\ira-wakeword\dataset\positive_all\piper_batch_B\1050.wav,TTS,200,0.99609375,1
E:\SIH\ira-wakeword\dataset\positive_all\piper_batch_B\1050.wav,TTS,300,0.99609375,1
E:\SIH\ira-wakeword\dataset\positive_all\piper_batch_B\1050.wav,TTS,400,0.99609375,1
E:\SIH\ira-wakeword\dataset\positive_all\piper_batch_B\1050.wav,TTS,500,0.99609375,1
E:\SIH\ira-wakeword\dataset\positive_all\piper_batch_B\1050.wav,TTS,600,0.99609375,1
E:\SIH\ira-wakeword\dataset\positive_all\piper_batch_B\1053.wav,TTS,0,0.99609375,1
E:\SIH\ira-wakeword\dataset\positive_all\piper_batch_B\1053.wav,TTS,100,0.99609375,1
E:\SIH\ira-wakeword\dataset\positive_all\piper_batch_B\1053.wav,TTS,200,0.99609375,1
E:\SIH\ira-wakeword\dataset\positive_all\piper_batch_B\1053.wav,TTS,300,0.99609375,1
E:\SIH\ira-wakeword\dataset\positive_all\piper_batch_B\1053.wav,TTS,400,0.99609375,1
E:\SIH\ira-wakeword\dataset\positive_all\piper_batch_B\1053.wav,TTS,500,0.99609375,1
E:\SIH\ira-wakeword\dataset\positive_all\piper_batch_B\1053.wav,TTS,600,0.99609375,1
E:\SIH\ira-wakeword\dataset\positive_all\piper_batch_B\1058.wav,TTS,0,0.99609375,1
E:\SIH\ira-wakeword\dataset\positive_all\piper_batch_B\1058.wav,TTS,100,0.99609375,1
E:\SIH\ira-wakeword\dataset\positive_all\piper_batch_B\1058.wav,TTS,200,0.99609375,1
E:\SIH\ira-wakeword\dataset\positive_all\piper_batch_B\1058.wav,TTS,300,0.99609375,1
E:\SIH\ira-wakeword\dataset\positive_all\piper_batch_B\1058.wav,TTS,400,0.99609375,1
E:\SIH\ira-wakeword\dataset\positive_all\piper_batch_B\1058.wav,TTS,500,0.99609375,1
E:\SIH\ira-wakeword\dataset\positive_all\piper_batch_B\1066.wav,TTS,0,0.99609375,1
E:\SIH\ira-wakeword\dataset\positive_all\piper_batch_B\1066.wav,TTS,100,0.99609375,1
E:\SIH\ira-wakeword\dataset\positive_all\piper_batch_B\1066.wav,TTS,200,0.99609375,1
E:\SIH\ira-wakeword\dataset\positive_all\piper_batch_B\1066.wav,TTS,300,0.99609375,1
E:\SIH\ira-wakeword\dataset\positive_all\piper_batch_B\1066.wav,TTS,400,0.99609375,1
E:\SIH\ira-wakeword\dataset\positive_all\piper_batch_B\1066.wav,TTS,500,0.99609375,1
E:\SIH\ira-wakeword\dataset\positive_all\piper_batch_B\1069.wav,TTS,0,0.99609375,1
E:\SIH\ira-wakeword\dataset\positive_all\piper_batch_B\1069.wav,TTS,100,0.99609375,1
E:\SIH\ira-wakeword\dataset\positive_all\piper_batch_B\1069.wav,TTS,200,0.99609375,1
E:\SIH\ira-wakeword\dataset\positive_all\piper_batch_B\1069.wav,TTS,300,0.99609375,1
E:\SIH\ira-wakeword\dataset\positive_all\piper_batch_B\1069.wav,TTS,400,0.99609375,1
E:\SIH\ira-wakeword\dataset\positive_all\piper_batch_B\1069.wav,TTS,500,0.99609375,1
E:\SIH\ira-wakeword\dataset\positive_all\piper_batch_B\1088.wav,TTS,0,0.99609375,1
E:\SIH\ira-wakeword\dataset\positive_all\piper_batch_B\1088.wav,TTS,100,0.99609375,1
E:\SIH\ira-wakeword\dataset\positive_all\piper_batch_B\1088.wav,TTS,200,0.99609375,1
E:\SIH\ira-wakeword\dataset\positive_all\piper_batch_B\1088.wav,TTS,300,0.99609375,1
E:\SIH\ira-wakeword\dataset\positive_all\piper_batch_B\1088.wav,TTS,400,0.99609375,1
E:\SIH\ira-wakeword\dataset\positive_all\piper_batch_B\1089.wav,TTS,0,0.99609375,1
E:\SIH\ira-wakeword\dataset\positive_all\piper_batch_B\1089.wav,TTS,100,0.99609375,1
E:\SIH\ira-wakeword\dataset\positive_all\piper_batch_B\1089.wav,TTS,200,0.99609375,1
E:\SIH\ira-wakeword\dataset\positive_all\piper_batch_B\1089.wav,TTS,300,0.99609375,1
E:\SIH\ira-wakeword\dataset\positive_all\piper_batch_B\1089.wav,TTS,400,0.99609375,1
E:\SIH\ira-wakeword\dataset\positive_all\piper_batch_B\1090.wav,TTS,0,0.99609375,1
E:\SIH\ira-wakeword\dataset\positive_all\piper_batch_B\1090.wav,TTS,100,0.99609375,1
E:\SIH\ira-wakeword\dataset\positive_all\piper_batch_B\1090.wav,TTS,200,0.99609375,1
E:\SIH\ira-wakeword\dataset\positive_all\piper_batch_B\1090.wav,TTS,300,0.99609375,1
E:\SIH\ira-wakeword\dataset\positive_all\piper_batch_B\1090.wav,TTS,400,0.99609375,1
E:\SIH\ira-wakeword\dataset\positive_all\piper_batch_B\1100.wav,TTS,0,0.99609375,1
E:\SIH\ira-wakeword\dataset\positive_all\piper_batch_B\1100.wav,TTS,100,0.99609375,1
E:\SIH\ira-wakeword\dataset\positive_all\piper_batch_B\1100.wav,TTS,200,0.99609375,1
E:\SIH\ira-wakeword\dataset\positive_all\piper_batch_B\1100.wav,TTS,300,0.99609375,1
E:\SIH\ira-wakeword\dataset\positive_all\piper_batch_B\1100.wav,TTS,400,0.99609375,1
E:\SIH\ira-wakeword\dataset\positive_all\piper_batch_B\1100.wav,TTS,500,0.99609375,1
E:\SIH\ira-wakeword\dataset\positive_all\piper_batch_B\1100.wav,TTS,600,0.99609375,1
E:\SIH\ira-wakeword\dataset\positive_all\piper_batch_B\1103.wav,TTS,0,0.99609375,1
E:\SIH\ira-wakeword\dataset\positive_all\piper_batch_B\1103.wav,TTS,100,0.99609375,1
E:\SIH\ira-wakeword\dataset\positive_all\piper_batch_B\1103.wav,TTS,200,0.99609375,1
E:\SIH\ira-wakeword\dataset\positive_all\piper_batch_B\1103.wav,TTS,300,0.99609375,1
E:\SIH\ira-wakeword\dataset\positive_all\piper_batch_B\1103.wav,TTS,400,0.99609375,1
E:\SIH\ira-wakeword\dataset\positive_all\piper_batch_B\1103.wav,TTS,500,0.99609375,1
E:\SIH\ira-wakeword\dataset\positive_all\piper_batch_B\1103.wav,TTS,600,0.99609375,1
E:\SIH\ira-wakeword\dataset\positive_all\piper_batch_B\1118.wav,TTS,0,0.99609375,1
E:\SIH\ira-wakeword\dataset\positive_all\piper_batch_B\1118.wav,TTS,100,0.99609375,1
E:\SIH\ira-wakeword\dataset\positive_all\piper_batch_B\1118.wav,TTS,200,0.99609375,1
E:\SIH\ira-wakeword\dataset\positive_all\piper_batch_B\1118.wav,TTS,300,0.99609375,1
E:\SIH\ira-wakeword\dataset\positive_all\piper_batch_B\1118.wav,TTS,400,0.99609375,1
E:\SIH\ira-wakeword\dataset\positive_all\piper_batch_B\1161.wav,TTS,0,0.99609375,1
E:\SIH\ira-wakeword\dataset\positive_all\piper_batch_B\1161.wav,TTS,100,0.99609375,1
E:\SIH\ira-wakeword\dataset\positive_all\piper_batch_B\1161.wav,TTS,200,0.99609375,1
E:\SIH\ira-wakeword\dataset\positive_all\piper_batch_B\1161.wav,TTS,300,0.99609375,1
E:\SIH\ira-wakeword\dataset\positive_all\piper_batch_B\1161.wav,TTS,400,0.99609375,1
E:\SIH\ira-wakeword\dataset\positive_all\piper_batch_B\1161.wav,TTS,500,0.99609375,1
E:\SIH\ira-wakeword\dataset\positive_all\piper_batch_B\1161.wav,TTS,600,0.99609375,1
E:\SIH\ira-wakeword\dataset\positive_all\piper_batch_B\1164.wav,TTS,0,0.99609375,1
E:\SIH\ira-wakeword\dataset\positive_all\piper_batch_B\1164.wav,TTS,100,0.99609375,1
E:\SIH\ira-wakeword\dataset\positive_all\piper_batch_B\1164.wav,TTS,200,0.99609375,1
E:\SIH\ira-wakeword\dataset\positive_all\piper_batch_B\1164.wav,TTS,300,0.99609375,1
E:\SIH\ira-wakeword\dataset\positive_all\piper_batch_B\1164.wav,TTS,400,0.99609375,1
E:\SIH\ira-wakeword\dataset\positive_all\piper_batch_B\1164.wav,TTS,500,0.99609375,1
E:\SIH\ira-wakeword\dataset\positive_all\piper_batch_B\1179.wav,TTS,0,0.99609375,1
E:\SIH\ira-wakeword\dataset\positive_all\piper_batch_B\1179.wav,TTS,100,0.99609375,1
E:\SIH\ira-wakeword\dataset\positive_all\piper_batch_B\1179.wav,TTS,200,0.99609375,1
E:\SIH\ira-wakeword\dataset\positive_all\piper_batch_B\1179.wav,TTS,300,0.99609375,1
E:\SIH\ira-wakeword\dataset\positive_all\piper_batch_B\1179.wav,TTS,400,0.99609375,1
E:\SIH\ira-wakeword\dataset\positive_all\piper_batch_B\1179.wav,TTS,500,0.99609375,1
E:\SIH\ira-wakeword\dataset\positive_all\piper_batch_B\1186.wav,TTS,0,0.99609375,1
E:\SIH\ira-wakeword\dataset\positive_all\piper_batch_B\1186.wav,TTS,100,0.99609375,1
E:\SIH\ira-wakeword\dataset\positive_all\piper_batch_B\1186.wav,TTS,200,0.99609375,1
E:\SIH\ira-wakeword\dataset\positive_all\piper_batch_B\1186.wav,TTS,300,0.99609375,1
E:\SIH\ira-wakeword\dataset\positive_all\piper_batch_B\1186.wav,TTS,400,0.99609375,1
E:\SIH\ira-wakeword\dataset\positive_all\piper_batch_B\1186.wav,TTS,500,0.99609375,1
E:\SIH\ira-wakeword\dataset\positive_all\piper_batch_B\1225.wav,TTS,0,0.99609375,1
E:\SIH\ira-wakeword\dataset\positive_all\piper_batch_B\1225.wav,TTS,100,0.99609375,1
E:\SIH\ira-wakeword\dataset\positive_all\piper_batch_B\1225.wav,TTS,200,0.99609375,1
E:\SIH\ira-wakeword\dataset\positive_all\piper_batch_B\1225.wav,TTS,300,0.99609375,1
E:\SIH\ira-wakeword\dataset\positive_all\piper_batch_B\1225.wav,TTS,400,0.99609375,1
E:\SIH\ira-wakeword\dataset\positive_all\piper_batch_B\1225.wav,TTS,500,0.99609375,1
E:\SIH\ira-wakeword\dataset\positive_all\piper_batch_B\1240.wav,TTS,0,0.99609375,1
E:\SIH\ira-wakeword\dataset\positive_all\piper_batch_B\1240.wav,TTS,100,0.99609375,1
E:\SIH\ira-wakeword\dataset\positive_all\piper_batch_B\1240.wav,TTS,200,0.99609375,1
E:\SIH\ira-wakeword\dataset\positive_all\piper_batch_B\1240.wav,TTS,300,0.99609375,1
E:\SIH\ira-wakeword\dataset\positive_all\piper_batch_B\1240.wav,TTS,400,0.99609375,1
E:\SIH\ira-wakeword\dataset\positive_all\piper_batch_B\1240.wav,TTS,500,0.99609375,1
E:\SIH\ira-wakeword\dataset\positive_all\piper_batch_B\1245.wav,TTS,0,0.99609375,1
E:\SIH\ira-wakeword\dataset\positive_all\piper_batch_B\1245.wav,TTS,100,0.99609375,1
E:\SIH\ira-wakeword\dataset\positive_all\piper_batch_B\1245.wav,TTS,200,0.99609375,1
E:\SIH\ira-wakeword\dataset\positive_all\piper_batch_B\1245.wav,TTS,300,0.99609375,1
E:\SIH\ira-wakeword\dataset\positive_all\piper_batch_B\1245.wav,TTS,400,0.99609375,1
E:\SIH\ira-wakeword\dataset\positive_all\piper_batch_B\1245.wav,TTS,500,0.99609375,1
E:\SIH\ira-wakeword\dataset\positive_all\piper_batch_B\1245.wav,TTS,600,0.99609375,1
E:\SIH\ira-wakeword\dataset\positive_all\piper_batch_B\1247.wav,TTS,0,0.99609375,1
E:\SIH\ira-wakeword\dataset\positive_all\piper_batch_B\1247.wav,TTS,100,0.99609375,1
E:\SIH\ira-wakeword\dataset\positive_all\piper_batch_B\1247.wav,TTS,200,0.99609375,1
E:\SIH\ira-wakeword\dataset\positive_all\piper_batch_B\1247.wav,TTS,300,0.99609375,1
E:\SIH\ira-wakeword\dataset\positive_all\piper_batch_B\1247.wav,TTS,400,0.99609375,1
E:\SIH\ira-wakeword\dataset\positive_all\piper_batch_B\1262.wav,TTS,0,0.99609375,1
E:\SIH\ira-wakeword\dataset\positive_all\piper_batch_B\1262.wav,TTS,100,0.99609375,1
E:\SIH\ira-wakeword\dataset\positive_all\piper_batch_B\1262.wav,TTS,200,0.99609375,1
E:\SIH\ira-wakeword\dataset\positive_all\piper_batch_B\1262.wav,TTS,300,0.99609375,1
E:\SIH\ira-wakeword\dataset\positive_all\piper_batch_B\1262.wav,TTS,400,0.99609375,1
E:\SIH\ira-wakeword\dataset\positive_all\piper_batch_B\1262.wav,TTS,500,0.99609375,1
E:\SIH\ira-wakeword\dataset\positive_all\piper_batch_B\1262.wav,TTS,600,0.99609375,1
E:\SIH\ira-wakeword\dataset\positive_all\piper_batch_B\1290.wav,TTS,0,0.99609375,1
E:\SIH\ira-wakeword\dataset\positive_all\piper_batch_B\1290.wav,TTS,100,0.99609375,1
E:\SIH\ira-wakeword\dataset\positive_all\piper_batch_B\1290.wav,TTS,200,0.99609375,1
E:\SIH\ira-wakeword\dataset\positive_all\piper_batch_B\1290.wav,TTS,300,0.99609375,1
E:\SIH\ira-wakeword\dataset\positive_all\piper_batch_B\1290.wav,TTS,400,0.99609375,1
E:\SIH\ira-wakeword\dataset\positive_all\piper_batch_B\1290.wav,TTS,500,0.99609375,1
E:\SIH\ira-wakeword\dataset\positive_all\piper_batch_B\1298.wav,TTS,0,0.99609375,1
E:\SIH\ira-wakeword\dataset\positive_all\piper_batch_B\1298.wav,TTS,100,0.99609375,1
E:\SIH\ira-wakeword\dataset\positive_all\piper_batch_B\1298.wav,TTS,200,0.99609375,1
E:\SIH\ira-wakeword\dataset\positive_all\piper_batch_B\1298.wav,TTS,300,0.99609375,1
E:\SIH\ira-wakeword\dataset\positive_all\piper_batch_B\1298.wav,TTS,400,0.99609375,1
E:\SIH\ira-wakeword\dataset\positive_all\piper_batch_B\1298.wav,TTS,500,0.99609375,1
E:\SIH\ira-wakeword\dataset\positive_all\piper_batch_B\1298.wav,TTS,600,0.99609375,1
E:\SIH\ira-wakeword\dataset\positive_all\piper_batch_B\1299.wav,TTS,0,0.99609375,1
E:\SIH\ira-wakeword\dataset\positive_all\piper_batch_B\1299.wav,TTS,100,0.99609375,1
E:\SIH\ira-wakeword\dataset\positive_all\piper_batch_B\1299.wav,TTS,200,0.99609375,1
E:\SIH\ira-wakeword\dataset\positive_all\piper_batch_B\1299.wav,TTS,300,0.99609375,1
E:\SIH\ira-wakeword\dataset\positive_all\piper_batch_B\1299.wav,TTS,400,0.99609375,1
E:\SIH\ira-wakeword\dataset\positive_all\piper_batch_B\1299.wav,TTS,500,0.99609375,1
E:\SIH\ira-wakeword\dataset\positive_all\piper_batch_B\1314.wav,TTS,0,0.99609375,1
E:\SIH\ira-wakeword\dataset\positive_all\piper_batch_B\1314.wav,TTS,100,0.99609375,1
E:\SIH\ira-wakeword\dataset\positive_all\piper_batch_B\1314.wav,TTS,200,0.99609375,1
E:\SIH\ira-wakeword\dataset\positive_all\piper_batch_B\1314.wav,TTS,300,0.99609375,1
E:\SIH\ira-wakeword\dataset\positive_all\piper_batch_B\1314.wav,TTS,400,0.99609375,1
E:\SIH\ira-wakeword\dataset\positive_all\piper_batch_B\1314.wav,TTS,500,0.99609375,1
E:\SIH\ira-wakeword\dataset\positive_all\piper_batch_B\1314.wav,TTS,600,0.99609375,1
E:\SIH\ira-wakeword\dataset\positive_all\piper_batch_B\1316.wav,TTS,0,0.99609375,1
E:\SIH\ira-wakeword\dataset\positive_all\piper_batch_B\1316.wav,TTS,100,0.99609375,1
E:\SIH\ira-wakeword\dataset\positive_all\piper_batch_B\1316.wav,TTS,200,0.99609375,1
E:\SIH\ira-wakeword\dataset\positive_all\piper_batch_B\1316.wav,TTS,300,0.99609375,1
E:\SIH\ira-wakeword\dataset\positive_all\piper_batch_B\1316.wav,TTS,400,0.99609375,1
E:\SIH\ira-wakeword\dataset\positive_all\piper_batch_B\1317.wav,TTS,0,0.99609375,1
E:\SIH\ira-wakeword\dataset\positive_all\piper_batch_B\1317.wav,TTS,100,0.99609375,1
E:\SIH\ira-wakeword\dataset\positive_all\piper_batch_B\1317.wav,TTS,200,0.99609375,1
E:\SIH\ira-wakeword\dataset\positive_all\piper_batch_B\1317.wav,TTS,300,0.99609375,1
E:\SIH\ira-wakeword\dataset\positive_all\piper_batch_B\1317.wav,TTS,400,0.99609375,1
E:\SIH\ira-wakeword\dataset\positive_all\piper_batch_B\1317.wav,TTS,500,0.99609375,1
E:\SIH\ira-wakeword\dataset\positive_all\piper_batch_B\1324.wav,TTS,0,0.99609375,1
E:\SIH\ira-wakeword\dataset\positive_all\piper_batch_B\1324.wav,TTS,100,0.99609375,1
E:\SIH\ira-wakeword\dataset\positive_all\piper_batch_B\1324.wav,TTS,200,0.99609375,1
E:\SIH\ira-wakeword\dataset\positive_all\piper_batch_B\1324.wav,TTS,300,0.99609375,1
E:\SIH\ira-wakeword\dataset\positive_all\piper_batch_B\1324.wav,TTS,400,0.99609375,1
E:\SIH\ira-wakeword\dataset\positive_all\piper_batch_B\1343.wav,TTS,0,0.99609375,1
E:\SIH\ira-wakeword\dataset\positive_all\piper_batch_B\1343.wav,TTS,100,0.99609375,1
E:\SIH\ira-wakeword\dataset\positive_all\piper_batch_B\1343.wav,TTS,200,0.99609375,1
E:\SIH\ira-wakeword\dataset\positive_all\piper_batch_B\1343.wav,TTS,300,0.99609375,1
E:\SIH\ira-wakeword\dataset\positive_all\piper_batch_B\1343.wav,TTS,400,0.99609375,1
E:\SIH\ira-wakeword\dataset\positive_all\piper_batch_B\1343.wav,TTS,500,0.99609375,1
E:\SIH\ira-wakeword\dataset\positive_all\piper_batch_B\1343.wav,TTS,600,0.99609375,1
E:\SIH\ira-wakeword\dataset\positive_all\piper_batch_B\1352.wav,TTS,0,0.99609375,1
E:\SIH\ira-wakeword\dataset\positive_all\piper_batch_B\1352.wav,TTS,100,0.99609375,1
E:\SIH\ira-wakeword\dataset\positive_all\piper_batch_B\1352.wav,TTS,200,0.99609375,1
E:\SIH\ira-wakeword\dataset\positive_all\piper_batch_B\1352.wav,TTS,300,0.99609375,1
E:\SIH\ira-wakeword\dataset\positive_all\piper_batch_B\1352.wav,TTS,400,0.99609375,1
E:\SIH\ira-wakeword\dataset\positive_all\piper_batch_B\1352.wav,TTS,500,0.99609375,1
E:\SIH\ira-wakeword\dataset\positive_all\piper_batch_B\1364.wav,TTS,0,0.99609375,1
E:\SIH\ira-wakeword\dataset\positive_all\piper_batch_B\1364.wav,TTS,100,0.99609375,1
E:\SIH\ira-wakeword\dataset\positive_all\piper_batch_B\1364.wav,TTS,200,0.99609375,1
E:\SIH\ira-wakeword\dataset\positive_all\piper_batch_B\1364.wav,TTS,300,0.99609375,1
E:\SIH\ira-wakeword\dataset\positive_all\piper_batch_B\1364.wav,TTS,400,0.99609375,1
E:\SIH\ira-wakeword\dataset\positive_all\piper_batch_B\1364.wav,TTS,500,0.99609375,1
E:\SIH\ira-wakeword\dataset\positive_all\piper_batch_B\1368.wav,TTS,0,0.99609375,1
E:\SIH\ira-wakeword\dataset\positive_all\piper_batch_B\1368.wav,TTS,100,0.99609375,1
E:\SIH\ira-wakeword\dataset\positive_all\piper_batch_B\1368.wav,TTS,200,0.99609375,1
E:\SIH\ira-wakeword\dataset\positive_all\piper_batch_B\1368.wav,TTS,300,0.99609375,1
E:\SIH\ira-wakeword\dataset\positive_all\piper_batch_B\1368.wav,TTS,400,0.99609375,1
E:\SIH\ira-wakeword\dataset\positive_all\piper_batch_B\1368.wav,TTS,500,0.99609375,1
E:\SIH\ira-wakeword\dataset\positive_all\piper_batch_B\1379.wav,TTS,0,0.99609375,1
E:\SIH\ira-wakeword\dataset\positive_all\piper_batch_B\1379.wav,TTS,100,0.99609375,1
E:\SIH\ira-wakeword\dataset\positive_all\piper_batch_B\1379.wav,TTS,200,0.99609375,1
E:\SIH\ira-wakeword\dataset\positive_all\piper_batch_B\1379.wav,TTS,300,0.99609375,1
E:\SIH\ira-wakeword\dataset\positive_all\piper_batch_B\1379.wav,TTS,400,0.99609375,1
E:\SIH\ira-wakeword\dataset\positive_all\piper_batch_B\1387.wav,TTS,0,0.99609375,1
E:\SIH\ira-wakeword\dataset\positive_all\piper_batch_B\1387.wav,TTS,100,0.99609375,1
E:\SIH\ira-wakeword\dataset\positive_all\piper_batch_B\1387.wav,TTS,200,0.99609375,1
E:\SIH\ira-wakeword\dataset\positive_all\piper_batch_B\1387.wav,TTS,300,0.99609375,1
E:\SIH\ira-wakeword\dataset\positive_all\piper_batch_B\1387.wav,TTS,400,0.99609375,1
E:\SIH\ira-wakeword\dataset\positive_all\piper_batch_B\1387.wav,TTS,500,0.99609375,1
E:\SIH\ira-wakeword\dataset\positive_all\piper_batch_B\1392.wav,TTS,0,0.99609375,1
E:\SIH\ira-wakeword\dataset\positive_all\piper_batch_B\1392.wav,TTS,100,0.99609375,1
E:\SIH\ira-wakeword\dataset\positive_all\piper_batch_B\1392.wav,TTS,200,0.99609375,1
E:\SIH\ira-wakeword\dataset\positive_all\piper_batch_B\1392.wav,TTS,300,0.99609375,1
E:\SIH\ira-wakeword\dataset\positive_all\piper_batch_B\1392.wav,TTS,400,0.99609375,1
E:\SIH\ira-wakeword\dataset\positive_all\piper_batch_B\1392.wav,TTS,500,0.99609375,1
E:\SIH\ira-wakeword\dataset\positive_all\piper_batch_B\14.wav,TTS,0,0.99609375,1
E:\SIH\ira-wakeword\dataset\positive_all\piper_batch_B\14.wav,TTS,100,0.99609375,1
E:\SIH\ira-wakeword\dataset\positive_all\piper_batch_B\14.wav,TTS,200,0.99609375,1
E:\SIH\ira-wakeword\dataset\positive_all\piper_batch_B\14.wav,TTS,300,0.99609375,1
E:\SIH\ira-wakeword\dataset\positive_all\piper_batch_B\14.wav,TTS,400,0.99609375,1
E:\SIH\ira-wakeword\dataset\positive_all\piper_batch_B\14.wav,TTS,500,0.99609375,1
E:\SIH\ira-wakeword\dataset\positive_all\piper_batch_B\14.wav,TTS,600,0.99609375,1
E:\SIH\ira-wakeword\dataset\positive_all\piper_batch_B\1405.wav,TTS,0,0.99609375,1
E:\SIH\ira-wakeword\dataset\positive_all\piper_batch_B\1405.wav,TTS,100,0.99609375,1
E:\SIH\ira-wakeword\dataset\positive_all\piper_batch_B\1405.wav,TTS,200,0.99609375,1
E:\SIH\ira-wakeword\dataset\positive_all\piper_batch_B\1405.wav,TTS,300,0.99609375,1
E:\SIH\ira-wakeword\dataset\positive_all\piper_batch_B\1405.wav,TTS,400,0.99609375,1
E:\SIH\ira-wakeword\dataset\positive_all\piper_batch_B\1405.wav,TTS,500,0.99609375,1
E:\SIH\ira-wakeword\dataset\positive_all\piper_batch_B\141.wav,TTS,0,0.99609375,1
E:\SIH\ira-wakeword\dataset\positive_all\piper_batch_B\141.wav,TTS,100,0.99609375,1
E:\SIH\ira-wakeword\dataset\positive_all\piper_batch_B\141.wav,TTS,200,0.99609375,1
E:\SIH\ira-wakeword\dataset\positive_all\piper_batch_B\141.wav,TTS,300,0.99609375,1
E:\SIH\ira-wakeword\dataset\positive_all\piper_batch_B\141.wav,TTS,400,0.99609375,1
E:\SIH\ira-wakeword\dataset\positive_all\piper_batch_B\141.wav,TTS,500,0.99609375,1
E:\SIH\ira-wakeword\dataset\positive_all\piper_batch_B\1412.wav,TTS,0,0.99609375,1
E:\SIH\ira-wakeword\dataset\positive_all\piper_batch_B\1412.wav,TTS,100,0.99609375,1
E:\SIH\ira-wakeword\dataset\positive_all\piper_batch_B\1412.wav,TTS,200,0.99609375,1
E:\SIH\ira-wakeword\dataset\positive_all\piper_batch_B\1412.wav,TTS,300,0.99609375,1
E:\SIH\ira-wakeword\dataset\positive_all\piper_batch_B\1412.wav,TTS,400,0.99609375,1
E:\SIH\ira-wakeword\dataset\positive_all\piper_batch_B\1412.wav,TTS,500,0.99609375,1
E:\SIH\ira-wakeword\dataset\positive_all\piper_batch_B\1417.wav,TTS,0,0.99609375,1
E:\SIH\ira-wakeword\dataset\positive_all\piper_batch_B\1417.wav,TTS,100,0.99609375,1
E:\SIH\ira-wakeword\dataset\positive_all\piper_batch_B\1417.wav,TTS,200,0.99609375,1
E:\SIH\ira-wakeword\dataset\positive_all\piper_batch_B\1417.wav,TTS,300,0.99609375,1
E:\SIH\ira-wakeword\dataset\positive_all\piper_batch_B\1417.wav,TTS,400,0.99609375,1
E:\SIH\ira-wakeword\dataset\positive_all\piper_batch_B\1417.wav,TTS,500,0.99609375,1
E:\SIH\ira-wakeword\dataset\positive_all\piper_batch_B\1435.wav,TTS,0,0.99609375,1
E:\SIH\ira-wakeword\dataset\positive_all\piper_batch_B\1435.wav,TTS,100,0.99609375,1
E:\SIH\ira-wakeword\dataset\positive_all\piper_batch_B\1435.wav,TTS,200,0.99609375,1
E:\SIH\ira-wakeword\dataset\positive_all\piper_batch_B\1435.wav,TTS,300,0.99609375,1
E:\SIH\ira-wakeword\dataset\positive_all\piper_batch_B\1435.wav,TTS,400,0.99609375,1
E:\SIH\ira-wakeword\dataset\positive_all\piper_batch_B\1435.wav,TTS,500,0.99609375,1
E:\SIH\ira-wakeword\dataset\positive_all\piper_batch_B\1443.wav,TTS,0,0.99609375,1
E:\SIH\ira-wakeword\dataset\positive_all\piper_batch_B\1443.wav,TTS,100,0.99609375,1
E:\SIH\ira-wakeword\dataset\positive_all\piper_batch_B\1443.wav,TTS,200,0.99609375,1
E:\SIH\ira-wakeword\dataset\positive_all\piper_batch_B\1443.wav,TTS,300,0.99609375,1
E:\SIH\ira-wakeword\dataset\positive_all\piper_batch_B\1443.wav,TTS,400,0.99609375,1
E:\SIH\ira-wakeword\dataset\positive_all\piper_batch_B\1443.wav,TTS,500,0.99609375,1
E:\SIH\ira-wakeword\dataset\positive_all\piper_batch_B\1457.wav,TTS,0,0.99609375,1
E:\SIH\ira-wakeword\dataset\positive_all\piper_batch_B\1457.wav,TTS,100,0.99609375,1
E:\SIH\ira-wakeword\dataset\positive_all\piper_batch_B\1457.wav,TTS,200,0.99609375,1
E:\SIH\ira-wakeword\dataset\positive_all\piper_batch_B\1457.wav,TTS,300,0.99609375,1
E:\SIH\ira-wakeword\dataset\positive_all\piper_batch_B\1462.wav,TTS,0,0.99609375,1
E:\SIH\ira-wakeword\dataset\positive_all\piper_batch_B\1462.wav,TTS,100,0.99609375,1
E:\SIH\ira-wakeword\dataset\positive_all\piper_batch_B\1462.wav,TTS,200,0.99609375,1
E:\SIH\ira-wakeword\dataset\positive_all\piper_batch_B\1462.wav,TTS,300,0.99609375,1
E:\SIH\ira-wakeword\dataset\positive_all\piper_batch_B\1462.wav,TTS,400,0.99609375,1
E:\SIH\ira-wakeword\dataset\positive_all\piper_batch_B\1474.wav,TTS,0,0.99609375,1
E:\SIH\ira-wakeword\dataset\positive_all\piper_batch_B\1474.wav,TTS,100,0.99609375,1
E:\SIH\ira-wakeword\dataset\positive_all\piper_batch_B\1474.wav,TTS,200,0.99609375,1
E:\SIH\ira-wakeword\dataset\positive_all\piper_batch_B\1474.wav,TTS,300,0.99609375,1
E:\SIH\ira-wakeword\dataset\positive_all\piper_batch_B\1474.wav,TTS,400,0.99609375,1
E:\SIH\ira-wakeword\dataset\positive_all\piper_batch_B\1474.wav,TTS,500,0.99609375,1
E:\SIH\ira-wakeword\dataset\positive_all\piper_batch_B\1493.wav,TTS,0,0.99609375,1
E:\SIH\ira-wakeword\dataset\positive_all\piper_batch_B\1493.wav,TTS,100,0.99609375,1
E:\SIH\ira-wakeword\dataset\positive_all\piper_batch_B\1493.wav,TTS,200,0.99609375,1
E:\SIH\ira-wakeword\dataset\positive_all\piper_batch_B\1493.wav,TTS,300,0.99609375,1
E:\SIH\ira-wakeword\dataset\positive_all\piper_batch_B\1493.wav,TTS,400,0.99609375,1
E:\SIH\ira-wakeword\dataset\positive_all\piper_batch_B\1493.wav,TTS,500,0.99609375,1
E:\SIH\ira-wakeword\dataset\positive_all\piper_batch_B\1494.wav,TTS,0,0.99609375,1
E:\SIH\ira-wakeword\dataset\positive_all\piper_batch_B\1494.wav,TTS,100,0.99609375,1
E:\SIH\ira-wakeword\dataset\positive_all\piper_batch_B\1494.wav,TTS,200,0.99609375,1
E:\SIH\ira-wakeword\dataset\positive_all\piper_batch_B\1494.wav,TTS,300,0.99609375,1
E:\SIH\ira-wakeword\dataset\positive_all\piper_batch_B\1494.wav,TTS,400,0.99609375,1
E:\SIH\ira-wakeword\dataset\positive_all\piper_batch_B\1502.wav,TTS,0,0.99609375,1
E:\SIH\ira-wakeword\dataset\positive_all\piper_batch_B\1502.wav,TTS,100,0.99609375,1
E:\SIH\ira-wakeword\dataset\positive_all\piper_batch_B\1502.wav,TTS,200,0.99609375,1
E:\SIH\ira-wakeword\dataset\positive_all\piper_batch_B\1502.wav,TTS,300,0.99609375,1
E:\SIH\ira-wakeword\dataset\positive_all\piper_batch_B\1502.wav,TTS,400,0.99609375,1
E:\SIH\ira-wakeword\dataset\positive_all\piper_batch_B\1502.wav,TTS,500,0.99609375,1
E:\SIH\ira-wakeword\dataset\positive_all\piper_batch_B\1504.wav,TTS,0,0.99609375,1
E:\SIH\ira-wakeword\dataset\positive_all\piper_batch_B\1504.wav,TTS,100,0.99609375,1
E:\SIH\ira-wakeword\dataset\positive_all\piper_batch_B\1504.wav,TTS,200,0.99609375,1
E:\SIH\ira-wakeword\dataset\positive_all\piper_batch_B\1504.wav,TTS,300,0.99609375,1
E:\SIH\ira-wakeword\dataset\positive_all\piper_batch_B\1504.wav,TTS,400,0.99609375,1
E:\SIH\ira-wakeword\dataset\positive_all\piper_batch_B\1505.wav,TTS,0,0.99609375,1
E:\SIH\ira-wakeword\dataset\positive_all\piper_batch_B\1505.wav,TTS,100,0.99609375,1
E:\SIH\ira-wakeword\dataset\positive_all\piper_batch_B\1505.wav,TTS,200,0.99609375,1
E:\SIH\ira-wakeword\dataset\positive_all\piper_batch_B\1505.wav,TTS,300,0.99609375,1
E:\SIH\ira-wakeword\dataset\positive_all\piper_batch_B\1505.wav,TTS,400,0.99609375,1
E:\SIH\ira-wakeword\dataset\positive_all\piper_batch_B\1505.wav,TTS,500,0.99609375,1
E:\SIH\ira-wakeword\dataset\positive_all\piper_batch_B\1514.wav,TTS,0,0.99609375,1
E:\SIH\ira-wakeword\dataset\positive_all\piper_batch_B\1514.wav,TTS,100,0.99609375,1
E:\SIH\ira-wakeword\dataset\positive_all\piper_batch_B\1514.wav,TTS,200,0.99609375,1
E:\SIH\ira-wakeword\dataset\positive_all\piper_batch_B\1514.wav,TTS,300,0.99609375,1
E:\SIH\ira-wakeword\dataset\positive_all\piper_batch_B\1514.wav,TTS,400,0.99609375,1
E:\SIH\ira-wakeword\dataset\positive_all\piper_batch_B\1514.wav,TTS,500,0.99609375,1
E:\SIH\ira-wakeword\dataset\positive_all\piper_batch_B\1518.wav,TTS,0,0.99609375,1
E:\SIH\ira-wakeword\dataset\positive_all\piper_batch_B\1518.wav,TTS,100,0.99609375,1
E:\SIH\ira-wakeword\dataset\positive_all\piper_batch_B\1518.wav,TTS,200,0.99609375,1
E:\SIH\ira-wakeword\dataset\positive_all\piper_batch_B\1518.wav,TTS,300,0.99609375,1
E:\SIH\ira-wakeword\dataset\positive_all\piper_batch_B\1518.wav,TTS,400,0.99609375,1
E:\SIH\ira-wakeword\dataset\positive_all\piper_batch_B\1518.wav,TTS,500,0.99609375,1
E:\SIH\ira-wakeword\dataset\positive_all\piper_batch_B\1522.wav,TTS,0,0.99609375,1
E:\SIH\ira-wakeword\dataset\positive_all\piper_batch_B\1522.wav,TTS,100,0.99609375,1
E:\SIH\ira-wakeword\dataset\positive_all\piper_batch_B\1522.wav,TTS,200,0.99609375,1
E:\SIH\ira-wakeword\dataset\positive_all\piper_batch_B\1522.wav,TTS,300,0.99609375,1
E:\SIH\ira-wakeword\dataset\positive_all\piper_batch_B\1522.wav,TTS,400,0.99609375,1
E:\SIH\ira-wakeword\dataset\positive_all\piper_batch_B\1522.wav,TTS,500,0.99609375,1
E:\SIH\ira-wakeword\dataset\positive_all\piper_batch_B\1522.wav,TTS,600,0.99609375,1
E:\SIH\ira-wakeword\dataset\positive_all\piper_batch_B\1551.wav,TTS,0,0.99609375,1
E:\SIH\ira-wakeword\dataset\positive_all\piper_batch_B\1551.wav,TTS,100,0.99609375,1
E:\SIH\ira-wakeword\dataset\positive_all\piper_batch_B\1551.wav,TTS,200,0.99609375,1
E:\SIH\ira-wakeword\dataset\positive_all\piper_batch_B\1551.wav,TTS,300,0.99609375,1
E:\SIH\ira-wakeword\dataset\positive_all\piper_batch_B\1551.wav,TTS,400,0.99609375,1
E:\SIH\ira-wakeword\dataset\positive_all\piper_batch_B\1551.wav,TTS,500,0.99609375,1
E:\SIH\ira-wakeword\dataset\positive_all\piper_batch_B\1554.wav,TTS,0,0.99609375,1
E:\SIH\ira-wakeword\dataset\positive_all\piper_batch_B\1554.wav,TTS,100,0.99609375,1
E:\SIH\ira-wakeword\dataset\positive_all\piper_batch_B\1554.wav,TTS,200,0.99609375,1
E:\SIH\ira-wakeword\dataset\positive_all\piper_batch_B\1554.wav,TTS,300,0.99609375,1
E:\SIH\ira-wakeword\dataset\positive_all\piper_batch_B\1554.wav,TTS,400,0.99609375,1
E:\SIH\ira-wakeword\dataset\positive_all\piper_batch_B\1554.wav,TTS,500,0.99609375,1
E:\SIH\ira-wakeword\dataset\positive_all\piper_batch_B\1556.wav,TTS,0,0.99609375,1
E:\SIH\ira-wakeword\dataset\positive_all\piper_batch_B\1556.wav,TTS,100,0.99609375,1
E:\SIH\ira-wakeword\dataset\positive_all\piper_batch_B\1556.wav,TTS,200,0.99609375,1
E:\SIH\ira-wakeword\dataset\positive_all\piper_batch_B\1556.wav,TTS,300,0.99609375,1
E:\SIH\ira-wakeword\dataset\positive_all\piper_batch_B\1556.wav,TTS,400,0.99609375,1
E:\SIH\ira-wakeword\dataset\positive_all\piper_batch_B\1560.wav,TTS,0,0.99609375,1
E:\SIH\ira-wakeword\dataset\positive_all\piper_batch_B\1560.wav,TTS,100,0.99609375,1
E:\SIH\ira-wakeword\dataset\positive_all\piper_batch_B\1560.wav,TTS,200,0.99609375,1
E:\SIH\ira-wakeword\dataset\positive_all\piper_batch_B\1560.wav,TTS,300,0.99609375,1
E:\SIH\ira-wakeword\dataset\positive_all\piper_batch_B\1560.wav,TTS,400,0.99609375,1
E:\SIH\ira-wakeword\dataset\positive_all\piper_batch_B\1560.wav,TTS,500,0.99609375,1
E:\SIH\ira-wakeword\dataset\positive_all\piper_batch_B\1570.wav,TTS,0,0.99609375,1
E:\SIH\ira-wakeword\dataset\positive_all\piper_batch_B\1570.wav,TTS,100,0.99609375,1
E:\SIH\ira-wakeword\dataset\positive_all\piper_batch_B\1570.wav,TTS,200,0.99609375,1
E:\SIH\ira-wakeword\dataset\positive_all\piper_batch_B\1570.wav,TTS,300,0.99609375,1
E:\SIH\ira-wakeword\dataset\positive_all\piper_batch_B\1570.wav,TTS,400,0.99609375,1
E:\SIH\ira-wakeword\dataset\positive_all\piper_batch_B\1570.wav,TTS,500,0.99609375,1
E:\SIH\ira-wakeword\dataset\positive_all\piper_batch_B\1571.wav,TTS,0,0.99609375,1
E:\SIH\ira-wakeword\dataset\positive_all\piper_batch_B\1571.wav,TTS,100,0.99609375,1
E:\SIH\ira-wakeword\dataset\positive_all\piper_batch_B\1571.wav,TTS,200,0.99609375,1
E:\SIH\ira-wakeword\dataset\positive_all\piper_batch_B\1571.wav,TTS,300,0.99609375,1
E:\SIH\ira-wakeword\dataset\positive_all\piper_batch_B\1571.wav,TTS,400,0.99609375,1
E:\SIH\ira-wakeword\dataset\positive_all\piper_batch_B\1571.wav,TTS,500,0.99609375,1
E:\SIH\ira-wakeword\dataset\positive_all\piper_batch_B\159.wav,TTS,0,0.99609375,1
E:\SIH\ira-wakeword\dataset\positive_all\piper_batch_B\159.wav,TTS,100,0.99609375,1
E:\SIH\ira-wakeword\dataset\positive_all\piper_batch_B\159.wav,TTS,200,0.99609375,1
E:\SIH\ira-wakeword\dataset\positive_all\piper_batch_B\159.wav,TTS,300,0.99609375,1
E:\SIH\ira-wakeword\dataset\positive_all\piper_batch_B\159.wav,TTS,400,0.99609375,1
E:\SIH\ira-wakeword\dataset\positive_all\piper_batch_B\159.wav,TTS,500,0.99609375,1
E:\SIH\ira-wakeword\dataset\positive_all\piper_batch_B\159.wav,TTS,600,0.99609375,1
E:\SIH\ira-wakeword\dataset\positive_all\piper_batch_B\1608.wav,TTS,0,0.99609375,1
E:\SIH\ira-wakeword\dataset\positive_all\piper_batch_B\1608.wav,TTS,100,0.99609375,1
E:\SIH\ira-wakeword\dataset\positive_all\piper_batch_B\1608.wav,TTS,200,0.99609375,1
E:\SIH\ira-wakeword\dataset\positive_all\piper_batch_B\1608.wav,TTS,300,0.99609375,1
E:\SIH\ira-wakeword\dataset\positive_all\piper_batch_B\1608.wav,TTS,400,0.99609375,1
E:\SIH\ira-wakeword\dataset\positive_all\piper_batch_B\162.wav,TTS,0,0.99609375,1
E:\SIH\ira-wakeword\dataset\positive_all\piper_batch_B\162.wav,TTS,100,0.99609375,1
E:\SIH\ira-wakeword\dataset\positive_all\piper_batch_B\162.wav,TTS,200,0.99609375,1
E:\SIH\ira-wakeword\dataset\positive_all\piper_batch_B\162.wav,TTS,300,0.99609375,1
E:\SIH\ira-wakeword\dataset\positive_all\piper_batch_B\162.wav,TTS,400,0.99609375,1
E:\SIH\ira-wakeword\dataset\positive_all\piper_batch_B\162.wav,TTS,500,0.99609375,1
E:\SIH\ira-wakeword\dataset\positive_all\piper_batch_B\162.wav,TTS,600,0.99609375,1
E:\SIH\ira-wakeword\dataset\positive_all\piper_batch_B\1632.wav,TTS,0,0.99609375,1
E:\SIH\ira-wakeword\dataset\positive_all\piper_batch_B\1632.wav,TTS,100,0.99609375,1
E:\SIH\ira-wakeword\dataset\positive_all\piper_batch_B\1632.wav,TTS,200,0.99609375,1
E:\SIH\ira-wakeword\dataset\positive_all\piper_batch_B\1632.wav,TTS,300,0.99609375,1
E:\SIH\ira-wakeword\dataset\positive_all\piper_batch_B\1632.wav,TTS,400,0.99609375,1
E:\SIH\ira-wakeword\dataset\positive_all\piper_batch_B\1640.wav,TTS,0,0.99609375,1
E:\SIH\ira-wakeword\dataset\positive_all\piper_batch_B\1640.wav,TTS,100,0.99609375,1
E:\SIH\ira-wakeword\dataset\positive_all\piper_batch_B\1640.wav,TTS,200,0.99609375,1
E:\SIH\ira-wakeword\dataset\positive_all\piper_batch_B\1640.wav,TTS,300,0.99609375,1
E:\SIH\ira-wakeword\dataset\positive_all\piper_batch_B\1640.wav,TTS,400,0.99609375,1
E:\SIH\ira-wakeword\dataset\positive_all\piper_batch_B\1640.wav,TTS,500,0.99609375,1
E:\SIH\ira-wakeword\dataset\positive_all\piper_batch_B\1642.wav,TTS,0,0.99609375,1
E:\SIH\ira-wakeword\dataset\positive_all\piper_batch_B\1642.wav,TTS,100,0.99609375,1
E:\SIH\ira-wakeword\dataset\positive_all\piper_batch_B\1642.wav,TTS,200,0.99609375,1
E:\SIH\ira-wakeword\dataset\positive_all\piper_batch_B\1642.wav,TTS,300,0.99609375,1
E:\SIH\ira-wakeword\dataset\positive_all\piper_batch_B\1642.wav,TTS,400,0.99609375,1
E:\SIH\ira-wakeword\dataset\positive_all\piper_batch_B\1662.wav,TTS,0,0.99609375,1
E:\SIH\ira-wakeword\dataset\positive_all\piper_batch_B\1662.wav,TTS,100,0.99609375,1
E:\SIH\ira-wakeword\dataset\positive_all\piper_batch_B\1662.wav,TTS,200,0.99609375,1
E:\SIH\ira-wakeword\dataset\positive_all\piper_batch_B\1662.wav,TTS,300,0.99609375,1
E:\SIH\ira-wakeword\dataset\positive_all\piper_batch_B\1662.wav,TTS,400,0.99609375,1
E:\SIH\ira-wakeword\dataset\positive_all\piper_batch_B\1662.wav,TTS,500,0.99609375,1
E:\SIH\ira-wakeword\dataset\positive_all\piper_batch_B\1677.wav,TTS,0,0.99609375,1
E:\SIH\ira-wakeword\dataset\positive_all\piper_batch_B\1677.wav,TTS,100,0.99609375,1
E:\SIH\ira-wakeword\dataset\positive_all\piper_batch_B\1677.wav,TTS,200,0.99609375,1
E:\SIH\ira-wakeword\dataset\positive_all\piper_batch_B\1677.wav,TTS,300,0.99609375,1
E:\SIH\ira-wakeword\dataset\positive_all\piper_batch_B\1677.wav,TTS,400,0.99609375,1
E:\SIH\ira-wakeword\dataset\positive_all\piper_batch_B\1677.wav,TTS,500,0.99609375,1
E:\SIH\ira-wakeword\dataset\positive_all\piper_batch_B\1677.wav,TTS,600,0.99609375,1
E:\SIH\ira-wakeword\dataset\positive_all\piper_batch_B\1684.wav,TTS,0,0.99609375,1
E:\SIH\ira-wakeword\dataset\positive_all\piper_batch_B\1684.wav,TTS,100,0.99609375,1
E:\SIH\ira-wakeword\dataset\positive_all\piper_batch_B\1684.wav,TTS,200,0.99609375,1
E:\SIH\ira-wakeword\dataset\positive_all\piper_batch_B\1684.wav,TTS,300,0.99609375,1
E:\SIH\ira-wakeword\dataset\positive_all\piper_batch_B\1684.wav,TTS,400,0.99609375,1
E:\SIH\ira-wakeword\dataset\positive_all\piper_batch_B\1684.wav,TTS,500,0.99609375,1
E:\SIH\ira-wakeword\dataset\positive_all\piper_batch_B\1687.wav,TTS,0,0.99609375,1
E:\SIH\ira-wakeword\dataset\positive_all\piper_batch_B\1687.wav,TTS,100,0.99609375,1
E:\SIH\ira-wakeword\dataset\positive_all\piper_batch_B\1687.wav,TTS,200,0.99609375,1
E:\SIH\ira-wakeword\dataset\positive_all\piper_batch_B\1687.wav,TTS,300,0.99609375,1
E:\SIH\ira-wakeword\dataset\positive_all\piper_batch_B\1687.wav,TTS,400,0.99609375,1
E:\SIH\ira-wakeword\dataset\positive_all\piper_batch_B\1687.wav,TTS,500,0.99609375,1
E:\SIH\ira-wakeword\dataset\positive_all\piper_batch_B\1688.wav,TTS,0,0.99609375,1
E:\SIH\ira-wakeword\dataset\positive_all\piper_batch_B\1688.wav,TTS,100,0.99609375,1
E:\SIH\ira-wakeword\dataset\positive_all\piper_batch_B\1688.wav,TTS,200,0.99609375,1
E:\SIH\ira-wakeword\dataset\positive_all\piper_batch_B\1688.wav,TTS,300,0.99609375,1
E:\SIH\ira-wakeword\dataset\positive_all\piper_batch_B\1688.wav,TTS,400,0.99609375,1
E:\SIH\ira-wakeword\dataset\positive_all\piper_batch_B\1688.wav,TTS,500,0.99609375,1
E:\SIH\ira-wakeword\dataset\positive_all\piper_batch_B\1692.wav,TTS,0,0.99609375,1
E:\SIH\ira-wakeword\dataset\positive_all\piper_batch_B\1692.wav,TTS,100,0.99609375,1
E:\SIH\ira-wakeword\dataset\positive_all\piper_batch_B\1692.wav,TTS,200,0.99609375,1
E:\SIH\ira-wakeword\dataset\positive_all\piper_batch_B\1692.wav,TTS,300,0.99609375,1
E:\SIH\ira-wakeword\dataset\positive_all\piper_batch_B\1692.wav,TTS,400,0.99609375,1
E:\SIH\ira-wakeword\dataset\positive_all\piper_batch_B\1692.wav,TTS,500,0.99609375,1
E:\SIH\ira-wakeword\dataset\positive_all\piper_batch_B\1692.wav,TTS,600,0.99609375,1
E:\SIH\ira-wakeword\dataset\positive_all\piper_batch_B\171.wav,TTS,0,0.99609375,1
E:\SIH\ira-wakeword\dataset\positive_all\piper_batch_B\171.wav,TTS,100,0.99609375,1
E:\SIH\ira-wakeword\dataset\positive_all\piper_batch_B\171.wav,TTS,200,0.99609375,1
E:\SIH\ira-wakeword\dataset\positive_all\piper_batch_B\171.wav,TTS,300,0.99609375,1
E:\SIH\ira-wakeword\dataset\positive_all\piper_batch_B\171.wav,TTS,400,0.99609375,1
E:\SIH\ira-wakeword\dataset\positive_all\piper_batch_B\171.wav,TTS,500,0.99609375,1
E:\SIH\ira-wakeword\dataset\positive_all\piper_batch_B\171.wav,TTS,600,0.99609375,1
E:\SIH\ira-wakeword\dataset\positive_all\piper_batch_B\1727.wav,TTS,0,0.99609375,1
E:\SIH\ira-wakeword\dataset\positive_all\piper_batch_B\1727.wav,TTS,100,0.99609375,1
E:\SIH\ira-wakeword\dataset\positive_all\piper_batch_B\1727.wav,TTS,200,0.99609375,1
E:\SIH\ira-wakeword\dataset\positive_all\piper_batch_B\1727.wav,TTS,300,0.99609375,1
E:\SIH\ira-wakeword\dataset\positive_all\piper_batch_B\1727.wav,TTS,400,0.99609375,1
E:\SIH\ira-wakeword\dataset\positive_all\piper_batch_B\1729.wav,TTS,0,0.99609375,1
E:\SIH\ira-wakeword\dataset\positive_all\piper_batch_B\1729.wav,TTS,100,0.99609375,1
E:\SIH\ira-wakeword\dataset\positive_all\piper_batch_B\1729.wav,TTS,200,0.99609375,1
E:\SIH\ira-wakeword\dataset\positive_all\piper_batch_B\1729.wav,TTS,300,0.99609375,1
E:\SIH\ira-wakeword\dataset\positive_all\piper_batch_B\1729.wav,TTS,400,0.99609375,1
E:\SIH\ira-wakeword\dataset\positive_all\piper_batch_B\173.wav,TTS,0,0.99609375,1
E:\SIH\ira-wakeword\dataset\positive_all\piper_batch_B\173.wav,TTS,100,0.99609375,1
E:\SIH\ira-wakeword\dataset\positive_all\piper_batch_B\173.wav,TTS,200,0.99609375,1
E:\SIH\ira-wakeword\dataset\positive_all\piper_batch_B\173.wav,TTS,300,0.99609375,1
E:\SIH\ira-wakeword\dataset\positive_all\piper_batch_B\173.wav,TTS,400,0.99609375,1
E:\SIH\ira-wakeword\dataset\positive_all\piper_batch_B\173.wav,TTS,500,0.99609375,1
E:\SIH\ira-wakeword\dataset\positive_all\piper_batch_B\173.wav,TTS,600,0.99609375,1
E:\SIH\ira-wakeword\dataset\positive_all\piper_batch_B\1738.wav,TTS,0,0.99609375,1
E:\SIH\ira-wakeword\dataset\positive_all\piper_batch_B\1738.wav,TTS,100,0.99609375,1
E:\SIH\ira-wakeword\dataset\positive_all\piper_batch_B\1738.wav,TTS,200,0.99609375,1
E:\SIH\ira-wakeword\dataset\positive_all\piper_batch_B\1738.wav,TTS,300,0.99609375,1
E:\SIH\ira-wakeword\dataset\positive_all\piper_batch_B\1738.wav,TTS,400,0.99609375,1
E:\SIH\ira-wakeword\dataset\positive_all\piper_batch_B\1740.wav,TTS,0,0.99609375,1
E:\SIH\ira-wakeword\dataset\positive_all\piper_batch_B\1740.wav,TTS,100,0.99609375,1
E:\SIH\ira-wakeword\dataset\positive_all\piper_batch_B\1740.wav,TTS,200,0.99609375,1
E:\SIH\ira-wakeword\dataset\positive_all\piper_batch_B\1740.wav,TTS,300,0.99609375,1
E:\SIH\ira-wakeword\dataset\positive_all\piper_batch_B\1740.wav,TTS,400,0.99609375,1
E:\SIH\ira-wakeword\dataset\positive_all\piper_batch_B\1740.wav,TTS,500,0.99609375,1
E:\SIH\ira-wakeword\dataset\positive_all\piper_batch_B\1741.wav,TTS,0,0.99609375,1
E:\SIH\ira-wakeword\dataset\positive_all\piper_batch_B\1741.wav,TTS,100,0.99609375,1
E:\SIH\ira-wakeword\dataset\positive_all\piper_batch_B\1741.wav,TTS,200,0.99609375,1
E:\SIH\ira-wakeword\dataset\positive_all\piper_batch_B\1741.wav,TTS,300,0.99609375,1
E:\SIH\ira-wakeword\dataset\positive_all\piper_batch_B\1741.wav,TTS,400,0.99609375,1
E:\SIH\ira-wakeword\dataset\positive_all\piper_batch_B\1741.wav,TTS,500,0.99609375,1
E:\SIH\ira-wakeword\dataset\positive_all\piper_batch_B\1741.wav,TTS,600,0.99609375,1
E:\SIH\ira-wakeword\dataset\positive_all\piper_batch_B\1748.wav,TTS,0,0.99609375,1
E:\SIH\ira-wakeword\dataset\positive_all\piper_batch_B\1748.wav,TTS,100,0.99609375,1
E:\SIH\ira-wakeword\dataset\positive_all\piper_batch_B\1748.wav,TTS,200,0.99609375,1
E:\SIH\ira-wakeword\dataset\positive_all\piper_batch_B\1748.wav,TTS,300,0.99609375,1
E:\SIH\ira-wakeword\dataset\positive_all\piper_batch_B\1748.wav,TTS,400,0.99609375,1
E:\SIH\ira-wakeword\dataset\positive_all\piper_batch_B\1752.wav,TTS,0,0.99609375,1
E:\SIH\ira-wakeword\dataset\positive_all\piper_batch_B\1752.wav,TTS,100,0.99609375,1
E:\SIH\ira-wakeword\dataset\positive_all\piper_batch_B\1752.wav,TTS,200,0.99609375,1
E:\SIH\ira-wakeword\dataset\positive_all\piper_batch_B\1752.wav,TTS,300,0.99609375,1
E:\SIH\ira-wakeword\dataset\positive_all\piper_batch_B\1752.wav,TTS,400,0.99609375,1
E:\SIH\ira-wakeword\dataset\positive_all\piper_batch_B\1752.wav,TTS,500,0.99609375,1
E:\SIH\ira-wakeword\dataset\positive_all\piper_batch_B\1766.wav,TTS,0,0.99609375,1
E:\SIH\ira-wakeword\dataset\positive_all\piper_batch_B\1766.wav,TTS,100,0.99609375,1
E:\SIH\ira-wakeword\dataset\positive_all\piper_batch_B\1766.wav,TTS,200,0.99609375,1
E:\SIH\ira-wakeword\dataset\positive_all\piper_batch_B\1766.wav,TTS,300,0.99609375,1
E:\SIH\ira-wakeword\dataset\positive_all\piper_batch_B\1766.wav,TTS,400,0.99609375,1
E:\SIH\ira-wakeword\dataset\positive_all\piper_batch_B\1779.wav,TTS,0,0.99609375,1
E:\SIH\ira-wakeword\dataset\positive_all\piper_batch_B\1779.wav,TTS,100,0.99609375,1
E:\SIH\ira-wakeword\dataset\positive_all\piper_batch_B\1779.wav,TTS,200,0.99609375,1
E:\SIH\ira-wakeword\dataset\positive_all\piper_batch_B\1779.wav,TTS,300,0.99609375,1
E:\SIH\ira-wakeword\dataset\positive_all\piper_batch_B\1779.wav,TTS,400,0.99609375,1
E:\SIH\ira-wakeword\dataset\positive_all\piper_batch_B\1779.wav,TTS,500,0.99609375,1
E:\SIH\ira-wakeword\dataset\positive_all\piper_batch_B\1811.wav,TTS,0,0.99609375,1
E:\SIH\ira-wakeword\dataset\positive_all\piper_batch_B\1811.wav,TTS,100,0.99609375,1
E:\SIH\ira-wakeword\dataset\positive_all\piper_batch_B\1811.wav,TTS,200,0.99609375,1
E:\SIH\ira-wakeword\dataset\positive_all\piper_batch_B\1811.wav,TTS,300,0.99609375,1
E:\SIH\ira-wakeword\dataset\positive_all\piper_batch_B\1811.wav,TTS,400,0.99609375,1
E:\SIH\ira-wakeword\dataset\positive_all\piper_batch_B\1811.wav,TTS,500,0.99609375,1
E:\SIH\ira-wakeword\dataset\positive_all\piper_batch_B\1811.wav,TTS,600,0.99609375,1
E:\SIH\ira-wakeword\dataset\positive_all\piper_batch_B\1814.wav,TTS,0,0.99609375,1
E:\SIH\ira-wakeword\dataset\positive_all\piper_batch_B\1814.wav,TTS,100,0.99609375,1
E:\SIH\ira-wakeword\dataset\positive_all\piper_batch_B\1814.wav,TTS,200,0.99609375,1
E:\SIH\ira-wakeword\dataset\positive_all\piper_batch_B\1814.wav,TTS,300,0.99609375,1
E:\SIH\ira-wakeword\dataset\positive_all\piper_batch_B\1814.wav,TTS,400,0.99609375,1
E:\SIH\ira-wakeword\dataset\positive_all\piper_batch_B\1814.wav,TTS,500,0.99609375,1
E:\SIH\ira-wakeword\dataset\positive_all\piper_batch_B\182.wav,TTS,0,0.99609375,1
E:\SIH\ira-wakeword\dataset\positive_all\piper_batch_B\182.wav,TTS,100,0.99609375,1
E:\SIH\ira-wakeword\dataset\positive_all\piper_batch_B\182.wav,TTS,200,0.99609375,1
E:\SIH\ira-wakeword\dataset\positive_all\piper_batch_B\182.wav,TTS,300,0.99609375,1
E:\SIH\ira-wakeword\dataset\positive_all\piper_batch_B\182.wav,TTS,400,0.99609375,1
E:\SIH\ira-wakeword\dataset\positive_all\piper_batch_B\182.wav,TTS,500,0.99609375,1
E:\SIH\ira-wakeword\dataset\positive_all\piper_batch_B\182.wav,TTS,600,0.99609375,1
E:\SIH\ira-wakeword\dataset\positive_all\piper_batch_B\1839.wav,TTS,0,0.99609375,1
E:\SIH\ira-wakeword\dataset\positive_all\piper_batch_B\1839.wav,TTS,100,0.99609375,1
E:\SIH\ira-wakeword\dataset\positive_all\piper_batch_B\1839.wav,TTS,200,0.99609375,1
E:\SIH\ira-wakeword\dataset\positive_all\piper_batch_B\1839.wav,TTS,300,0.99609375,1
E:\SIH\ira-wakeword\dataset\positive_all\piper_batch_B\1839.wav,TTS,400,0.99609375,1
E:\SIH\ira-wakeword\dataset\positive_all\piper_batch_B\1839.wav,TTS,500,0.99609375,1
E:\SIH\ira-wakeword\dataset\positive_all\piper_batch_B\1839.wav,TTS,600,0.99609375,1
E:\SIH\ira-wakeword\dataset\positive_all\piper_batch_B\1844.wav,TTS,0,0.99609375,1
E:\SIH\ira-wakeword\dataset\positive_all\piper_batch_B\1844.wav,TTS,100,0.99609375,1
E:\SIH\ira-wakeword\dataset\positive_all\piper_batch_B\1844.wav,TTS,200,0.99609375,1
E:\SIH\ira-wakeword\dataset\positive_all\piper_batch_B\1844.wav,TTS,300,0.99609375,1
E:\SIH\ira-wakeword\dataset\positive_all\piper_batch_B\1844.wav,TTS,400,0.99609375,1
E:\SIH\ira-wakeword\dataset\positive_all\piper_batch_B\1844.wav,TTS,500,0.99609375,1
E:\SIH\ira-wakeword\dataset\positive_all\piper_batch_B\1853.wav,TTS,0,0.99609375,1
E:\SIH\ira-wakeword\dataset\positive_all\piper_batch_B\1853.wav,TTS,100,0.99609375,1
E:\SIH\ira-wakeword\dataset\positive_all\piper_batch_B\1853.wav,TTS,200,0.99609375,1
E:\SIH\ira-wakeword\dataset\positive_all\piper_batch_B\1853.wav,TTS,300,0.99609375,1
E:\SIH\ira-wakeword\dataset\positive_all\piper_batch_B\1853.wav,TTS,400,0.99609375,1
E:\SIH\ira-wakeword\dataset\positive_all\piper_batch_B\1853.wav,TTS,500,0.99609375,1
E:\SIH\ira-wakeword\dataset\positive_all\piper_batch_B\1853.wav,TTS,600,0.99609375,1
E:\SIH\ira-wakeword\dataset\positive_all\piper_batch_B\1858.wav,TTS,0,0.99609375,1
E:\SIH\ira-wakeword\dataset\positive_all\piper_batch_B\1858.wav,TTS,100,0.99609375,1
E:\SIH\ira-wakeword\dataset\positive_all\piper_batch_B\1858.wav,TTS,200,0.99609375,1
E:\SIH\ira-wakeword\dataset\positive_all\piper_batch_B\1858.wav,TTS,300,0.99609375,1
E:\SIH\ira-wakeword\dataset\positive_all\piper_batch_B\1858.wav,TTS,400,0.99609375,1
E:\SIH\ira-wakeword\dataset\positive_all\piper_batch_B\1858.wav,TTS,500,0.99609375,1
E:\SIH\ira-wakeword\dataset\positive_all\piper_batch_B\187.wav,TTS,0,0.99609375,1
E:\SIH\ira-wakeword\dataset\positive_all\piper_batch_B\187.wav,TTS,100,0.99609375,1
E:\SIH\ira-wakeword\dataset\positive_all\piper_batch_B\187.wav,TTS,200,0.99609375,1
E:\SIH\ira-wakeword\dataset\positive_all\piper_batch_B\187.wav,TTS,300,0.99609375,1
E:\SIH\ira-wakeword\dataset\positive_all\piper_batch_B\187.wav,TTS,400,0.99609375,1
E:\SIH\ira-wakeword\dataset\positive_all\piper_batch_B\187.wav,TTS,500,0.99609375,1
E:\SIH\ira-wakeword\dataset\positive_all\piper_batch_B\187.wav,TTS,600,0.99609375,1
E:\SIH\ira-wakeword\dataset\positive_all\piper_batch_B\1871.wav,TTS,0,0.99609375,1
E:\SIH\ira-wakeword\dataset\positive_all\piper_batch_B\1871.wav,TTS,100,0.99609375,1
E:\SIH\ira-wakeword\dataset\positive_all\piper_batch_B\1871.wav,TTS,200,0.99609375,1
E:\SIH\ira-wakeword\dataset\positive_all\piper_batch_B\1871.wav,TTS,300,0.99609375,1
E:\SIH\ira-wakeword\dataset\positive_all\piper_batch_B\1871.wav,TTS,400,0.99609375,1
E:\SIH\ira-wakeword\dataset\positive_all\piper_batch_B\1871.wav,TTS,500,0.99609375,1
E:\SIH\ira-wakeword\dataset\positive_all\piper_batch_B\1871.wav,TTS,600,0.99609375,1
E:\SIH\ira-wakeword\dataset\positive_all\piper_batch_B\1872.wav,TTS,0,0.99609375,1
E:\SIH\ira-wakeword\dataset\positive_all\piper_batch_B\1872.wav,TTS,100,0.99609375,1
E:\SIH\ira-wakeword\dataset\positive_all\piper_batch_B\1872.wav,TTS,200,0.99609375,1
E:\SIH\ira-wakeword\dataset\positive_all\piper_batch_B\1872.wav,TTS,300,0.99609375,1
E:\SIH\ira-wakeword\dataset\positive_all\piper_batch_B\1872.wav,TTS,400,0.99609375,1
E:\SIH\ira-wakeword\dataset\positive_all\piper_batch_B\1872.wav,TTS,500,0.99609375,1
E:\SIH\ira-wakeword\dataset\positive_all\piper_batch_B\1872.wav,TTS,600,0.99609375,1
E:\SIH\ira-wakeword\dataset\positive_all\piper_batch_B\1874.wav,TTS,0,0.99609375,1
E:\SIH\ira-wakeword\dataset\positive_all\piper_batch_B\1874.wav,TTS,100,0.99609375,1
E:\SIH\ira-wakeword\dataset\positive_all\piper_batch_B\1874.wav,TTS,200,0.99609375,1
E:\SIH\ira-wakeword\dataset\positive_all\piper_batch_B\1874.wav,TTS,300,0.99609375,1
E:\SIH\ira-wakeword\dataset\positive_all\piper_batch_B\1874.wav,TTS,400,0.99609375,1
E:\SIH\ira-wakeword\dataset\positive_all\piper_batch_B\1891.wav,TTS,0,0.99609375,1
E:\SIH\ira-wakeword\dataset\positive_all\piper_batch_B\1891.wav,TTS,100,0.99609375,1
E:\SIH\ira-wakeword\dataset\positive_all\piper_batch_B\1891.wav,TTS,200,0.99609375,1
E:\SIH\ira-wakeword\dataset\positive_all\piper_batch_B\1891.wav,TTS,300,0.99609375,1
E:\SIH\ira-wakeword\dataset\positive_all\piper_batch_B\1891.wav,TTS,400,0.99609375,1
E:\SIH\ira-wakeword\dataset\positive_all\piper_batch_B\1893.wav,TTS,0,0.99609375,1
E:\SIH\ira-wakeword\dataset\positive_all\piper_batch_B\1893.wav,TTS,100,0.99609375,1
E:\SIH\ira-wakeword\dataset\positive_all\piper_batch_B\1893.wav,TTS,200,0.99609375,1
E:\SIH\ira-wakeword\dataset\positive_all\piper_batch_B\1893.wav,TTS,300,0.99609375,1
E:\SIH\ira-wakeword\dataset\positive_all\piper_batch_B\1893.wav,TTS,400,0.99609375,1
E:\SIH\ira-wakeword\dataset\positive_all\piper_batch_B\1893.wav,TTS,500,0.99609375,1
E:\SIH\ira-wakeword\dataset\positive_all\piper_batch_B\19.wav,TTS,0,0.99609375,1
E:\SIH\ira-wakeword\dataset\positive_all\piper_batch_B\19.wav,TTS,100,0.99609375,1
E:\SIH\ira-wakeword\dataset\positive_all\piper_batch_B\19.wav,TTS,200,0.99609375,1
E:\SIH\ira-wakeword\dataset\positive_all\piper_batch_B\19.wav,TTS,300,0.99609375,1
E:\SIH\ira-wakeword\dataset\positive_all\piper_batch_B\19.wav,TTS,400,0.99609375,1
E:\SIH\ira-wakeword\dataset\positive_all\piper_batch_B\19.wav,TTS,500,0.99609375,1
E:\SIH\ira-wakeword\dataset\positive_all\piper_batch_B\19.wav,TTS,600,0.99609375,1
E:\SIH\ira-wakeword\dataset\positive_all\piper_batch_B\1903.wav,TTS,0,0.99609375,1
E:\SIH\ira-wakeword\dataset\positive_all\piper_batch_B\1903.wav,TTS,100,0.99609375,1
E:\SIH\ira-wakeword\dataset\positive_all\piper_batch_B\1903.wav,TTS,200,0.99609375,1
E:\SIH\ira-wakeword\dataset\positive_all\piper_batch_B\1903.wav,TTS,300,0.99609375,1
E:\SIH\ira-wakeword\dataset\positive_all\piper_batch_B\1903.wav,TTS,400,0.99609375,1
E:\SIH\ira-wakeword\dataset\positive_all\piper_batch_B\1903.wav,TTS,500,0.99609375,1
E:\SIH\ira-wakeword\dataset\positive_all\piper_batch_B\1903.wav,TTS,600,0.99609375,1
E:\SIH\ira-wakeword\dataset\positive_all\piper_batch_B\1929.wav,TTS,0,0.99609375,1
E:\SIH\ira-wakeword\dataset\positive_all\piper_batch_B\1929.wav,TTS,100,0.99609375,1
E:\SIH\ira-wakeword\dataset\positive_all\piper_batch_B\1929.wav,TTS,200,0.99609375,1
E:\SIH\ira-wakeword\dataset\positive_all\piper_batch_B\1929.wav,TTS,300,0.99609375,1
E:\SIH\ira-wakeword\dataset\positive_all\piper_batch_B\1929.wav,TTS,400,0.99609375,1
E:\SIH\ira-wakeword\dataset\positive_all\piper_batch_B\1929.wav,TTS,500,0.99609375,1
E:\SIH\ira-wakeword\dataset\positive_all\piper_batch_B\1929.wav,TTS,600,0.99609375,1
E:\SIH\ira-wakeword\dataset\positive_all\piper_batch_B\1931.wav,TTS,0,0.99609375,1
E:\SIH\ira-wakeword\dataset\positive_all\piper_batch_B\1931.wav,TTS,100,0.99609375,1
E:\SIH\ira-wakeword\dataset\positive_all\piper_batch_B\1931.wav,TTS,200,0.99609375,1
E:\SIH\ira-wakeword\dataset\positive_all\piper_batch_B\1931.wav,TTS,300,0.99609375,1
E:\SIH\ira-wakeword\dataset\positive_all\piper_batch_B\1931.wav,TTS,400,0.99609375,1
E:\SIH\ira-wakeword\dataset\positive_all\piper_batch_B\1931.wav,TTS,500,0.99609375,1
E:\SIH\ira-wakeword\dataset\positive_all\piper_batch_B\1931.wav,TTS,600,0.99609375,1
E:\SIH\ira-wakeword\dataset\positive_all\piper_batch_B\1940.wav,TTS,0,0.99609375,1
E:\SIH\ira-wakeword\dataset\positive_all\piper_batch_B\1940.wav,TTS,100,0.99609375,1
E:\SIH\ira-wakeword\dataset\positive_all\piper_batch_B\1940.wav,TTS,200,0.99609375,1
E:\SIH\ira-wakeword\dataset\positive_all\piper_batch_B\1940.wav,TTS,300,0.99609375,1
E:\SIH\ira-wakeword\dataset\positive_all\piper_batch_B\1940.wav,TTS,400,0.99609375,1
E:\SIH\ira-wakeword\dataset\positive_all\piper_batch_B\1940.wav,TTS,500,0.99609375,1
E:\SIH\ira-wakeword\dataset\positive_all\piper_batch_B\1940.wav,TTS,600,0.99609375,1
E:\SIH\ira-wakeword\dataset\positive_all\piper_batch_B\1944.wav,TTS,0,0.99609375,1
E:\SIH\ira-wakeword\dataset\positive_all\piper_batch_B\1944.wav,TTS,100,0.99609375,1
E:\SIH\ira-wakeword\dataset\positive_all\piper_batch_B\1944.wav,TTS,200,0.99609375,1
E:\SIH\ira-wakeword\dataset\positive_all\piper_batch_B\1944.wav,TTS,300,0.99609375,1
E:\SIH\ira-wakeword\dataset\positive_all\piper_batch_B\1944.wav,TTS,400,0.99609375,1
E:\SIH\ira-wakeword\dataset\positive_all\piper_batch_B\1944.wav,TTS,500,0.99609375,1
E:\SIH\ira-wakeword\dataset\positive_all\piper_batch_B\1948.wav,TTS,0,0.99609375,1
E:\SIH\ira-wakeword\dataset\positive_all\piper_batch_B\1948.wav,TTS,100,0.99609375,1
E:\SIH\ira-wakeword\dataset\positive_all\piper_batch_B\1948.wav,TTS,200,0.99609375,1
E:\SIH\ira-wakeword\dataset\positive_all\piper_batch_B\1948.wav,TTS,300,0.99609375,1
E:\SIH\ira-wakeword\dataset\positive_all\piper_batch_B\1948.wav,TTS,400,0.99609375,1
E:\SIH\ira-wakeword\dataset\positive_all\piper_batch_B\1948.wav,TTS,500,0.99609375,1
E:\SIH\ira-wakeword\dataset\positive_all\piper_batch_B\195.wav,TTS,0,0.99609375,1
E:\SIH\ira-wakeword\dataset\positive_all\piper_batch_B\195.wav,TTS,100,0.99609375,1
E:\SIH\ira-wakeword\dataset\positive_all\piper_batch_B\195.wav,TTS,200,0.99609375,1
E:\SIH\ira-wakeword\dataset\positive_all\piper_batch_B\195.wav,TTS,300,0.99609375,1
E:\SIH\ira-wakeword\dataset\positive_all\piper_batch_B\195.wav,TTS,400,0.99609375,1
E:\SIH\ira-wakeword\dataset\positive_all\piper_batch_B\195.wav,TTS,500,0.99609375,1
E:\SIH\ira-wakeword\dataset\positive_all\piper_batch_B\195.wav,TTS,600,0.99609375,1
E:\SIH\ira-wakeword\dataset\positive_all\piper_batch_B\1958.wav,TTS,0,0.99609375,1
E:\SIH\ira-wakeword\dataset\positive_all\piper_batch_B\1958.wav,TTS,100,0.99609375,1
E:\SIH\ira-wakeword\dataset\positive_all\piper_batch_B\1958.wav,TTS,200,0.99609375,1
E:\SIH\ira-wakeword\dataset\positive_all\piper_batch_B\1958.wav,TTS,300,0.99609375,1
E:\SIH\ira-wakeword\dataset\positive_all\piper_batch_B\1958.wav,TTS,400,0.99609375,1
E:\SIH\ira-wakeword\dataset\positive_all\piper_batch_B\1958.wav,TTS,500,0.99609375,1
E:\SIH\ira-wakeword\dataset\positive_all\piper_batch_B\1964.wav,TTS,0,0.99609375,1
E:\SIH\ira-wakeword\dataset\positive_all\piper_batch_B\1964.wav,TTS,100,0.99609375,1
E:\SIH\ira-wakeword\dataset\positive_all\piper_batch_B\1964.wav,TTS,200,0.99609375,1
E:\SIH\ira-wakeword\dataset\positive_all\piper_batch_B\1964.wav,TTS,300,0.99609375,1
E:\SIH\ira-wakeword\dataset\positive_all\piper_batch_B\1964.wav,TTS,400,0.99609375,1
E:\SIH\ira-wakeword\dataset\positive_all\piper_batch_B\1964.wav,TTS,500,0.99609375,1
E:\SIH\ira-wakeword\dataset\positive_all\piper_batch_B\1964.wav,TTS,600,0.99609375,1
E:\SIH\ira-wakeword\dataset\positive_all\piper_batch_B\214.wav,TTS,0,0.99609375,1
E:\SIH\ira-wakeword\dataset\positive_all\piper_batch_B\214.wav,TTS,100,0.99609375,1
E:\SIH\ira-wakeword\dataset\positive_all\piper_batch_B\214.wav,TTS,200,0.99609375,1
E:\SIH\ira-wakeword\dataset\positive_all\piper_batch_B\214.wav,TTS,300,0.99609375,1
E:\SIH\ira-wakeword\dataset\positive_all\piper_batch_B\214.wav,TTS,400,0.99609375,1
E:\SIH\ira-wakeword\dataset\positive_all\piper_batch_B\214.wav,TTS,500,0.99609375,1
E:\SIH\ira-wakeword\dataset\positive_all\piper_batch_B\214.wav,TTS,600,0.99609375,1
E:\SIH\ira-wakeword\dataset\positive_all\piper_batch_B\232.wav,TTS,0,0.99609375,1
E:\SIH\ira-wakeword\dataset\positive_all\piper_batch_B\232.wav,TTS,100,0.99609375,1
E:\SIH\ira-wakeword\dataset\positive_all\piper_batch_B\232.wav,TTS,200,0.99609375,1
E:\SIH\ira-wakeword\dataset\positive_all\piper_batch_B\232.wav,TTS,300,0.99609375,1
E:\SIH\ira-wakeword\dataset\positive_all\piper_batch_B\232.wav,TTS,400,0.99609375,1
E:\SIH\ira-wakeword\dataset\positive_all\piper_batch_B\232.wav,TTS,500,0.99609375,1
E:\SIH\ira-wakeword\dataset\positive_all\piper_batch_B\246.wav,TTS,0,0.99609375,1
E:\SIH\ira-wakeword\dataset\positive_all\piper_batch_B\246.wav,TTS,100,0.99609375,1
E:\SIH\ira-wakeword\dataset\positive_all\piper_batch_B\246.wav,TTS,200,0.99609375,1
E:\SIH\ira-wakeword\dataset\positive_all\piper_batch_B\246.wav,TTS,300,0.99609375,1
E:\SIH\ira-wakeword\dataset\positive_all\piper_batch_B\246.wav,TTS,400,0.99609375,1
E:\SIH\ira-wakeword\dataset\positive_all\piper_batch_B\252.wav,TTS,0,0.99609375,1
E:\SIH\ira-wakeword\dataset\positive_all\piper_batch_B\252.wav,TTS,100,0.99609375,1
E:\SIH\ira-wakeword\dataset\positive_all\piper_batch_B\252.wav,TTS,200,0.99609375,1
E:\SIH\ira-wakeword\dataset\positive_all\piper_batch_B\252.wav,TTS,300,0.99609375,1
E:\SIH\ira-wakeword\dataset\positive_all\piper_batch_B\252.wav,TTS,400,0.99609375,1
E:\SIH\ira-wakeword\dataset\positive_all\piper_batch_B\252.wav,TTS,500,0.99609375,1
E:\SIH\ira-wakeword\dataset\positive_all\piper_batch_B\252.wav,TTS,600,0.99609375,1
E:\SIH\ira-wakeword\dataset\positive_all\piper_batch_B\276.wav,TTS,0,0.99609375,1
E:\SIH\ira-wakeword\dataset\positive_all\piper_batch_B\276.wav,TTS,100,0.99609375,1
E:\SIH\ira-wakeword\dataset\positive_all\piper_batch_B\276.wav,TTS,200,0.99609375,1
E:\SIH\ira-wakeword\dataset\positive_all\piper_batch_B\276.wav,TTS,300,0.99609375,1
E:\SIH\ira-wakeword\dataset\positive_all\piper_batch_B\276.wav,TTS,400,0.99609375,1
E:\SIH\ira-wakeword\dataset\positive_all\piper_batch_B\276.wav,TTS,500,0.99609375,1
E:\SIH\ira-wakeword\dataset\positive_all\piper_batch_B\276.wav,TTS,600,0.99609375,1
E:\SIH\ira-wakeword\dataset\positive_all\piper_batch_B\28.wav,TTS,0,0.99609375,1
E:\SIH\ira-wakeword\dataset\positive_all\piper_batch_B\28.wav,TTS,100,0.99609375,1
E:\SIH\ira-wakeword\dataset\positive_all\piper_batch_B\28.wav,TTS,200,0.99609375,1
E:\SIH\ira-wakeword\dataset\positive_all\piper_batch_B\28.wav,TTS,300,0.99609375,1
E:\SIH\ira-wakeword\dataset\positive_all\piper_batch_B\28.wav,TTS,400,0.99609375,1
E:\SIH\ira-wakeword\dataset\positive_all\piper_batch_B\28.wav,TTS,500,0.99609375,1
E:\SIH\ira-wakeword\dataset\positive_all\piper_batch_B\28.wav,TTS,600,0.99609375,1
E:\SIH\ira-wakeword\dataset\positive_all\piper_batch_B\293.wav,TTS,0,0.99609375,1
E:\SIH\ira-wakeword\dataset\positive_all\piper_batch_B\293.wav,TTS,100,0.99609375,1
E:\SIH\ira-wakeword\dataset\positive_all\piper_batch_B\293.wav,TTS,200,0.99609375,1
E:\SIH\ira-wakeword\dataset\positive_all\piper_batch_B\293.wav,TTS,300,0.99609375,1
E:\SIH\ira-wakeword\dataset\positive_all\piper_batch_B\293.wav,TTS,400,0.99609375,1
E:\SIH\ira-wakeword\dataset\positive_all\piper_batch_B\293.wav,TTS,500,0.99609375,1
E:\SIH\ira-wakeword\dataset\positive_all\piper_batch_B\293.wav,TTS,600,0.99609375,1
E:\SIH\ira-wakeword\dataset\positive_all\piper_batch_B\306.wav,TTS,0,0.99609375,1
E:\SIH\ira-wakeword\dataset\positive_all\piper_batch_B\306.wav,TTS,100,0.99609375,1
E:\SIH\ira-wakeword\dataset\positive_all\piper_batch_B\306.wav,TTS,200,0.99609375,1
E:\SIH\ira-wakeword\dataset\positive_all\piper_batch_B\306.wav,TTS,300,0.99609375,1
E:\SIH\ira-wakeword\dataset\positive_all\piper_batch_B\306.wav,TTS,400,0.99609375,1
E:\SIH\ira-wakeword\dataset\positive_all\piper_batch_B\306.wav,TTS,500,0.99609375,1
E:\SIH\ira-wakeword\dataset\positive_all\piper_batch_B\306.wav,TTS,600,0.99609375,1
E:\SIH\ira-wakeword\dataset\positive_all\piper_batch_B\312.wav,TTS,0,0.99609375,1
E:\SIH\ira-wakeword\dataset\positive_all\piper_batch_B\312.wav,TTS,100,0.99609375,1
E:\SIH\ira-wakeword\dataset\positive_all\piper_batch_B\312.wav,TTS,200,0.99609375,1
E:\SIH\ira-wakeword\dataset\positive_all\piper_batch_B\312.wav,TTS,300,0.99609375,1
E:\SIH\ira-wakeword\dataset\positive_all\piper_batch_B\312.wav,TTS,400,0.99609375,1
E:\SIH\ira-wakeword\dataset\positive_all\piper_batch_B\312.wav,TTS,500,0.99609375,1
E:\SIH\ira-wakeword\dataset\positive_all\piper_batch_B\319.wav,TTS,0,0.99609375,1
E:\SIH\ira-wakeword\dataset\positive_all\piper_batch_B\319.wav,TTS,100,0.99609375,1
E:\SIH\ira-wakeword\dataset\positive_all\piper_batch_B\319.wav,TTS,200,0.99609375,1
E:\SIH\ira-wakeword\dataset\positive_all\piper_batch_B\319.wav,TTS,300,0.99609375,1
E:\SIH\ira-wakeword\dataset\positive_all\piper_batch_B\319.wav,TTS,400,0.99609375,1
E:\SIH\ira-wakeword\dataset\positive_all\piper_batch_B\319.wav,TTS,500,0.99609375,1
E:\SIH\ira-wakeword\dataset\positive_all\piper_batch_B\319.wav,TTS,600,0.99609375,1
E:\SIH\ira-wakeword\dataset\positive_all\piper_batch_B\32.wav,TTS,0,0.99609375,1
E:\SIH\ira-wakeword\dataset\positive_all\piper_batch_B\32.wav,TTS,100,0.99609375,1
E:\SIH\ira-wakeword\dataset\positive_all\piper_batch_B\32.wav,TTS,200,0.99609375,1
E:\SIH\ira-wakeword\dataset\positive_all\piper_batch_B\32.wav,TTS,300,0.99609375,1
E:\SIH\ira-wakeword\dataset\positive_all\piper_batch_B\32.wav,TTS,400,0.99609375,1
E:\SIH\ira-wakeword\dataset\positive_all\piper_batch_B\32.wav,TTS,500,0.99609375,1
E:\SIH\ira-wakeword\dataset\positive_all\piper_batch_B\32.wav,TTS,600,0.99609375,1
E:\SIH\ira-wakeword\dataset\positive_all\piper_batch_B\320.wav,TTS,0,0.99609375,1
E:\SIH\ira-wakeword\dataset\positive_all\piper_batch_B\320.wav,TTS,100,0.99609375,1
E:\SIH\ira-wakeword\dataset\positive_all\piper_batch_B\320.wav,TTS,200,0.99609375,1
E:\SIH\ira-wakeword\dataset\positive_all\piper_batch_B\320.wav,TTS,300,0.99609375,1
E:\SIH\ira-wakeword\dataset\positive_all\piper_batch_B\320.wav,TTS,400,0.99609375,1
E:\SIH\ira-wakeword\dataset\positive_all\piper_batch_B\320.wav,TTS,500,0.99609375,1
E:\SIH\ira-wakeword\dataset\positive_all\piper_batch_B\320.wav,TTS,600,0.99609375,1
E:\SIH\ira-wakeword\dataset\positive_all\piper_batch_B\338.wav,TTS,0,0.99609375,1
E:\SIH\ira-wakeword\dataset\positive_all\piper_batch_B\338.wav,TTS,100,0.99609375,1
E:\SIH\ira-wakeword\dataset\positive_all\piper_batch_B\338.wav,TTS,200,0.99609375,1
E:\SIH\ira-wakeword\dataset\positive_all\piper_batch_B\338.wav,TTS,300,0.99609375,1
E:\SIH\ira-wakeword\dataset\positive_all\piper_batch_B\338.wav,TTS,400,0.99609375,1
E:\SIH\ira-wakeword\dataset\positive_all\piper_batch_B\338.wav,TTS,500,0.99609375,1
E:\SIH\ira-wakeword\dataset\positive_all\piper_batch_B\338.wav,TTS,600,0.99609375,1
E:\SIH\ira-wakeword\dataset\positive_all\piper_batch_B\348.wav,TTS,0,0.99609375,1
E:\SIH\ira-wakeword\dataset\positive_all\piper_batch_B\348.wav,TTS,100,0.99609375,1
E:\SIH\ira-wakeword\dataset\positive_all\piper_batch_B\348.wav,TTS,200,0.99609375,1
E:\SIH\ira-wakeword\dataset\positive_all\piper_batch_B\348.wav,TTS,300,0.99609375,1
E:\SIH\ira-wakeword\dataset\positive_all\piper_batch_B\348.wav,TTS,400,0.99609375,1
E:\SIH\ira-wakeword\dataset\positive_all\piper_batch_B\348.wav,TTS,500,0.99609375,1
E:\SIH\ira-wakeword\dataset\positive_all\piper_batch_B\348.wav,TTS,600,0.99609375,1
E:\SIH\ira-wakeword\dataset\positive_all\piper_batch_B\37.wav,TTS,0,0.99609375,1
E:\SIH\ira-wakeword\dataset\positive_all\piper_batch_B\37.wav,TTS,100,0.99609375,1
E:\SIH\ira-wakeword\dataset\positive_all\piper_batch_B\37.wav,TTS,200,0.99609375,1
E:\SIH\ira-wakeword\dataset\positive_all\piper_batch_B\37.wav,TTS,300,0.99609375,1
E:\SIH\ira-wakeword\dataset\positive_all\piper_batch_B\37.wav,TTS,400,0.99609375,1
E:\SIH\ira-wakeword\dataset\positive_all\piper_batch_B\37.wav,TTS,500,0.99609375,1
E:\SIH\ira-wakeword\dataset\positive_all\piper_batch_B\37.wav,TTS,600,0.99609375,1
E:\SIH\ira-wakeword\dataset\positive_all\piper_batch_B\383.wav,TTS,0,0.99609375,1
E:\SIH\ira-wakeword\dataset\positive_all\piper_batch_B\383.wav,TTS,100,0.99609375,1
E:\SIH\ira-wakeword\dataset\positive_all\piper_batch_B\383.wav,TTS,200,0.99609375,1
E:\SIH\ira-wakeword\dataset\positive_all\piper_batch_B\383.wav,TTS,300,0.99609375,1
E:\SIH\ira-wakeword\dataset\positive_all\piper_batch_B\383.wav,TTS,400,0.99609375,1
E:\SIH\ira-wakeword\dataset\positive_all\piper_batch_B\383.wav,TTS,500,0.99609375,1
E:\SIH\ira-wakeword\dataset\positive_all\piper_batch_B\383.wav,TTS,600,0.99609375,1
E:\SIH\ira-wakeword\dataset\positive_all\piper_batch_B\389.wav,TTS,0,0.99609375,1
E:\SIH\ira-wakeword\dataset\positive_all\piper_batch_B\389.wav,TTS,100,0.99609375,1
E:\SIH\ira-wakeword\dataset\positive_all\piper_batch_B\389.wav,TTS,200,0.99609375,1
E:\SIH\ira-wakeword\dataset\positive_all\piper_batch_B\389.wav,TTS,300,0.99609375,1
E:\SIH\ira-wakeword\dataset\positive_all\piper_batch_B\389.wav,TTS,400,0.99609375,1
E:\SIH\ira-wakeword\dataset\positive_all\piper_batch_B\389.wav,TTS,500,0.99609375,1
E:\SIH\ira-wakeword\dataset\positive_all\piper_batch_B\389.wav,TTS,600,0.99609375,1
E:\SIH\ira-wakeword\dataset\positive_all\piper_batch_B\391.wav,TTS,0,0.99609375,1
E:\SIH\ira-wakeword\dataset\positive_all\piper_batch_B\391.wav,TTS,100,0.99609375,1
E:\SIH\ira-wakeword\dataset\positive_all\piper_batch_B\391.wav,TTS,200,0.99609375,1
E:\SIH\ira-wakeword\dataset\positive_all\piper_batch_B\391.wav,TTS,300,0.99609375,1
E:\SIH\ira-wakeword\dataset\positive_all\piper_batch_B\391.wav,TTS,400,0.99609375,1
E:\SIH\ira-wakeword\dataset\positive_all\piper_batch_B\391.wav,TTS,500,0.99609375,1
E:\SIH\ira-wakeword\dataset\positive_all\piper_batch_B\391.wav,TTS,600,0.99609375,1
E:\SIH\ira-wakeword\dataset\positive_all\piper_batch_B\4.wav,TTS,0,0.99609375,1
E:\SIH\ira-wakeword\dataset\positive_all\piper_batch_B\4.wav,TTS,100,0.99609375,1
E:\SIH\ira-wakeword\dataset\positive_all\piper_batch_B\4.wav,TTS,200,0.99609375,1
E:\SIH\ira-wakeword\dataset\positive_all\piper_batch_B\4.wav,TTS,300,0.99609375,1
E:\SIH\ira-wakeword\dataset\positive_all\piper_batch_B\4.wav,TTS,400,0.99609375,1
E:\SIH\ira-wakeword\dataset\positive_all\piper_batch_B\4.wav,TTS,500,0.99609375,1
E:\SIH\ira-wakeword\dataset\positive_all\piper_batch_B\4.wav,TTS,600,0.99609375,1
E:\SIH\ira-wakeword\dataset\positive_all\piper_batch_B\405.wav,TTS,0,0.99609375,1
E:\SIH\ira-wakeword\dataset\positive_all\piper_batch_B\405.wav,TTS,100,0.99609375,1
E:\SIH\ira-wakeword\dataset\positive_all\piper_batch_B\405.wav,TTS,200,0.99609375,1
E:\SIH\ira-wakeword\dataset\positive_all\piper_batch_B\405.wav,TTS,300,0.99609375,1
E:\SIH\ira-wakeword\dataset\positive_all\piper_batch_B\405.wav,TTS,400,0.99609375,1
E:\SIH\ira-wakeword\dataset\positive_all\piper_batch_B\405.wav,TTS,500,0.99609375,1
E:\SIH\ira-wakeword\dataset\positive_all\piper_batch_B\405.wav,TTS,600,0.99609375,1
E:\SIH\ira-wakeword\dataset\positive_all\piper_batch_B\419.wav,TTS,0,0.99609375,1
E:\SIH\ira-wakeword\dataset\positive_all\piper_batch_B\419.wav,TTS,100,0.99609375,1
E:\SIH\ira-wakeword\dataset\positive_all\piper_batch_B\419.wav,TTS,200,0.99609375,1
E:\SIH\ira-wakeword\dataset\positive_all\piper_batch_B\419.wav,TTS,300,0.99609375,1
E:\SIH\ira-wakeword\dataset\positive_all\piper_batch_B\419.wav,TTS,400,0.99609375,1
E:\SIH\ira-wakeword\dataset\positive_all\piper_batch_B\419.wav,TTS,500,0.99609375,1
E:\SIH\ira-wakeword\dataset\positive_all\piper_batch_B\446.wav,TTS,0,0.99609375,1
E:\SIH\ira-wakeword\dataset\positive_all\piper_batch_B\446.wav,TTS,100,0.99609375,1
E:\SIH\ira-wakeword\dataset\positive_all\piper_batch_B\446.wav,TTS,200,0.99609375,1
E:\SIH\ira-wakeword\dataset\positive_all\piper_batch_B\446.wav,TTS,300,0.99609375,1
E:\SIH\ira-wakeword\dataset\positive_all\piper_batch_B\446.wav,TTS,400,0.99609375,1
E:\SIH\ira-wakeword\dataset\positive_all\piper_batch_B\446.wav,TTS,500,0.99609375,1
E:\SIH\ira-wakeword\dataset\positive_all\piper_batch_B\446.wav,TTS,600,0.99609375,1
E:\SIH\ira-wakeword\dataset\positive_all\piper_batch_B\447.wav,TTS,0,0.99609375,1
E:\SIH\ira-wakeword\dataset\positive_all\piper_batch_B\447.wav,TTS,100,0.99609375,1
E:\SIH\ira-wakeword\dataset\positive_all\piper_batch_B\447.wav,TTS,200,0.99609375,1
E:\SIH\ira-wakeword\dataset\positive_all\piper_batch_B\447.wav,TTS,300,0.99609375,1
E:\SIH\ira-wakeword\dataset\positive_all\piper_batch_B\447.wav,TTS,400,0.99609375,1
E:\SIH\ira-wakeword\dataset\positive_all\piper_batch_B\447.wav,TTS,500,0.99609375,1
E:\SIH\ira-wakeword\dataset\positive_all\piper_batch_B\447.wav,TTS,600,0.99609375,1
E:\SIH\ira-wakeword\dataset\positive_all\piper_batch_B\453.wav,TTS,0,0.99609375,1
E:\SIH\ira-wakeword\dataset\positive_all\piper_batch_B\453.wav,TTS,100,0.99609375,1
E:\SIH\ira-wakeword\dataset\positive_all\piper_batch_B\453.wav,TTS,200,0.99609375,1
E:\SIH\ira-wakeword\dataset\positive_all\piper_batch_B\453.wav,TTS,300,0.99609375,1
E:\SIH\ira-wakeword\dataset\positive_all\piper_batch_B\453.wav,TTS,400,0.99609375,1
E:\SIH\ira-wakeword\dataset\positive_all\piper_batch_B\453.wav,TTS,500,0.99609375,1
E:\SIH\ira-wakeword\dataset\positive_all\piper_batch_B\454.wav,TTS,0,0.99609375,1
E:\SIH\ira-wakeword\dataset\positive_all\piper_batch_B\454.wav,TTS,100,0.99609375,1
E:\SIH\ira-wakeword\dataset\positive_all\piper_batch_B\454.wav,TTS,200,0.99609375,1
E:\SIH\ira-wakeword\dataset\positive_all\piper_batch_B\454.wav,TTS,300,0.99609375,1
E:\SIH\ira-wakeword\dataset\positive_all\piper_batch_B\454.wav,TTS,400,0.99609375,1
E:\SIH\ira-wakeword\dataset\positive_all\piper_batch_B\454.wav,TTS,500,0.99609375,1
E:\SIH\ira-wakeword\dataset\positive_all\piper_batch_B\454.wav,TTS,600,0.99609375,1
E:\SIH\ira-wakeword\dataset\positive_all\piper_batch_B\456.wav,TTS,0,0.99609375,1
E:\SIH\ira-wakeword\dataset\positive_all\piper_batch_B\456.wav,TTS,100,0.99609375,1
E:\SIH\ira-wakeword\dataset\positive_all\piper_batch_B\456.wav,TTS,200,0.99609375,1
E:\SIH\ira-wakeword\dataset\positive_all\piper_batch_B\456.wav,TTS,300,0.99609375,1
E:\SIH\ira-wakeword\dataset\positive_all\piper_batch_B\456.wav,TTS,400,0.99609375,1
E:\SIH\ira-wakeword\dataset\positive_all\piper_batch_B\456.wav,TTS,500,0.99609375,1
E:\SIH\ira-wakeword\dataset\positive_all\piper_batch_B\456.wav,TTS,600,0.99609375,1
E:\SIH\ira-wakeword\dataset\positive_all\piper_batch_B\460.wav,TTS,0,0.99609375,1
E:\SIH\ira-wakeword\dataset\positive_all\piper_batch_B\460.wav,TTS,100,0.99609375,1
E:\SIH\ira-wakeword\dataset\positive_all\piper_batch_B\460.wav,TTS,200,0.99609375,1
E:\SIH\ira-wakeword\dataset\positive_all\piper_batch_B\460.wav,TTS,300,0.99609375,1
E:\SIH\ira-wakeword\dataset\positive_all\piper_batch_B\460.wav,TTS,400,0.99609375,1
E:\SIH\ira-wakeword\dataset\positive_all\piper_batch_B\460.wav,TTS,500,0.99609375,1
E:\SIH\ira-wakeword\dataset\positive_all\piper_batch_B\460.wav,TTS,600,0.99609375,1
E:\SIH\ira-wakeword\dataset\positive_all\piper_batch_B\468.wav,TTS,0,0.99609375,1
E:\SIH\ira-wakeword\dataset\positive_all\piper_batch_B\468.wav,TTS,100,0.99609375,1
E:\SIH\ira-wakeword\dataset\positive_all\piper_batch_B\468.wav,TTS,200,0.99609375,1
E:\SIH\ira-wakeword\dataset\positive_all\piper_batch_B\468.wav,TTS,300,0.99609375,1
E:\SIH\ira-wakeword\dataset\positive_all\piper_batch_B\468.wav,TTS,400,0.99609375,1
E:\SIH\ira-wakeword\dataset\positive_all\piper_batch_B\468.wav,TTS,500,0.99609375,1
E:\SIH\ira-wakeword\dataset\positive_all\piper_batch_B\471.wav,TTS,0,0.99609375,1
E:\SIH\ira-wakeword\dataset\positive_all\piper_batch_B\471.wav,TTS,100,0.99609375,1
E:\SIH\ira-wakeword\dataset\positive_all\piper_batch_B\471.wav,TTS,200,0.99609375,1
E:\SIH\ira-wakeword\dataset\positive_all\piper_batch_B\471.wav,TTS,300,0.99609375,1
E:\SIH\ira-wakeword\dataset\positive_all\piper_batch_B\471.wav,TTS,400,0.99609375,1
E:\SIH\ira-wakeword\dataset\positive_all\piper_batch_B\471.wav,TTS,500,0.99609375,1
E:\SIH\ira-wakeword\dataset\positive_all\piper_batch_B\471.wav,TTS,600,0.99609375,1
E:\SIH\ira-wakeword\dataset\positive_all\piper_batch_B\477.wav,TTS,0,0.99609375,1
E:\SIH\ira-wakeword\dataset\positive_all\piper_batch_B\477.wav,TTS,100,0.99609375,1
E:\SIH\ira-wakeword\dataset\positive_all\piper_batch_B\477.wav,TTS,200,0.99609375,1
E:\SIH\ira-wakeword\dataset\positive_all\piper_batch_B\477.wav,TTS,300,0.99609375,1
E:\SIH\ira-wakeword\dataset\positive_all\piper_batch_B\477.wav,TTS,400,0.99609375,1
E:\SIH\ira-wakeword\dataset\positive_all\piper_batch_B\477.wav,TTS,500,0.99609375,1
E:\SIH\ira-wakeword\dataset\positive_all\piper_batch_B\477.wav,TTS,600,0.99609375,1
E:\SIH\ira-wakeword\dataset\positive_all\piper_batch_B\481.wav,TTS,0,0.99609375,1
E:\SIH\ira-wakeword\dataset\positive_all\piper_batch_B\481.wav,TTS,100,0.99609375,1
E:\SIH\ira-wakeword\dataset\positive_all\piper_batch_B\481.wav,TTS,200,0.99609375,1
E:\SIH\ira-wakeword\dataset\positive_all\piper_batch_B\481.wav,TTS,300,0.99609375,1
E:\SIH\ira-wakeword\dataset\positive_all\piper_batch_B\481.wav,TTS,400,0.99609375,1
E:\SIH\ira-wakeword\dataset\positive_all\piper_batch_B\481.wav,TTS,500,0.99609375,1
E:\SIH\ira-wakeword\dataset\positive_all\piper_batch_B\498.wav,TTS,0,0.99609375,1
E:\SIH\ira-wakeword\dataset\positive_all\piper_batch_B\498.wav,TTS,100,0.99609375,1
E:\SIH\ira-wakeword\dataset\positive_all\piper_batch_B\498.wav,TTS,200,0.99609375,1
E:\SIH\ira-wakeword\dataset\positive_all\piper_batch_B\498.wav,TTS,300,0.99609375,1
E:\SIH\ira-wakeword\dataset\positive_all\piper_batch_B\498.wav,TTS,400,0.99609375,1
E:\SIH\ira-wakeword\dataset\positive_all\piper_batch_B\498.wav,TTS,500,0.99609375,1
E:\SIH\ira-wakeword\dataset\positive_all\piper_batch_B\498.wav,TTS,600,0.99609375,1
E:\SIH\ira-wakeword\dataset\positive_all\piper_batch_B\505.wav,TTS,0,0.99609375,1
E:\SIH\ira-wakeword\dataset\positive_all\piper_batch_B\505.wav,TTS,100,0.99609375,1
E:\SIH\ira-wakeword\dataset\positive_all\piper_batch_B\505.wav,TTS,200,0.99609375,1
E:\SIH\ira-wakeword\dataset\positive_all\piper_batch_B\505.wav,TTS,300,0.99609375,1
E:\SIH\ira-wakeword\dataset\positive_all\piper_batch_B\505.wav,TTS,400,0.99609375,1
E:\SIH\ira-wakeword\dataset\positive_all\piper_batch_B\505.wav,TTS,500,0.99609375,1
E:\SIH\ira-wakeword\dataset\positive_all\piper_batch_B\505.wav,TTS,600,0.99609375,1
E:\SIH\ira-wakeword\dataset\positive_all\piper_batch_B\506.wav,TTS,0,0.99609375,1
E:\SIH\ira-wakeword\dataset\positive_all\piper_batch_B\506.wav,TTS,100,0.99609375,1
E:\SIH\ira-wakeword\dataset\positive_all\piper_batch_B\506.wav,TTS,200,0.99609375,1
E:\SIH\ira-wakeword\dataset\positive_all\piper_batch_B\506.wav,TTS,300,0.99609375,1
E:\SIH\ira-wakeword\dataset\positive_all\piper_batch_B\506.wav,TTS,400,0.99609375,1
E:\SIH\ira-wakeword\dataset\positive_all\piper_batch_B\506.wav,TTS,500,0.99609375,1
E:\SIH\ira-wakeword\dataset\positive_all\piper_batch_B\506.wav,TTS,600,0.99609375,1
E:\SIH\ira-wakeword\dataset\positive_all\piper_batch_B\511.wav,TTS,0,0.99609375,1
E:\SIH\ira-wakeword\dataset\positive_all\piper_batch_B\511.wav,TTS,100,0.99609375,1
E:\SIH\ira-wakeword\dataset\positive_all\piper_batch_B\511.wav,TTS,200,0.99609375,1
E:\SIH\ira-wakeword\dataset\positive_all\piper_batch_B\511.wav,TTS,300,0.99609375,1
E:\SIH\ira-wakeword\dataset\positive_all\piper_batch_B\511.wav,TTS,400,0.99609375,1
E:\SIH\ira-wakeword\dataset\positive_all\piper_batch_B\511.wav,TTS,500,0.99609375,1
E:\SIH\ira-wakeword\dataset\positive_all\piper_batch_B\511.wav,TTS,600,0.99609375,1
E:\SIH\ira-wakeword\dataset\positive_all\piper_batch_B\541.wav,TTS,0,0.99609375,1
E:\SIH\ira-wakeword\dataset\positive_all\piper_batch_B\541.wav,TTS,100,0.99609375,1
E:\SIH\ira-wakeword\dataset\positive_all\piper_batch_B\541.wav,TTS,200,0.99609375,1
E:\SIH\ira-wakeword\dataset\positive_all\piper_batch_B\541.wav,TTS,300,0.99609375,1
E:\SIH\ira-wakeword\dataset\positive_all\piper_batch_B\541.wav,TTS,400,0.99609375,1
E:\SIH\ira-wakeword\dataset\positive_all\piper_batch_B\541.wav,TTS,500,0.99609375,1
E:\SIH\ira-wakeword\dataset\positive_all\piper_batch_B\541.wav,TTS,600,0.99609375,1
E:\SIH\ira-wakeword\dataset\positive_all\piper_batch_B\564.wav,TTS,0,0.99609375,1
E:\SIH\ira-wakeword\dataset\positive_all\piper_batch_B\564.wav,TTS,100,0.99609375,1
E:\SIH\ira-wakeword\dataset\positive_all\piper_batch_B\564.wav,TTS,200,0.99609375,1
E:\SIH\ira-wakeword\dataset\positive_all\piper_batch_B\564.wav,TTS,300,0.99609375,1
E:\SIH\ira-wakeword\dataset\positive_all\piper_batch_B\564.wav,TTS,400,0.99609375,1
E:\SIH\ira-wakeword\dataset\positive_all\piper_batch_B\564.wav,TTS,500,0.99609375,1
E:\SIH\ira-wakeword\dataset\positive_all\piper_batch_B\564.wav,TTS,600,0.99609375,1
E:\SIH\ira-wakeword\dataset\positive_all\piper_batch_B\57.wav,TTS,0,0.99609375,1
E:\SIH\ira-wakeword\dataset\positive_all\piper_batch_B\57.wav,TTS,100,0.99609375,1
E:\SIH\ira-wakeword\dataset\positive_all\piper_batch_B\57.wav,TTS,200,0.99609375,1
E:\SIH\ira-wakeword\dataset\positive_all\piper_batch_B\57.wav,TTS,300,0.99609375,1
E:\SIH\ira-wakeword\dataset\positive_all\piper_batch_B\57.wav,TTS,400,0.99609375,1
E:\SIH\ira-wakeword\dataset\positive_all\piper_batch_B\57.wav,TTS,500,0.99609375,1
E:\SIH\ira-wakeword\dataset\positive_all\piper_batch_B\57.wav,TTS,600,0.99609375,1
E:\SIH\ira-wakeword\dataset\positive_all\piper_batch_B\573.wav,TTS,0,0.99609375,1
E:\SIH\ira-wakeword\dataset\positive_all\piper_batch_B\573.wav,TTS,100,0.99609375,1
E:\SIH\ira-wakeword\dataset\positive_all\piper_batch_B\573.wav,TTS,200,0.99609375,1
E:\SIH\ira-wakeword\dataset\positive_all\piper_batch_B\573.wav,TTS,300,0.99609375,1
E:\SIH\ira-wakeword\dataset\positive_all\piper_batch_B\573.wav,TTS,400,0.99609375,1
E:\SIH\ira-wakeword\dataset\positive_all\piper_batch_B\573.wav,TTS,500,0.99609375,1
E:\SIH\ira-wakeword\dataset\positive_all\piper_batch_B\573.wav,TTS,600,0.99609375,1
E:\SIH\ira-wakeword\dataset\positive_all\piper_batch_B\579.wav,TTS,0,0.99609375,1
E:\SIH\ira-wakeword\dataset\positive_all\piper_batch_B\579.wav,TTS,100,0.99609375,1
E:\SIH\ira-wakeword\dataset\positive_all\piper_batch_B\579.wav,TTS,200,0.99609375,1
E:\SIH\ira-wakeword\dataset\positive_all\piper_batch_B\579.wav,TTS,300,0.99609375,1
E:\SIH\ira-wakeword\dataset\positive_all\piper_batch_B\579.wav,TTS,400,0.99609375,1
E:\SIH\ira-wakeword\dataset\positive_all\piper_batch_B\579.wav,TTS,500,0.99609375,1
E:\SIH\ira-wakeword\dataset\positive_all\piper_batch_B\599.wav,TTS,0,0.99609375,1
E:\SIH\ira-wakeword\dataset\positive_all\piper_batch_B\599.wav,TTS,100,0.99609375,1
E:\SIH\ira-wakeword\dataset\positive_all\piper_batch_B\599.wav,TTS,200,0.99609375,1
E:\SIH\ira-wakeword\dataset\positive_all\piper_batch_B\599.wav,TTS,300,0.99609375,1
E:\SIH\ira-wakeword\dataset\positive_all\piper_batch_B\599.wav,TTS,400,0.99609375,1
E:\SIH\ira-wakeword\dataset\positive_all\piper_batch_B\599.wav,TTS,500,0.99609375,1
E:\SIH\ira-wakeword\dataset\positive_all\piper_batch_B\612.wav,TTS,0,0.99609375,1
E:\SIH\ira-wakeword\dataset\positive_all\piper_batch_B\612.wav,TTS,100,0.99609375,1
E:\SIH\ira-wakeword\dataset\positive_all\piper_batch_B\612.wav,TTS,200,0.99609375,1
E:\SIH\ira-wakeword\dataset\positive_all\piper_batch_B\612.wav,TTS,300,0.99609375,1
E:\SIH\ira-wakeword\dataset\positive_all\piper_batch_B\612.wav,TTS,400,0.99609375,1
E:\SIH\ira-wakeword\dataset\positive_all\piper_batch_B\612.wav,TTS,500,0.99609375,1
E:\SIH\ira-wakeword\dataset\positive_all\piper_batch_B\625.wav,TTS,0,0.99609375,1
E:\SIH\ira-wakeword\dataset\positive_all\piper_batch_B\625.wav,TTS,100,0.99609375,1
E:\SIH\ira-wakeword\dataset\positive_all\piper_batch_B\625.wav,TTS,200,0.99609375,1
E:\SIH\ira-wakeword\dataset\positive_all\piper_batch_B\625.wav,TTS,300,0.99609375,1
E:\SIH\ira-wakeword\dataset\positive_all\piper_batch_B\625.wav,TTS,400,0.99609375,1
E:\SIH\ira-wakeword\dataset\positive_all\piper_batch_B\625.wav,TTS,500,0.99609375,1
E:\SIH\ira-wakeword\dataset\positive_all\piper_batch_B\636.wav,TTS,0,0.99609375,1
E:\SIH\ira-wakeword\dataset\positive_all\piper_batch_B\636.wav,TTS,100,0.99609375,1
E:\SIH\ira-wakeword\dataset\positive_all\piper_batch_B\636.wav,TTS,200,0.99609375,1
E:\SIH\ira-wakeword\dataset\positive_all\piper_batch_B\636.wav,TTS,300,0.99609375,1
E:\SIH\ira-wakeword\dataset\positive_all\piper_batch_B\636.wav,TTS,400,0.99609375,1
E:\SIH\ira-wakeword\dataset\positive_all\piper_batch_B\637.wav,TTS,0,0.99609375,1
E:\SIH\ira-wakeword\dataset\positive_all\piper_batch_B\637.wav,TTS,100,0.99609375,1
E:\SIH\ira-wakeword\dataset\positive_all\piper_batch_B\637.wav,TTS,200,0.99609375,1
E:\SIH\ira-wakeword\dataset\positive_all\piper_batch_B\637.wav,TTS,300,0.99609375,1
E:\SIH\ira-wakeword\dataset\positive_all\piper_batch_B\637.wav,TTS,400,0.99609375,1
E:\SIH\ira-wakeword\dataset\positive_all\piper_batch_B\637.wav,TTS,500,0.99609375,1
E:\SIH\ira-wakeword\dataset\positive_all\piper_batch_B\637.wav,TTS,600,0.99609375,1
E:\SIH\ira-wakeword\dataset\positive_all\piper_batch_B\657.wav,TTS,0,0.99609375,1
E:\SIH\ira-wakeword\dataset\positive_all\piper_batch_B\657.wav,TTS,100,0.99609375,1
E:\SIH\ira-wakeword\dataset\positive_all\piper_batch_B\657.wav,TTS,200,0.99609375,1
E:\SIH\ira-wakeword\dataset\positive_all\piper_batch_B\657.wav,TTS,300,0.99609375,1
E:\SIH\ira-wakeword\dataset\positive_all\piper_batch_B\657.wav,TTS,400,0.99609375,1
E:\SIH\ira-wakeword\dataset\positive_all\piper_batch_B\657.wav,TTS,500,0.99609375,1
E:\SIH\ira-wakeword\dataset\positive_all\piper_batch_B\657.wav,TTS,600,0.99609375,1
E:\SIH\ira-wakeword\dataset\positive_all\piper_batch_B\661.wav,TTS,0,0.99609375,1
E:\SIH\ira-wakeword\dataset\positive_all\piper_batch_B\661.wav,TTS,100,0.99609375,1
E:\SIH\ira-wakeword\dataset\positive_all\piper_batch_B\661.wav,TTS,200,0.99609375,1
E:\SIH\ira-wakeword\dataset\positive_all\piper_batch_B\661.wav,TTS,300,0.99609375,1
E:\SIH\ira-wakeword\dataset\positive_all\piper_batch_B\661.wav,TTS,400,0.99609375,1
E:\SIH\ira-wakeword\dataset\positive_all\piper_batch_B\661.wav,TTS,500,0.99609375,1
E:\SIH\ira-wakeword\dataset\positive_all\piper_batch_B\675.wav,TTS,0,0.99609375,1
E:\SIH\ira-wakeword\dataset\positive_all\piper_batch_B\675.wav,TTS,100,0.99609375,1
E:\SIH\ira-wakeword\dataset\positive_all\piper_batch_B\675.wav,TTS,200,0.99609375,1
E:\SIH\ira-wakeword\dataset\positive_all\piper_batch_B\675.wav,TTS,300,0.99609375,1
E:\SIH\ira-wakeword\dataset\positive_all\piper_batch_B\675.wav,TTS,400,0.99609375,1
E:\SIH\ira-wakeword\dataset\positive_all\piper_batch_B\675.wav,TTS,500,0.99609375,1
E:\SIH\ira-wakeword\dataset\positive_all\piper_batch_B\675.wav,TTS,600,0.99609375,1
E:\SIH\ira-wakeword\dataset\positive_all\piper_batch_B\682.wav,TTS,0,0.99609375,1
E:\SIH\ira-wakeword\dataset\positive_all\piper_batch_B\682.wav,TTS,100,0.99609375,1
E:\SIH\ira-wakeword\dataset\positive_all\piper_batch_B\682.wav,TTS,200,0.99609375,1
E:\SIH\ira-wakeword\dataset\positive_all\piper_batch_B\682.wav,TTS,300,0.99609375,1
E:\SIH\ira-wakeword\dataset\positive_all\piper_batch_B\682.wav,TTS,400,0.99609375,1
E:\SIH\ira-wakeword\dataset\positive_all\piper_batch_B\682.wav,TTS,500,0.99609375,1
E:\SIH\ira-wakeword\dataset\positive_all\piper_batch_B\705.wav,TTS,0,0.99609375,1
E:\SIH\ira-wakeword\dataset\positive_all\piper_batch_B\705.wav,TTS,100,0.99609375,1
E:\SIH\ira-wakeword\dataset\positive_all\piper_batch_B\705.wav,TTS,200,0.99609375,1
E:\SIH\ira-wakeword\dataset\positive_all\piper_batch_B\705.wav,TTS,300,0.99609375,1
E:\SIH\ira-wakeword\dataset\positive_all\piper_batch_B\705.wav,TTS,400,0.99609375,1
E:\SIH\ira-wakeword\dataset\positive_all\piper_batch_B\705.wav,TTS,500,0.99609375,1
E:\SIH\ira-wakeword\dataset\positive_all\piper_batch_B\705.wav,TTS,600,0.99609375,1
E:\SIH\ira-wakeword\dataset\positive_all\piper_batch_B\711.wav,TTS,0,0.99609375,1
E:\SIH\ira-wakeword\dataset\positive_all\piper_batch_B\711.wav,TTS,100,0.99609375,1
E:\SIH\ira-wakeword\dataset\positive_all\piper_batch_B\711.wav,TTS,200,0.99609375,1
E:\SIH\ira-wakeword\dataset\positive_all\piper_batch_B\711.wav,TTS,300,0.99609375,1
E:\SIH\ira-wakeword\dataset\positive_all\piper_batch_B\711.wav,TTS,400,0.99609375,1
E:\SIH\ira-wakeword\dataset\positive_all\piper_batch_B\711.wav,TTS,500,0.99609375,1
E:\SIH\ira-wakeword\dataset\positive_all\piper_batch_B\716.wav,TTS,0,0.99609375,1
E:\SIH\ira-wakeword\dataset\positive_all\piper_batch_B\716.wav,TTS,100,0.99609375,1
E:\SIH\ira-wakeword\dataset\positive_all\piper_batch_B\716.wav,TTS,200,0.99609375,1
E:\SIH\ira-wakeword\dataset\positive_all\piper_batch_B\716.wav,TTS,300,0.99609375,1
E:\SIH\ira-wakeword\dataset\positive_all\piper_batch_B\716.wav,TTS,400,0.99609375,1
E:\SIH\ira-wakeword\dataset\positive_all\piper_batch_B\716.wav,TTS,500,0.99609375,1
E:\SIH\ira-wakeword\dataset\positive_all\piper_batch_B\717.wav,TTS,0,0.99609375,1
E:\SIH\ira-wakeword\dataset\positive_all\piper_batch_B\717.wav,TTS,100,0.99609375,1
E:\SIH\ira-wakeword\dataset\positive_all\piper_batch_B\717.wav,TTS,200,0.99609375,1
E:\SIH\ira-wakeword\dataset\positive_all\piper_batch_B\717.wav,TTS,300,0.99609375,1
E:\SIH\ira-wakeword\dataset\positive_all\piper_batch_B\717.wav,TTS,400,0.99609375,1
E:\SIH\ira-wakeword\dataset\positive_all\piper_batch_B\717.wav,TTS,500,0.99609375,1
E:\SIH\ira-wakeword\dataset\positive_all\piper_batch_B\717.wav,TTS,600,0.99609375,1
E:\SIH\ira-wakeword\dataset\positive_all\piper_batch_B\718.wav,TTS,0,0.99609375,1
E:\SIH\ira-wakeword\dataset\positive_all\piper_batch_B\718.wav,TTS,100,0.99609375,1
E:\SIH\ira-wakeword\dataset\positive_all\piper_batch_B\718.wav,TTS,200,0.99609375,1
E:\SIH\ira-wakeword\dataset\positive_all\piper_batch_B\718.wav,TTS,300,0.99609375,1
E:\SIH\ira-wakeword\dataset\positive_all\piper_batch_B\718.wav,TTS,400,0.99609375,1
E:\SIH\ira-wakeword\dataset\positive_all\piper_batch_B\718.wav,TTS,500,0.99609375,1
E:\SIH\ira-wakeword\dataset\positive_all\piper_batch_B\718.wav,TTS,600,0.99609375,1
E:\SIH\ira-wakeword\dataset\positive_all\piper_batch_B\720.wav,TTS,0,0.99609375,1
E:\SIH\ira-wakeword\dataset\positive_all\piper_batch_B\720.wav,TTS,100,0.99609375,1
E:\SIH\ira-wakeword\dataset\positive_all\piper_batch_B\720.wav,TTS,200,0.99609375,1
E:\SIH\ira-wakeword\dataset\positive_all\piper_batch_B\720.wav,TTS,300,0.99609375,1
E:\SIH\ira-wakeword\dataset\positive_all\piper_batch_B\720.wav,TTS,400,0.99609375,1
E:\SIH\ira-wakeword\dataset\positive_all\piper_batch_B\720.wav,TTS,500,0.99609375,1
E:\SIH\ira-wakeword\dataset\positive_all\piper_batch_B\73.wav,TTS,0,0.99609375,1
E:\SIH\ira-wakeword\dataset\positive_all\piper_batch_B\73.wav,TTS,100,0.99609375,1
E:\SIH\ira-wakeword\dataset\positive_all\piper_batch_B\73.wav,TTS,200,0.99609375,1
E:\SIH\ira-wakeword\dataset\positive_all\piper_batch_B\73.wav,TTS,300,0.99609375,1
E:\SIH\ira-wakeword\dataset\positive_all\piper_batch_B\73.wav,TTS,400,0.99609375,1
E:\SIH\ira-wakeword\dataset\positive_all\piper_batch_B\73.wav,TTS,500,0.99609375,1
E:\SIH\ira-wakeword\dataset\positive_all\piper_batch_B\733.wav,TTS,0,0.99609375,1
E:\SIH\ira-wakeword\dataset\positive_all\piper_batch_B\733.wav,TTS,100,0.99609375,1
E:\SIH\ira-wakeword\dataset\positive_all\piper_batch_B\733.wav,TTS,200,0.99609375,1
E:\SIH\ira-wakeword\dataset\positive_all\piper_batch_B\733.wav,TTS,300,0.99609375,1
E:\SIH\ira-wakeword\dataset\positive_all\piper_batch_B\733.wav,TTS,400,0.99609375,1
E:\SIH\ira-wakeword\dataset\positive_all\piper_batch_B\733.wav,TTS,500,0.99609375,1
E:\SIH\ira-wakeword\dataset\positive_all\piper_batch_B\741.wav,TTS,0,0.99609375,1
E:\SIH\ira-wakeword\dataset\positive_all\piper_batch_B\741.wav,TTS,100,0.99609375,1
E:\SIH\ira-wakeword\dataset\positive_all\piper_batch_B\741.wav,TTS,200,0.99609375,1
E:\SIH\ira-wakeword\dataset\positive_all\piper_batch_B\741.wav,TTS,300,0.99609375,1
E:\SIH\ira-wakeword\dataset\positive_all\piper_batch_B\741.wav,TTS,400,0.99609375,1
E:\SIH\ira-wakeword\dataset\positive_all\piper_batch_B\741.wav,TTS,500,0.99609375,1
E:\SIH\ira-wakeword\dataset\positive_all\piper_batch_B\742.wav,TTS,0,0.99609375,1
E:\SIH\ira-wakeword\dataset\positive_all\piper_batch_B\742.wav,TTS,100,0.99609375,1
E:\SIH\ira-wakeword\dataset\positive_all\piper_batch_B\742.wav,TTS,200,0.99609375,1
E:\SIH\ira-wakeword\dataset\positive_all\piper_batch_B\742.wav,TTS,300,0.99609375,1
E:\SIH\ira-wakeword\dataset\positive_all\piper_batch_B\742.wav,TTS,400,0.99609375,1
E:\SIH\ira-wakeword\dataset\positive_all\piper_batch_B\742.wav,TTS,500,0.99609375,1
E:\SIH\ira-wakeword\dataset\positive_all\piper_batch_B\742.wav,TTS,600,0.99609375,1
E:\SIH\ira-wakeword\dataset\positive_all\piper_batch_B\746.wav,TTS,0,0.99609375,1
E:\SIH\ira-wakeword\dataset\positive_all\piper_batch_B\746.wav,TTS,100,0.99609375,1
E:\SIH\ira-wakeword\dataset\positive_all\piper_batch_B\746.wav,TTS,200,0.99609375,1
E:\SIH\ira-wakeword\dataset\positive_all\piper_batch_B\746.wav,TTS,300,0.99609375,1
E:\SIH\ira-wakeword\dataset\positive_all\piper_batch_B\746.wav,TTS,400,0.99609375,1
E:\SIH\ira-wakeword\dataset\positive_all\piper_batch_B\746.wav,TTS,500,0.99609375,1
E:\SIH\ira-wakeword\dataset\positive_all\piper_batch_B\746.wav,TTS,600,0.99609375,1
E:\SIH\ira-wakeword\dataset\positive_all\piper_batch_B\752.wav,TTS,0,0.99609375,1
E:\SIH\ira-wakeword\dataset\positive_all\piper_batch_B\752.wav,TTS,100,0.99609375,1
E:\SIH\ira-wakeword\dataset\positive_all\piper_batch_B\752.wav,TTS,200,0.99609375,1
E:\SIH\ira-wakeword\dataset\positive_all\piper_batch_B\752.wav,TTS,300,0.99609375,1
E:\SIH\ira-wakeword\dataset\positive_all\piper_batch_B\752.wav,TTS,400,0.99609375,1
E:\SIH\ira-wakeword\dataset\positive_all\piper_batch_B\752.wav,TTS,500,0.99609375,1
E:\SIH\ira-wakeword\dataset\positive_all\piper_batch_B\752.wav,TTS,600,0.99609375,1
E:\SIH\ira-wakeword\dataset\positive_all\piper_batch_B\753.wav,TTS,0,0.99609375,1
E:\SIH\ira-wakeword\dataset\positive_all\piper_batch_B\753.wav,TTS,100,0.99609375,1
E:\SIH\ira-wakeword\dataset\positive_all\piper_batch_B\753.wav,TTS,200,0.99609375,1
E:\SIH\ira-wakeword\dataset\positive_all\piper_batch_B\753.wav,TTS,300,0.99609375,1
E:\SIH\ira-wakeword\dataset\positive_all\piper_batch_B\753.wav,TTS,400,0.99609375,1
E:\SIH\ira-wakeword\dataset\positive_all\piper_batch_B\753.wav,TTS,500,0.99609375,1
E:\SIH\ira-wakeword\dataset\positive_all\piper_batch_B\753.wav,TTS,600,0.99609375,1
E:\SIH\ira-wakeword\dataset\positive_all\piper_batch_B\768.wav,TTS,0,0.99609375,1
E:\SIH\ira-wakeword\dataset\positive_all\piper_batch_B\768.wav,TTS,100,0.99609375,1
E:\SIH\ira-wakeword\dataset\positive_all\piper_batch_B\768.wav,TTS,200,0.99609375,1
E:\SIH\ira-wakeword\dataset\positive_all\piper_batch_B\768.wav,TTS,300,0.99609375,1
E:\SIH\ira-wakeword\dataset\positive_all\piper_batch_B\768.wav,TTS,400,0.99609375,1
E:\SIH\ira-wakeword\dataset\positive_all\piper_batch_B\768.wav,TTS,500,0.99609375,1
E:\SIH\ira-wakeword\dataset\positive_all\piper_batch_B\768.wav,TTS,600,0.99609375,1
E:\SIH\ira-wakeword\dataset\positive_all\piper_batch_B\769.wav,TTS,0,0.99609375,1
E:\SIH\ira-wakeword\dataset\positive_all\piper_batch_B\769.wav,TTS,100,0.99609375,1
E:\SIH\ira-wakeword\dataset\positive_all\piper_batch_B\769.wav,TTS,200,0.99609375,1
E:\SIH\ira-wakeword\dataset\positive_all\piper_batch_B\769.wav,TTS,300,0.99609375,1
E:\SIH\ira-wakeword\dataset\positive_all\piper_batch_B\769.wav,TTS,400,0.99609375,1
E:\SIH\ira-wakeword\dataset\positive_all\piper_batch_B\769.wav,TTS,500,0.99609375,1
E:\SIH\ira-wakeword\dataset\positive_all\piper_batch_B\769.wav,TTS,600,0.99609375,1
E:\SIH\ira-wakeword\dataset\positive_all\piper_batch_B\772.wav,TTS,0,0.99609375,1
E:\SIH\ira-wakeword\dataset\positive_all\piper_batch_B\772.wav,TTS,100,0.99609375,1
E:\SIH\ira-wakeword\dataset\positive_all\piper_batch_B\772.wav,TTS,200,0.99609375,1
E:\SIH\ira-wakeword\dataset\positive_all\piper_batch_B\772.wav,TTS,300,0.99609375,1
E:\SIH\ira-wakeword\dataset\positive_all\piper_batch_B\772.wav,TTS,400,0.99609375,1
E:\SIH\ira-wakeword\dataset\positive_all\piper_batch_B\772.wav,TTS,500,0.99609375,1
E:\SIH\ira-wakeword\dataset\positive_all\piper_batch_B\772.wav,TTS,600,0.99609375,1
E:\SIH\ira-wakeword\dataset\positive_all\piper_batch_B\779.wav,TTS,0,0.99609375,1
E:\SIH\ira-wakeword\dataset\positive_all\piper_batch_B\779.wav,TTS,100,0.99609375,1
E:\SIH\ira-wakeword\dataset\positive_all\piper_batch_B\779.wav,TTS,200,0.99609375,1
E:\SIH\ira-wakeword\dataset\positive_all\piper_batch_B\779.wav,TTS,300,0.99609375,1
E:\SIH\ira-wakeword\dataset\positive_all\piper_batch_B\779.wav,TTS,400,0.99609375,1
E:\SIH\ira-wakeword\dataset\positive_all\piper_batch_B\779.wav,TTS,500,0.99609375,1
E:\SIH\ira-wakeword\dataset\positive_all\piper_batch_B\779.wav,TTS,600,0.99609375,1
E:\SIH\ira-wakeword\dataset\positive_all\piper_batch_B\780.wav,TTS,0,0.99609375,1
E:\SIH\ira-wakeword\dataset\positive_all\piper_batch_B\780.wav,TTS,100,0.99609375,1
E:\SIH\ira-wakeword\dataset\positive_all\piper_batch_B\780.wav,TTS,200,0.99609375,1
E:\SIH\ira-wakeword\dataset\positive_all\piper_batch_B\780.wav,TTS,300,0.99609375,1
E:\SIH\ira-wakeword\dataset\positive_all\piper_batch_B\780.wav,TTS,400,0.99609375,1
E:\SIH\ira-wakeword\dataset\positive_all\piper_batch_B\780.wav,TTS,500,0.99609375,1
E:\SIH\ira-wakeword\dataset\positive_all\piper_batch_B\780.wav,TTS,600,0.99609375,1
E:\SIH\ira-wakeword\dataset\positive_all\piper_batch_B\792.wav,TTS,0,0.99609375,1
E:\SIH\ira-wakeword\dataset\positive_all\piper_batch_B\792.wav,TTS,100,0.99609375,1
E:\SIH\ira-wakeword\dataset\positive_all\piper_batch_B\792.wav,TTS,200,0.99609375,1
E:\SIH\ira-wakeword\dataset\positive_all\piper_batch_B\792.wav,TTS,300,0.99609375,1
E:\SIH\ira-wakeword\dataset\positive_all\piper_batch_B\792.wav,TTS,400,0.99609375,1
E:\SIH\ira-wakeword\dataset\positive_all\piper_batch_B\792.wav,TTS,500,0.99609375,1
E:\SIH\ira-wakeword\dataset\positive_all\piper_batch_B\792.wav,TTS,600,0.99609375,1
E:\SIH\ira-wakeword\dataset\positive_all\piper_batch_B\798.wav,TTS,0,0.99609375,1
E:\SIH\ira-wakeword\dataset\positive_all\piper_batch_B\798.wav,TTS,100,0.99609375,1
E:\SIH\ira-wakeword\dataset\positive_all\piper_batch_B\798.wav,TTS,200,0.99609375,1
E:\SIH\ira-wakeword\dataset\positive_all\piper_batch_B\798.wav,TTS,300,0.99609375,1
E:\SIH\ira-wakeword\dataset\positive_all\piper_batch_B\798.wav,TTS,400,0.99609375,1
E:\SIH\ira-wakeword\dataset\positive_all\piper_batch_B\798.wav,TTS,500,0.99609375,1
E:\SIH\ira-wakeword\dataset\positive_all\piper_batch_B\798.wav,TTS,600,0.99609375,1
E:\SIH\ira-wakeword\dataset\positive_all\piper_batch_B\80.wav,TTS,0,0.99609375,1
E:\SIH\ira-wakeword\dataset\positive_all\piper_batch_B\80.wav,TTS,100,0.99609375,1
E:\SIH\ira-wakeword\dataset\positive_all\piper_batch_B\80.wav,TTS,200,0.99609375,1
E:\SIH\ira-wakeword\dataset\positive_all\piper_batch_B\80.wav,TTS,300,0.99609375,1
E:\SIH\ira-wakeword\dataset\positive_all\piper_batch_B\80.wav,TTS,400,0.99609375,1
E:\SIH\ira-wakeword\dataset\positive_all\piper_batch_B\80.wav,TTS,500,0.99609375,1
E:\SIH\ira-wakeword\dataset\positive_all\piper_batch_B\80.wav,TTS,600,0.99609375,1
E:\SIH\ira-wakeword\dataset\positive_all\piper_batch_B\802.wav,TTS,0,0.99609375,1
E:\SIH\ira-wakeword\dataset\positive_all\piper_batch_B\802.wav,TTS,100,0.99609375,1
E:\SIH\ira-wakeword\dataset\positive_all\piper_batch_B\802.wav,TTS,200,0.99609375,1
E:\SIH\ira-wakeword\dataset\positive_all\piper_batch_B\802.wav,TTS,300,0.99609375,1
E:\SIH\ira-wakeword\dataset\positive_all\piper_batch_B\802.wav,TTS,400,0.99609375,1
E:\SIH\ira-wakeword\dataset\positive_all\piper_batch_B\802.wav,TTS,500,0.99609375,1
E:\SIH\ira-wakeword\dataset\positive_all\piper_batch_B\811.wav,TTS,0,0.99609375,1
E:\SIH\ira-wakeword\dataset\positive_all\piper_batch_B\811.wav,TTS,100,0.99609375,1
E:\SIH\ira-wakeword\dataset\positive_all\piper_batch_B\811.wav,TTS,200,0.99609375,1
E:\SIH\ira-wakeword\dataset\positive_all\piper_batch_B\811.wav,TTS,300,0.99609375,1
E:\SIH\ira-wakeword\dataset\positive_all\piper_batch_B\811.wav,TTS,400,0.99609375,1
E:\SIH\ira-wakeword\dataset\positive_all\piper_batch_B\811.wav,TTS,500,0.99609375,1
E:\SIH\ira-wakeword\dataset\positive_all\piper_batch_B\819.wav,TTS,0,0.99609375,1
E:\SIH\ira-wakeword\dataset\positive_all\piper_batch_B\819.wav,TTS,100,0.99609375,1
E:\SIH\ira-wakeword\dataset\positive_all\piper_batch_B\819.wav,TTS,200,0.99609375,1
E:\SIH\ira-wakeword\dataset\positive_all\piper_batch_B\819.wav,TTS,300,0.99609375,1
E:\SIH\ira-wakeword\dataset\positive_all\piper_batch_B\819.wav,TTS,400,0.99609375,1
E:\SIH\ira-wakeword\dataset\positive_all\piper_batch_B\819.wav,TTS,500,0.99609375,1
E:\SIH\ira-wakeword\dataset\positive_all\piper_batch_B\838.wav,TTS,0,0.99609375,1
E:\SIH\ira-wakeword\dataset\positive_all\piper_batch_B\838.wav,TTS,100,0.99609375,1
E:\SIH\ira-wakeword\dataset\positive_all\piper_batch_B\838.wav,TTS,200,0.99609375,1
E:\SIH\ira-wakeword\dataset\positive_all\piper_batch_B\838.wav,TTS,300,0.99609375,1
E:\SIH\ira-wakeword\dataset\positive_all\piper_batch_B\838.wav,TTS,400,0.99609375,1
E:\SIH\ira-wakeword\dataset\positive_all\piper_batch_B\847.wav,TTS,0,0.99609375,1
E:\SIH\ira-wakeword\dataset\positive_all\piper_batch_B\847.wav,TTS,100,0.99609375,1
E:\SIH\ira-wakeword\dataset\positive_all\piper_batch_B\847.wav,TTS,200,0.99609375,1
E:\SIH\ira-wakeword\dataset\positive_all\piper_batch_B\847.wav,TTS,300,0.99609375,1
E:\SIH\ira-wakeword\dataset\positive_all\piper_batch_B\847.wav,TTS,400,0.99609375,1
E:\SIH\ira-wakeword\dataset\positive_all\piper_batch_B\847.wav,TTS,500,0.99609375,1
E:\SIH\ira-wakeword\dataset\positive_all\piper_batch_B\847.wav,TTS,600,0.99609375,1
E:\SIH\ira-wakeword\dataset\positive_all\piper_batch_B\85.wav,TTS,0,0.99609375,1
E:\SIH\ira-wakeword\dataset\positive_all\piper_batch_B\85.wav,TTS,100,0.99609375,1
E:\SIH\ira-wakeword\dataset\positive_all\piper_batch_B\85.wav,TTS,200,0.99609375,1
E:\SIH\ira-wakeword\dataset\positive_all\piper_batch_B\85.wav,TTS,300,0.99609375,1
E:\SIH\ira-wakeword\dataset\positive_all\piper_batch_B\85.wav,TTS,400,0.99609375,1
E:\SIH\ira-wakeword\dataset\positive_all\piper_batch_B\85.wav,TTS,500,0.99609375,1
E:\SIH\ira-wakeword\dataset\positive_all\piper_batch_B\852.wav,TTS,0,0.99609375,1
E:\SIH\ira-wakeword\dataset\positive_all\piper_batch_B\852.wav,TTS,100,0.99609375,1
E:\SIH\ira-wakeword\dataset\positive_all\piper_batch_B\852.wav,TTS,200,0.99609375,1
E:\SIH\ira-wakeword\dataset\positive_all\piper_batch_B\852.wav,TTS,300,0.99609375,1
E:\SIH\ira-wakeword\dataset\positive_all\piper_batch_B\852.wav,TTS,400,0.99609375,1
E:\SIH\ira-wakeword\dataset\positive_all\piper_batch_B\852.wav,TTS,500,0.99609375,1
E:\SIH\ira-wakeword\dataset\positive_all\piper_batch_B\855.wav,TTS,0,0.99609375,1
E:\SIH\ira-wakeword\dataset\positive_all\piper_batch_B\855.wav,TTS,100,0.99609375,1
E:\SIH\ira-wakeword\dataset\positive_all\piper_batch_B\855.wav,TTS,200,0.99609375,1
E:\SIH\ira-wakeword\dataset\positive_all\piper_batch_B\855.wav,TTS,300,0.99609375,1
E:\SIH\ira-wakeword\dataset\positive_all\piper_batch_B\855.wav,TTS,400,0.99609375,1
E:\SIH\ira-wakeword\dataset\positive_all\piper_batch_B\855.wav,TTS,500,0.99609375,1
E:\SIH\ira-wakeword\dataset\positive_all\piper_batch_B\87.wav,TTS,0,0.99609375,1
E:\SIH\ira-wakeword\dataset\positive_all\piper_batch_B\87.wav,TTS,100,0.99609375,1
E:\SIH\ira-wakeword\dataset\positive_all\piper_batch_B\87.wav,TTS,200,0.99609375,1
E:\SIH\ira-wakeword\dataset\positive_all\piper_batch_B\87.wav,TTS,300,0.99609375,1
E:\SIH\ira-wakeword\dataset\positive_all\piper_batch_B\87.wav,TTS,400,0.99609375,1
E:\SIH\ira-wakeword\dataset\positive_all\piper_batch_B\87.wav,TTS,500,0.99609375,1
E:\SIH\ira-wakeword\dataset\positive_all\piper_batch_B\87.wav,TTS,600,0.99609375,1
E:\SIH\ira-wakeword\dataset\positive_all\piper_batch_B\882.wav,TTS,0,0.99609375,1
E:\SIH\ira-wakeword\dataset\positive_all\piper_batch_B\882.wav,TTS,100,0.99609375,1
E:\SIH\ira-wakeword\dataset\positive_all\piper_batch_B\882.wav,TTS,200,0.99609375,1
E:\SIH\ira-wakeword\dataset\positive_all\piper_batch_B\882.wav,TTS,300,0.99609375,1
E:\SIH\ira-wakeword\dataset\positive_all\piper_batch_B\882.wav,TTS,400,0.99609375,1
E:\SIH\ira-wakeword\dataset\positive_all\piper_batch_B\882.wav,TTS,500,0.99609375,1
E:\SIH\ira-wakeword\dataset\positive_all\piper_batch_B\882.wav,TTS,600,0.99609375,1
E:\SIH\ira-wakeword\dataset\positive_all\piper_batch_B\891.wav,TTS,0,0.99609375,1
E:\SIH\ira-wakeword\dataset\positive_all\piper_batch_B\891.wav,TTS,100,0.99609375,1
E:\SIH\ira-wakeword\dataset\positive_all\piper_batch_B\891.wav,TTS,200,0.99609375,1
E:\SIH\ira-wakeword\dataset\positive_all\piper_batch_B\891.wav,TTS,300,0.99609375,1
E:\SIH\ira-wakeword\dataset\positive_all\piper_batch_B\891.wav,TTS,400,0.99609375,1
E:\SIH\ira-wakeword\dataset\positive_all\piper_batch_B\891.wav,TTS,500,0.99609375,1
E:\SIH\ira-wakeword\dataset\positive_all\piper_batch_B\895.wav,TTS,0,0.99609375,1
E:\SIH\ira-wakeword\dataset\positive_all\piper_batch_B\895.wav,TTS,100,0.99609375,1
E:\SIH\ira-wakeword\dataset\positive_all\piper_batch_B\895.wav,TTS,200,0.99609375,1
E:\SIH\ira-wakeword\dataset\positive_all\piper_batch_B\895.wav,TTS,300,0.99609375,1
E:\SIH\ira-wakeword\dataset\positive_all\piper_batch_B\895.wav,TTS,400,0.99609375,1
E:\SIH\ira-wakeword\dataset\positive_all\piper_batch_B\895.wav,TTS,500,0.99609375,1
E:\SIH\ira-wakeword\dataset\positive_all\piper_batch_B\895.wav,TTS,600,0.99609375,1
E:\SIH\ira-wakeword\dataset\positive_all\piper_batch_B\896.wav,TTS,0,0.99609375,1
E:\SIH\ira-wakeword\dataset\positive_all\piper_batch_B\896.wav,TTS,100,0.99609375,1
E:\SIH\ira-wakeword\dataset\positive_all\piper_batch_B\896.wav,TTS,200,0.99609375,1
E:\SIH\ira-wakeword\dataset\positive_all\piper_batch_B\896.wav,TTS,300,0.99609375,1
E:\SIH\ira-wakeword\dataset\positive_all\piper_batch_B\896.wav,TTS,400,0.99609375,1
E:\SIH\ira-wakeword\dataset\positive_all\piper_batch_B\896.wav,TTS,500,0.99609375,1
E:\SIH\ira-wakeword\dataset\positive_all\piper_batch_B\896.wav,TTS,600,0.99609375,1
E:\SIH\ira-wakeword\dataset\positive_all\piper_batch_B\90.wav,TTS,0,0.99609375,1
E:\SIH\ira-wakeword\dataset\positive_all\piper_batch_B\90.wav,TTS,100,0.99609375,1
E:\SIH\ira-wakeword\dataset\positive_all\piper_batch_B\90.wav,TTS,200,0.99609375,1
E:\SIH\ira-wakeword\dataset\positive_all\piper_batch_B\90.wav,TTS,300,0.99609375,1
E:\SIH\ira-wakeword\dataset\positive_all\piper_batch_B\90.wav,TTS,400,0.99609375,1
E:\SIH\ira-wakeword\dataset\positive_all\piper_batch_B\90.wav,TTS,500,0.99609375,1
E:\SIH\ira-wakeword\dataset\positive_all\piper_batch_B\90.wav,TTS,600,0.99609375,1
E:\SIH\ira-wakeword\dataset\positive_all\piper_batch_B\926.wav,TTS,0,0.99609375,1
E:\SIH\ira-wakeword\dataset\positive_all\piper_batch_B\926.wav,TTS,100,0.99609375,1
E:\SIH\ira-wakeword\dataset\positive_all\piper_batch_B\926.wav,TTS,200,0.99609375,1
E:\SIH\ira-wakeword\dataset\positive_all\piper_batch_B\926.wav,TTS,300,0.99609375,1
E:\SIH\ira-wakeword\dataset\positive_all\piper_batch_B\926.wav,TTS,400,0.99609375,1
E:\SIH\ira-wakeword\dataset\positive_all\piper_batch_B\926.wav,TTS,500,0.99609375,1
E:\SIH\ira-wakeword\dataset\positive_all\piper_batch_B\926.wav,TTS,600,0.99609375,1
E:\SIH\ira-wakeword\dataset\positive_all\piper_batch_B\952.wav,TTS,0,0.99609375,1
E:\SIH\ira-wakeword\dataset\positive_all\piper_batch_B\952.wav,TTS,100,0.99609375,1
E:\SIH\ira-wakeword\dataset\positive_all\piper_batch_B\952.wav,TTS,200,0.99609375,1
E:\SIH\ira-wakeword\dataset\positive_all\piper_batch_B\952.wav,TTS,300,0.99609375,1
E:\SIH\ira-wakeword\dataset\positive_all\piper_batch_B\952.wav,TTS,400,0.99609375,1
E:\SIH\ira-wakeword\dataset\positive_all\piper_batch_B\952.wav,TTS,500,0.99609375,1
E:\SIH\ira-wakeword\dataset\positive_all\piper_batch_B\952.wav,TTS,600,0.99609375,1
E:\SIH\ira-wakeword\dataset\positive_all\piper_batch_B\972.wav,TTS,0,0.99609375,1
E:\SIH\ira-wakeword\dataset\positive_all\piper_batch_B\972.wav,TTS,100,0.99609375,1
E:\SIH\ira-wakeword\dataset\positive_all\piper_batch_B\972.wav,TTS,200,0.99609375,1
E:\SIH\ira-wakeword\dataset\positive_all\piper_batch_B\972.wav,TTS,300,0.99609375,1
E:\SIH\ira-wakeword\dataset\positive_all\piper_batch_B\972.wav,TTS,400,0.99609375,1
E:\SIH\ira-wakeword\dataset\positive_all\piper_batch_B\972.wav,TTS,500,0.99609375,1
E:\SIH\ira-wakeword\dataset\positive_all\piper_batch_B\972.wav,TTS,600,0.99609375,1
E:\SIH\ira-wakeword\dataset\positive_all\piper_batch_B\973.wav,TTS,0,0.99609375,1
E:\SIH\ira-wakeword\dataset\positive_all\piper_batch_B\973.wav,TTS,100,0.99609375,1
E:\SIH\ira-wakeword\dataset\positive_all\piper_batch_B\973.wav,TTS,200,0.99609375,1
E:\SIH\ira-wakeword\dataset\positive_all\piper_batch_B\973.wav,TTS,300,0.99609375,1
E:\SIH\ira-wakeword\dataset\positive_all\piper_batch_B\973.wav,TTS,400,0.99609375,1
E:\SIH\ira-wakeword\dataset\positive_all\piper_batch_B\973.wav,TTS,500,0.99609375,1
E:\SIH\ira-wakeword\dataset\positive_all\piper_batch_B\982.wav,TTS,0,0.99609375,1
E:\SIH\ira-wakeword\dataset\positive_all\piper_batch_B\982.wav,TTS,100,0.99609375,1
E:\SIH\ira-wakeword\dataset\positive_all\piper_batch_B\982.wav,TTS,200,0.99609375,1
E:\SIH\ira-wakeword\dataset\positive_all\piper_batch_B\982.wav,TTS,300,0.99609375,1
E:\SIH\ira-wakeword\dataset\positive_all\piper_batch_B\982.wav,TTS,400,0.99609375,1
E:\SIH\ira-wakeword\dataset\positive_all\piper_batch_B\982.wav,TTS,500,0.99609375,1
E:\SIH\ira-wakeword\dataset\positive_all\piper_batch_B\982.wav,TTS,600,0.99609375,1
E:\SIH\ira-wakeword\dataset\positive_all\piper_batch_B\996.wav,TTS,0,0.99609375,1
E:\SIH\ira-wakeword\dataset\positive_all\piper_batch_B\996.wav,TTS,100,0.99609375,1
E:\SIH\ira-wakeword\dataset\positive_all\piper_batch_B\996.wav,TTS,200,0.99609375,1
E:\SIH\ira-wakeword\dataset\positive_all\piper_batch_B\996.wav,TTS,300,0.99609375,1
E:\SIH\ira-wakeword\dataset\positive_all\piper_batch_B\996.wav,TTS,400,0.99609375,1
E:\SIH\ira-wakeword\dataset\positive_all\piper_batch_B\996.wav,TTS,500,0.99609375,1
E:\SIH\ira-wakeword\dataset\positive_all\piper_batch_B\997.wav,TTS,0,0.99609375,1
E:\SIH\ira-wakeword\dataset\positive_all\piper_batch_B\997.wav,TTS,100,0.99609375,1
E:\SIH\ira-wakeword\dataset\positive_all\piper_batch_B\997.wav,TTS,200,0.99609375,1
E:\SIH\ira-wakeword\dataset\positive_all\piper_batch_B\997.wav,TTS,300,0.99609375,1
E:\SIH\ira-wakeword\dataset\positive_all\piper_batch_B\997.wav,TTS,400,0.99609375,1
E:\SIH\ira-wakeword\dataset\positive_all\piper_batch_B\997.wav,TTS,500,0.99609375,1
E:\SIH\ira-wakeword\dataset\positive_all\piper_batch_B\997.wav,TTS,600,0.99609375,1
E:\SIH\ira-wakeword\dataset\positive_all\piper_batch_C\0.wav,TTS,0,0.99609375,1
E:\SIH\ira-wakeword\dataset\positive_all\piper_batch_C\0.wav,TTS,100,0.99609375,1
E:\SIH\ira-wakeword\dataset\positive_all\piper_batch_C\0.wav,TTS,200,0.99609375,1
E:\SIH\ira-wakeword\dataset\positive_all\piper_batch_C\0.wav,TTS,300,0.99609375,1
E:\SIH\ira-wakeword\dataset\positive_all\piper_batch_C\0.wav,TTS,400,0.99609375,1
E:\SIH\ira-wakeword\dataset\positive_all\piper_batch_C\0.wav,TTS,500,0.99609375,1
E:\SIH\ira-wakeword\dataset\positive_all\piper_batch_C\0.wav,TTS,600,0.99609375,1
E:\SIH\ira-wakeword\dataset\positive_all\piper_batch_C\1009.wav,TTS,0,0.99609375,1
E:\SIH\ira-wakeword\dataset\positive_all\piper_batch_C\1009.wav,TTS,100,0.99609375,1
E:\SIH\ira-wakeword\dataset\positive_all\piper_batch_C\1009.wav,TTS,200,0.99609375,1
E:\SIH\ira-wakeword\dataset\positive_all\piper_batch_C\1009.wav,TTS,300,0.99609375,1
E:\SIH\ira-wakeword\dataset\positive_all\piper_batch_C\1009.wav,TTS,400,0.99609375,1
E:\SIH\ira-wakeword\dataset\positive_all\piper_batch_C\1009.wav,TTS,500,0.99609375,1
E:\SIH\ira-wakeword\dataset\positive_all\piper_batch_C\1009.wav,TTS,600,0.99609375,1
E:\SIH\ira-wakeword\dataset\positive_all\piper_batch_C\1020.wav,TTS,0,0.99609375,1
E:\SIH\ira-wakeword\dataset\positive_all\piper_batch_C\1020.wav,TTS,100,0.99609375,1
E:\SIH\ira-wakeword\dataset\positive_all\piper_batch_C\1020.wav,TTS,200,0.99609375,1
E:\SIH\ira-wakeword\dataset\positive_all\piper_batch_C\1020.wav,TTS,300,0.99609375,1
E:\SIH\ira-wakeword\dataset\positive_all\piper_batch_C\1020.wav,TTS,400,0.99609375,1
E:\SIH\ira-wakeword\dataset\positive_all\piper_batch_C\1020.wav,TTS,500,0.99609375,1
E:\SIH\ira-wakeword\dataset\positive_all\piper_batch_C\1020.wav,TTS,600,0.99609375,1
E:\SIH\ira-wakeword\dataset\positive_all\piper_batch_C\1027.wav,TTS,0,0.99609375,1
E:\SIH\ira-wakeword\dataset\positive_all\piper_batch_C\1027.wav,TTS,100,0.99609375,1
E:\SIH\ira-wakeword\dataset\positive_all\piper_batch_C\1027.wav,TTS,200,0.99609375,1
E:\SIH\ira-wakeword\dataset\positive_all\piper_batch_C\1027.wav,TTS,300,0.99609375,1
E:\SIH\ira-wakeword\dataset\positive_all\piper_batch_C\1027.wav,TTS,400,0.99609375,1
E:\SIH\ira-wakeword\dataset\positive_all\piper_batch_C\1027.wav,TTS,500,0.99609375,1
E:\SIH\ira-wakeword\dataset\positive_all\piper_batch_C\1027.wav,TTS,600,0.99609375,1
E:\SIH\ira-wakeword\dataset\positive_all\piper_batch_C\1037.wav,TTS,0,0.99609375,1
E:\SIH\ira-wakeword\dataset\positive_all\piper_batch_C\1037.wav,TTS,100,0.99609375,1
E:\SIH\ira-wakeword\dataset\positive_all\piper_batch_C\1037.wav,TTS,200,0.99609375,1
E:\SIH\ira-wakeword\dataset\positive_all\piper_batch_C\1037.wav,TTS,300,0.99609375,1
E:\SIH\ira-wakeword\dataset\positive_all\piper_batch_C\1037.wav,TTS,400,0.99609375,1
E:\SIH\ira-wakeword\dataset\positive_all\piper_batch_C\1037.wav,TTS,500,0.99609375,1
E:\SIH\ira-wakeword\dataset\positive_all\piper_batch_C\1055.wav,TTS,0,0.99609375,1
E:\SIH\ira-wakeword\dataset\positive_all\piper_batch_C\1055.wav,TTS,100,0.99609375,1
E:\SIH\ira-wakeword\dataset\positive_all\piper_batch_C\1055.wav,TTS,200,0.99609375,1
E:\SIH\ira-wakeword\dataset\positive_all\piper_batch_C\1055.wav,TTS,300,0.99609375,1
E:\SIH\ira-wakeword\dataset\positive_all\piper_batch_C\1055.wav,TTS,400,0.99609375,1
E:\SIH\ira-wakeword\dataset\positive_all\piper_batch_C\1055.wav,TTS,500,0.99609375,1
E:\SIH\ira-wakeword\dataset\positive_all\piper_batch_C\1056.wav,TTS,0,0.99609375,1
E:\SIH\ira-wakeword\dataset\positive_all\piper_batch_C\1056.wav,TTS,100,0.99609375,1
E:\SIH\ira-wakeword\dataset\positive_all\piper_batch_C\1056.wav,TTS,200,0.99609375,1
E:\SIH\ira-wakeword\dataset\positive_all\piper_batch_C\1056.wav,TTS,300,0.99609375,1
E:\SIH\ira-wakeword\dataset\positive_all\piper_batch_C\1056.wav,TTS,400,0.99609375,1
E:\SIH\ira-wakeword\dataset\positive_all\piper_batch_C\1056.wav,TTS,500,0.99609375,1
E:\SIH\ira-wakeword\dataset\positive_all\piper_batch_C\1060.wav,TTS,0,0.99609375,1
E:\SIH\ira-wakeword\dataset\positive_all\piper_batch_C\1060.wav,TTS,100,0.99609375,1
E:\SIH\ira-wakeword\dataset\positive_all\piper_batch_C\1060.wav,TTS,200,0.99609375,1
E:\SIH\ira-wakeword\dataset\positive_all\piper_batch_C\1060.wav,TTS,300,0.99609375,1
E:\SIH\ira-wakeword\dataset\positive_all\piper_batch_C\1060.wav,TTS,400,0.99609375,1
E:\SIH\ira-wakeword\dataset\positive_all\piper_batch_C\1060.wav,TTS,500,0.99609375,1
E:\SIH\ira-wakeword\dataset\positive_all\piper_batch_C\1067.wav,TTS,0,0.99609375,1
E:\SIH\ira-wakeword\dataset\positive_all\piper_batch_C\1067.wav,TTS,100,0.99609375,1
E:\SIH\ira-wakeword\dataset\positive_all\piper_batch_C\1067.wav,TTS,200,0.99609375,1
E:\SIH\ira-wakeword\dataset\positive_all\piper_batch_C\1067.wav,TTS,300,0.99609375,1
E:\SIH\ira-wakeword\dataset\positive_all\piper_batch_C\1067.wav,TTS,400,0.99609375,1
E:\SIH\ira-wakeword\dataset\positive_all\piper_batch_C\1067.wav,TTS,500,0.99609375,1
E:\SIH\ira-wakeword\dataset\positive_all\piper_batch_C\1067.wav,TTS,600,0.99609375,1
E:\SIH\ira-wakeword\dataset\positive_all\piper_batch_C\1072.wav,TTS,0,0.99609375,1
E:\SIH\ira-wakeword\dataset\positive_all\piper_batch_C\1072.wav,TTS,100,0.99609375,1
E:\SIH\ira-wakeword\dataset\positive_all\piper_batch_C\1072.wav,TTS,200,0.99609375,1
E:\SIH\ira-wakeword\dataset\positive_all\piper_batch_C\1072.wav,TTS,300,0.99609375,1
E:\SIH\ira-wakeword\dataset\positive_all\piper_batch_C\1072.wav,TTS,400,0.99609375,1
E:\SIH\ira-wakeword\dataset\positive_all\piper_batch_C\1072.wav,TTS,500,0.99609375,1
E:\SIH\ira-wakeword\dataset\positive_all\piper_batch_C\1078.wav,TTS,0,0.99609375,1
E:\SIH\ira-wakeword\dataset\positive_all\piper_batch_C\1078.wav,TTS,100,0.99609375,1
E:\SIH\ira-wakeword\dataset\positive_all\piper_batch_C\1078.wav,TTS,200,0.99609375,1
E:\SIH\ira-wakeword\dataset\positive_all\piper_batch_C\1078.wav,TTS,300,0.99609375,1
E:\SIH\ira-wakeword\dataset\positive_all\piper_batch_C\1078.wav,TTS,400,0.99609375,1
E:\SIH\ira-wakeword\dataset\positive_all\piper_batch_C\1078.wav,TTS,500,0.99609375,1
E:\SIH\ira-wakeword\dataset\positive_all\piper_batch_C\1088.wav,TTS,0,0.99609375,1
E:\SIH\ira-wakeword\dataset\positive_all\piper_batch_C\1088.wav,TTS,100,0.99609375,1
E:\SIH\ira-wakeword\dataset\positive_all\piper_batch_C\1088.wav,TTS,200,0.99609375,1
E:\SIH\ira-wakeword\dataset\positive_all\piper_batch_C\1088.wav,TTS,300,0.99609375,1
E:\SIH\ira-wakeword\dataset\positive_all\piper_batch_C\1088.wav,TTS,400,0.99609375,1
E:\SIH\ira-wakeword\dataset\positive_all\piper_batch_C\1088.wav,TTS,500,0.99609375,1
E:\SIH\ira-wakeword\dataset\positive_all\piper_batch_C\1104.wav,TTS,0,0.99609375,1
E:\SIH\ira-wakeword\dataset\positive_all\piper_batch_C\1104.wav,TTS,100,0.99609375,1
E:\SIH\ira-wakeword\dataset\positive_all\piper_batch_C\1104.wav,TTS,200,0.99609375,1
E:\SIH\ira-wakeword\dataset\positive_all\piper_batch_C\1104.wav,TTS,300,0.99609375,1
E:\SIH\ira-wakeword\dataset\positive_all\piper_batch_C\1104.wav,TTS,400,0.99609375,1
E:\SIH\ira-wakeword\dataset\positive_all\piper_batch_C\1104.wav,TTS,500,0.99609375,1
E:\SIH\ira-wakeword\dataset\positive_all\piper_batch_C\1104.wav,TTS,600,0.99609375,1
E:\SIH\ira-wakeword\dataset\positive_all\piper_batch_C\1109.wav,TTS,0,0.99609375,1
E:\SIH\ira-wakeword\dataset\positive_all\piper_batch_C\1109.wav,TTS,100,0.99609375,1
E:\SIH\ira-wakeword\dataset\positive_all\piper_batch_C\1109.wav,TTS,200,0.99609375,1
E:\SIH\ira-wakeword\dataset\positive_all\piper_batch_C\1109.wav,TTS,300,0.99609375,1
E:\SIH\ira-wakeword\dataset\positive_all\piper_batch_C\1109.wav,TTS,400,0.99609375,1
E:\SIH\ira-wakeword\dataset\positive_all\piper_batch_C\1109.wav,TTS,500,0.99609375,1
E:\SIH\ira-wakeword\dataset\positive_all\piper_batch_C\1109.wav,TTS,600,0.99609375,1
E:\SIH\ira-wakeword\dataset\positive_all\piper_batch_C\1127.wav,TTS,0,0.99609375,1
E:\SIH\ira-wakeword\dataset\positive_all\piper_batch_C\1127.wav,TTS,100,0.99609375,1
E:\SIH\ira-wakeword\dataset\positive_all\piper_batch_C\1127.wav,TTS,200,0.99609375,1
E:\SIH\ira-wakeword\dataset\positive_all\piper_batch_C\1127.wav,TTS,300,0.99609375,1
E:\SIH\ira-wakeword\dataset\positive_all\piper_batch_C\1127.wav,TTS,400,0.99609375,1
E:\SIH\ira-wakeword\dataset\positive_all\piper_batch_C\1127.wav,TTS,500,0.99609375,1
E:\SIH\ira-wakeword\dataset\positive_all\piper_batch_C\1128.wav,TTS,0,0.99609375,1
E:\SIH\ira-wakeword\dataset\positive_all\piper_batch_C\1128.wav,TTS,100,0.99609375,1
E:\SIH\ira-wakeword\dataset\positive_all\piper_batch_C\1128.wav,TTS,200,0.99609375,1
E:\SIH\ira-wakeword\dataset\positive_all\piper_batch_C\1128.wav,TTS,300,0.99609375,1
E:\SIH\ira-wakeword\dataset\positive_all\piper_batch_C\1128.wav,TTS,400,0.99609375,1
E:\SIH\ira-wakeword\dataset\positive_all\piper_batch_C\114.wav,TTS,0,0.99609375,1
E:\SIH\ira-wakeword\dataset\positive_all\piper_batch_C\114.wav,TTS,100,0.99609375,1
E:\SIH\ira-wakeword\dataset\positive_all\piper_batch_C\114.wav,TTS,200,0.99609375,1
E:\SIH\ira-wakeword\dataset\positive_all\piper_batch_C\114.wav,TTS,300,0.99609375,1
E:\SIH\ira-wakeword\dataset\positive_all\piper_batch_C\114.wav,TTS,400,0.99609375,1
E:\SIH\ira-wakeword\dataset\positive_all\piper_batch_C\114.wav,TTS,500,0.99609375,1
E:\SIH\ira-wakeword\dataset\positive_all\piper_batch_C\1140.wav,TTS,0,0.99609375,1
E:\SIH\ira-wakeword\dataset\positive_all\piper_batch_C\1140.wav,TTS,100,0.99609375,1
E:\SIH\ira-wakeword\dataset\positive_all\piper_batch_C\1140.wav,TTS,200,0.99609375,1
E:\SIH\ira-wakeword\dataset\positive_all\piper_batch_C\1140.wav,TTS,300,0.99609375,1
E:\SIH\ira-wakeword\dataset\positive_all\piper_batch_C\1140.wav,TTS,400,0.99609375,1
E:\SIH\ira-wakeword\dataset\positive_all\piper_batch_C\1140.wav,TTS,500,0.99609375,1
E:\SIH\ira-wakeword\dataset\positive_all\piper_batch_C\1144.wav,TTS,0,0.99609375,1
E:\SIH\ira-wakeword\dataset\positive_all\piper_batch_C\1144.wav,TTS,100,0.99609375,1
E:\SIH\ira-wakeword\dataset\positive_all\piper_batch_C\1144.wav,TTS,200,0.99609375,1
E:\SIH\ira-wakeword\dataset\positive_all\piper_batch_C\1144.wav,TTS,300,0.99609375,1
E:\SIH\ira-wakeword\dataset\positive_all\piper_batch_C\1144.wav,TTS,400,0.99609375,1
E:\SIH\ira-wakeword\dataset\positive_all\piper_batch_C\1144.wav,TTS,500,0.99609375,1
E:\SIH\ira-wakeword\dataset\positive_all\piper_batch_C\1144.wav,TTS,600,0.99609375,1
E:\SIH\ira-wakeword\dataset\positive_all\piper_batch_C\1167.wav,TTS,0,0.99609375,1
E:\SIH\ira-wakeword\dataset\positive_all\piper_batch_C\1167.wav,TTS,100,0.99609375,1
E:\SIH\ira-wakeword\dataset\positive_all\piper_batch_C\1167.wav,TTS,200,0.99609375,1
E:\SIH\ira-wakeword\dataset\positive_all\piper_batch_C\1167.wav,TTS,300,0.99609375,1
E:\SIH\ira-wakeword\dataset\positive_all\piper_batch_C\1167.wav,TTS,400,0.99609375,1
E:\SIH\ira-wakeword\dataset\positive_all\piper_batch_C\1167.wav,TTS,500,0.99609375,1
E:\SIH\ira-wakeword\dataset\positive_all\piper_batch_C\1171.wav,TTS,0,0.99609375,1
E:\SIH\ira-wakeword\dataset\positive_all\piper_batch_C\1171.wav,TTS,100,0.99609375,1
E:\SIH\ira-wakeword\dataset\positive_all\piper_batch_C\1171.wav,TTS,200,0.99609375,1
E:\SIH\ira-wakeword\dataset\positive_all\piper_batch_C\1171.wav,TTS,300,0.99609375,1
E:\SIH\ira-wakeword\dataset\positive_all\piper_batch_C\1171.wav,TTS,400,0.99609375,1
E:\SIH\ira-wakeword\dataset\positive_all\piper_batch_C\1171.wav,TTS,500,0.99609375,1
E:\SIH\ira-wakeword\dataset\positive_all\piper_batch_C\1176.wav,TTS,0,0.99609375,1
E:\SIH\ira-wakeword\dataset\positive_all\piper_batch_C\1176.wav,TTS,100,0.99609375,1
E:\SIH\ira-wakeword\dataset\positive_all\piper_batch_C\1176.wav,TTS,200,0.99609375,1
E:\SIH\ira-wakeword\dataset\positive_all\piper_batch_C\1176.wav,TTS,300,0.99609375,1
E:\SIH\ira-wakeword\dataset\positive_all\piper_batch_C\1176.wav,TTS,400,0.99609375,1
E:\SIH\ira-wakeword\dataset\positive_all\piper_batch_C\1176.wav,TTS,500,0.99609375,1
E:\SIH\ira-wakeword\dataset\positive_all\piper_batch_C\1176.wav,TTS,600,0.99609375,1
E:\SIH\ira-wakeword\dataset\positive_all\piper_batch_C\118.wav,TTS,0,0.99609375,1
E:\SIH\ira-wakeword\dataset\positive_all\piper_batch_C\118.wav,TTS,100,0.99609375,1
E:\SIH\ira-wakeword\dataset\positive_all\piper_batch_C\118.wav,TTS,200,0.99609375,1
E:\SIH\ira-wakeword\dataset\positive_all\piper_batch_C\118.wav,TTS,300,0.99609375,1
E:\SIH\ira-wakeword\dataset\positive_all\piper_batch_C\118.wav,TTS,400,0.99609375,1
E:\SIH\ira-wakeword\dataset\positive_all\piper_batch_C\118.wav,TTS,500,0.99609375,1
E:\SIH\ira-wakeword\dataset\positive_all\piper_batch_C\1184.wav,TTS,0,0.99609375,1
E:\SIH\ira-wakeword\dataset\positive_all\piper_batch_C\1184.wav,TTS,100,0.99609375,1
E:\SIH\ira-wakeword\dataset\positive_all\piper_batch_C\1184.wav,TTS,200,0.99609375,1
E:\SIH\ira-wakeword\dataset\positive_all\piper_batch_C\1184.wav,TTS,300,0.99609375,1
E:\SIH\ira-wakeword\dataset\positive_all\piper_batch_C\1184.wav,TTS,400,0.99609375,1
E:\SIH\ira-wakeword\dataset\positive_all\piper_batch_C\1184.wav,TTS,500,0.99609375,1
E:\SIH\ira-wakeword\dataset\positive_all\piper_batch_C\119.wav,TTS,0,0.99609375,1
E:\SIH\ira-wakeword\dataset\positive_all\piper_batch_C\119.wav,TTS,100,0.99609375,1
E:\SIH\ira-wakeword\dataset\positive_all\piper_batch_C\119.wav,TTS,200,0.99609375,1
E:\SIH\ira-wakeword\dataset\positive_all\piper_batch_C\119.wav,TTS,300,0.99609375,1
E:\SIH\ira-wakeword\dataset\positive_all\piper_batch_C\119.wav,TTS,400,0.99609375,1
E:\SIH\ira-wakeword\dataset\positive_all\piper_batch_C\119.wav,TTS,500,0.99609375,1
E:\SIH\ira-wakeword\dataset\positive_all\piper_batch_C\119.wav,TTS,600,0.99609375,1
E:\SIH\ira-wakeword\dataset\positive_all\piper_batch_C\1192.wav,TTS,0,0.99609375,1
E:\SIH\ira-wakeword\dataset\positive_all\piper_batch_C\1192.wav,TTS,100,0.99609375,1
E:\SIH\ira-wakeword\dataset\positive_all\piper_batch_C\1192.wav,TTS,200,0.99609375,1
E:\SIH\ira-wakeword\dataset\positive_all\piper_batch_C\1192.wav,TTS,300,0.99609375,1
E:\SIH\ira-wakeword\dataset\positive_all\piper_batch_C\1192.wav,TTS,400,0.99609375,1
E:\SIH\ira-wakeword\dataset\positive_all\piper_batch_C\1192.wav,TTS,500,0.99609375,1
E:\SIH\ira-wakeword\dataset\positive_all\piper_batch_C\1192.wav,TTS,600,0.99609375,1
E:\SIH\ira-wakeword\dataset\positive_all\piper_batch_C\1195.wav,TTS,0,0.99609375,1
E:\SIH\ira-wakeword\dataset\positive_all\piper_batch_C\1195.wav,TTS,100,0.99609375,1
E:\SIH\ira-wakeword\dataset\positive_all\piper_batch_C\1195.wav,TTS,200,0.99609375,1
E:\SIH\ira-wakeword\dataset\positive_all\piper_batch_C\1195.wav,TTS,300,0.99609375,1
E:\SIH\ira-wakeword\dataset\positive_all\piper_batch_C\1195.wav,TTS,400,0.99609375,1
E:\SIH\ira-wakeword\dataset\positive_all\piper_batch_C\1195.wav,TTS,500,0.99609375,1
E:\SIH\ira-wakeword\dataset\positive_all\piper_batch_C\1236.wav,TTS,0,0.99609375,1
E:\SIH\ira-wakeword\dataset\positive_all\piper_batch_C\1236.wav,TTS,100,0.99609375,1
E:\SIH\ira-wakeword\dataset\positive_all\piper_batch_C\1236.wav,TTS,200,0.99609375,1
E:\SIH\ira-wakeword\dataset\positive_all\piper_batch_C\1236.wav,TTS,300,0.99609375,1
E:\SIH\ira-wakeword\dataset\positive_all\piper_batch_C\1236.wav,TTS,400,0.99609375,1
E:\SIH\ira-wakeword\dataset\positive_all\piper_batch_C\1236.wav,TTS,500,0.99609375,1
E:\SIH\ira-wakeword\dataset\positive_all\piper_batch_C\1246.wav,TTS,0,0.99609375,1
E:\SIH\ira-wakeword\dataset\positive_all\piper_batch_C\1246.wav,TTS,100,0.99609375,1
E:\SIH\ira-wakeword\dataset\positive_all\piper_batch_C\1246.wav,TTS,200,0.99609375,1
E:\SIH\ira-wakeword\dataset\positive_all\piper_batch_C\1246.wav,TTS,300,0.99609375,1
E:\SIH\ira-wakeword\dataset\positive_all\piper_batch_C\1246.wav,TTS,400,0.99609375,1
E:\SIH\ira-wakeword\dataset\positive_all\piper_batch_C\1246.wav,TTS,500,0.99609375,1
E:\SIH\ira-wakeword\dataset\positive_all\piper_batch_C\1252.wav,TTS,0,0.99609375,1
E:\SIH\ira-wakeword\dataset\positive_all\piper_batch_C\1252.wav,TTS,100,0.99609375,1
E:\SIH\ira-wakeword\dataset\positive_all\piper_batch_C\1252.wav,TTS,200,0.99609375,1
E:\SIH\ira-wakeword\dataset\positive_all\piper_batch_C\1252.wav,TTS,300,0.99609375,1
E:\SIH\ira-wakeword\dataset\positive_all\piper_batch_C\1252.wav,TTS,400,0.99609375,1
E:\SIH\ira-wakeword\dataset\positive_all\piper_batch_C\1252.wav,TTS,500,0.99609375,1
E:\SIH\ira-wakeword\dataset\positive_all\piper_batch_C\1252.wav,TTS,600,0.99609375,1
E:\SIH\ira-wakeword\dataset\positive_all\piper_batch_C\1282.wav,TTS,0,0.99609375,1
E:\SIH\ira-wakeword\dataset\positive_all\piper_batch_C\1282.wav,TTS,100,0.99609375,1
E:\SIH\ira-wakeword\dataset\positive_all\piper_batch_C\1282.wav,TTS,200,0.99609375,1
E:\SIH\ira-wakeword\dataset\positive_all\piper_batch_C\1282.wav,TTS,300,0.99609375,1
E:\SIH\ira-wakeword\dataset\positive_all\piper_batch_C\1282.wav,TTS,400,0.99609375,1
E:\SIH\ira-wakeword\dataset\positive_all\piper_batch_C\1285.wav,TTS,0,0.99609375,1
E:\SIH\ira-wakeword\dataset\positive_all\piper_batch_C\1285.wav,TTS,100,0.99609375,1
E:\SIH\ira-wakeword\dataset\positive_all\piper_batch_C\1285.wav,TTS,200,0.99609375,1
E:\SIH\ira-wakeword\dataset\positive_all\piper_batch_C\1285.wav,TTS,300,0.99609375,1
E:\SIH\ira-wakeword\dataset\positive_all\piper_batch_C\1285.wav,TTS,400,0.99609375,1
E:\SIH\ira-wakeword\dataset\positive_all\piper_batch_C\1285.wav,TTS,500,0.99609375,1
E:\SIH\ira-wakeword\dataset\positive_all\piper_batch_C\1285.wav,TTS,600,0.99609375,1
E:\SIH\ira-wakeword\dataset\positive_all\piper_batch_C\1289.wav,TTS,0,0.99609375,1
E:\SIH\ira-wakeword\dataset\positive_all\piper_batch_C\1289.wav,TTS,100,0.99609375,1
E:\SIH\ira-wakeword\dataset\positive_all\piper_batch_C\1289.wav,TTS,200,0.99609375,1
E:\SIH\ira-wakeword\dataset\positive_all\piper_batch_C\1289.wav,TTS,300,0.99609375,1
E:\SIH\ira-wakeword\dataset\positive_all\piper_batch_C\1289.wav,TTS,400,0.99609375,1
E:\SIH\ira-wakeword\dataset\positive_all\piper_batch_C\1289.wav,TTS,500,0.99609375,1
E:\SIH\ira-wakeword\dataset\positive_all\piper_batch_C\1289.wav,TTS,600,0.99609375,1
E:\SIH\ira-wakeword\dataset\positive_all\piper_batch_C\1304.wav,TTS,0,0.99609375,1
E:\SIH\ira-wakeword\dataset\positive_all\piper_batch_C\1304.wav,TTS,100,0.99609375,1
E:\SIH\ira-wakeword\dataset\positive_all\piper_batch_C\1304.wav,TTS,200,0.99609375,1
E:\SIH\ira-wakeword\dataset\positive_all\piper_batch_C\1304.wav,TTS,300,0.99609375,1
E:\SIH\ira-wakeword\dataset\positive_all\piper_batch_C\1304.wav,TTS,400,0.99609375,1
E:\SIH\ira-wakeword\dataset\positive_all\piper_batch_C\1304.wav,TTS,500,0.99609375,1
E:\SIH\ira-wakeword\dataset\positive_all\piper_batch_C\1304.wav,TTS,600,0.99609375,1
E:\SIH\ira-wakeword\dataset\positive_all\piper_batch_C\1316.wav,TTS,0,0.99609375,1
E:\SIH\ira-wakeword\dataset\positive_all\piper_batch_C\1316.wav,TTS,100,0.99609375,1
E:\SIH\ira-wakeword\dataset\positive_all\piper_batch_C\1316.wav,TTS,200,0.99609375,1
E:\SIH\ira-wakeword\dataset\positive_all\piper_batch_C\1316.wav,TTS,300,0.99609375,1
E:\SIH\ira-wakeword\dataset\positive_all\piper_batch_C\1316.wav,TTS,400,0.99609375,1
E:\SIH\ira-wakeword\dataset\positive_all\piper_batch_C\1326.wav,TTS,0,0.99609375,1
E:\SIH\ira-wakeword\dataset\positive_all\piper_batch_C\1326.wav,TTS,100,0.99609375,1
E:\SIH\ira-wakeword\dataset\positive_all\piper_batch_C\1326.wav,TTS,200,0.99609375,1
E:\SIH\ira-wakeword\dataset\positive_all\piper_batch_C\1326.wav,TTS,300,0.99609375,1
E:\SIH\ira-wakeword\dataset\positive_all\piper_batch_C\1326.wav,TTS,400,0.99609375,1
E:\SIH\ira-wakeword\dataset\positive_all\piper_batch_C\1326.wav,TTS,500,0.99609375,1
E:\SIH\ira-wakeword\dataset\positive_all\piper_batch_C\1326.wav,TTS,600,0.99609375,1
E:\SIH\ira-wakeword\dataset\positive_all\piper_batch_C\1327.wav,TTS,0,0.99609375,1
E:\SIH\ira-wakeword\dataset\positive_all\piper_batch_C\1327.wav,TTS,100,0.99609375,1
E:\SIH\ira-wakeword\dataset\positive_all\piper_batch_C\1327.wav,TTS,200,0.99609375,1
E:\SIH\ira-wakeword\dataset\positive_all\piper_batch_C\1327.wav,TTS,300,0.99609375,1
E:\SIH\ira-wakeword\dataset\positive_all\piper_batch_C\1327.wav,TTS,400,0.99609375,1
E:\SIH\ira-wakeword\dataset\positive_all\piper_batch_C\1327.wav,TTS,500,0.99609375,1
E:\SIH\ira-wakeword\dataset\positive_all\piper_batch_C\133.wav,TTS,0,0.99609375,1
E:\SIH\ira-wakeword\dataset\positive_all\piper_batch_C\133.wav,TTS,100,0.99609375,1
E:\SIH\ira-wakeword\dataset\positive_all\piper_batch_C\133.wav,TTS,200,0.99609375,1
E:\SIH\ira-wakeword\dataset\positive_all\piper_batch_C\133.wav,TTS,300,0.99609375,1
E:\SIH\ira-wakeword\dataset\positive_all\piper_batch_C\133.wav,TTS,400,0.99609375,1
E:\SIH\ira-wakeword\dataset\positive_all\piper_batch_C\133.wav,TTS,500,0.99609375,1
E:\SIH\ira-wakeword\dataset\positive_all\piper_batch_C\133.wav,TTS,600,0.99609375,1
E:\SIH\ira-wakeword\dataset\positive_all\piper_batch_C\1347.wav,TTS,0,0.99609375,1
E:\SIH\ira-wakeword\dataset\positive_all\piper_batch_C\1347.wav,TTS,100,0.99609375,1
E:\SIH\ira-wakeword\dataset\positive_all\piper_batch_C\1347.wav,TTS,200,0.99609375,1
E:\SIH\ira-wakeword\dataset\positive_all\piper_batch_C\1347.wav,TTS,300,0.99609375,1
E:\SIH\ira-wakeword\dataset\positive_all\piper_batch_C\1347.wav,TTS,400,0.99609375,1
E:\SIH\ira-wakeword\dataset\positive_all\piper_batch_C\1350.wav,TTS,0,0.99609375,1
E:\SIH\ira-wakeword\dataset\positive_all\piper_batch_C\1350.wav,TTS,100,0.99609375,1
E:\SIH\ira-wakeword\dataset\positive_all\piper_batch_C\1350.wav,TTS,200,0.99609375,1
E:\SIH\ira-wakeword\dataset\positive_all\piper_batch_C\1350.wav,TTS,300,0.99609375,1
E:\SIH\ira-wakeword\dataset\positive_all\piper_batch_C\1350.wav,TTS,400,0.99609375,1
E:\SIH\ira-wakeword\dataset\positive_all\piper_batch_C\1350.wav,TTS,500,0.99609375,1
E:\SIH\ira-wakeword\dataset\positive_all\piper_batch_C\1353.wav,TTS,0,0.99609375,1
E:\SIH\ira-wakeword\dataset\positive_all\piper_batch_C\1353.wav,TTS,100,0.99609375,1
E:\SIH\ira-wakeword\dataset\positive_all\piper_batch_C\1353.wav,TTS,200,0.99609375,1
E:\SIH\ira-wakeword\dataset\positive_all\piper_batch_C\1353.wav,TTS,300,0.99609375,1
E:\SIH\ira-wakeword\dataset\positive_all\piper_batch_C\1353.wav,TTS,400,0.99609375,1
E:\SIH\ira-wakeword\dataset\positive_all\piper_batch_C\1353.wav,TTS,500,0.99609375,1
E:\SIH\ira-wakeword\dataset\positive_all\piper_batch_C\137.wav,TTS,0,0.99609375,1
E:\SIH\ira-wakeword\dataset\positive_all\piper_batch_C\137.wav,TTS,100,0.99609375,1
E:\SIH\ira-wakeword\dataset\positive_all\piper_batch_C\137.wav,TTS,200,0.99609375,1
E:\SIH\ira-wakeword\dataset\positive_all\piper_batch_C\137.wav,TTS,300,0.99609375,1
E:\SIH\ira-wakeword\dataset\positive_all\piper_batch_C\137.wav,TTS,400,0.99609375,1
E:\SIH\ira-wakeword\dataset\positive_all\piper_batch_C\137.wav,TTS,500,0.99609375,1
E:\SIH\ira-wakeword\dataset\positive_all\piper_batch_C\137.wav,TTS,600,0.99609375,1
E:\SIH\ira-wakeword\dataset\positive_all\piper_batch_C\1382.wav,TTS,0,0.99609375,1
E:\SIH\ira-wakeword\dataset\positive_all\piper_batch_C\1382.wav,TTS,100,0.99609375,1
E:\SIH\ira-wakeword\dataset\positive_all\piper_batch_C\1382.wav,TTS,200,0.99609375,1
E:\SIH\ira-wakeword\dataset\positive_all\piper_batch_C\1382.wav,TTS,300,0.99609375,1
E:\SIH\ira-wakeword\dataset\positive_all\piper_batch_C\1382.wav,TTS,400,0.99609375,1
E:\SIH\ira-wakeword\dataset\positive_all\piper_batch_C\1382.wav,TTS,500,0.99609375,1
E:\SIH\ira-wakeword\dataset\positive_all\piper_batch_C\1392.wav,TTS,0,0.99609375,1
E:\SIH\ira-wakeword\dataset\positive_all\piper_batch_C\1392.wav,TTS,100,0.99609375,1
E:\SIH\ira-wakeword\dataset\positive_all\piper_batch_C\1392.wav,TTS,200,0.99609375,1
E:\SIH\ira-wakeword\dataset\positive_all\piper_batch_C\1392.wav,TTS,300,0.99609375,1
E:\SIH\ira-wakeword\dataset\positive_all\piper_batch_C\1392.wav,TTS,400,0.99609375,1
E:\SIH\ira-wakeword\dataset\positive_all\piper_batch_C\1392.wav,TTS,500,0.99609375,1
E:\SIH\ira-wakeword\dataset\positive_all\piper_batch_C\1393.wav,TTS,0,0.99609375,1
E:\SIH\ira-wakeword\dataset\positive_all\piper_batch_C\1393.wav,TTS,100,0.99609375,1
E:\SIH\ira-wakeword\dataset\positive_all\piper_batch_C\1393.wav,TTS,200,0.99609375,1
E:\SIH\ira-wakeword\dataset\positive_all\piper_batch_C\1393.wav,TTS,300,0.99609375,1
E:\SIH\ira-wakeword\dataset\positive_all\piper_batch_C\1393.wav,TTS,400,0.99609375,1
E:\SIH\ira-wakeword\dataset\positive_all\piper_batch_C\1393.wav,TTS,500,0.99609375,1
E:\SIH\ira-wakeword\dataset\positive_all\piper_batch_C\1396.wav,TTS,0,0.99609375,1
E:\SIH\ira-wakeword\dataset\positive_all\piper_batch_C\1396.wav,TTS,100,0.99609375,1
E:\SIH\ira-wakeword\dataset\positive_all\piper_batch_C\1396.wav,TTS,200,0.99609375,1
E:\SIH\ira-wakeword\dataset\positive_all\piper_batch_C\1396.wav,TTS,300,0.99609375,1
E:\SIH\ira-wakeword\dataset\positive_all\piper_batch_C\1396.wav,TTS,400,0.99609375,1
E:\SIH\ira-wakeword\dataset\positive_all\piper_batch_C\1396.wav,TTS,500,0.99609375,1
E:\SIH\ira-wakeword\dataset\positive_all\piper_batch_C\1399.wav,TTS,0,0.99609375,1
E:\SIH\ira-wakeword\dataset\positive_all\piper_batch_C\1399.wav,TTS,100,0.99609375,1
E:\SIH\ira-wakeword\dataset\positive_all\piper_batch_C\1399.wav,TTS,200,0.99609375,1
E:\SIH\ira-wakeword\dataset\positive_all\piper_batch_C\1399.wav,TTS,300,0.99609375,1
E:\SIH\ira-wakeword\dataset\positive_all\piper_batch_C\1399.wav,TTS,400,0.99609375,1
E:\SIH\ira-wakeword\dataset\positive_all\piper_batch_C\1399.wav,TTS,500,0.99609375,1
E:\SIH\ira-wakeword\dataset\positive_all\piper_batch_C\1404.wav,TTS,0,0.99609375,1
E:\SIH\ira-wakeword\dataset\positive_all\piper_batch_C\1404.wav,TTS,100,0.99609375,1
E:\SIH\ira-wakeword\dataset\positive_all\piper_batch_C\1404.wav,TTS,200,0.99609375,1
E:\SIH\ira-wakeword\dataset\positive_all\piper_batch_C\1404.wav,TTS,300,0.99609375,1
E:\SIH\ira-wakeword\dataset\positive_all\piper_batch_C\1404.wav,TTS,400,0.99609375,1
E:\SIH\ira-wakeword\dataset\positive_all\piper_batch_C\1406.wav,TTS,0,0.99609375,1
E:\SIH\ira-wakeword\dataset\positive_all\piper_batch_C\1406.wav,TTS,100,0.99609375,1
E:\SIH\ira-wakeword\dataset\positive_all\piper_batch_C\1406.wav,TTS,200,0.99609375,1
E:\SIH\ira-wakeword\dataset\positive_all\piper_batch_C\1406.wav,TTS,300,0.99609375,1
E:\SIH\ira-wakeword\dataset\positive_all\piper_batch_C\1406.wav,TTS,400,0.99609375,1
E:\SIH\ira-wakeword\dataset\positive_all\piper_batch_C\1406.wav,TTS,500,0.99609375,1
E:\SIH\ira-wakeword\dataset\positive_all\piper_batch_C\1423.wav,TTS,0,0.99609375,1
E:\SIH\ira-wakeword\dataset\positive_all\piper_batch_C\1423.wav,TTS,100,0.99609375,1
E:\SIH\ira-wakeword\dataset\positive_all\piper_batch_C\1423.wav,TTS,200,0.99609375,1
E:\SIH\ira-wakeword\dataset\positive_all\piper_batch_C\1423.wav,TTS,300,0.99609375,1
E:\SIH\ira-wakeword\dataset\positive_all\piper_batch_C\1423.wav,TTS,400,0.99609375,1
E:\SIH\ira-wakeword\dataset\positive_all\piper_batch_C\1423.wav,TTS,500,0.99609375,1
E:\SIH\ira-wakeword\dataset\positive_all\piper_batch_C\1427.wav,TTS,0,0.99609375,1
E:\SIH\ira-wakeword\dataset\positive_all\piper_batch_C\1427.wav,TTS,100,0.99609375,1
E:\SIH\ira-wakeword\dataset\positive_all\piper_batch_C\1427.wav,TTS,200,0.99609375,1
E:\SIH\ira-wakeword\dataset\positive_all\piper_batch_C\1427.wav,TTS,300,0.99609375,1
E:\SIH\ira-wakeword\dataset\positive_all\piper_batch_C\1427.wav,TTS,400,0.99609375,1
E:\SIH\ira-wakeword\dataset\positive_all\piper_batch_C\1427.wav,TTS,500,0.99609375,1
E:\SIH\ira-wakeword\dataset\positive_all\piper_batch_C\1440.wav,TTS,0,0.99609375,1
E:\SIH\ira-wakeword\dataset\positive_all\piper_batch_C\1440.wav,TTS,100,0.99609375,1
E:\SIH\ira-wakeword\dataset\positive_all\piper_batch_C\1440.wav,TTS,200,0.99609375,1
E:\SIH\ira-wakeword\dataset\positive_all\piper_batch_C\1440.wav,TTS,300,0.99609375,1
E:\SIH\ira-wakeword\dataset\positive_all\piper_batch_C\1440.wav,TTS,400,0.99609375,1
E:\SIH\ira-wakeword\dataset\positive_all\piper_batch_C\1440.wav,TTS,500,0.99609375,1
E:\SIH\ira-wakeword\dataset\positive_all\piper_batch_C\1456.wav,TTS,0,0.99609375,1
E:\SIH\ira-wakeword\dataset\positive_all\piper_batch_C\1456.wav,TTS,100,0.99609375,1
E:\SIH\ira-wakeword\dataset\positive_all\piper_batch_C\1456.wav,TTS,200,0.99609375,1
E:\SIH\ira-wakeword\dataset\positive_all\piper_batch_C\1456.wav,TTS,300,0.99609375,1
E:\SIH\ira-wakeword\dataset\positive_all\piper_batch_C\1456.wav,TTS,400,0.99609375,1
E:\SIH\ira-wakeword\dataset\positive_all\piper_batch_C\1456.wav,TTS,500,0.99609375,1
E:\SIH\ira-wakeword\dataset\positive_all\piper_batch_C\1456.wav,TTS,600,0.99609375,1
E:\SIH\ira-wakeword\dataset\positive_all\piper_batch_C\1458.wav,TTS,0,0.99609375,1
E:\SIH\ira-wakeword\dataset\positive_all\piper_batch_C\1458.wav,TTS,100,0.99609375,1
E:\SIH\ira-wakeword\dataset\positive_all\piper_batch_C\1458.wav,TTS,200,0.99609375,1
E:\SIH\ira-wakeword\dataset\positive_all\piper_batch_C\1458.wav,TTS,300,0.99609375,1
E:\SIH\ira-wakeword\dataset\positive_all\piper_batch_C\1458.wav,TTS,400,0.99609375,1
E:\SIH\ira-wakeword\dataset\positive_all\piper_batch_C\1458.wav,TTS,500,0.99609375,1
E:\SIH\ira-wakeword\dataset\positive_all\piper_batch_C\1466.wav,TTS,0,0.99609375,1
E:\SIH\ira-wakeword\dataset\positive_all\piper_batch_C\1466.wav,TTS,100,0.99609375,1
E:\SIH\ira-wakeword\dataset\positive_all\piper_batch_C\1466.wav,TTS,200,0.99609375,1
E:\SIH\ira-wakeword\dataset\positive_all\piper_batch_C\1466.wav,TTS,300,0.99609375,1
E:\SIH\ira-wakeword\dataset\positive_all\piper_batch_C\1466.wav,TTS,400,0.99609375,1
E:\SIH\ira-wakeword\dataset\positive_all\piper_batch_C\1466.wav,TTS,500,0.99609375,1
E:\SIH\ira-wakeword\dataset\positive_all\piper_batch_C\147.wav,TTS,0,0.99609375,1
E:\SIH\ira-wakeword\dataset\positive_all\piper_batch_C\147.wav,TTS,100,0.99609375,1
E:\SIH\ira-wakeword\dataset\positive_all\piper_batch_C\147.wav,TTS,200,0.99609375,1
E:\SIH\ira-wakeword\dataset\positive_all\piper_batch_C\147.wav,TTS,300,0.99609375,1
E:\SIH\ira-wakeword\dataset\positive_all\piper_batch_C\147.wav,TTS,400,0.99609375,1
E:\SIH\ira-wakeword\dataset\positive_all\piper_batch_C\147.wav,TTS,500,0.99609375,1
E:\SIH\ira-wakeword\dataset\positive_all\piper_batch_C\147.wav,TTS,600,0.99609375,1
E:\SIH\ira-wakeword\dataset\positive_all\piper_batch_C\1486.wav,TTS,0,0.99609375,1
E:\SIH\ira-wakeword\dataset\positive_all\piper_batch_C\1486.wav,TTS,100,0.99609375,1
E:\SIH\ira-wakeword\dataset\positive_all\piper_batch_C\1486.wav,TTS,200,0.99609375,1
E:\SIH\ira-wakeword\dataset\positive_all\piper_batch_C\1486.wav,TTS,300,0.99609375,1
E:\SIH\ira-wakeword\dataset\positive_all\piper_batch_C\1486.wav,TTS,400,0.99609375,1
E:\SIH\ira-wakeword\dataset\positive_all\piper_batch_C\1486.wav,TTS,500,0.99609375,1
E:\SIH\ira-wakeword\dataset\positive_all\piper_batch_C\1488.wav,TTS,0,0.99609375,1
E:\SIH\ira-wakeword\dataset\positive_all\piper_batch_C\1488.wav,TTS,100,0.99609375,1
E:\SIH\ira-wakeword\dataset\positive_all\piper_batch_C\1488.wav,TTS,200,0.99609375,1
E:\SIH\ira-wakeword\dataset\positive_all\piper_batch_C\1488.wav,TTS,300,0.99609375,1
E:\SIH\ira-wakeword\dataset\positive_all\piper_batch_C\1488.wav,TTS,400,0.99609375,1
E:\SIH\ira-wakeword\dataset\positive_all\piper_batch_C\1488.wav,TTS,500,0.99609375,1
E:\SIH\ira-wakeword\dataset\positive_all\piper_batch_C\1506.wav,TTS,0,0.99609375,1
E:\SIH\ira-wakeword\dataset\positive_all\piper_batch_C\1506.wav,TTS,100,0.99609375,1
E:\SIH\ira-wakeword\dataset\positive_all\piper_batch_C\1506.wav,TTS,200,0.99609375,1
E:\SIH\ira-wakeword\dataset\positive_all\piper_batch_C\1506.wav,TTS,300,0.99609375,1
E:\SIH\ira-wakeword\dataset\positive_all\piper_batch_C\1506.wav,TTS,400,0.99609375,1
E:\SIH\ira-wakeword\dataset\positive_all\piper_batch_C\1506.wav,TTS,500,0.99609375,1
E:\SIH\ira-wakeword\dataset\positive_all\piper_batch_C\1521.wav,TTS,0,0.99609375,1
E:\SIH\ira-wakeword\dataset\positive_all\piper_batch_C\1521.wav,TTS,100,0.99609375,1
E:\SIH\ira-wakeword\dataset\positive_all\piper_batch_C\1521.wav,TTS,200,0.99609375,1
E:\SIH\ira-wakeword\dataset\positive_all\piper_batch_C\1521.wav,TTS,300,0.99609375,1
E:\SIH\ira-wakeword\dataset\positive_all\piper_batch_C\1521.wav,TTS,400,0.99609375,1
E:\SIH\ira-wakeword\dataset\positive_all\piper_batch_C\1521.wav,TTS,500,0.99609375,1
E:\SIH\ira-wakeword\dataset\positive_all\piper_batch_C\1551.wav,TTS,0,0.99609375,1
E:\SIH\ira-wakeword\dataset\positive_all\piper_batch_C\1551.wav,TTS,100,0.99609375,1
E:\SIH\ira-wakeword\dataset\positive_all\piper_batch_C\1551.wav,TTS,200,0.99609375,1
E:\SIH\ira-wakeword\dataset\positive_all\piper_batch_C\1551.wav,TTS,300,0.99609375,1
E:\SIH\ira-wakeword\dataset\positive_all\piper_batch_C\1551.wav,TTS,400,0.99609375,1
E:\SIH\ira-wakeword\dataset\positive_all\piper_batch_C\1551.wav,TTS,500,0.99609375,1
E:\SIH\ira-wakeword\dataset\positive_all\piper_batch_C\1554.wav,TTS,0,0.99609375,1
E:\SIH\ira-wakeword\dataset\positive_all\piper_batch_C\1554.wav,TTS,100,0.99609375,1
E:\SIH\ira-wakeword\dataset\positive_all\piper_batch_C\1554.wav,TTS,200,0.99609375,1
E:\SIH\ira-wakeword\dataset\positive_all\piper_batch_C\1554.wav,TTS,300,0.99609375,1
E:\SIH\ira-wakeword\dataset\positive_all\piper_batch_C\1554.wav,TTS,400,0.99609375,1
E:\SIH\ira-wakeword\dataset\positive_all\piper_batch_C\1554.wav,TTS,500,0.99609375,1
E:\SIH\ira-wakeword\dataset\positive_all\piper_batch_C\1558.wav,TTS,0,0.99609375,1
E:\SIH\ira-wakeword\dataset\positive_all\piper_batch_C\1558.wav,TTS,100,0.99609375,1
E:\SIH\ira-wakeword\dataset\positive_all\piper_batch_C\1558.wav,TTS,200,0.99609375,1
E:\SIH\ira-wakeword\dataset\positive_all\piper_batch_C\1558.wav,TTS,300,0.99609375,1
E:\SIH\ira-wakeword\dataset\positive_all\piper_batch_C\1558.wav,TTS,400,0.99609375,1
E:\SIH\ira-wakeword\dataset\positive_all\piper_batch_C\1558.wav,TTS,500,0.99609375,1
E:\SIH\ira-wakeword\dataset\positive_all\piper_batch_C\1578.wav,TTS,0,0.99609375,1
E:\SIH\ira-wakeword\dataset\positive_all\piper_batch_C\1578.wav,TTS,100,0.99609375,1
E:\SIH\ira-wakeword\dataset\positive_all\piper_batch_C\1578.wav,TTS,200,0.99609375,1
E:\SIH\ira-wakeword\dataset\positive_all\piper_batch_C\1578.wav,TTS,300,0.99609375,1
E:\SIH\ira-wakeword\dataset\positive_all\piper_batch_C\1578.wav,TTS,400,0.99609375,1
E:\SIH\ira-wakeword\dataset\positive_all\piper_batch_C\1578.wav,TTS,500,0.99609375,1
E:\SIH\ira-wakeword\dataset\positive_all\piper_batch_C\1578.wav,TTS,600,0.99609375,1
E:\SIH\ira-wakeword\dataset\positive_all\piper_batch_C\1579.wav,TTS,0,0.99609375,1
E:\SIH\ira-wakeword\dataset\positive_all\piper_batch_C\1579.wav,TTS,100,0.99609375,1
E:\SIH\ira-wakeword\dataset\positive_all\piper_batch_C\1579.wav,TTS,200,0.99609375,1
E:\SIH\ira-wakeword\dataset\positive_all\piper_batch_C\1579.wav,TTS,300,0.99609375,1
E:\SIH\ira-wakeword\dataset\positive_all\piper_batch_C\1579.wav,TTS,400,0.99609375,1
E:\SIH\ira-wakeword\dataset\positive_all\piper_batch_C\1579.wav,TTS,500,0.99609375,1
E:\SIH\ira-wakeword\dataset\positive_all\piper_batch_C\1579.wav,TTS,600,0.99609375,1
E:\SIH\ira-wakeword\dataset\positive_all\piper_batch_C\1594.wav,TTS,0,0.99609375,1
E:\SIH\ira-wakeword\dataset\positive_all\piper_batch_C\1594.wav,TTS,100,0.99609375,1
E:\SIH\ira-wakeword\dataset\positive_all\piper_batch_C\1594.wav,TTS,200,0.99609375,1
E:\SIH\ira-wakeword\dataset\positive_all\piper_batch_C\1594.wav,TTS,300,0.99609375,1
E:\SIH\ira-wakeword\dataset\positive_all\piper_batch_C\1594.wav,TTS,400,0.99609375,1
E:\SIH\ira-wakeword\dataset\positive_all\piper_batch_C\1596.wav,TTS,0,0.99609375,1
E:\SIH\ira-wakeword\dataset\positive_all\piper_batch_C\1596.wav,TTS,100,0.99609375,1
E:\SIH\ira-wakeword\dataset\positive_all\piper_batch_C\1596.wav,TTS,200,0.99609375,1
E:\SIH\ira-wakeword\dataset\positive_all\piper_batch_C\1596.wav,TTS,300,0.99609375,1
E:\SIH\ira-wakeword\dataset\positive_all\piper_batch_C\1596.wav,TTS,400,0.99609375,1
E:\SIH\ira-wakeword\dataset\positive_all\piper_batch_C\1596.wav,TTS,500,0.99609375,1
E:\SIH\ira-wakeword\dataset\positive_all\piper_batch_C\162.wav,TTS,0,0.99609375,1
E:\SIH\ira-wakeword\dataset\positive_all\piper_batch_C\162.wav,TTS,100,0.99609375,1
E:\SIH\ira-wakeword\dataset\positive_all\piper_batch_C\162.wav,TTS,200,0.99609375,1
E:\SIH\ira-wakeword\dataset\positive_all\piper_batch_C\162.wav,TTS,300,0.99609375,1
E:\SIH\ira-wakeword\dataset\positive_all\piper_batch_C\162.wav,TTS,400,0.99609375,1
E:\SIH\ira-wakeword\dataset\positive_all\piper_batch_C\162.wav,TTS,500,0.99609375,1
E:\SIH\ira-wakeword\dataset\positive_all\piper_batch_C\162.wav,TTS,600,0.99609375,1
E:\SIH\ira-wakeword\dataset\positive_all\piper_batch_C\1647.wav,TTS,0,0.99609375,1
E:\SIH\ira-wakeword\dataset\positive_all\piper_batch_C\1647.wav,TTS,100,0.99609375,1
E:\SIH\ira-wakeword\dataset\positive_all\piper_batch_C\1647.wav,TTS,200,0.99609375,1
E:\SIH\ira-wakeword\dataset\positive_all\piper_batch_C\1647.wav,TTS,300,0.99609375,1
E:\SIH\ira-wakeword\dataset\positive_all\piper_batch_C\1647.wav,TTS,400,0.99609375,1
E:\SIH\ira-wakeword\dataset\positive_all\piper_batch_C\1647.wav,TTS,500,0.99609375,1
E:\SIH\ira-wakeword\dataset\positive_all\piper_batch_C\1653.wav,TTS,0,0.99609375,1
E:\SIH\ira-wakeword\dataset\positive_all\piper_batch_C\1653.wav,TTS,100,0.99609375,1
E:\SIH\ira-wakeword\dataset\positive_all\piper_batch_C\1653.wav,TTS,200,0.99609375,1
E:\SIH\ira-wakeword\dataset\positive_all\piper_batch_C\1653.wav,TTS,300,0.99609375,1
E:\SIH\ira-wakeword\dataset\positive_all\piper_batch_C\1653.wav,TTS,400,0.99609375,1
E:\SIH\ira-wakeword\dataset\positive_all\piper_batch_C\1653.wav,TTS,500,0.99609375,1
E:\SIH\ira-wakeword\dataset\positive_all\piper_batch_C\1653.wav,TTS,600,0.99609375,1
E:\SIH\ira-wakeword\dataset\positive_all\piper_batch_C\1658.wav,TTS,0,0.99609375,1
E:\SIH\ira-wakeword\dataset\positive_all\piper_batch_C\1658.wav,TTS,100,0.99609375,1
E:\SIH\ira-wakeword\dataset\positive_all\piper_batch_C\1658.wav,TTS,200,0.99609375,1
E:\SIH\ira-wakeword\dataset\positive_all\piper_batch_C\1658.wav,TTS,300,0.99609375,1
E:\SIH\ira-wakeword\dataset\positive_all\piper_batch_C\1658.wav,TTS,400,0.99609375,1
E:\SIH\ira-wakeword\dataset\positive_all\piper_batch_C\1658.wav,TTS,500,0.99609375,1
E:\SIH\ira-wakeword\dataset\positive_all\piper_batch_C\1661.wav,TTS,0,0.99609375,1
E:\SIH\ira-wakeword\dataset\positive_all\piper_batch_C\1661.wav,TTS,100,0.99609375,1
E:\SIH\ira-wakeword\dataset\positive_all\piper_batch_C\1661.wav,TTS,200,0.99609375,1
E:\SIH\ira-wakeword\dataset\positive_all\piper_batch_C\1661.wav,TTS,300,0.99609375,1
E:\SIH\ira-wakeword\dataset\positive_all\piper_batch_C\1661.wav,TTS,400,0.99609375,1
E:\SIH\ira-wakeword\dataset\positive_all\piper_batch_C\1661.wav,TTS,500,0.99609375,1
E:\SIH\ira-wakeword\dataset\positive_all\piper_batch_C\1663.wav,TTS,0,0.99609375,1
E:\SIH\ira-wakeword\dataset\positive_all\piper_batch_C\1663.wav,TTS,100,0.99609375,1
E:\SIH\ira-wakeword\dataset\positive_all\piper_batch_C\1663.wav,TTS,200,0.99609375,1
E:\SIH\ira-wakeword\dataset\positive_all\piper_batch_C\1663.wav,TTS,300,0.99609375,1
E:\SIH\ira-wakeword\dataset\positive_all\piper_batch_C\1663.wav,TTS,400,0.99609375,1
E:\SIH\ira-wakeword\dataset\positive_all\piper_batch_C\1673.wav,TTS,0,0.99609375,1
E:\SIH\ira-wakeword\dataset\positive_all\piper_batch_C\1673.wav,TTS,100,0.99609375,1
E:\SIH\ira-wakeword\dataset\positive_all\piper_batch_C\1673.wav,TTS,200,0.99609375,1
E:\SIH\ira-wakeword\dataset\positive_all\piper_batch_C\1673.wav,TTS,300,0.99609375,1
E:\SIH\ira-wakeword\dataset\positive_all\piper_batch_C\1673.wav,TTS,400,0.99609375,1
E:\SIH\ira-wakeword\dataset\positive_all\piper_batch_C\1673.wav,TTS,500,0.99609375,1
E:\SIH\ira-wakeword\dataset\positive_all\piper_batch_C\1674.wav,TTS,0,0.99609375,1
E:\SIH\ira-wakeword\dataset\positive_all\piper_batch_C\1674.wav,TTS,100,0.99609375,1
E:\SIH\ira-wakeword\dataset\positive_all\piper_batch_C\1674.wav,TTS,200,0.99609375,1
E:\SIH\ira-wakeword\dataset\positive_all\piper_batch_C\1674.wav,TTS,300,0.99609375,1
E:\SIH\ira-wakeword\dataset\positive_all\piper_batch_C\1674.wav,TTS,400,0.99609375,1
E:\SIH\ira-wakeword\dataset\positive_all\piper_batch_C\1674.wav,TTS,500,0.99609375,1
E:\SIH\ira-wakeword\dataset\positive_all\piper_batch_C\1678.wav,TTS,0,0.99609375,1
E:\SIH\ira-wakeword\dataset\positive_all\piper_batch_C\1678.wav,TTS,100,0.99609375,1
E:\SIH\ira-wakeword\dataset\positive_all\piper_batch_C\1678.wav,TTS,200,0.99609375,1
E:\SIH\ira-wakeword\dataset\positive_all\piper_batch_C\1678.wav,TTS,300,0.99609375,1
E:\SIH\ira-wakeword\dataset\positive_all\piper_batch_C\1678.wav,TTS,400,0.99609375,1
E:\SIH\ira-wakeword\dataset\positive_all\piper_batch_C\1678.wav,TTS,500,0.99609375,1
E:\SIH\ira-wakeword\dataset\positive_all\piper_batch_C\1678.wav,TTS,600,0.99609375,1
E:\SIH\ira-wakeword\dataset\positive_all\piper_batch_C\1683.wav,TTS,0,0.99609375,1
E:\SIH\ira-wakeword\dataset\positive_all\piper_batch_C\1683.wav,TTS,100,0.99609375,1
E:\SIH\ira-wakeword\dataset\positive_all\piper_batch_C\1683.wav,TTS,200,0.99609375,1
E:\SIH\ira-wakeword\dataset\positive_all\piper_batch_C\1683.wav,TTS,300,0.99609375,1
E:\SIH\ira-wakeword\dataset\positive_all\piper_batch_C\1683.wav,TTS,400,0.99609375,1
E:\SIH\ira-wakeword\dataset\positive_all\piper_batch_C\1683.wav,TTS,500,0.99609375,1
E:\SIH\ira-wakeword\dataset\positive_all\piper_batch_C\1683.wav,TTS,600,0.99609375,1
E:\SIH\ira-wakeword\dataset\positive_all\piper_batch_C\169.wav,TTS,0,0.99609375,1
E:\SIH\ira-wakeword\dataset\positive_all\piper_batch_C\169.wav,TTS,100,0.99609375,1
E:\SIH\ira-wakeword\dataset\positive_all\piper_batch_C\169.wav,TTS,200,0.99609375,1
E:\SIH\ira-wakeword\dataset\positive_all\piper_batch_C\169.wav,TTS,300,0.99609375,1
E:\SIH\ira-wakeword\dataset\positive_all\piper_batch_C\169.wav,TTS,400,0.99609375,1
E:\SIH\ira-wakeword\dataset\positive_all\piper_batch_C\169.wav,TTS,500,0.99609375,1
E:\SIH\ira-wakeword\dataset\positive_all\piper_batch_C\169.wav,TTS,600,0.99609375,1
E:\SIH\ira-wakeword\dataset\positive_all\piper_batch_C\1708.wav,TTS,0,0.99609375,1
E:\SIH\ira-wakeword\dataset\positive_all\piper_batch_C\1708.wav,TTS,100,0.99609375,1
E:\SIH\ira-wakeword\dataset\positive_all\piper_batch_C\1708.wav,TTS,200,0.99609375,1
E:\SIH\ira-wakeword\dataset\positive_all\piper_batch_C\1708.wav,TTS,300,0.99609375,1
E:\SIH\ira-wakeword\dataset\positive_all\piper_batch_C\1708.wav,TTS,400,0.99609375,1
E:\SIH\ira-wakeword\dataset\positive_all\piper_batch_C\1708.wav,TTS,500,0.99609375,1
E:\SIH\ira-wakeword\dataset\positive_all\piper_batch_C\1713.wav,TTS,0,0.99609375,1
E:\SIH\ira-wakeword\dataset\positive_all\piper_batch_C\1713.wav,TTS,100,0.99609375,1
E:\SIH\ira-wakeword\dataset\positive_all\piper_batch_C\1713.wav,TTS,200,0.99609375,1
E:\SIH\ira-wakeword\dataset\positive_all\piper_batch_C\1713.wav,TTS,300,0.99609375,1
E:\SIH\ira-wakeword\dataset\positive_all\piper_batch_C\1713.wav,TTS,400,0.99609375,1
E:\SIH\ira-wakeword\dataset\positive_all\piper_batch_C\1713.wav,TTS,500,0.99609375,1
E:\SIH\ira-wakeword\dataset\positive_all\piper_batch_C\1713.wav,TTS,600,0.99609375,1
E:\SIH\ira-wakeword\dataset\positive_all\piper_batch_C\173.wav,TTS,0,0.99609375,1
E:\SIH\ira-wakeword\dataset\positive_all\piper_batch_C\173.wav,TTS,100,0.99609375,1
E:\SIH\ira-wakeword\dataset\positive_all\piper_batch_C\173.wav,TTS,200,0.99609375,1
E:\SIH\ira-wakeword\dataset\positive_all\piper_batch_C\173.wav,TTS,300,0.99609375,1
E:\SIH\ira-wakeword\dataset\positive_all\piper_batch_C\173.wav,TTS,400,0.99609375,1
E:\SIH\ira-wakeword\dataset\positive_all\piper_batch_C\173.wav,TTS,500,0.99609375,1
E:\SIH\ira-wakeword\dataset\positive_all\piper_batch_C\173.wav,TTS,600,0.99609375,1
E:\SIH\ira-wakeword\dataset\positive_all\piper_batch_C\1734.wav,TTS,0,0.99609375,1
E:\SIH\ira-wakeword\dataset\positive_all\piper_batch_C\1734.wav,TTS,100,0.99609375,1
E:\SIH\ira-wakeword\dataset\positive_all\piper_batch_C\1734.wav,TTS,200,0.99609375,1
E:\SIH\ira-wakeword\dataset\positive_all\piper_batch_C\1734.wav,TTS,300,0.99609375,1
E:\SIH\ira-wakeword\dataset\positive_all\piper_batch_C\1734.wav,TTS,400,0.99609375,1
E:\SIH\ira-wakeword\dataset\positive_all\piper_batch_C\1734.wav,TTS,500,0.99609375,1
E:\SIH\ira-wakeword\dataset\positive_all\piper_batch_C\1734.wav,TTS,600,0.99609375,1
E:\SIH\ira-wakeword\dataset\positive_all\piper_batch_C\1738.wav,TTS,0,0.99609375,1
E:\SIH\ira-wakeword\dataset\positive_all\piper_batch_C\1738.wav,TTS,100,0.99609375,1
E:\SIH\ira-wakeword\dataset\positive_all\piper_batch_C\1738.wav,TTS,200,0.99609375,1
E:\SIH\ira-wakeword\dataset\positive_all\piper_batch_C\1738.wav,TTS,300,0.99609375,1
E:\SIH\ira-wakeword\dataset\positive_all\piper_batch_C\1738.wav,TTS,400,0.99609375,1
E:\SIH\ira-wakeword\dataset\positive_all\piper_batch_C\1738.wav,TTS,500,0.99609375,1
E:\SIH\ira-wakeword\dataset\positive_all\piper_batch_C\1738.wav,TTS,600,0.99609375,1
E:\SIH\ira-wakeword\dataset\positive_all\piper_batch_C\1758.wav,TTS,0,0.99609375,1
E:\SIH\ira-wakeword\dataset\positive_all\piper_batch_C\1758.wav,TTS,100,0.99609375,1
E:\SIH\ira-wakeword\dataset\positive_all\piper_batch_C\1758.wav,TTS,200,0.99609375,1
E:\SIH\ira-wakeword\dataset\positive_all\piper_batch_C\1758.wav,TTS,300,0.99609375,1
E:\SIH\ira-wakeword\dataset\positive_all\piper_batch_C\1758.wav,TTS,400,0.99609375,1
E:\SIH\ira-wakeword\dataset\positive_all\piper_batch_C\1758.wav,TTS,500,0.99609375,1
E:\SIH\ira-wakeword\dataset\positive_all\piper_batch_C\1763.wav,TTS,0,0.99609375,1
E:\SIH\ira-wakeword\dataset\positive_all\piper_batch_C\1763.wav,TTS,100,0.99609375,1
E:\SIH\ira-wakeword\dataset\positive_all\piper_batch_C\1763.wav,TTS,200,0.99609375,1
E:\SIH\ira-wakeword\dataset\positive_all\piper_batch_C\1763.wav,TTS,300,0.99609375,1
E:\SIH\ira-wakeword\dataset\positive_all\piper_batch_C\1763.wav,TTS,400,0.99609375,1
E:\SIH\ira-wakeword\dataset\positive_all\piper_batch_C\1763.wav,TTS,500,0.99609375,1
E:\SIH\ira-wakeword\dataset\positive_all\piper_batch_C\1763.wav,TTS,600,0.99609375,1
E:\SIH\ira-wakeword\dataset\positive_all\piper_batch_C\1764.wav,TTS,0,0.99609375,1
E:\SIH\ira-wakeword\dataset\positive_all\piper_batch_C\1764.wav,TTS,100,0.99609375,1
E:\SIH\ira-wakeword\dataset\positive_all\piper_batch_C\1764.wav,TTS,200,0.99609375,1
E:\SIH\ira-wakeword\dataset\positive_all\piper_batch_C\1764.wav,TTS,300,0.99609375,1
E:\SIH\ira-wakeword\dataset\positive_all\piper_batch_C\1764.wav,TTS,400,0.99609375,1
E:\SIH\ira-wakeword\dataset\positive_all\piper_batch_C\1764.wav,TTS,500,0.99609375,1
E:\SIH\ira-wakeword\dataset\positive_all\piper_batch_C\1785.wav,TTS,0,0.99609375,1
E:\SIH\ira-wakeword\dataset\positive_all\piper_batch_C\1785.wav,TTS,100,0.99609375,1
E:\SIH\ira-wakeword\dataset\positive_all\piper_batch_C\1785.wav,TTS,200,0.99609375,1
E:\SIH\ira-wakeword\dataset\positive_all\piper_batch_C\1785.wav,TTS,300,0.99609375,1
E:\SIH\ira-wakeword\dataset\positive_all\piper_batch_C\1785.wav,TTS,400,0.99609375,1
E:\SIH\ira-wakeword\dataset\positive_all\piper_batch_C\1785.wav,TTS,500,0.99609375,1
E:\SIH\ira-wakeword\dataset\positive_all\piper_batch_C\1785.wav,TTS,600,0.99609375,1
E:\SIH\ira-wakeword\dataset\positive_all\piper_batch_C\1791.wav,TTS,0,0.99609375,1
E:\SIH\ira-wakeword\dataset\positive_all\piper_batch_C\1791.wav,TTS,100,0.99609375,1
E:\SIH\ira-wakeword\dataset\positive_all\piper_batch_C\1791.wav,TTS,200,0.99609375,1
E:\SIH\ira-wakeword\dataset\positive_all\piper_batch_C\1791.wav,TTS,300,0.99609375,1
E:\SIH\ira-wakeword\dataset\positive_all\piper_batch_C\1791.wav,TTS,400,0.99609375,1
E:\SIH\ira-wakeword\dataset\positive_all\piper_batch_C\1791.wav,TTS,500,0.99609375,1
E:\SIH\ira-wakeword\dataset\positive_all\piper_batch_C\1791.wav,TTS,600,0.99609375,1
E:\SIH\ira-wakeword\dataset\positive_all\piper_batch_C\1814.wav,TTS,0,0.99609375,1
E:\SIH\ira-wakeword\dataset\positive_all\piper_batch_C\1814.wav,TTS,100,0.99609375,1
E:\SIH\ira-wakeword\dataset\positive_all\piper_batch_C\1814.wav,TTS,200,0.99609375,1
E:\SIH\ira-wakeword\dataset\positive_all\piper_batch_C\1814.wav,TTS,300,0.99609375,1
E:\SIH\ira-wakeword\dataset\positive_all\piper_batch_C\1814.wav,TTS,400,0.99609375,1
E:\SIH\ira-wakeword\dataset\positive_all\piper_batch_C\1814.wav,TTS,500,0.99609375,1
E:\SIH\ira-wakeword\dataset\positive_all\piper_batch_C\1814.wav,TTS,600,0.99609375,1
E:\SIH\ira-wakeword\dataset\positive_all\piper_batch_C\1822.wav,TTS,0,0.99609375,1
E:\SIH\ira-wakeword\dataset\positive_all\piper_batch_C\1822.wav,TTS,100,0.99609375,1
E:\SIH\ira-wakeword\dataset\positive_all\piper_batch_C\1822.wav,TTS,200,0.99609375,1
E:\SIH\ira-wakeword\dataset\positive_all\piper_batch_C\1822.wav,TTS,300,0.99609375,1
E:\SIH\ira-wakeword\dataset\positive_all\piper_batch_C\1822.wav,TTS,400,0.99609375,1
E:\SIH\ira-wakeword\dataset\positive_all\piper_batch_C\1822.wav,TTS,500,0.99609375,1
E:\SIH\ira-wakeword\dataset\positive_all\piper_batch_C\1831.wav,TTS,0,0.99609375,1
E:\SIH\ira-wakeword\dataset\positive_all\piper_batch_C\1831.wav,TTS,100,0.99609375,1
E:\SIH\ira-wakeword\dataset\positive_all\piper_batch_C\1831.wav,TTS,200,0.99609375,1
E:\SIH\ira-wakeword\dataset\positive_all\piper_batch_C\1831.wav,TTS,300,0.99609375,1
E:\SIH\ira-wakeword\dataset\positive_all\piper_batch_C\1831.wav,TTS,400,0.99609375,1
E:\SIH\ira-wakeword\dataset\positive_all\piper_batch_C\1831.wav,TTS,500,0.99609375,1
E:\SIH\ira-wakeword\dataset\positive_all\piper_batch_C\1843.wav,TTS,0,0.99609375,1
E:\SIH\ira-wakeword\dataset\positive_all\piper_batch_C\1843.wav,TTS,100,0.99609375,1
E:\SIH\ira-wakeword\dataset\positive_all\piper_batch_C\1843.wav,TTS,200,0.99609375,1
E:\SIH\ira-wakeword\dataset\positive_all\piper_batch_C\1843.wav,TTS,300,0.99609375,1
E:\SIH\ira-wakeword\dataset\positive_all\piper_batch_C\1843.wav,TTS,400,0.99609375,1
E:\SIH\ira-wakeword\dataset\positive_all\piper_batch_C\1843.wav,TTS,500,0.99609375,1
E:\SIH\ira-wakeword\dataset\positive_all\piper_batch_C\1846.wav,TTS,0,0.99609375,1
E:\SIH\ira-wakeword\dataset\positive_all\piper_batch_C\1846.wav,TTS,100,0.99609375,1
E:\SIH\ira-wakeword\dataset\positive_all\piper_batch_C\1846.wav,TTS,200,0.99609375,1
E:\SIH\ira-wakeword\dataset\positive_all\piper_batch_C\1846.wav,TTS,300,0.99609375,1
E:\SIH\ira-wakeword\dataset\positive_all\piper_batch_C\1846.wav,TTS,400,0.99609375,1
E:\SIH\ira-wakeword\dataset\positive_all\piper_batch_C\1846.wav,TTS,500,0.99609375,1
E:\SIH\ira-wakeword\dataset\positive_all\piper_batch_C\1860.wav,TTS,0,0.99609375,1
E:\SIH\ira-wakeword\dataset\positive_all\piper_batch_C\1860.wav,TTS,100,0.99609375,1
E:\SIH\ira-wakeword\dataset\positive_all\piper_batch_C\1860.wav,TTS,200,0.99609375,1
E:\SIH\ira-wakeword\dataset\positive_all\piper_batch_C\1860.wav,TTS,300,0.99609375,1
E:\SIH\ira-wakeword\dataset\positive_all\piper_batch_C\1860.wav,TTS,400,0.99609375,1
E:\SIH\ira-wakeword\dataset\positive_all\piper_batch_C\1860.wav,TTS,500,0.99609375,1
E:\SIH\ira-wakeword\dataset\positive_all\piper_batch_C\1888.wav,TTS,0,0.99609375,1
E:\SIH\ira-wakeword\dataset\positive_all\piper_batch_C\1888.wav,TTS,100,0.99609375,1
E:\SIH\ira-wakeword\dataset\positive_all\piper_batch_C\1888.wav,TTS,200,0.99609375,1
E:\SIH\ira-wakeword\dataset\positive_all\piper_batch_C\1888.wav,TTS,300,0.99609375,1
E:\SIH\ira-wakeword\dataset\positive_all\piper_batch_C\1888.wav,TTS,400,0.99609375,1
E:\SIH\ira-wakeword\dataset\positive_all\piper_batch_C\1888.wav,TTS,500,0.99609375,1
E:\SIH\ira-wakeword\dataset\positive_all\piper_batch_C\1893.wav,TTS,0,0.99609375,1
E:\SIH\ira-wakeword\dataset\positive_all\piper_batch_C\1893.wav,TTS,100,0.99609375,1
E:\SIH\ira-wakeword\dataset\positive_all\piper_batch_C\1893.wav,TTS,200,0.99609375,1
E:\SIH\ira-wakeword\dataset\positive_all\piper_batch_C\1893.wav,TTS,300,0.99609375,1
E:\SIH\ira-wakeword\dataset\positive_all\piper_batch_C\1893.wav,TTS,400,0.99609375,1
E:\SIH\ira-wakeword\dataset\positive_all\piper_batch_C\1898.wav,TTS,0,0.99609375,1
E:\SIH\ira-wakeword\dataset\positive_all\piper_batch_C\1898.wav,TTS,100,0.99609375,1
E:\SIH\ira-wakeword\dataset\positive_all\piper_batch_C\1898.wav,TTS,200,0.99609375,1
E:\SIH\ira-wakeword\dataset\positive_all\piper_batch_C\1898.wav,TTS,300,0.99609375,1
E:\SIH\ira-wakeword\dataset\positive_all\piper_batch_C\1898.wav,TTS,400,0.99609375,1
E:\SIH\ira-wakeword\dataset\positive_all\piper_batch_C\1898.wav,TTS,500,0.99609375,1
E:\SIH\ira-wakeword\dataset\positive_all\piper_batch_C\1900.wav,TTS,0,0.99609375,1
E:\SIH\ira-wakeword\dataset\positive_all\piper_batch_C\1900.wav,TTS,100,0.99609375,1
E:\SIH\ira-wakeword\dataset\positive_all\piper_batch_C\1900.wav,TTS,200,0.99609375,1
E:\SIH\ira-wakeword\dataset\positive_all\piper_batch_C\1900.wav,TTS,300,0.99609375,1
E:\SIH\ira-wakeword\dataset\positive_all\piper_batch_C\1900.wav,TTS,400,0.99609375,1
E:\SIH\ira-wakeword\dataset\positive_all\piper_batch_C\1900.wav,TTS,500,0.99609375,1
E:\SIH\ira-wakeword\dataset\positive_all\piper_batch_C\1903.wav,TTS,0,0.99609375,1
E:\SIH\ira-wakeword\dataset\positive_all\piper_batch_C\1903.wav,TTS,100,0.99609375,1
E:\SIH\ira-wakeword\dataset\positive_all\piper_batch_C\1903.wav,TTS,200,0.99609375,1
E:\SIH\ira-wakeword\dataset\positive_all\piper_batch_C\1903.wav,TTS,300,0.99609375,1
E:\SIH\ira-wakeword\dataset\positive_all\piper_batch_C\1903.wav,TTS,400,0.99609375,1
E:\SIH\ira-wakeword\dataset\positive_all\piper_batch_C\1928.wav,TTS,0,0.99609375,1
E:\SIH\ira-wakeword\dataset\positive_all\piper_batch_C\1928.wav,TTS,100,0.99609375,1
E:\SIH\ira-wakeword\dataset\positive_all\piper_batch_C\1928.wav,TTS,200,0.99609375,1
E:\SIH\ira-wakeword\dataset\positive_all\piper_batch_C\1928.wav,TTS,300,0.99609375,1
E:\SIH\ira-wakeword\dataset\positive_all\piper_batch_C\1928.wav,TTS,400,0.99609375,1
E:\SIH\ira-wakeword\dataset\positive_all\piper_batch_C\1928.wav,TTS,500,0.99609375,1
E:\SIH\ira-wakeword\dataset\positive_all\piper_batch_C\1928.wav,TTS,600,0.99609375,1
E:\SIH\ira-wakeword\dataset\positive_all\piper_batch_C\1940.wav,TTS,0,0.99609375,1
E:\SIH\ira-wakeword\dataset\positive_all\piper_batch_C\1940.wav,TTS,100,0.99609375,1
E:\SIH\ira-wakeword\dataset\positive_all\piper_batch_C\1940.wav,TTS,200,0.99609375,1
E:\SIH\ira-wakeword\dataset\positive_all\piper_batch_C\1940.wav,TTS,300,0.99609375,1
E:\SIH\ira-wakeword\dataset\positive_all\piper_batch_C\1940.wav,TTS,400,0.99609375,1
E:\SIH\ira-wakeword\dataset\positive_all\piper_batch_C\1940.wav,TTS,500,0.99609375,1
E:\SIH\ira-wakeword\dataset\positive_all\piper_batch_C\1940.wav,TTS,600,0.99609375,1
E:\SIH\ira-wakeword\dataset\positive_all\piper_batch_C\1952.wav,TTS,0,0.99609375,1
E:\SIH\ira-wakeword\dataset\positive_all\piper_batch_C\1952.wav,TTS,100,0.99609375,1
E:\SIH\ira-wakeword\dataset\positive_all\piper_batch_C\1952.wav,TTS,200,0.99609375,1
E:\SIH\ira-wakeword\dataset\positive_all\piper_batch_C\1952.wav,TTS,300,0.99609375,1
E:\SIH\ira-wakeword\dataset\positive_all\piper_batch_C\1952.wav,TTS,400,0.99609375,1
E:\SIH\ira-wakeword\dataset\positive_all\piper_batch_C\1952.wav,TTS,500,0.99609375,1
E:\SIH\ira-wakeword\dataset\positive_all\piper_batch_C\1952.wav,TTS,600,0.99609375,1
E:\SIH\ira-wakeword\dataset\positive_all\piper_batch_C\1955.wav,TTS,0,0.99609375,1
E:\SIH\ira-wakeword\dataset\positive_all\piper_batch_C\1955.wav,TTS,100,0.99609375,1
E:\SIH\ira-wakeword\dataset\positive_all\piper_batch_C\1955.wav,TTS,200,0.99609375,1
E:\SIH\ira-wakeword\dataset\positive_all\piper_batch_C\1955.wav,TTS,300,0.99609375,1
E:\SIH\ira-wakeword\dataset\positive_all\piper_batch_C\1955.wav,TTS,400,0.99609375,1
E:\SIH\ira-wakeword\dataset\positive_all\piper_batch_C\1955.wav,TTS,500,0.99609375,1
E:\SIH\ira-wakeword\dataset\positive_all\piper_batch_C\1967.wav,TTS,0,0.99609375,1
E:\SIH\ira-wakeword\dataset\positive_all\piper_batch_C\1967.wav,TTS,100,0.99609375,1
E:\SIH\ira-wakeword\dataset\positive_all\piper_batch_C\1967.wav,TTS,200,0.99609375,1
E:\SIH\ira-wakeword\dataset\positive_all\piper_batch_C\1967.wav,TTS,300,0.99609375,1
E:\SIH\ira-wakeword\dataset\positive_all\piper_batch_C\1967.wav,TTS,400,0.99609375,1
E:\SIH\ira-wakeword\dataset\positive_all\piper_batch_C\1967.wav,TTS,500,0.99609375,1
E:\SIH\ira-wakeword\dataset\positive_all\piper_batch_C\1968.wav,TTS,0,0.99609375,1
E:\SIH\ira-wakeword\dataset\positive_all\piper_batch_C\1968.wav,TTS,100,0.99609375,1
E:\SIH\ira-wakeword\dataset\positive_all\piper_batch_C\1968.wav,TTS,200,0.99609375,1
E:\SIH\ira-wakeword\dataset\positive_all\piper_batch_C\1968.wav,TTS,300,0.99609375,1
E:\SIH\ira-wakeword\dataset\positive_all\piper_batch_C\1968.wav,TTS,400,0.99609375,1
E:\SIH\ira-wakeword\dataset\positive_all\piper_batch_C\1968.wav,TTS,500,0.99609375,1
E:\SIH\ira-wakeword\dataset\positive_all\piper_batch_C\1968.wav,TTS,600,0.99609375,1
E:\SIH\ira-wakeword\dataset\positive_all\piper_batch_C\1973.wav,TTS,0,0.99609375,1
E:\SIH\ira-wakeword\dataset\positive_all\piper_batch_C\1973.wav,TTS,100,0.99609375,1
E:\SIH\ira-wakeword\dataset\positive_all\piper_batch_C\1973.wav,TTS,200,0.99609375,1
E:\SIH\ira-wakeword\dataset\positive_all\piper_batch_C\1973.wav,TTS,300,0.99609375,1
E:\SIH\ira-wakeword\dataset\positive_all\piper_batch_C\1973.wav,TTS,400,0.99609375,1
E:\SIH\ira-wakeword\dataset\positive_all\piper_batch_C\1973.wav,TTS,500,0.99609375,1
E:\SIH\ira-wakeword\dataset\positive_all\piper_batch_C\1973.wav,TTS,600,0.99609375,1
E:\SIH\ira-wakeword\dataset\positive_all\piper_batch_C\1978.wav,TTS,0,0.99609375,1
E:\SIH\ira-wakeword\dataset\positive_all\piper_batch_C\1978.wav,TTS,100,0.99609375,1
E:\SIH\ira-wakeword\dataset\positive_all\piper_batch_C\1978.wav,TTS,200,0.99609375,1
E:\SIH\ira-wakeword\dataset\positive_all\piper_batch_C\1978.wav,TTS,300,0.99609375,1
E:\SIH\ira-wakeword\dataset\positive_all\piper_batch_C\1978.wav,TTS,400,0.99609375,1
E:\SIH\ira-wakeword\dataset\positive_all\piper_batch_C\1978.wav,TTS,500,0.99609375,1
E:\SIH\ira-wakeword\dataset\positive_all\piper_batch_C\1982.wav,TTS,0,0.99609375,1
E:\SIH\ira-wakeword\dataset\positive_all\piper_batch_C\1982.wav,TTS,100,0.99609375,1
E:\SIH\ira-wakeword\dataset\positive_all\piper_batch_C\1982.wav,TTS,200,0.99609375,1
E:\SIH\ira-wakeword\dataset\positive_all\piper_batch_C\1982.wav,TTS,300,0.99609375,1
E:\SIH\ira-wakeword\dataset\positive_all\piper_batch_C\1982.wav,TTS,400,0.99609375,1
E:\SIH\ira-wakeword\dataset\positive_all\piper_batch_C\1982.wav,TTS,500,0.99609375,1
E:\SIH\ira-wakeword\dataset\positive_all\piper_batch_C\203.wav,TTS,0,0.99609375,1
E:\SIH\ira-wakeword\dataset\positive_all\piper_batch_C\203.wav,TTS,100,0.99609375,1
E:\SIH\ira-wakeword\dataset\positive_all\piper_batch_C\203.wav,TTS,200,0.99609375,1
E:\SIH\ira-wakeword\dataset\positive_all\piper_batch_C\203.wav,TTS,300,0.99609375,1
E:\SIH\ira-wakeword\dataset\positive_all\piper_batch_C\203.wav,TTS,400,0.99609375,1
E:\SIH\ira-wakeword\dataset\positive_all\piper_batch_C\203.wav,TTS,500,0.99609375,1
E:\SIH\ira-wakeword\dataset\positive_all\piper_batch_C\203.wav,TTS,600,0.99609375,1
E:\SIH\ira-wakeword\dataset\positive_all\piper_batch_C\211.wav,TTS,0,0.99609375,1
E:\SIH\ira-wakeword\dataset\positive_all\piper_batch_C\211.wav,TTS,100,0.99609375,1
E:\SIH\ira-wakeword\dataset\positive_all\piper_batch_C\211.wav,TTS,200,0.99609375,1
E:\SIH\ira-wakeword\dataset\positive_all\piper_batch_C\211.wav,TTS,300,0.99609375,1
E:\SIH\ira-wakeword\dataset\positive_all\piper_batch_C\211.wav,TTS,400,0.99609375,1
E:\SIH\ira-wakeword\dataset\positive_all\piper_batch_C\211.wav,TTS,500,0.99609375,1
E:\SIH\ira-wakeword\dataset\positive_all\piper_batch_C\211.wav,TTS,600,0.99609375,1
E:\SIH\ira-wakeword\dataset\positive_all\piper_batch_C\218.wav,TTS,0,0.99609375,1
E:\SIH\ira-wakeword\dataset\positive_all\piper_batch_C\218.wav,TTS,100,0.99609375,1
E:\SIH\ira-wakeword\dataset\positive_all\piper_batch_C\218.wav,TTS,200,0.99609375,1
E:\SIH\ira-wakeword\dataset\positive_all\piper_batch_C\218.wav,TTS,300,0.99609375,1
E:\SIH\ira-wakeword\dataset\positive_all\piper_batch_C\218.wav,TTS,400,0.99609375,1
E:\SIH\ira-wakeword\dataset\positive_all\piper_batch_C\218.wav,TTS,500,0.99609375,1
E:\SIH\ira-wakeword\dataset\positive_all\piper_batch_C\218.wav,TTS,600,0.99609375,1
E:\SIH\ira-wakeword\dataset\positive_all\piper_batch_C\223.wav,TTS,0,0.99609375,1
E:\SIH\ira-wakeword\dataset\positive_all\piper_batch_C\223.wav,TTS,100,0.99609375,1
E:\SIH\ira-wakeword\dataset\positive_all\piper_batch_C\223.wav,TTS,200,0.99609375,1
E:\SIH\ira-wakeword\dataset\positive_all\piper_batch_C\223.wav,TTS,300,0.99609375,1
E:\SIH\ira-wakeword\dataset\positive_all\piper_batch_C\223.wav,TTS,400,0.99609375,1
E:\SIH\ira-wakeword\dataset\positive_all\piper_batch_C\223.wav,TTS,500,0.99609375,1
E:\SIH\ira-wakeword\dataset\positive_all\piper_batch_C\223.wav,TTS,600,0.99609375,1
E:\SIH\ira-wakeword\dataset\positive_all\piper_batch_C\226.wav,TTS,0,0.99609375,1
E:\SIH\ira-wakeword\dataset\positive_all\piper_batch_C\226.wav,TTS,100,0.99609375,1
E:\SIH\ira-wakeword\dataset\positive_all\piper_batch_C\226.wav,TTS,200,0.99609375,1
E:\SIH\ira-wakeword\dataset\positive_all\piper_batch_C\226.wav,TTS,300,0.99609375,1
E:\SIH\ira-wakeword\dataset\positive_all\piper_batch_C\226.wav,TTS,400,0.99609375,1
E:\SIH\ira-wakeword\dataset\positive_all\piper_batch_C\226.wav,TTS,500,0.99609375,1
E:\SIH\ira-wakeword\dataset\positive_all\piper_batch_C\227.wav,TTS,0,0.99609375,1
E:\SIH\ira-wakeword\dataset\positive_all\piper_batch_C\227.wav,TTS,100,0.99609375,1
E:\SIH\ira-wakeword\dataset\positive_all\piper_batch_C\227.wav,TTS,200,0.99609375,1
E:\SIH\ira-wakeword\dataset\positive_all\piper_batch_C\227.wav,TTS,300,0.99609375,1
E:\SIH\ira-wakeword\dataset\positive_all\piper_batch_C\227.wav,TTS,400,0.99609375,1
E:\SIH\ira-wakeword\dataset\positive_all\piper_batch_C\227.wav,TTS,500,0.99609375,1
E:\SIH\ira-wakeword\dataset\positive_all\piper_batch_C\236.wav,TTS,0,0.99609375,1
E:\SIH\ira-wakeword\dataset\positive_all\piper_batch_C\236.wav,TTS,100,0.99609375,1
E:\SIH\ira-wakeword\dataset\positive_all\piper_batch_C\236.wav,TTS,200,0.99609375,1
E:\SIH\ira-wakeword\dataset\positive_all\piper_batch_C\236.wav,TTS,300,0.99609375,1
E:\SIH\ira-wakeword\dataset\positive_all\piper_batch_C\236.wav,TTS,400,0.99609375,1
E:\SIH\ira-wakeword\dataset\positive_all\piper_batch_C\236.wav,TTS,500,0.99609375,1
E:\SIH\ira-wakeword\dataset\positive_all\piper_batch_C\236.wav,TTS,600,0.99609375,1
E:\SIH\ira-wakeword\dataset\positive_all\piper_batch_C\247.wav,TTS,0,0.99609375,1
E:\SIH\ira-wakeword\dataset\positive_all\piper_batch_C\247.wav,TTS,100,0.99609375,1
E:\SIH\ira-wakeword\dataset\positive_all\piper_batch_C\247.wav,TTS,200,0.99609375,1
E:\SIH\ira-wakeword\dataset\positive_all\piper_batch_C\247.wav,TTS,300,0.99609375,1
E:\SIH\ira-wakeword\dataset\positive_all\piper_batch_C\247.wav,TTS,400,0.99609375,1
E:\SIH\ira-wakeword\dataset\positive_all\piper_batch_C\247.wav,TTS,500,0.99609375,1
E:\SIH\ira-wakeword\dataset\positive_all\piper_batch_C\249.wav,TTS,0,0.99609375,1
E:\SIH\ira-wakeword\dataset\positive_all\piper_batch_C\249.wav,TTS,100,0.99609375,1
E:\SIH\ira-wakeword\dataset\positive_all\piper_batch_C\249.wav,TTS,200,0.99609375,1
E:\SIH\ira-wakeword\dataset\positive_all\piper_batch_C\249.wav,TTS,300,0.99609375,1
E:\SIH\ira-wakeword\dataset\positive_all\piper_batch_C\249.wav,TTS,400,0.99609375,1
E:\SIH\ira-wakeword\dataset\positive_all\piper_batch_C\249.wav,TTS,500,0.99609375,1
E:\SIH\ira-wakeword\dataset\positive_all\piper_batch_C\249.wav,TTS,600,0.99609375,1
E:\SIH\ira-wakeword\dataset\positive_all\piper_batch_C\25.wav,TTS,0,0.99609375,1
E:\SIH\ira-wakeword\dataset\positive_all\piper_batch_C\25.wav,TTS,100,0.99609375,1
E:\SIH\ira-wakeword\dataset\positive_all\piper_batch_C\25.wav,TTS,200,0.99609375,1
E:\SIH\ira-wakeword\dataset\positive_all\piper_batch_C\25.wav,TTS,300,0.99609375,1
E:\SIH\ira-wakeword\dataset\positive_all\piper_batch_C\25.wav,TTS,400,0.99609375,1
E:\SIH\ira-wakeword\dataset\positive_all\piper_batch_C\25.wav,TTS,500,0.99609375,1
E:\SIH\ira-wakeword\dataset\positive_all\piper_batch_C\25.wav,TTS,600,0.99609375,1
E:\SIH\ira-wakeword\dataset\positive_all\piper_batch_C\250.wav,TTS,0,0.99609375,1
E:\SIH\ira-wakeword\dataset\positive_all\piper_batch_C\250.wav,TTS,100,0.99609375,1
E:\SIH\ira-wakeword\dataset\positive_all\piper_batch_C\250.wav,TTS,200,0.99609375,1
E:\SIH\ira-wakeword\dataset\positive_all\piper_batch_C\250.wav,TTS,300,0.99609375,1
E:\SIH\ira-wakeword\dataset\positive_all\piper_batch_C\250.wav,TTS,400,0.99609375,1
E:\SIH\ira-wakeword\dataset\positive_all\piper_batch_C\250.wav,TTS,500,0.99609375,1
E:\SIH\ira-wakeword\dataset\positive_all\piper_batch_C\250.wav,TTS,600,0.99609375,1
E:\SIH\ira-wakeword\dataset\positive_all\piper_batch_C\251.wav,TTS,0,0.99609375,1
E:\SIH\ira-wakeword\dataset\positive_all\piper_batch_C\251.wav,TTS,100,0.99609375,1
E:\SIH\ira-wakeword\dataset\positive_all\piper_batch_C\251.wav,TTS,200,0.99609375,1
E:\SIH\ira-wakeword\dataset\positive_all\piper_batch_C\251.wav,TTS,300,0.99609375,1
E:\SIH\ira-wakeword\dataset\positive_all\piper_batch_C\251.wav,TTS,400,0.99609375,1
E:\SIH\ira-wakeword\dataset\positive_all\piper_batch_C\251.wav,TTS,500,0.99609375,1
E:\SIH\ira-wakeword\dataset\positive_all\piper_batch_C\260.wav,TTS,0,0.99609375,1
E:\SIH\ira-wakeword\dataset\positive_all\piper_batch_C\260.wav,TTS,100,0.99609375,1
E:\SIH\ira-wakeword\dataset\positive_all\piper_batch_C\260.wav,TTS,200,0.99609375,1
E:\SIH\ira-wakeword\dataset\positive_all\piper_batch_C\260.wav,TTS,300,0.99609375,1
E:\SIH\ira-wakeword\dataset\positive_all\piper_batch_C\260.wav,TTS,400,0.99609375,1
E:\SIH\ira-wakeword\dataset\positive_all\piper_batch_C\260.wav,TTS,500,0.99609375,1
E:\SIH\ira-wakeword\dataset\positive_all\piper_batch_C\271.wav,TTS,0,0.99609375,1
E:\SIH\ira-wakeword\dataset\positive_all\piper_batch_C\271.wav,TTS,100,0.99609375,1
E:\SIH\ira-wakeword\dataset\positive_all\piper_batch_C\271.wav,TTS,200,0.99609375,1
E:\SIH\ira-wakeword\dataset\positive_all\piper_batch_C\271.wav,TTS,300,0.99609375,1
E:\SIH\ira-wakeword\dataset\positive_all\piper_batch_C\271.wav,TTS,400,0.99609375,1
E:\SIH\ira-wakeword\dataset\positive_all\piper_batch_C\271.wav,TTS,500,0.99609375,1
E:\SIH\ira-wakeword\dataset\positive_all\piper_batch_C\271.wav,TTS,600,0.99609375,1
E:\SIH\ira-wakeword\dataset\positive_all\piper_batch_C\286.wav,TTS,0,0.99609375,1
E:\SIH\ira-wakeword\dataset\positive_all\piper_batch_C\286.wav,TTS,100,0.99609375,1
E:\SIH\ira-wakeword\dataset\positive_all\piper_batch_C\286.wav,TTS,200,0.99609375,1
E:\SIH\ira-wakeword\dataset\positive_all\piper_batch_C\286.wav,TTS,300,0.99609375,1
E:\SIH\ira-wakeword\dataset\positive_all\piper_batch_C\286.wav,TTS,400,0.99609375,1
E:\SIH\ira-wakeword\dataset\positive_all\piper_batch_C\286.wav,TTS,500,0.99609375,1
E:\SIH\ira-wakeword\dataset\positive_all\piper_batch_C\286.wav,TTS,600,0.99609375,1
E:\SIH\ira-wakeword\dataset\positive_all\piper_batch_C\297.wav,TTS,0,0.99609375,1
E:\SIH\ira-wakeword\dataset\positive_all\piper_batch_C\297.wav,TTS,100,0.99609375,1
E:\SIH\ira-wakeword\dataset\positive_all\piper_batch_C\297.wav,TTS,200,0.99609375,1
E:\SIH\ira-wakeword\dataset\positive_all\piper_batch_C\297.wav,TTS,300,0.99609375,1
E:\SIH\ira-wakeword\dataset\positive_all\piper_batch_C\297.wav,TTS,400,0.99609375,1
E:\SIH\ira-wakeword\dataset\positive_all\piper_batch_C\297.wav,TTS,500,0.99609375,1
E:\SIH\ira-wakeword\dataset\positive_all\piper_batch_C\297.wav,TTS,600,0.99609375,1
E:\SIH\ira-wakeword\dataset\positive_all\piper_batch_C\303.wav,TTS,0,0.99609375,1
E:\SIH\ira-wakeword\dataset\positive_all\piper_batch_C\303.wav,TTS,100,0.99609375,1
E:\SIH\ira-wakeword\dataset\positive_all\piper_batch_C\303.wav,TTS,200,0.99609375,1
E:\SIH\ira-wakeword\dataset\positive_all\piper_batch_C\303.wav,TTS,300,0.99609375,1
E:\SIH\ira-wakeword\dataset\positive_all\piper_batch_C\303.wav,TTS,400,0.99609375,1
E:\SIH\ira-wakeword\dataset\positive_all\piper_batch_C\303.wav,TTS,500,0.99609375,1
E:\SIH\ira-wakeword\dataset\positive_all\piper_batch_C\303.wav,TTS,600,0.99609375,1
E:\SIH\ira-wakeword\dataset\positive_all\piper_batch_C\314.wav,TTS,0,0.99609375,1
E:\SIH\ira-wakeword\dataset\positive_all\piper_batch_C\314.wav,TTS,100,0.99609375,1
E:\SIH\ira-wakeword\dataset\positive_all\piper_batch_C\314.wav,TTS,200,0.99609375,1
E:\SIH\ira-wakeword\dataset\positive_all\piper_batch_C\314.wav,TTS,300,0.99609375,1
E:\SIH\ira-wakeword\dataset\positive_all\piper_batch_C\314.wav,TTS,400,0.99609375,1
E:\SIH\ira-wakeword\dataset\positive_all\piper_batch_C\314.wav,TTS,500,0.99609375,1
E:\SIH\ira-wakeword\dataset\positive_all\piper_batch_C\314.wav,TTS,600,0.99609375,1
E:\SIH\ira-wakeword\dataset\positive_all\piper_batch_C\32.wav,TTS,0,0.99609375,1
E:\SIH\ira-wakeword\dataset\positive_all\piper_batch_C\32.wav,TTS,100,0.99609375,1
E:\SIH\ira-wakeword\dataset\positive_all\piper_batch_C\32.wav,TTS,200,0.99609375,1
E:\SIH\ira-wakeword\dataset\positive_all\piper_batch_C\32.wav,TTS,300,0.99609375,1
E:\SIH\ira-wakeword\dataset\positive_all\piper_batch_C\32.wav,TTS,400,0.99609375,1
E:\SIH\ira-wakeword\dataset\positive_all\piper_batch_C\32.wav,TTS,500,0.99609375,1
E:\SIH\ira-wakeword\dataset\positive_all\piper_batch_C\32.wav,TTS,600,0.99609375,1
E:\SIH\ira-wakeword\dataset\positive_all\piper_batch_C\335.wav,TTS,0,0.99609375,1
E:\SIH\ira-wakeword\dataset\positive_all\piper_batch_C\335.wav,TTS,100,0.99609375,1
E:\SIH\ira-wakeword\dataset\positive_all\piper_batch_C\335.wav,TTS,200,0.99609375,1
E:\SIH\ira-wakeword\dataset\positive_all\piper_batch_C\335.wav,TTS,300,0.99609375,1
E:\SIH\ira-wakeword\dataset\positive_all\piper_batch_C\335.wav,TTS,400,0.99609375,1
E:\SIH\ira-wakeword\dataset\positive_all\piper_batch_C\335.wav,TTS,500,0.99609375,1
E:\SIH\ira-wakeword\dataset\positive_all\piper_batch_C\335.wav,TTS,600,0.99609375,1
E:\SIH\ira-wakeword\dataset\positive_all\piper_batch_C\348.wav,TTS,0,0.99609375,1
E:\SIH\ira-wakeword\dataset\positive_all\piper_batch_C\348.wav,TTS,100,0.99609375,1
E:\SIH\ira-wakeword\dataset\positive_all\piper_batch_C\348.wav,TTS,200,0.99609375,1
E:\SIH\ira-wakeword\dataset\positive_all\piper_batch_C\348.wav,TTS,300,0.99609375,1
E:\SIH\ira-wakeword\dataset\positive_all\piper_batch_C\348.wav,TTS,400,0.99609375,1
E:\SIH\ira-wakeword\dataset\positive_all\piper_batch_C\348.wav,TTS,500,0.99609375,1
E:\SIH\ira-wakeword\dataset\positive_all\piper_batch_C\350.wav,TTS,0,0.99609375,1
E:\SIH\ira-wakeword\dataset\positive_all\piper_batch_C\350.wav,TTS,100,0.99609375,1
E:\SIH\ira-wakeword\dataset\positive_all\piper_batch_C\350.wav,TTS,200,0.99609375,1
E:\SIH\ira-wakeword\dataset\positive_all\piper_batch_C\350.wav,TTS,300,0.99609375,1
E:\SIH\ira-wakeword\dataset\positive_all\piper_batch_C\350.wav,TTS,400,0.99609375,1
E:\SIH\ira-wakeword\dataset\positive_all\piper_batch_C\350.wav,TTS,500,0.99609375,1
E:\SIH\ira-wakeword\dataset\positive_all\piper_batch_C\350.wav,TTS,600,0.99609375,1
E:\SIH\ira-wakeword\dataset\positive_all\piper_batch_C\365.wav,TTS,0,0.99609375,1
E:\SIH\ira-wakeword\dataset\positive_all\piper_batch_C\365.wav,TTS,100,0.99609375,1
E:\SIH\ira-wakeword\dataset\positive_all\piper_batch_C\365.wav,TTS,200,0.99609375,1
E:\SIH\ira-wakeword\dataset\positive_all\piper_batch_C\365.wav,TTS,300,0.99609375,1
E:\SIH\ira-wakeword\dataset\positive_all\piper_batch_C\365.wav,TTS,400,0.99609375,1
E:\SIH\ira-wakeword\dataset\positive_all\piper_batch_C\365.wav,TTS,500,0.99609375,1
E:\SIH\ira-wakeword\dataset\positive_all\piper_batch_C\365.wav,TTS,600,0.99609375,1
E:\SIH\ira-wakeword\dataset\positive_all\piper_batch_C\375.wav,TTS,0,0.99609375,1
E:\SIH\ira-wakeword\dataset\positive_all\piper_batch_C\375.wav,TTS,100,0.99609375,1
E:\SIH\ira-wakeword\dataset\positive_all\piper_batch_C\375.wav,TTS,200,0.99609375,1
E:\SIH\ira-wakeword\dataset\positive_all\piper_batch_C\375.wav,TTS,300,0.99609375,1
E:\SIH\ira-wakeword\dataset\positive_all\piper_batch_C\375.wav,TTS,400,0.99609375,1
E:\SIH\ira-wakeword\dataset\positive_all\piper_batch_C\375.wav,TTS,500,0.99609375,1
E:\SIH\ira-wakeword\dataset\positive_all\piper_batch_C\376.wav,TTS,0,0.99609375,1
E:\SIH\ira-wakeword\dataset\positive_all\piper_batch_C\376.wav,TTS,100,0.99609375,1
E:\SIH\ira-wakeword\dataset\positive_all\piper_batch_C\376.wav,TTS,200,0.99609375,1
E:\SIH\ira-wakeword\dataset\positive_all\piper_batch_C\376.wav,TTS,300,0.99609375,1
E:\SIH\ira-wakeword\dataset\positive_all\piper_batch_C\376.wav,TTS,400,0.99609375,1
E:\SIH\ira-wakeword\dataset\positive_all\piper_batch_C\376.wav,TTS,500,0.99609375,1
E:\SIH\ira-wakeword\dataset\positive_all\piper_batch_C\381.wav,TTS,0,0.99609375,1
E:\SIH\ira-wakeword\dataset\positive_all\piper_batch_C\381.wav,TTS,100,0.99609375,1
E:\SIH\ira-wakeword\dataset\positive_all\piper_batch_C\381.wav,TTS,200,0.99609375,1
E:\SIH\ira-wakeword\dataset\positive_all\piper_batch_C\381.wav,TTS,300,0.99609375,1
E:\SIH\ira-wakeword\dataset\positive_all\piper_batch_C\381.wav,TTS,400,0.99609375,1
E:\SIH\ira-wakeword\dataset\positive_all\piper_batch_C\381.wav,TTS,500,0.99609375,1
E:\SIH\ira-wakeword\dataset\positive_all\piper_batch_C\406.wav,TTS,0,0.99609375,1
E:\SIH\ira-wakeword\dataset\positive_all\piper_batch_C\406.wav,TTS,100,0.99609375,1
E:\SIH\ira-wakeword\dataset\positive_all\piper_batch_C\406.wav,TTS,200,0.99609375,1
E:\SIH\ira-wakeword\dataset\positive_all\piper_batch_C\406.wav,TTS,300,0.99609375,1
E:\SIH\ira-wakeword\dataset\positive_all\piper_batch_C\406.wav,TTS,400,0.99609375,1
E:\SIH\ira-wakeword\dataset\positive_all\piper_batch_C\406.wav,TTS,500,0.99609375,1
E:\SIH\ira-wakeword\dataset\positive_all\piper_batch_C\406.wav,TTS,600,0.99609375,1
E:\SIH\ira-wakeword\dataset\positive_all\piper_batch_C\409.wav,TTS,0,0.99609375,1
E:\SIH\ira-wakeword\dataset\positive_all\piper_batch_C\409.wav,TTS,100,0.99609375,1
E:\SIH\ira-wakeword\dataset\positive_all\piper_batch_C\409.wav,TTS,200,0.99609375,1
E:\SIH\ira-wakeword\dataset\positive_all\piper_batch_C\409.wav,TTS,300,0.99609375,1
E:\SIH\ira-wakeword\dataset\positive_all\piper_batch_C\409.wav,TTS,400,0.99609375,1
E:\SIH\ira-wakeword\dataset\positive_all\piper_batch_C\409.wav,TTS,500,0.99609375,1
E:\SIH\ira-wakeword\dataset\positive_all\piper_batch_C\409.wav,TTS,600,0.99609375,1
E:\SIH\ira-wakeword\dataset\positive_all\piper_batch_C\41.wav,TTS,0,0.99609375,1
E:\SIH\ira-wakeword\dataset\positive_all\piper_batch_C\41.wav,TTS,100,0.99609375,1
E:\SIH\ira-wakeword\dataset\positive_all\piper_batch_C\41.wav,TTS,200,0.99609375,1
E:\SIH\ira-wakeword\dataset\positive_all\piper_batch_C\41.wav,TTS,300,0.99609375,1
E:\SIH\ira-wakeword\dataset\positive_all\piper_batch_C\41.wav,TTS,400,0.99609375,1
E:\SIH\ira-wakeword\dataset\positive_all\piper_batch_C\41.wav,TTS,500,0.99609375,1
E:\SIH\ira-wakeword\dataset\positive_all\piper_batch_C\41.wav,TTS,600,0.99609375,1
E:\SIH\ira-wakeword\dataset\positive_all\piper_batch_C\410.wav,TTS,0,0.99609375,1
E:\SIH\ira-wakeword\dataset\positive_all\piper_batch_C\410.wav,TTS,100,0.99609375,1
E:\SIH\ira-wakeword\dataset\positive_all\piper_batch_C\410.wav,TTS,200,0.99609375,1
E:\SIH\ira-wakeword\dataset\positive_all\piper_batch_C\410.wav,TTS,300,0.99609375,1
E:\SIH\ira-wakeword\dataset\positive_all\piper_batch_C\410.wav,TTS,400,0.99609375,1
E:\SIH\ira-wakeword\dataset\positive_all\piper_batch_C\410.wav,TTS,500,0.99609375,1
E:\SIH\ira-wakeword\dataset\positive_all\piper_batch_C\410.wav,TTS,600,0.99609375,1
E:\SIH\ira-wakeword\dataset\positive_all\piper_batch_C\424.wav,TTS,0,0.99609375,1
E:\SIH\ira-wakeword\dataset\positive_all\piper_batch_C\424.wav,TTS,100,0.99609375,1
E:\SIH\ira-wakeword\dataset\positive_all\piper_batch_C\424.wav,TTS,200,0.99609375,1
E:\SIH\ira-wakeword\dataset\positive_all\piper_batch_C\424.wav,TTS,300,0.99609375,1
E:\SIH\ira-wakeword\dataset\positive_all\piper_batch_C\424.wav,TTS,400,0.99609375,1
E:\SIH\ira-wakeword\dataset\positive_all\piper_batch_C\424.wav,TTS,500,0.99609375,1
E:\SIH\ira-wakeword\dataset\positive_all\piper_batch_C\441.wav,TTS,0,0.99609375,1
E:\SIH\ira-wakeword\dataset\positive_all\piper_batch_C\441.wav,TTS,100,0.99609375,1
E:\SIH\ira-wakeword\dataset\positive_all\piper_batch_C\441.wav,TTS,200,0.99609375,1
E:\SIH\ira-wakeword\dataset\positive_all\piper_batch_C\441.wav,TTS,300,0.99609375,1
E:\SIH\ira-wakeword\dataset\positive_all\piper_batch_C\441.wav,TTS,400,0.99609375,1
E:\SIH\ira-wakeword\dataset\positive_all\piper_batch_C\441.wav,TTS,500,0.99609375,1
E:\SIH\ira-wakeword\dataset\positive_all\piper_batch_C\441.wav,TTS,600,0.99609375,1
E:\SIH\ira-wakeword\dataset\positive_all\piper_batch_C\47.wav,TTS,0,0.99609375,1
E:\SIH\ira-wakeword\dataset\positive_all\piper_batch_C\47.wav,TTS,100,0.99609375,1
E:\SIH\ira-wakeword\dataset\positive_all\piper_batch_C\47.wav,TTS,200,0.99609375,1
E:\SIH\ira-wakeword\dataset\positive_all\piper_batch_C\47.wav,TTS,300,0.99609375,1
E:\SIH\ira-wakeword\dataset\positive_all\piper_batch_C\47.wav,TTS,400,0.99609375,1
E:\SIH\ira-wakeword\dataset\positive_all\piper_batch_C\47.wav,TTS,500,0.99609375,1
E:\SIH\ira-wakeword\dataset\positive_all\piper_batch_C\47.wav,TTS,600,0.99609375,1
E:\SIH\ira-wakeword\dataset\positive_all\piper_batch_C\491.wav,TTS,0,0.99609375,1
E:\SIH\ira-wakeword\dataset\positive_all\piper_batch_C\491.wav,TTS,100,0.99609375,1
E:\SIH\ira-wakeword\dataset\positive_all\piper_batch_C\491.wav,TTS,200,0.99609375,1
E:\SIH\ira-wakeword\dataset\positive_all\piper_batch_C\491.wav,TTS,300,0.99609375,1
E:\SIH\ira-wakeword\dataset\positive_all\piper_batch_C\491.wav,TTS,400,0.99609375,1
E:\SIH\ira-wakeword\dataset\positive_all\piper_batch_C\491.wav,TTS,500,0.99609375,1
E:\SIH\ira-wakeword\dataset\positive_all\piper_batch_C\491.wav,TTS,600,0.99609375,1
E:\SIH\ira-wakeword\dataset\positive_all\piper_batch_C\493.wav,TTS,0,0.99609375,1
E:\SIH\ira-wakeword\dataset\positive_all\piper_batch_C\493.wav,TTS,100,0.99609375,1
E:\SIH\ira-wakeword\dataset\positive_all\piper_batch_C\493.wav,TTS,200,0.99609375,1
E:\SIH\ira-wakeword\dataset\positive_all\piper_batch_C\493.wav,TTS,300,0.99609375,1
E:\SIH\ira-wakeword\dataset\positive_all\piper_batch_C\493.wav,TTS,400,0.99609375,1
E:\SIH\ira-wakeword\dataset\positive_all\piper_batch_C\493.wav,TTS,500,0.99609375,1
E:\SIH\ira-wakeword\dataset\positive_all\piper_batch_C\494.wav,TTS,0,0.99609375,1
E:\SIH\ira-wakeword\dataset\positive_all\piper_batch_C\494.wav,TTS,100,0.99609375,1
E:\SIH\ira-wakeword\dataset\positive_all\piper_batch_C\494.wav,TTS,200,0.99609375,1
E:\SIH\ira-wakeword\dataset\positive_all\piper_batch_C\494.wav,TTS,300,0.99609375,1
E:\SIH\ira-wakeword\dataset\positive_all\piper_batch_C\494.wav,TTS,400,0.99609375,1
E:\SIH\ira-wakeword\dataset\positive_all\piper_batch_C\494.wav,TTS,500,0.99609375,1
E:\SIH\ira-wakeword\dataset\positive_all\piper_batch_C\503.wav,TTS,0,0.99609375,1
E:\SIH\ira-wakeword\dataset\positive_all\piper_batch_C\503.wav,TTS,100,0.99609375,1
E:\SIH\ira-wakeword\dataset\positive_all\piper_batch_C\503.wav,TTS,200,0.99609375,1
E:\SIH\ira-wakeword\dataset\positive_all\piper_batch_C\503.wav,TTS,300,0.99609375,1
E:\SIH\ira-wakeword\dataset\positive_all\piper_batch_C\503.wav,TTS,400,0.99609375,1
E:\SIH\ira-wakeword\dataset\positive_all\piper_batch_C\503.wav,TTS,500,0.99609375,1
E:\SIH\ira-wakeword\dataset\positive_all\piper_batch_C\503.wav,TTS,600,0.99609375,1
E:\SIH\ira-wakeword\dataset\positive_all\piper_batch_C\521.wav,TTS,0,0.99609375,1
E:\SIH\ira-wakeword\dataset\positive_all\piper_batch_C\521.wav,TTS,100,0.99609375,1
E:\SIH\ira-wakeword\dataset\positive_all\piper_batch_C\521.wav,TTS,200,0.99609375,1
E:\SIH\ira-wakeword\dataset\positive_all\piper_batch_C\521.wav,TTS,300,0.99609375,1
E:\SIH\ira-wakeword\dataset\positive_all\piper_batch_C\521.wav,TTS,400,0.99609375,1
E:\SIH\ira-wakeword\dataset\positive_all\piper_batch_C\521.wav,TTS,500,0.99609375,1
E:\SIH\ira-wakeword\dataset\positive_all\piper_batch_C\521.wav,TTS,600,0.99609375,1
E:\SIH\ira-wakeword\dataset\positive_all\piper_batch_C\531.wav,TTS,0,0.99609375,1
E:\SIH\ira-wakeword\dataset\positive_all\piper_batch_C\531.wav,TTS,100,0.99609375,1
E:\SIH\ira-wakeword\dataset\positive_all\piper_batch_C\531.wav,TTS,200,0.99609375,1
E:\SIH\ira-wakeword\dataset\positive_all\piper_batch_C\531.wav,TTS,300,0.99609375,1
E:\SIH\ira-wakeword\dataset\positive_all\piper_batch_C\531.wav,TTS,400,0.99609375,1
E:\SIH\ira-wakeword\dataset\positive_all\piper_batch_C\531.wav,TTS,500,0.99609375,1
E:\SIH\ira-wakeword\dataset\positive_all\piper_batch_C\531.wav,TTS,600,0.99609375,1
E:\SIH\ira-wakeword\dataset\positive_all\piper_batch_C\535.wav,TTS,0,0.99609375,1
E:\SIH\ira-wakeword\dataset\positive_all\piper_batch_C\535.wav,TTS,100,0.99609375,1
E:\SIH\ira-wakeword\dataset\positive_all\piper_batch_C\535.wav,TTS,200,0.99609375,1
E:\SIH\ira-wakeword\dataset\positive_all\piper_batch_C\535.wav,TTS,300,0.99609375,1
E:\SIH\ira-wakeword\dataset\positive_all\piper_batch_C\535.wav,TTS,400,0.99609375,1
E:\SIH\ira-wakeword\dataset\positive_all\piper_batch_C\535.wav,TTS,500,0.99609375,1
E:\SIH\ira-wakeword\dataset\positive_all\piper_batch_C\535.wav,TTS,600,0.99609375,1
E:\SIH\ira-wakeword\dataset\positive_all\piper_batch_C\536.wav,TTS,0,0.99609375,1
E:\SIH\ira-wakeword\dataset\positive_all\piper_batch_C\536.wav,TTS,100,0.99609375,1
E:\SIH\ira-wakeword\dataset\positive_all\piper_batch_C\536.wav,TTS,200,0.99609375,1
E:\SIH\ira-wakeword\dataset\positive_all\piper_batch_C\536.wav,TTS,300,0.99609375,1
E:\SIH\ira-wakeword\dataset\positive_all\piper_batch_C\536.wav,TTS,400,0.99609375,1
E:\SIH\ira-wakeword\dataset\positive_all\piper_batch_C\536.wav,TTS,500,0.99609375,1
E:\SIH\ira-wakeword\dataset\positive_all\piper_batch_C\536.wav,TTS,600,0.99609375,1
E:\SIH\ira-wakeword\dataset\positive_all\piper_batch_C\537.wav,TTS,0,0.99609375,1
E:\SIH\ira-wakeword\dataset\positive_all\piper_batch_C\537.wav,TTS,100,0.99609375,1
E:\SIH\ira-wakeword\dataset\positive_all\piper_batch_C\537.wav,TTS,200,0.99609375,1
E:\SIH\ira-wakeword\dataset\positive_all\piper_batch_C\537.wav,TTS,300,0.99609375,1
E:\SIH\ira-wakeword\dataset\positive_all\piper_batch_C\537.wav,TTS,400,0.99609375,1
E:\SIH\ira-wakeword\dataset\positive_all\piper_batch_C\537.wav,TTS,500,0.99609375,1
E:\SIH\ira-wakeword\dataset\positive_all\piper_batch_C\537.wav,TTS,600,0.99609375,1
E:\SIH\ira-wakeword\dataset\positive_all\piper_batch_C\551.wav,TTS,0,0.99609375,1
E:\SIH\ira-wakeword\dataset\positive_all\piper_batch_C\551.wav,TTS,100,0.99609375,1
E:\SIH\ira-wakeword\dataset\positive_all\piper_batch_C\551.wav,TTS,200,0.99609375,1
E:\SIH\ira-wakeword\dataset\positive_all\piper_batch_C\551.wav,TTS,300,0.99609375,1
E:\SIH\ira-wakeword\dataset\positive_all\piper_batch_C\551.wav,TTS,400,0.99609375,1
E:\SIH\ira-wakeword\dataset\positive_all\piper_batch_C\551.wav,TTS,500,0.99609375,1
E:\SIH\ira-wakeword\dataset\positive_all\piper_batch_C\551.wav,TTS,600,0.99609375,1
E:\SIH\ira-wakeword\dataset\positive_all\piper_batch_C\569.wav,TTS,0,0.99609375,1
E:\SIH\ira-wakeword\dataset\positive_all\piper_batch_C\569.wav,TTS,100,0.99609375,1
E:\SIH\ira-wakeword\dataset\positive_all\piper_batch_C\569.wav,TTS,200,0.99609375,1
E:\SIH\ira-wakeword\dataset\positive_all\piper_batch_C\569.wav,TTS,300,0.99609375,1
E:\SIH\ira-wakeword\dataset\positive_all\piper_batch_C\569.wav,TTS,400,0.99609375,1
E:\SIH\ira-wakeword\dataset\positive_all\piper_batch_C\569.wav,TTS,500,0.99609375,1
E:\SIH\ira-wakeword\dataset\positive_all\piper_batch_C\570.wav,TTS,0,0.99609375,1
E:\SIH\ira-wakeword\dataset\positive_all\piper_batch_C\570.wav,TTS,100,0.99609375,1
E:\SIH\ira-wakeword\dataset\positive_all\piper_batch_C\570.wav,TTS,200,0.99609375,1
E:\SIH\ira-wakeword\dataset\positive_all\piper_batch_C\570.wav,TTS,300,0.99609375,1
E:\SIH\ira-wakeword\dataset\positive_all\piper_batch_C\570.wav,TTS,400,0.99609375,1
E:\SIH\ira-wakeword\dataset\positive_all\piper_batch_C\570.wav,TTS,500,0.99609375,1
E:\SIH\ira-wakeword\dataset\positive_all\piper_batch_C\570.wav,TTS,600,0.99609375,1
E:\SIH\ira-wakeword\dataset\positive_all\piper_batch_C\574.wav,TTS,0,0.99609375,1
E:\SIH\ira-wakeword\dataset\positive_all\piper_batch_C\574.wav,TTS,100,0.99609375,1
E:\SIH\ira-wakeword\dataset\positive_all\piper_batch_C\574.wav,TTS,200,0.99609375,1
E:\SIH\ira-wakeword\dataset\positive_all\piper_batch_C\574.wav,TTS,300,0.99609375,1
E:\SIH\ira-wakeword\dataset\positive_all\piper_batch_C\574.wav,TTS,400,0.99609375,1
E:\SIH\ira-wakeword\dataset\positive_all\piper_batch_C\574.wav,TTS,500,0.99609375,1
E:\SIH\ira-wakeword\dataset\positive_all\piper_batch_C\574.wav,TTS,600,0.99609375,1
E:\SIH\ira-wakeword\dataset\positive_all\piper_batch_C\58.wav,TTS,0,0.99609375,1
E:\SIH\ira-wakeword\dataset\positive_all\piper_batch_C\58.wav,TTS,100,0.99609375,1
E:\SIH\ira-wakeword\dataset\positive_all\piper_batch_C\58.wav,TTS,200,0.99609375,1
E:\SIH\ira-wakeword\dataset\positive_all\piper_batch_C\58.wav,TTS,300,0.99609375,1
E:\SIH\ira-wakeword\dataset\positive_all\piper_batch_C\58.wav,TTS,400,0.99609375,1
E:\SIH\ira-wakeword\dataset\positive_all\piper_batch_C\58.wav,TTS,500,0.99609375,1
E:\SIH\ira-wakeword\dataset\positive_all\piper_batch_C\58.wav,TTS,600,0.99609375,1
E:\SIH\ira-wakeword\dataset\positive_all\piper_batch_C\607.wav,TTS,0,0.99609375,1
E:\SIH\ira-wakeword\dataset\positive_all\piper_batch_C\607.wav,TTS,100,0.99609375,1
E:\SIH\ira-wakeword\dataset\positive_all\piper_batch_C\607.wav,TTS,200,0.99609375,1
E:\SIH\ira-wakeword\dataset\positive_all\piper_batch_C\607.wav,TTS,300,0.99609375,1
E:\SIH\ira-wakeword\dataset\positive_all\piper_batch_C\607.wav,TTS,400,0.99609375,1
E:\SIH\ira-wakeword\dataset\positive_all\piper_batch_C\607.wav,TTS,500,0.99609375,1
E:\SIH\ira-wakeword\dataset\positive_all\piper_batch_C\607.wav,TTS,600,0.99609375,1
E:\SIH\ira-wakeword\dataset\positive_all\piper_batch_C\61.wav,TTS,0,0.99609375,1
E:\SIH\ira-wakeword\dataset\positive_all\piper_batch_C\61.wav,TTS,100,0.99609375,1
E:\SIH\ira-wakeword\dataset\positive_all\piper_batch_C\61.wav,TTS,200,0.99609375,1
E:\SIH\ira-wakeword\dataset\positive_all\piper_batch_C\61.wav,TTS,300,0.99609375,1
E:\SIH\ira-wakeword\dataset\positive_all\piper_batch_C\61.wav,TTS,400,0.99609375,1
E:\SIH\ira-wakeword\dataset\positive_all\piper_batch_C\61.wav,TTS,500,0.99609375,1
E:\SIH\ira-wakeword\dataset\positive_all\piper_batch_C\610.wav,TTS,0,0.99609375,1
E:\SIH\ira-wakeword\dataset\positive_all\piper_batch_C\610.wav,TTS,100,0.99609375,1
E:\SIH\ira-wakeword\dataset\positive_all\piper_batch_C\610.wav,TTS,200,0.99609375,1
E:\SIH\ira-wakeword\dataset\positive_all\piper_batch_C\610.wav,TTS,300,0.99609375,1
E:\SIH\ira-wakeword\dataset\positive_all\piper_batch_C\610.wav,TTS,400,0.99609375,1
E:\SIH\ira-wakeword\dataset\positive_all\piper_batch_C\610.wav,TTS,500,0.99609375,1
E:\SIH\ira-wakeword\dataset\positive_all\piper_batch_C\610.wav,TTS,600,0.99609375,1
E:\SIH\ira-wakeword\dataset\positive_all\piper_batch_C\620.wav,TTS,0,0.99609375,1
E:\SIH\ira-wakeword\dataset\positive_all\piper_batch_C\620.wav,TTS,100,0.99609375,1
E:\SIH\ira-wakeword\dataset\positive_all\piper_batch_C\620.wav,TTS,200,0.99609375,1
E:\SIH\ira-wakeword\dataset\positive_all\piper_batch_C\620.wav,TTS,300,0.99609375,1
E:\SIH\ira-wakeword\dataset\positive_all\piper_batch_C\620.wav,TTS,400,0.99609375,1
E:\SIH\ira-wakeword\dataset\positive_all\piper_batch_C\620.wav,TTS,500,0.99609375,1
E:\SIH\ira-wakeword\dataset\positive_all\piper_batch_C\620.wav,TTS,600,0.99609375,1
E:\SIH\ira-wakeword\dataset\positive_all\piper_batch_C\659.wav,TTS,0,0.99609375,1
E:\SIH\ira-wakeword\dataset\positive_all\piper_batch_C\659.wav,TTS,100,0.99609375,1
E:\SIH\ira-wakeword\dataset\positive_all\piper_batch_C\659.wav,TTS,200,0.99609375,1
E:\SIH\ira-wakeword\dataset\positive_all\piper_batch_C\659.wav,TTS,300,0.99609375,1
E:\SIH\ira-wakeword\dataset\positive_all\piper_batch_C\659.wav,TTS,400,0.99609375,1
E:\SIH\ira-wakeword\dataset\positive_all\piper_batch_C\659.wav,TTS,500,0.99609375,1
E:\SIH\ira-wakeword\dataset\positive_all\piper_batch_C\659.wav,TTS,600,0.99609375,1
E:\SIH\ira-wakeword\dataset\positive_all\piper_batch_C\66.wav,TTS,0,0.99609375,1
E:\SIH\ira-wakeword\dataset\positive_all\piper_batch_C\66.wav,TTS,100,0.99609375,1
E:\SIH\ira-wakeword\dataset\positive_all\piper_batch_C\66.wav,TTS,200,0.99609375,1
E:\SIH\ira-wakeword\dataset\positive_all\piper_batch_C\66.wav,TTS,300,0.99609375,1
E:\SIH\ira-wakeword\dataset\positive_all\piper_batch_C\66.wav,TTS,400,0.99609375,1
E:\SIH\ira-wakeword\dataset\positive_all\piper_batch_C\66.wav,TTS,500,0.99609375,1
E:\SIH\ira-wakeword\dataset\positive_all\piper_batch_C\662.wav,TTS,0,0.99609375,1
E:\SIH\ira-wakeword\dataset\positive_all\piper_batch_C\662.wav,TTS,100,0.99609375,1
E:\SIH\ira-wakeword\dataset\positive_all\piper_batch_C\662.wav,TTS,200,0.99609375,1
E:\SIH\ira-wakeword\dataset\positive_all\piper_batch_C\662.wav,TTS,300,0.99609375,1
E:\SIH\ira-wakeword\dataset\positive_all\piper_batch_C\662.wav,TTS,400,0.99609375,1
E:\SIH\ira-wakeword\dataset\positive_all\piper_batch_C\662.wav,TTS,500,0.99609375,1
E:\SIH\ira-wakeword\dataset\positive_all\piper_batch_C\662.wav,TTS,600,0.99609375,1
E:\SIH\ira-wakeword\dataset\positive_all\piper_batch_C\675.wav,TTS,0,0.99609375,1
E:\SIH\ira-wakeword\dataset\positive_all\piper_batch_C\675.wav,TTS,100,0.99609375,1
E:\SIH\ira-wakeword\dataset\positive_all\piper_batch_C\675.wav,TTS,200,0.99609375,1
E:\SIH\ira-wakeword\dataset\positive_all\piper_batch_C\675.wav,TTS,300,0.99609375,1
E:\SIH\ira-wakeword\dataset\positive_all\piper_batch_C\675.wav,TTS,400,0.99609375,1
E:\SIH\ira-wakeword\dataset\positive_all\piper_batch_C\675.wav,TTS,500,0.99609375,1
E:\SIH\ira-wakeword\dataset\positive_all\piper_batch_C\675.wav,TTS,600,0.99609375,1
E:\SIH\ira-wakeword\dataset\positive_all\piper_batch_C\694.wav,TTS,0,0.99609375,1
E:\SIH\ira-wakeword\dataset\positive_all\piper_batch_C\694.wav,TTS,100,0.99609375,1
E:\SIH\ira-wakeword\dataset\positive_all\piper_batch_C\694.wav,TTS,200,0.99609375,1
E:\SIH\ira-wakeword\dataset\positive_all\piper_batch_C\694.wav,TTS,300,0.99609375,1
E:\SIH\ira-wakeword\dataset\positive_all\piper_batch_C\694.wav,TTS,400,0.99609375,1
E:\SIH\ira-wakeword\dataset\positive_all\piper_batch_C\694.wav,TTS,500,0.99609375,1
E:\SIH\ira-wakeword\dataset\positive_all\piper_batch_C\694.wav,TTS,600,0.99609375,1
E:\SIH\ira-wakeword\dataset\positive_all\piper_batch_C\709.wav,TTS,0,0.99609375,1
E:\SIH\ira-wakeword\dataset\positive_all\piper_batch_C\709.wav,TTS,100,0.99609375,1
E:\SIH\ira-wakeword\dataset\positive_all\piper_batch_C\709.wav,TTS,200,0.99609375,1
E:\SIH\ira-wakeword\dataset\positive_all\piper_batch_C\709.wav,TTS,300,0.99609375,1
E:\SIH\ira-wakeword\dataset\positive_all\piper_batch_C\709.wav,TTS,400,0.99609375,1
E:\SIH\ira-wakeword\dataset\positive_all\piper_batch_C\709.wav,TTS,500,0.99609375,1
E:\SIH\ira-wakeword\dataset\positive_all\piper_batch_C\709.wav,TTS,600,0.99609375,1
E:\SIH\ira-wakeword\dataset\positive_all\piper_batch_C\713.wav,TTS,0,0.99609375,1
E:\SIH\ira-wakeword\dataset\positive_all\piper_batch_C\713.wav,TTS,100,0.99609375,1
E:\SIH\ira-wakeword\dataset\positive_all\piper_batch_C\713.wav,TTS,200,0.99609375,1
E:\SIH\ira-wakeword\dataset\positive_all\piper_batch_C\713.wav,TTS,300,0.99609375,1
E:\SIH\ira-wakeword\dataset\positive_all\piper_batch_C\713.wav,TTS,400,0.99609375,1
E:\SIH\ira-wakeword\dataset\positive_all\piper_batch_C\714.wav,TTS,0,0.99609375,1
E:\SIH\ira-wakeword\dataset\positive_all\piper_batch_C\714.wav,TTS,100,0.99609375,1
E:\SIH\ira-wakeword\dataset\positive_all\piper_batch_C\714.wav,TTS,200,0.99609375,1
E:\SIH\ira-wakeword\dataset\positive_all\piper_batch_C\714.wav,TTS,300,0.99609375,1
E:\SIH\ira-wakeword\dataset\positive_all\piper_batch_C\714.wav,TTS,400,0.99609375,1
E:\SIH\ira-wakeword\dataset\positive_all\piper_batch_C\714.wav,TTS,500,0.99609375,1
E:\SIH\ira-wakeword\dataset\positive_all\piper_batch_C\714.wav,TTS,600,0.99609375,1
E:\SIH\ira-wakeword\dataset\positive_all\piper_batch_C\716.wav,TTS,0,0.99609375,1
E:\SIH\ira-wakeword\dataset\positive_all\piper_batch_C\716.wav,TTS,100,0.99609375,1
E:\SIH\ira-wakeword\dataset\positive_all\piper_batch_C\716.wav,TTS,200,0.99609375,1
E:\SIH\ira-wakeword\dataset\positive_all\piper_batch_C\716.wav,TTS,300,0.99609375,1
E:\SIH\ira-wakeword\dataset\positive_all\piper_batch_C\716.wav,TTS,400,0.99609375,1
E:\SIH\ira-wakeword\dataset\positive_all\piper_batch_C\716.wav,TTS,500,0.99609375,1
E:\SIH\ira-wakeword\dataset\positive_all\piper_batch_C\716.wav,TTS,600,0.99609375,1
E:\SIH\ira-wakeword\dataset\positive_all\piper_batch_C\720.wav,TTS,0,0.99609375,1
E:\SIH\ira-wakeword\dataset\positive_all\piper_batch_C\720.wav,TTS,100,0.99609375,1
E:\SIH\ira-wakeword\dataset\positive_all\piper_batch_C\720.wav,TTS,200,0.99609375,1
E:\SIH\ira-wakeword\dataset\positive_all\piper_batch_C\720.wav,TTS,300,0.99609375,1
E:\SIH\ira-wakeword\dataset\positive_all\piper_batch_C\720.wav,TTS,400,0.99609375,1
E:\SIH\ira-wakeword\dataset\positive_all\piper_batch_C\720.wav,TTS,500,0.99609375,1
E:\SIH\ira-wakeword\dataset\positive_all\piper_batch_C\732.wav,TTS,0,0.99609375,1
E:\SIH\ira-wakeword\dataset\positive_all\piper_batch_C\732.wav,TTS,100,0.99609375,1
E:\SIH\ira-wakeword\dataset\positive_all\piper_batch_C\732.wav,TTS,200,0.99609375,1
E:\SIH\ira-wakeword\dataset\positive_all\piper_batch_C\732.wav,TTS,300,0.99609375,1
E:\SIH\ira-wakeword\dataset\positive_all\piper_batch_C\732.wav,TTS,400,0.99609375,1
E:\SIH\ira-wakeword\dataset\positive_all\piper_batch_C\732.wav,TTS,500,0.99609375,1
E:\SIH\ira-wakeword\dataset\positive_all\piper_batch_C\732.wav,TTS,600,0.99609375,1
E:\SIH\ira-wakeword\dataset\positive_all\piper_batch_C\736.wav,TTS,0,0.99609375,1
E:\SIH\ira-wakeword\dataset\positive_all\piper_batch_C\736.wav,TTS,100,0.99609375,1
E:\SIH\ira-wakeword\dataset\positive_all\piper_batch_C\736.wav,TTS,200,0.99609375,1
E:\SIH\ira-wakeword\dataset\positive_all\piper_batch_C\736.wav,TTS,300,0.99609375,1
E:\SIH\ira-wakeword\dataset\positive_all\piper_batch_C\736.wav,TTS,400,0.99609375,1
E:\SIH\ira-wakeword\dataset\positive_all\piper_batch_C\736.wav,TTS,500,0.99609375,1
E:\SIH\ira-wakeword\dataset\positive_all\piper_batch_C\738.wav,TTS,0,0.99609375,1
E:\SIH\ira-wakeword\dataset\positive_all\piper_batch_C\738.wav,TTS,100,0.99609375,1
E:\SIH\ira-wakeword\dataset\positive_all\piper_batch_C\738.wav,TTS,200,0.99609375,1
E:\SIH\ira-wakeword\dataset\positive_all\piper_batch_C\738.wav,TTS,300,0.99609375,1
E:\SIH\ira-wakeword\dataset\positive_all\piper_batch_C\738.wav,TTS,400,0.99609375,1
E:\SIH\ira-wakeword\dataset\positive_all\piper_batch_C\738.wav,TTS,500,0.99609375,1
E:\SIH\ira-wakeword\dataset\positive_all\piper_batch_C\74.wav,TTS,0,0.99609375,1
E:\SIH\ira-wakeword\dataset\positive_all\piper_batch_C\74.wav,TTS,100,0.99609375,1
E:\SIH\ira-wakeword\dataset\positive_all\piper_batch_C\74.wav,TTS,200,0.99609375,1
E:\SIH\ira-wakeword\dataset\positive_all\piper_batch_C\74.wav,TTS,300,0.99609375,1
E:\SIH\ira-wakeword\dataset\positive_all\piper_batch_C\74.wav,TTS,400,0.99609375,1
E:\SIH\ira-wakeword\dataset\positive_all\piper_batch_C\74.wav,TTS,500,0.99609375,1
E:\SIH\ira-wakeword\dataset\positive_all\piper_batch_C\756.wav,TTS,0,0.99609375,1
E:\SIH\ira-wakeword\dataset\positive_all\piper_batch_C\756.wav,TTS,100,0.99609375,1
E:\SIH\ira-wakeword\dataset\positive_all\piper_batch_C\756.wav,TTS,200,0.99609375,1
E:\SIH\ira-wakeword\dataset\positive_all\piper_batch_C\756.wav,TTS,300,0.99609375,1
E:\SIH\ira-wakeword\dataset\positive_all\piper_batch_C\756.wav,TTS,400,0.99609375,1
E:\SIH\ira-wakeword\dataset\positive_all\piper_batch_C\756.wav,TTS,500,0.99609375,1
E:\SIH\ira-wakeword\dataset\positive_all\piper_batch_C\756.wav,TTS,600,0.99609375,1
E:\SIH\ira-wakeword\dataset\positive_all\piper_batch_C\776.wav,TTS,0,0.99609375,1
E:\SIH\ira-wakeword\dataset\positive_all\piper_batch_C\776.wav,TTS,100,0.99609375,1
E:\SIH\ira-wakeword\dataset\positive_all\piper_batch_C\776.wav,TTS,200,0.99609375,1
E:\SIH\ira-wakeword\dataset\positive_all\piper_batch_C\776.wav,TTS,300,0.99609375,1
E:\SIH\ira-wakeword\dataset\positive_all\piper_batch_C\776.wav,TTS,400,0.99609375,1
E:\SIH\ira-wakeword\dataset\positive_all\piper_batch_C\776.wav,TTS,500,0.99609375,1
E:\SIH\ira-wakeword\dataset\positive_all\piper_batch_C\776.wav,TTS,600,0.99609375,1
E:\SIH\ira-wakeword\dataset\positive_all\piper_batch_C\808.wav,TTS,0,0.99609375,1
E:\SIH\ira-wakeword\dataset\positive_all\piper_batch_C\808.wav,TTS,100,0.99609375,1
E:\SIH\ira-wakeword\dataset\positive_all\piper_batch_C\808.wav,TTS,200,0.99609375,1
E:\SIH\ira-wakeword\dataset\positive_all\piper_batch_C\808.wav,TTS,300,0.99609375,1
E:\SIH\ira-wakeword\dataset\positive_all\piper_batch_C\808.wav,TTS,400,0.99609375,1
E:\SIH\ira-wakeword\dataset\positive_all\piper_batch_C\808.wav,TTS,500,0.99609375,1
E:\SIH\ira-wakeword\dataset\positive_all\piper_batch_C\808.wav,TTS,600,0.99609375,1
E:\SIH\ira-wakeword\dataset\positive_all\piper_batch_C\826.wav,TTS,0,0.99609375,1
E:\SIH\ira-wakeword\dataset\positive_all\piper_batch_C\826.wav,TTS,100,0.99609375,1
E:\SIH\ira-wakeword\dataset\positive_all\piper_batch_C\826.wav,TTS,200,0.99609375,1
E:\SIH\ira-wakeword\dataset\positive_all\piper_batch_C\826.wav,TTS,300,0.99609375,1
E:\SIH\ira-wakeword\dataset\positive_all\piper_batch_C\826.wav,TTS,400,0.99609375,1
E:\SIH\ira-wakeword\dataset\positive_all\piper_batch_C\826.wav,TTS,500,0.99609375,1
E:\SIH\ira-wakeword\dataset\positive_all\piper_batch_C\826.wav,TTS,600,0.99609375,1
E:\SIH\ira-wakeword\dataset\positive_all\piper_batch_C\838.wav,TTS,0,0.99609375,1
E:\SIH\ira-wakeword\dataset\positive_all\piper_batch_C\838.wav,TTS,100,0.99609375,1
E:\SIH\ira-wakeword\dataset\positive_all\piper_batch_C\838.wav,TTS,200,0.99609375,1
E:\SIH\ira-wakeword\dataset\positive_all\piper_batch_C\838.wav,TTS,300,0.99609375,1
E:\SIH\ira-wakeword\dataset\positive_all\piper_batch_C\838.wav,TTS,400,0.99609375,1
E:\SIH\ira-wakeword\dataset\positive_all\piper_batch_C\838.wav,TTS,500,0.99609375,1
E:\SIH\ira-wakeword\dataset\positive_all\piper_batch_C\838.wav,TTS,600,0.99609375,1
E:\SIH\ira-wakeword\dataset\positive_all\piper_batch_C\839.wav,TTS,0,0.99609375,1
E:\SIH\ira-wakeword\dataset\positive_all\piper_batch_C\839.wav,TTS,100,0.99609375,1
E:\SIH\ira-wakeword\dataset\positive_all\piper_batch_C\839.wav,TTS,200,0.99609375,1
E:\SIH\ira-wakeword\dataset\positive_all\piper_batch_C\839.wav,TTS,300,0.99609375,1
E:\SIH\ira-wakeword\dataset\positive_all\piper_batch_C\839.wav,TTS,400,0.99609375,1
E:\SIH\ira-wakeword\dataset\positive_all\piper_batch_C\839.wav,TTS,500,0.99609375,1
E:\SIH\ira-wakeword\dataset\positive_all\piper_batch_C\839.wav,TTS,600,0.99609375,1
E:\SIH\ira-wakeword\dataset\positive_all\piper_batch_C\84.wav,TTS,0,0.99609375,1
E:\SIH\ira-wakeword\dataset\positive_all\piper_batch_C\84.wav,TTS,100,0.99609375,1
E:\SIH\ira-wakeword\dataset\positive_all\piper_batch_C\84.wav,TTS,200,0.99609375,1
E:\SIH\ira-wakeword\dataset\positive_all\piper_batch_C\84.wav,TTS,300,0.99609375,1
E:\SIH\ira-wakeword\dataset\positive_all\piper_batch_C\84.wav,TTS,400,0.99609375,1
E:\SIH\ira-wakeword\dataset\positive_all\piper_batch_C\84.wav,TTS,500,0.99609375,1
E:\SIH\ira-wakeword\dataset\positive_all\piper_batch_C\84.wav,TTS,600,0.99609375,1
E:\SIH\ira-wakeword\dataset\positive_all\piper_batch_C\850.wav,TTS,0,0.99609375,1
E:\SIH\ira-wakeword\dataset\positive_all\piper_batch_C\850.wav,TTS,100,0.99609375,1
E:\SIH\ira-wakeword\dataset\positive_all\piper_batch_C\850.wav,TTS,200,0.99609375,1
E:\SIH\ira-wakeword\dataset\positive_all\piper_batch_C\850.wav,TTS,300,0.99609375,1
E:\SIH\ira-wakeword\dataset\positive_all\piper_batch_C\850.wav,TTS,400,0.99609375,1
E:\SIH\ira-wakeword\dataset\positive_all\piper_batch_C\850.wav,TTS,500,0.99609375,1
E:\SIH\ira-wakeword\dataset\positive_all\piper_batch_C\856.wav,TTS,0,0.99609375,1
E:\SIH\ira-wakeword\dataset\positive_all\piper_batch_C\856.wav,TTS,100,0.99609375,1
E:\SIH\ira-wakeword\dataset\positive_all\piper_batch_C\856.wav,TTS,200,0.99609375,1
E:\SIH\ira-wakeword\dataset\positive_all\piper_batch_C\856.wav,TTS,300,0.99609375,1
E:\SIH\ira-wakeword\dataset\positive_all\piper_batch_C\856.wav,TTS,400,0.99609375,1
E:\SIH\ira-wakeword\dataset\positive_all\piper_batch_C\856.wav,TTS,500,0.99609375,1
E:\SIH\ira-wakeword\dataset\positive_all\piper_batch_C\856.wav,TTS,600,0.99609375,1
E:\SIH\ira-wakeword\dataset\positive_all\piper_batch_C\862.wav,TTS,0,0.99609375,1
E:\SIH\ira-wakeword\dataset\positive_all\piper_batch_C\862.wav,TTS,100,0.99609375,1
E:\SIH\ira-wakeword\dataset\positive_all\piper_batch_C\862.wav,TTS,200,0.99609375,1
E:\SIH\ira-wakeword\dataset\positive_all\piper_batch_C\862.wav,TTS,300,0.99609375,1
E:\SIH\ira-wakeword\dataset\positive_all\piper_batch_C\862.wav,TTS,400,0.99609375,1
E:\SIH\ira-wakeword\dataset\positive_all\piper_batch_C\862.wav,TTS,500,0.99609375,1
E:\SIH\ira-wakeword\dataset\positive_all\piper_batch_C\862.wav,TTS,600,0.99609375,1
E:\SIH\ira-wakeword\dataset\positive_all\piper_batch_C\863.wav,TTS,0,0.99609375,1
E:\SIH\ira-wakeword\dataset\positive_all\piper_batch_C\863.wav,TTS,100,0.99609375,1
E:\SIH\ira-wakeword\dataset\positive_all\piper_batch_C\863.wav,TTS,200,0.99609375,1
E:\SIH\ira-wakeword\dataset\positive_all\piper_batch_C\863.wav,TTS,300,0.99609375,1
E:\SIH\ira-wakeword\dataset\positive_all\piper_batch_C\863.wav,TTS,400,0.99609375,1
E:\SIH\ira-wakeword\dataset\positive_all\piper_batch_C\863.wav,TTS,500,0.99609375,1
E:\SIH\ira-wakeword\dataset\positive_all\piper_batch_C\863.wav,TTS,600,0.99609375,1
E:\SIH\ira-wakeword\dataset\positive_all\piper_batch_C\889.wav,TTS,0,0.99609375,1
E:\SIH\ira-wakeword\dataset\positive_all\piper_batch_C\889.wav,TTS,100,0.99609375,1
E:\SIH\ira-wakeword\dataset\positive_all\piper_batch_C\889.wav,TTS,200,0.99609375,1
E:\SIH\ira-wakeword\dataset\positive_all\piper_batch_C\889.wav,TTS,300,0.99609375,1
E:\SIH\ira-wakeword\dataset\positive_all\piper_batch_C\889.wav,TTS,400,0.99609375,1
E:\SIH\ira-wakeword\dataset\positive_all\piper_batch_C\889.wav,TTS,500,0.99609375,1
E:\SIH\ira-wakeword\dataset\positive_all\piper_batch_C\889.wav,TTS,600,0.99609375,1
E:\SIH\ira-wakeword\dataset\positive_all\piper_batch_C\895.wav,TTS,0,0.99609375,1
E:\SIH\ira-wakeword\dataset\positive_all\piper_batch_C\895.wav,TTS,100,0.99609375,1
E:\SIH\ira-wakeword\dataset\positive_all\piper_batch_C\895.wav,TTS,200,0.99609375,1
E:\SIH\ira-wakeword\dataset\positive_all\piper_batch_C\895.wav,TTS,300,0.99609375,1
E:\SIH\ira-wakeword\dataset\positive_all\piper_batch_C\895.wav,TTS,400,0.99609375,1
E:\SIH\ira-wakeword\dataset\positive_all\piper_batch_C\895.wav,TTS,500,0.99609375,1
E:\SIH\ira-wakeword\dataset\positive_all\piper_batch_C\896.wav,TTS,0,0.99609375,1
E:\SIH\ira-wakeword\dataset\positive_all\piper_batch_C\896.wav,TTS,100,0.99609375,1
E:\SIH\ira-wakeword\dataset\positive_all\piper_batch_C\896.wav,TTS,200,0.99609375,1
E:\SIH\ira-wakeword\dataset\positive_all\piper_batch_C\896.wav,TTS,300,0.99609375,1
E:\SIH\ira-wakeword\dataset\positive_all\piper_batch_C\896.wav,TTS,400,0.99609375,1
E:\SIH\ira-wakeword\dataset\positive_all\piper_batch_C\896.wav,TTS,500,0.99609375,1
E:\SIH\ira-wakeword\dataset\positive_all\piper_batch_C\896.wav,TTS,600,0.99609375,1
E:\SIH\ira-wakeword\dataset\positive_all\piper_batch_C\897.wav,TTS,0,0.99609375,1
E:\SIH\ira-wakeword\dataset\positive_all\piper_batch_C\897.wav,TTS,100,0.99609375,1
E:\SIH\ira-wakeword\dataset\positive_all\piper_batch_C\897.wav,TTS,200,0.99609375,1
E:\SIH\ira-wakeword\dataset\positive_all\piper_batch_C\897.wav,TTS,300,0.99609375,1
E:\SIH\ira-wakeword\dataset\positive_all\piper_batch_C\897.wav,TTS,400,0.99609375,1
E:\SIH\ira-wakeword\dataset\positive_all\piper_batch_C\897.wav,TTS,500,0.99609375,1
E:\SIH\ira-wakeword\dataset\positive_all\piper_batch_C\906.wav,TTS,0,0.99609375,1
E:\SIH\ira-wakeword\dataset\positive_all\piper_batch_C\906.wav,TTS,100,0.99609375,1
E:\SIH\ira-wakeword\dataset\positive_all\piper_batch_C\906.wav,TTS,200,0.99609375,1
E:\SIH\ira-wakeword\dataset\positive_all\piper_batch_C\906.wav,TTS,300,0.99609375,1
E:\SIH\ira-wakeword\dataset\positive_all\piper_batch_C\906.wav,TTS,400,0.99609375,1
E:\SIH\ira-wakeword\dataset\positive_all\piper_batch_C\906.wav,TTS,500,0.99609375,1
E:\SIH\ira-wakeword\dataset\positive_all\piper_batch_C\906.wav,TTS,600,0.99609375,1
E:\SIH\ira-wakeword\dataset\positive_all\piper_batch_C\91.wav,TTS,0,0.99609375,1
E:\SIH\ira-wakeword\dataset\positive_all\piper_batch_C\91.wav,TTS,100,0.99609375,1
E:\SIH\ira-wakeword\dataset\positive_all\piper_batch_C\91.wav,TTS,200,0.99609375,1
E:\SIH\ira-wakeword\dataset\positive_all\piper_batch_C\91.wav,TTS,300,0.99609375,1
E:\SIH\ira-wakeword\dataset\positive_all\piper_batch_C\91.wav,TTS,400,0.99609375,1
E:\SIH\ira-wakeword\dataset\positive_all\piper_batch_C\91.wav,TTS,500,0.99609375,1
E:\SIH\ira-wakeword\dataset\positive_all\piper_batch_C\91.wav,TTS,600,0.99609375,1
E:\SIH\ira-wakeword\dataset\positive_all\piper_batch_C\913.wav,TTS,0,0.99609375,1
E:\SIH\ira-wakeword\dataset\positive_all\piper_batch_C\913.wav,TTS,100,0.99609375,1
E:\SIH\ira-wakeword\dataset\positive_all\piper_batch_C\913.wav,TTS,200,0.99609375,1
E:\SIH\ira-wakeword\dataset\positive_all\piper_batch_C\913.wav,TTS,300,0.99609375,1
E:\SIH\ira-wakeword\dataset\positive_all\piper_batch_C\913.wav,TTS,400,0.99609375,1
E:\SIH\ira-wakeword\dataset\positive_all\piper_batch_C\913.wav,TTS,500,0.99609375,1
E:\SIH\ira-wakeword\dataset\positive_all\piper_batch_C\913.wav,TTS,600,0.99609375,1
E:\SIH\ira-wakeword\dataset\positive_all\piper_batch_C\917.wav,TTS,0,0.99609375,1
E:\SIH\ira-wakeword\dataset\positive_all\piper_batch_C\917.wav,TTS,100,0.99609375,1
E:\SIH\ira-wakeword\dataset\positive_all\piper_batch_C\917.wav,TTS,200,0.99609375,1
E:\SIH\ira-wakeword\dataset\positive_all\piper_batch_C\917.wav,TTS,300,0.99609375,1
E:\SIH\ira-wakeword\dataset\positive_all\piper_batch_C\917.wav,TTS,400,0.99609375,1
E:\SIH\ira-wakeword\dataset\positive_all\piper_batch_C\917.wav,TTS,500,0.99609375,1
E:\SIH\ira-wakeword\dataset\positive_all\piper_batch_C\917.wav,TTS,600,0.99609375,1
E:\SIH\ira-wakeword\dataset\positive_all\piper_batch_C\924.wav,TTS,0,0.99609375,1
E:\SIH\ira-wakeword\dataset\positive_all\piper_batch_C\924.wav,TTS,100,0.99609375,1
E:\SIH\ira-wakeword\dataset\positive_all\piper_batch_C\924.wav,TTS,200,0.99609375,1
E:\SIH\ira-wakeword\dataset\positive_all\piper_batch_C\924.wav,TTS,300,0.99609375,1
E:\SIH\ira-wakeword\dataset\positive_all\piper_batch_C\924.wav,TTS,400,0.99609375,1
E:\SIH\ira-wakeword\dataset\positive_all\piper_batch_C\924.wav,TTS,500,0.99609375,1
E:\SIH\ira-wakeword\dataset\positive_all\piper_batch_C\927.wav,TTS,0,0.99609375,1
E:\SIH\ira-wakeword\dataset\positive_all\piper_batch_C\927.wav,TTS,100,0.99609375,1
E:\SIH\ira-wakeword\dataset\positive_all\piper_batch_C\927.wav,TTS,200,0.99609375,1
E:\SIH\ira-wakeword\dataset\positive_all\piper_batch_C\927.wav,TTS,300,0.99609375,1
E:\SIH\ira-wakeword\dataset\positive_all\piper_batch_C\927.wav,TTS,400,0.99609375,1
E:\SIH\ira-wakeword\dataset\positive_all\piper_batch_C\927.wav,TTS,500,0.99609375,1
E:\SIH\ira-wakeword\dataset\positive_all\piper_batch_C\928.wav,TTS,0,0.99609375,1
E:\SIH\ira-wakeword\dataset\positive_all\piper_batch_C\928.wav,TTS,100,0.99609375,1
E:\SIH\ira-wakeword\dataset\positive_all\piper_batch_C\928.wav,TTS,200,0.99609375,1
E:\SIH\ira-wakeword\dataset\positive_all\piper_batch_C\928.wav,TTS,300,0.99609375,1
E:\SIH\ira-wakeword\dataset\positive_all\piper_batch_C\928.wav,TTS,400,0.99609375,1
E:\SIH\ira-wakeword\dataset\positive_all\piper_batch_C\928.wav,TTS,500,0.99609375,1
E:\SIH\ira-wakeword\dataset\positive_all\piper_batch_C\928.wav,TTS,600,0.99609375,1
E:\SIH\ira-wakeword\dataset\positive_all\piper_batch_C\94.wav,TTS,0,0.99609375,1
E:\SIH\ira-wakeword\dataset\positive_all\piper_batch_C\94.wav,TTS,100,0.99609375,1
E:\SIH\ira-wakeword\dataset\positive_all\piper_batch_C\94.wav,TTS,200,0.99609375,1
E:\SIH\ira-wakeword\dataset\positive_all\piper_batch_C\94.wav,TTS,300,0.99609375,1
E:\SIH\ira-wakeword\dataset\positive_all\piper_batch_C\94.wav,TTS,400,0.99609375,1
E:\SIH\ira-wakeword\dataset\positive_all\piper_batch_C\94.wav,TTS,500,0.99609375,1
E:\SIH\ira-wakeword\dataset\positive_all\piper_batch_C\944.wav,TTS,0,0.99609375,1
E:\SIH\ira-wakeword\dataset\positive_all\piper_batch_C\944.wav,TTS,100,0.99609375,1
E:\SIH\ira-wakeword\dataset\positive_all\piper_batch_C\944.wav,TTS,200,0.99609375,1
E:\SIH\ira-wakeword\dataset\positive_all\piper_batch_C\944.wav,TTS,300,0.99609375,1
E:\SIH\ira-wakeword\dataset\positive_all\piper_batch_C\944.wav,TTS,400,0.99609375,1
E:\SIH\ira-wakeword\dataset\positive_all\piper_batch_C\944.wav,TTS,500,0.99609375,1
E:\SIH\ira-wakeword\dataset\positive_all\piper_batch_C\953.wav,TTS,0,0.99609375,1
E:\SIH\ira-wakeword\dataset\positive_all\piper_batch_C\953.wav,TTS,100,0.99609375,1
E:\SIH\ira-wakeword\dataset\positive_all\piper_batch_C\953.wav,TTS,200,0.99609375,1
E:\SIH\ira-wakeword\dataset\positive_all\piper_batch_C\953.wav,TTS,300,0.99609375,1
E:\SIH\ira-wakeword\dataset\positive_all\piper_batch_C\953.wav,TTS,400,0.99609375,1
E:\SIH\ira-wakeword\dataset\positive_all\piper_batch_C\953.wav,TTS,500,0.99609375,1
E:\SIH\ira-wakeword\dataset\positive_all\piper_batch_C\955.wav,TTS,0,0.99609375,1
E:\SIH\ira-wakeword\dataset\positive_all\piper_batch_C\955.wav,TTS,100,0.99609375,1
E:\SIH\ira-wakeword\dataset\positive_all\piper_batch_C\955.wav,TTS,200,0.99609375,1
E:\SIH\ira-wakeword\dataset\positive_all\piper_batch_C\955.wav,TTS,300,0.99609375,1
E:\SIH\ira-wakeword\dataset\positive_all\piper_batch_C\955.wav,TTS,400,0.99609375,1
E:\SIH\ira-wakeword\dataset\positive_all\piper_batch_C\955.wav,TTS,500,0.99609375,1
E:\SIH\ira-wakeword\dataset\positive_all\piper_batch_C\955.wav,TTS,600,0.99609375,1
E:\SIH\ira-wakeword\dataset\positive_all\piper_batch_C\978.wav,TTS,0,0.99609375,1
E:\SIH\ira-wakeword\dataset\positive_all\piper_batch_C\978.wav,TTS,100,0.99609375,1
E:\SIH\ira-wakeword\dataset\positive_all\piper_batch_C\978.wav,TTS,200,0.99609375,1
E:\SIH\ira-wakeword\dataset\positive_all\piper_batch_C\978.wav,TTS,300,0.99609375,1
E:\SIH\ira-wakeword\dataset\positive_all\piper_batch_C\978.wav,TTS,400,0.99609375,1
E:\SIH\ira-wakeword\dataset\positive_all\piper_batch_C\978.wav,TTS,500,0.99609375,1
E:\SIH\ira-wakeword\dataset\positive_all\piper_batch_D\1001.wav,TTS,0,0.99609375,1
E:\SIH\ira-wakeword\dataset\positive_all\piper_batch_D\1001.wav,TTS,100,0.99609375,1
E:\SIH\ira-wakeword\dataset\positive_all\piper_batch_D\1001.wav,TTS,200,0.99609375,1
E:\SIH\ira-wakeword\dataset\positive_all\piper_batch_D\1001.wav,TTS,300,0.99609375,1
E:\SIH\ira-wakeword\dataset\positive_all\piper_batch_D\1001.wav,TTS,400,0.99609375,1
E:\SIH\ira-wakeword\dataset\positive_all\piper_batch_D\1001.wav,TTS,500,0.99609375,1
E:\SIH\ira-wakeword\dataset\positive_all\piper_batch_D\1009.wav,TTS,0,0.99609375,1
E:\SIH\ira-wakeword\dataset\positive_all\piper_batch_D\1009.wav,TTS,100,0.99609375,1
E:\SIH\ira-wakeword\dataset\positive_all\piper_batch_D\1009.wav,TTS,200,0.99609375,1
E:\SIH\ira-wakeword\dataset\positive_all\piper_batch_D\1009.wav,TTS,300,0.99609375,1
E:\SIH\ira-wakeword\dataset\positive_all\piper_batch_D\1009.wav,TTS,400,0.99609375,1
E:\SIH\ira-wakeword\dataset\positive_all\piper_batch_D\1009.wav,TTS,500,0.99609375,1
E:\SIH\ira-wakeword\dataset\positive_all\piper_batch_D\1019.wav,TTS,0,0.99609375,1
E:\SIH\ira-wakeword\dataset\positive_all\piper_batch_D\1019.wav,TTS,100,0.99609375,1
E:\SIH\ira-wakeword\dataset\positive_all\piper_batch_D\1019.wav,TTS,200,0.99609375,1
E:\SIH\ira-wakeword\dataset\positive_all\piper_batch_D\1019.wav,TTS,300,0.99609375,1
E:\SIH\ira-wakeword\dataset\positive_all\piper_batch_D\1019.wav,TTS,400,0.99609375,1
E:\SIH\ira-wakeword\dataset\positive_all\piper_batch_D\1019.wav,TTS,500,0.99609375,1
E:\SIH\ira-wakeword\dataset\positive_all\piper_batch_D\1029.wav,TTS,0,0.99609375,1
E:\SIH\ira-wakeword\dataset\positive_all\piper_batch_D\1029.wav,TTS,100,0.99609375,1
E:\SIH\ira-wakeword\dataset\positive_all\piper_batch_D\1029.wav,TTS,200,0.99609375,1
E:\SIH\ira-wakeword\dataset\positive_all\piper_batch_D\1029.wav,TTS,300,0.99609375,1
E:\SIH\ira-wakeword\dataset\positive_all\piper_batch_D\1029.wav,TTS,400,0.99609375,1
E:\SIH\ira-wakeword\dataset\positive_all\piper_batch_D\1029.wav,TTS,500,0.99609375,1
E:\SIH\ira-wakeword\dataset\positive_all\piper_batch_D\1039.wav,TTS,0,0.99609375,1
E:\SIH\ira-wakeword\dataset\positive_all\piper_batch_D\1039.wav,TTS,100,0.99609375,1
E:\SIH\ira-wakeword\dataset\positive_all\piper_batch_D\1039.wav,TTS,200,0.99609375,1
E:\SIH\ira-wakeword\dataset\positive_all\piper_batch_D\1039.wav,TTS,300,0.99609375,1
E:\SIH\ira-wakeword\dataset\positive_all\piper_batch_D\1039.wav,TTS,400,0.99609375,1
E:\SIH\ira-wakeword\dataset\positive_all\piper_batch_D\1039.wav,TTS,500,0.99609375,1
E:\SIH\ira-wakeword\dataset\positive_all\piper_batch_D\1046.wav,TTS,0,0.99609375,1
E:\SIH\ira-wakeword\dataset\positive_all\piper_batch_D\1046.wav,TTS,100,0.99609375,1
E:\SIH\ira-wakeword\dataset\positive_all\piper_batch_D\1046.wav,TTS,200,0.99609375,1
E:\SIH\ira-wakeword\dataset\positive_all\piper_batch_D\1046.wav,TTS,300,0.99609375,1
E:\SIH\ira-wakeword\dataset\positive_all\piper_batch_D\1046.wav,TTS,400,0.99609375,1
E:\SIH\ira-wakeword\dataset\positive_all\piper_batch_D\1046.wav,TTS,500,0.99609375,1
E:\SIH\ira-wakeword\dataset\positive_all\piper_batch_D\105.wav,TTS,0,0.99609375,1
E:\SIH\ira-wakeword\dataset\positive_all\piper_batch_D\105.wav,TTS,100,0.99609375,1
E:\SIH\ira-wakeword\dataset\positive_all\piper_batch_D\105.wav,TTS,200,0.99609375,1
E:\SIH\ira-wakeword\dataset\positive_all\piper_batch_D\105.wav,TTS,300,0.99609375,1
E:\SIH\ira-wakeword\dataset\positive_all\piper_batch_D\105.wav,TTS,400,0.99609375,1
E:\SIH\ira-wakeword\dataset\positive_all\piper_batch_D\105.wav,TTS,500,0.99609375,1
E:\SIH\ira-wakeword\dataset\positive_all\piper_batch_D\105.wav,TTS,600,0.99609375,1
E:\SIH\ira-wakeword\dataset\positive_all\piper_batch_D\1075.wav,TTS,0,0.99609375,1
E:\SIH\ira-wakeword\dataset\positive_all\piper_batch_D\1075.wav,TTS,100,0.99609375,1
E:\SIH\ira-wakeword\dataset\positive_all\piper_batch_D\1075.wav,TTS,200,0.99609375,1
E:\SIH\ira-wakeword\dataset\positive_all\piper_batch_D\1075.wav,TTS,300,0.99609375,1
E:\SIH\ira-wakeword\dataset\positive_all\piper_batch_D\1075.wav,TTS,400,0.99609375,1
E:\SIH\ira-wakeword\dataset\positive_all\piper_batch_D\1075.wav,TTS,500,0.99609375,1
E:\SIH\ira-wakeword\dataset\positive_all\piper_batch_D\1075.wav,TTS,600,0.99609375,1
E:\SIH\ira-wakeword\dataset\positive_all\piper_batch_D\1087.wav,TTS,0,0.99609375,1
E:\SIH\ira-wakeword\dataset\positive_all\piper_batch_D\1087.wav,TTS,100,0.99609375,1
E:\SIH\ira-wakeword\dataset\positive_all\piper_batch_D\1087.wav,TTS,200,0.99609375,1
E:\SIH\ira-wakeword\dataset\positive_all\piper_batch_D\1087.wav,TTS,300,0.99609375,1
E:\SIH\ira-wakeword\dataset\positive_all\piper_batch_D\1087.wav,TTS,400,0.99609375,1
E:\SIH\ira-wakeword\dataset\positive_all\piper_batch_D\1087.wav,TTS,500,0.99609375,1
E:\SIH\ira-wakeword\dataset\positive_all\piper_batch_D\1095.wav,TTS,0,0.99609375,1
E:\SIH\ira-wakeword\dataset\positive_all\piper_batch_D\1095.wav,TTS,100,0.99609375,1
E:\SIH\ira-wakeword\dataset\positive_all\piper_batch_D\1095.wav,TTS,200,0.99609375,1
E:\SIH\ira-wakeword\dataset\positive_all\piper_batch_D\1095.wav,TTS,300,0.99609375,1
E:\SIH\ira-wakeword\dataset\positive_all\piper_batch_D\1095.wav,TTS,400,0.99609375,1
E:\SIH\ira-wakeword\dataset\positive_all\piper_batch_D\1095.wav,TTS,500,0.99609375,1
E:\SIH\ira-wakeword\dataset\positive_all\piper_batch_D\1099.wav,TTS,0,0.99609375,1
E:\SIH\ira-wakeword\dataset\positive_all\piper_batch_D\1099.wav,TTS,100,0.99609375,1
E:\SIH\ira-wakeword\dataset\positive_all\piper_batch_D\1099.wav,TTS,200,0.99609375,1
E:\SIH\ira-wakeword\dataset\positive_all\piper_batch_D\1099.wav,TTS,300,0.99609375,1
E:\SIH\ira-wakeword\dataset\positive_all\piper_batch_D\1099.wav,TTS,400,0.99609375,1
E:\SIH\ira-wakeword\dataset\positive_all\piper_batch_D\1099.wav,TTS,500,0.99609375,1
E:\SIH\ira-wakeword\dataset\positive_all\piper_batch_D\1099.wav,TTS,600,0.99609375,1
E:\SIH\ira-wakeword\dataset\positive_all\piper_batch_D\110.wav,TTS,0,0.99609375,1
E:\SIH\ira-wakeword\dataset\positive_all\piper_batch_D\110.wav,TTS,100,0.99609375,1
E:\SIH\ira-wakeword\dataset\positive_all\piper_batch_D\110.wav,TTS,200,0.99609375,1
E:\SIH\ira-wakeword\dataset\positive_all\piper_batch_D\110.wav,TTS,300,0.99609375,1
E:\SIH\ira-wakeword\dataset\positive_all\piper_batch_D\110.wav,TTS,400,0.99609375,1
E:\SIH\ira-wakeword\dataset\positive_all\piper_batch_D\110.wav,TTS,500,0.99609375,1
E:\SIH\ira-wakeword\dataset\positive_all\piper_batch_D\110.wav,TTS,600,0.99609375,1
E:\SIH\ira-wakeword\dataset\positive_all\piper_batch_D\1104.wav,TTS,0,0.99609375,1
E:\SIH\ira-wakeword\dataset\positive_all\piper_batch_D\1104.wav,TTS,100,0.99609375,1
E:\SIH\ira-wakeword\dataset\positive_all\piper_batch_D\1104.wav,TTS,200,0.99609375,1
E:\SIH\ira-wakeword\dataset\positive_all\piper_batch_D\1104.wav,TTS,300,0.99609375,1
E:\SIH\ira-wakeword\dataset\positive_all\piper_batch_D\1104.wav,TTS,400,0.99609375,1
E:\SIH\ira-wakeword\dataset\positive_all\piper_batch_D\1104.wav,TTS,500,0.99609375,1
E:\SIH\ira-wakeword\dataset\positive_all\piper_batch_D\1119.wav,TTS,0,0.99609375,1
E:\SIH\ira-wakeword\dataset\positive_all\piper_batch_D\1119.wav,TTS,100,0.99609375,1
E:\SIH\ira-wakeword\dataset\positive_all\piper_batch_D\1119.wav,TTS,200,0.99609375,1
E:\SIH\ira-wakeword\dataset\positive_all\piper_batch_D\1119.wav,TTS,300,0.99609375,1
E:\SIH\ira-wakeword\dataset\positive_all\piper_batch_D\1119.wav,TTS,400,0.99609375,1
E:\SIH\ira-wakeword\dataset\positive_all\piper_batch_D\112.wav,TTS,0,0.99609375,1
E:\SIH\ira-wakeword\dataset\positive_all\piper_batch_D\112.wav,TTS,100,0.99609375,1
E:\SIH\ira-wakeword\dataset\positive_all\piper_batch_D\112.wav,TTS,200,0.99609375,1
E:\SIH\ira-wakeword\dataset\positive_all\piper_batch_D\112.wav,TTS,300,0.99609375,1
E:\SIH\ira-wakeword\dataset\positive_all\piper_batch_D\112.wav,TTS,400,0.99609375,1
E:\SIH\ira-wakeword\dataset\positive_all\piper_batch_D\112.wav,TTS,500,0.99609375,1
E:\SIH\ira-wakeword\dataset\positive_all\piper_batch_D\112.wav,TTS,600,0.99609375,1
E:\SIH\ira-wakeword\dataset\positive_all\piper_batch_D\1139.wav,TTS,0,0.99609375,1
E:\SIH\ira-wakeword\dataset\positive_all\piper_batch_D\1139.wav,TTS,100,0.99609375,1
E:\SIH\ira-wakeword\dataset\positive_all\piper_batch_D\1139.wav,TTS,200,0.99609375,1
E:\SIH\ira-wakeword\dataset\positive_all\piper_batch_D\1139.wav,TTS,300,0.99609375,1
E:\SIH\ira-wakeword\dataset\positive_all\piper_batch_D\1139.wav,TTS,400,0.99609375,1
E:\SIH\ira-wakeword\dataset\positive_all\piper_batch_D\1151.wav,TTS,0,0.99609375,1
E:\SIH\ira-wakeword\dataset\positive_all\piper_batch_D\1151.wav,TTS,100,0.99609375,1
E:\SIH\ira-wakeword\dataset\positive_all\piper_batch_D\1151.wav,TTS,200,0.99609375,1
E:\SIH\ira-wakeword\dataset\positive_all\piper_batch_D\1151.wav,TTS,300,0.99609375,1
E:\SIH\ira-wakeword\dataset\positive_all\piper_batch_D\1151.wav,TTS,400,0.99609375,1
E:\SIH\ira-wakeword\dataset\positive_all\piper_batch_D\1156.wav,TTS,0,0.99609375,1
E:\SIH\ira-wakeword\dataset\positive_all\piper_batch_D\1156.wav,TTS,100,0.99609375,1
E:\SIH\ira-wakeword\dataset\positive_all\piper_batch_D\1156.wav,TTS,200,0.99609375,1
E:\SIH\ira-wakeword\dataset\positive_all\piper_batch_D\1156.wav,TTS,300,0.99609375,1
E:\SIH\ira-wakeword\dataset\positive_all\piper_batch_D\1156.wav,TTS,400,0.99609375,1
E:\SIH\ira-wakeword\dataset\positive_all\piper_batch_D\1156.wav,TTS,500,0.99609375,1
E:\SIH\ira-wakeword\dataset\positive_all\piper_batch_D\1156.wav,TTS,600,0.99609375,1
E:\SIH\ira-wakeword\dataset\positive_all\piper_batch_D\1158.wav,TTS,0,0.99609375,1
E:\SIH\ira-wakeword\dataset\positive_all\piper_batch_D\1158.wav,TTS,100,0.99609375,1
E:\SIH\ira-wakeword\dataset\positive_all\piper_batch_D\1158.wav,TTS,200,0.99609375,1
E:\SIH\ira-wakeword\dataset\positive_all\piper_batch_D\1158.wav,TTS,300,0.99609375,1
E:\SIH\ira-wakeword\dataset\positive_all\piper_batch_D\1158.wav,TTS,400,0.99609375,1
E:\SIH\ira-wakeword\dataset\positive_all\piper_batch_D\1158.wav,TTS,500,0.99609375,1
E:\SIH\ira-wakeword\dataset\positive_all\piper_batch_D\1158.wav,TTS,600,0.99609375,1
E:\SIH\ira-wakeword\dataset\positive_all\piper_batch_D\1159.wav,TTS,0,0.99609375,1
E:\SIH\ira-wakeword\dataset\positive_all\piper_batch_D\1159.wav,TTS,100,0.99609375,1
E:\SIH\ira-wakeword\dataset\positive_all\piper_batch_D\1159.wav,TTS,200,0.99609375,1
E:\SIH\ira-wakeword\dataset\positive_all\piper_batch_D\1159.wav,TTS,300,0.99609375,1
E:\SIH\ira-wakeword\dataset\positive_all\piper_batch_D\1159.wav,TTS,400,0.99609375,1
E:\SIH\ira-wakeword\dataset\positive_all\piper_batch_D\1159.wav,TTS,500,0.99609375,1
E:\SIH\ira-wakeword\dataset\positive_all\piper_batch_D\1160.wav,TTS,0,0.99609375,1
E:\SIH\ira-wakeword\dataset\positive_all\piper_batch_D\1160.wav,TTS,100,0.99609375,1
E:\SIH\ira-wakeword\dataset\positive_all\piper_batch_D\1160.wav,TTS,200,0.99609375,1
E:\SIH\ira-wakeword\dataset\positive_all\piper_batch_D\1160.wav,TTS,300,0.99609375,1
E:\SIH\ira-wakeword\dataset\positive_all\piper_batch_D\1160.wav,TTS,400,0.99609375,1
E:\SIH\ira-wakeword\dataset\positive_all\piper_batch_D\1160.wav,TTS,500,0.99609375,1
E:\SIH\ira-wakeword\dataset\positive_all\piper_batch_D\1160.wav,TTS,600,0.99609375,1
E:\SIH\ira-wakeword\dataset\positive_all\piper_batch_D\1168.wav,TTS,0,0.99609375,1
E:\SIH\ira-wakeword\dataset\positive_all\piper_batch_D\1168.wav,TTS,100,0.99609375,1
E:\SIH\ira-wakeword\dataset\positive_all\piper_batch_D\1168.wav,TTS,200,0.99609375,1
E:\SIH\ira-wakeword\dataset\positive_all\piper_batch_D\1168.wav,TTS,300,0.99609375,1
E:\SIH\ira-wakeword\dataset\positive_all\piper_batch_D\1168.wav,TTS,400,0.99609375,1
E:\SIH\ira-wakeword\dataset\positive_all\piper_batch_D\1168.wav,TTS,500,0.99609375,1
E:\SIH\ira-wakeword\dataset\positive_all\piper_batch_D\1168.wav,TTS,600,0.99609375,1
E:\SIH\ira-wakeword\dataset\positive_all\piper_batch_D\1217.wav,TTS,0,0.99609375,1
E:\SIH\ira-wakeword\dataset\positive_all\piper_batch_D\1217.wav,TTS,100,0.99609375,1
E:\SIH\ira-wakeword\dataset\positive_all\piper_batch_D\1217.wav,TTS,200,0.99609375,1
E:\SIH\ira-wakeword\dataset\positive_all\piper_batch_D\1217.wav,TTS,300,0.99609375,1
E:\SIH\ira-wakeword\dataset\positive_all\piper_batch_D\1217.wav,TTS,400,0.99609375,1
E:\SIH\ira-wakeword\dataset\positive_all\piper_batch_D\1217.wav,TTS,500,0.99609375,1
E:\SIH\ira-wakeword\dataset\positive_all\piper_batch_D\1217.wav,TTS,600,0.99609375,1
E:\SIH\ira-wakeword\dataset\positive_all\piper_batch_D\1226.wav,TTS,0,0.99609375,1
E:\SIH\ira-wakeword\dataset\positive_all\piper_batch_D\1226.wav,TTS,100,0.99609375,1
E:\SIH\ira-wakeword\dataset\positive_all\piper_batch_D\1226.wav,TTS,200,0.99609375,1
E:\SIH\ira-wakeword\dataset\positive_all\piper_batch_D\1226.wav,TTS,300,0.99609375,1
E:\SIH\ira-wakeword\dataset\positive_all\piper_batch_D\1226.wav,TTS,400,0.99609375,1
E:\SIH\ira-wakeword\dataset\positive_all\piper_batch_D\1226.wav,TTS,500,0.99609375,1
E:\SIH\ira-wakeword\dataset\positive_all\piper_batch_D\1247.wav,TTS,0,0.99609375,1
E:\SIH\ira-wakeword\dataset\positive_all\piper_batch_D\1247.wav,TTS,100,0.99609375,1
E:\SIH\ira-wakeword\dataset\positive_all\piper_batch_D\1247.wav,TTS,200,0.99609375,1
E:\SIH\ira-wakeword\dataset\positive_all\piper_batch_D\1247.wav,TTS,300,0.99609375,1
E:\SIH\ira-wakeword\dataset\positive_all\piper_batch_D\1247.wav,TTS,400,0.99609375,1
E:\SIH\ira-wakeword\dataset\positive_all\piper_batch_D\1247.wav,TTS,500,0.99609375,1
E:\SIH\ira-wakeword\dataset\positive_all\piper_batch_D\1247.wav,TTS,600,0.99609375,1
E:\SIH\ira-wakeword\dataset\positive_all\piper_batch_D\125.wav,TTS,0,0.99609375,1
E:\SIH\ira-wakeword\dataset\positive_all\piper_batch_D\125.wav,TTS,100,0.99609375,1
E:\SIH\ira-wakeword\dataset\positive_all\piper_batch_D\125.wav,TTS,200,0.99609375,1
E:\SIH\ira-wakeword\dataset\positive_all\piper_batch_D\125.wav,TTS,300,0.99609375,1
E:\SIH\ira-wakeword\dataset\positive_all\piper_batch_D\125.wav,TTS,400,0.99609375,1
E:\SIH\ira-wakeword\dataset\positive_all\piper_batch_D\125.wav,TTS,500,0.99609375,1
E:\SIH\ira-wakeword\dataset\positive_all\piper_batch_D\1254.wav,TTS,0,0.99609375,1
E:\SIH\ira-wakeword\dataset\positive_all\piper_batch_D\1254.wav,TTS,100,0.99609375,1
E:\SIH\ira-wakeword\dataset\positive_all\piper_batch_D\1254.wav,TTS,200,0.99609375,1
E:\SIH\ira-wakeword\dataset\positive_all\piper_batch_D\1254.wav,TTS,300,0.99609375,1
E:\SIH\ira-wakeword\dataset\positive_all\piper_batch_D\1254.wav,TTS,400,0.99609375,1
E:\SIH\ira-wakeword\dataset\positive_all\piper_batch_D\1254.wav,TTS,500,0.99609375,1
E:\SIH\ira-wakeword\dataset\positive_all\piper_batch_D\1262.wav,TTS,0,0.99609375,1
E:\SIH\ira-wakeword\dataset\positive_all\piper_batch_D\1262.wav,TTS,100,0.99609375,1
E:\SIH\ira-wakeword\dataset\positive_all\piper_batch_D\1262.wav,TTS,200,0.99609375,1
E:\SIH\ira-wakeword\dataset\positive_all\piper_batch_D\1262.wav,TTS,300,0.99609375,1
E:\SIH\ira-wakeword\dataset\positive_all\piper_batch_D\1262.wav,TTS,400,0.99609375,1
E:\SIH\ira-wakeword\dataset\positive_all\piper_batch_D\1262.wav,TTS,500,0.99609375,1
E:\SIH\ira-wakeword\dataset\positive_all\piper_batch_D\1262.wav,TTS,600,0.99609375,1
E:\SIH\ira-wakeword\dataset\positive_all\piper_batch_D\1267.wav,TTS,0,0.99609375,1
E:\SIH\ira-wakeword\dataset\positive_all\piper_batch_D\1267.wav,TTS,100,0.99609375,1
E:\SIH\ira-wakeword\dataset\positive_all\piper_batch_D\1267.wav,TTS,200,0.99609375,1
E:\SIH\ira-wakeword\dataset\positive_all\piper_batch_D\1267.wav,TTS,300,0.99609375,1
E:\SIH\ira-wakeword\dataset\positive_all\piper_batch_D\1267.wav,TTS,400,0.99609375,1
E:\SIH\ira-wakeword\dataset\positive_all\piper_batch_D\1267.wav,TTS,500,0.99609375,1
E:\SIH\ira-wakeword\dataset\positive_all\piper_batch_D\127.wav,TTS,0,0.99609375,1
E:\SIH\ira-wakeword\dataset\positive_all\piper_batch_D\127.wav,TTS,100,0.99609375,1
E:\SIH\ira-wakeword\dataset\positive_all\piper_batch_D\127.wav,TTS,200,0.99609375,1
E:\SIH\ira-wakeword\dataset\positive_all\piper_batch_D\127.wav,TTS,300,0.99609375,1
E:\SIH\ira-wakeword\dataset\positive_all\piper_batch_D\127.wav,TTS,400,0.99609375,1
E:\SIH\ira-wakeword\dataset\positive_all\piper_batch_D\127.wav,TTS,500,0.99609375,1
E:\SIH\ira-wakeword\dataset\positive_all\piper_batch_D\1281.wav,TTS,0,0.99609375,1
E:\SIH\ira-wakeword\dataset\positive_all\piper_batch_D\1281.wav,TTS,100,0.99609375,1
E:\SIH\ira-wakeword\dataset\positive_all\piper_batch_D\1281.wav,TTS,200,0.99609375,1
E:\SIH\ira-wakeword\dataset\positive_all\piper_batch_D\1281.wav,TTS,300,0.99609375,1
E:\SIH\ira-wakeword\dataset\positive_all\piper_batch_D\1281.wav,TTS,400,0.99609375,1
E:\SIH\ira-wakeword\dataset\positive_all\piper_batch_D\1281.wav,TTS,500,0.99609375,1
E:\SIH\ira-wakeword\dataset\positive_all\piper_batch_D\1281.wav,TTS,600,0.99609375,1
E:\SIH\ira-wakeword\dataset\positive_all\piper_batch_D\1298.wav,TTS,0,0.99609375,1
E:\SIH\ira-wakeword\dataset\positive_all\piper_batch_D\1298.wav,TTS,100,0.99609375,1
E:\SIH\ira-wakeword\dataset\positive_all\piper_batch_D\1298.wav,TTS,200,0.99609375,1
E:\SIH\ira-wakeword\dataset\positive_all\piper_batch_D\1298.wav,TTS,300,0.99609375,1
E:\SIH\ira-wakeword\dataset\positive_all\piper_batch_D\1298.wav,TTS,400,0.99609375,1
E:\SIH\ira-wakeword\dataset\positive_all\piper_batch_D\1298.wav,TTS,500,0.99609375,1
E:\SIH\ira-wakeword\dataset\positive_all\piper_batch_D\1298.wav,TTS,600,0.99609375,1
E:\SIH\ira-wakeword\dataset\positive_all\piper_batch_D\1299.wav,TTS,0,0.99609375,1
E:\SIH\ira-wakeword\dataset\positive_all\piper_batch_D\1299.wav,TTS,100,0.99609375,1
E:\SIH\ira-wakeword\dataset\positive_all\piper_batch_D\1299.wav,TTS,200,0.99609375,1
E:\SIH\ira-wakeword\dataset\positive_all\piper_batch_D\1299.wav,TTS,300,0.99609375,1
E:\SIH\ira-wakeword\dataset\positive_all\piper_batch_D\1299.wav,TTS,400,0.99609375,1
E:\SIH\ira-wakeword\dataset\positive_all\piper_batch_D\1299.wav,TTS,500,0.99609375,1
E:\SIH\ira-wakeword\dataset\positive_all\piper_batch_D\1299.wav,TTS,600,0.99609375,1
E:\SIH\ira-wakeword\dataset\positive_all\piper_batch_D\13.wav,TTS,0,0.99609375,1
E:\SIH\ira-wakeword\dataset\positive_all\piper_batch_D\13.wav,TTS,100,0.99609375,1
E:\SIH\ira-wakeword\dataset\positive_all\piper_batch_D\13.wav,TTS,200,0.99609375,1
E:\SIH\ira-wakeword\dataset\positive_all\piper_batch_D\13.wav,TTS,300,0.99609375,1
E:\SIH\ira-wakeword\dataset\positive_all\piper_batch_D\13.wav,TTS,400,0.99609375,1
E:\SIH\ira-wakeword\dataset\positive_all\piper_batch_D\13.wav,TTS,500,0.99609375,1
E:\SIH\ira-wakeword\dataset\positive_all\piper_batch_D\13.wav,TTS,600,0.99609375,1
E:\SIH\ira-wakeword\dataset\positive_all\piper_batch_D\132.wav,TTS,0,0.99609375,1
E:\SIH\ira-wakeword\dataset\positive_all\piper_batch_D\132.wav,TTS,100,0.99609375,1
E:\SIH\ira-wakeword\dataset\positive_all\piper_batch_D\132.wav,TTS,200,0.99609375,1
E:\SIH\ira-wakeword\dataset\positive_all\piper_batch_D\132.wav,TTS,300,0.99609375,1
E:\SIH\ira-wakeword\dataset\positive_all\piper_batch_D\132.wav,TTS,400,0.99609375,1
E:\SIH\ira-wakeword\dataset\positive_all\piper_batch_D\132.wav,TTS,500,0.99609375,1
E:\SIH\ira-wakeword\dataset\positive_all\piper_batch_D\132.wav,TTS,600,0.99609375,1
E:\SIH\ira-wakeword\dataset\positive_all\piper_batch_D\1328.wav,TTS,0,0.99609375,1
E:\SIH\ira-wakeword\dataset\positive_all\piper_batch_D\1328.wav,TTS,100,0.99609375,1
E:\SIH\ira-wakeword\dataset\positive_all\piper_batch_D\1328.wav,TTS,200,0.99609375,1
E:\SIH\ira-wakeword\dataset\positive_all\piper_batch_D\1328.wav,TTS,300,0.99609375,1
E:\SIH\ira-wakeword\dataset\positive_all\piper_batch_D\1328.wav,TTS,400,0.99609375,1
E:\SIH\ira-wakeword\dataset\positive_all\piper_batch_D\1328.wav,TTS,500,0.99609375,1
E:\SIH\ira-wakeword\dataset\positive_all\piper_batch_D\1335.wav,TTS,0,0.99609375,1
E:\SIH\ira-wakeword\dataset\positive_all\piper_batch_D\1335.wav,TTS,100,0.99609375,1
E:\SIH\ira-wakeword\dataset\positive_all\piper_batch_D\1335.wav,TTS,200,0.99609375,1
E:\SIH\ira-wakeword\dataset\positive_all\piper_batch_D\1335.wav,TTS,300,0.99609375,1
E:\SIH\ira-wakeword\dataset\positive_all\piper_batch_D\1335.wav,TTS,400,0.99609375,1
E:\SIH\ira-wakeword\dataset\positive_all\piper_batch_D\1335.wav,TTS,500,0.99609375,1
E:\SIH\ira-wakeword\dataset\positive_all\piper_batch_D\1335.wav,TTS,600,0.99609375,1
E:\SIH\ira-wakeword\dataset\positive_all\piper_batch_D\134.wav,TTS,0,0.99609375,1
E:\SIH\ira-wakeword\dataset\positive_all\piper_batch_D\134.wav,TTS,100,0.99609375,1
E:\SIH\ira-wakeword\dataset\positive_all\piper_batch_D\134.wav,TTS,200,0.99609375,1
E:\SIH\ira-wakeword\dataset\positive_all\piper_batch_D\134.wav,TTS,300,0.99609375,1
E:\SIH\ira-wakeword\dataset\positive_all\piper_batch_D\134.wav,TTS,400,0.99609375,1
E:\SIH\ira-wakeword\dataset\positive_all\piper_batch_D\134.wav,TTS,500,0.99609375,1
E:\SIH\ira-wakeword\dataset\positive_all\piper_batch_D\134.wav,TTS,600,0.99609375,1
E:\SIH\ira-wakeword\dataset\positive_all\piper_batch_D\1354.wav,TTS,0,0.99609375,1
E:\SIH\ira-wakeword\dataset\positive_all\piper_batch_D\1354.wav,TTS,100,0.99609375,1
E:\SIH\ira-wakeword\dataset\positive_all\piper_batch_D\1354.wav,TTS,200,0.99609375,1
E:\SIH\ira-wakeword\dataset\positive_all\piper_batch_D\1354.wav,TTS,300,0.99609375,1
E:\SIH\ira-wakeword\dataset\positive_all\piper_batch_D\1354.wav,TTS,400,0.99609375,1
E:\SIH\ira-wakeword\dataset\positive_all\piper_batch_D\1354.wav,TTS,500,0.99609375,1
E:\SIH\ira-wakeword\dataset\positive_all\piper_batch_D\1356.wav,TTS,0,0.99609375,1
E:\SIH\ira-wakeword\dataset\positive_all\piper_batch_D\1356.wav,TTS,100,0.99609375,1
E:\SIH\ira-wakeword\dataset\positive_all\piper_batch_D\1356.wav,TTS,200,0.99609375,1
E:\SIH\ira-wakeword\dataset\positive_all\piper_batch_D\1356.wav,TTS,300,0.99609375,1
E:\SIH\ira-wakeword\dataset\positive_all\piper_batch_D\1356.wav,TTS,400,0.99609375,1
E:\SIH\ira-wakeword\dataset\positive_all\piper_batch_D\1356.wav,TTS,500,0.99609375,1
E:\SIH\ira-wakeword\dataset\positive_all\piper_batch_D\1357.wav,TTS,0,0.99609375,1
E:\SIH\ira-wakeword\dataset\positive_all\piper_batch_D\1357.wav,TTS,100,0.99609375,1
E:\SIH\ira-wakeword\dataset\positive_all\piper_batch_D\1357.wav,TTS,200,0.99609375,1
E:\SIH\ira-wakeword\dataset\positive_all\piper_batch_D\1357.wav,TTS,300,0.99609375,1
E:\SIH\ira-wakeword\dataset\positive_all\piper_batch_D\1357.wav,TTS,400,0.99609375,1
E:\SIH\ira-wakeword\dataset\positive_all\piper_batch_D\1357.wav,TTS,500,0.99609375,1
E:\SIH\ira-wakeword\dataset\positive_all\piper_batch_D\1358.wav,TTS,0,0.99609375,1
E:\SIH\ira-wakeword\dataset\positive_all\piper_batch_D\1358.wav,TTS,100,0.99609375,1
E:\SIH\ira-wakeword\dataset\positive_all\piper_batch_D\1358.wav,TTS,200,0.99609375,1
E:\SIH\ira-wakeword\dataset\positive_all\piper_batch_D\1358.wav,TTS,300,0.99609375,1
E:\SIH\ira-wakeword\dataset\positive_all\piper_batch_D\1358.wav,TTS,400,0.99609375,1
E:\SIH\ira-wakeword\dataset\positive_all\piper_batch_D\1358.wav,TTS,500,0.99609375,1
E:\SIH\ira-wakeword\dataset\positive_all\piper_batch_D\1358.wav,TTS,600,0.99609375,1
E:\SIH\ira-wakeword\dataset\positive_all\piper_batch_D\1365.wav,TTS,0,0.99609375,1
E:\SIH\ira-wakeword\dataset\positive_all\piper_batch_D\1365.wav,TTS,100,0.99609375,1
E:\SIH\ira-wakeword\dataset\positive_all\piper_batch_D\1365.wav,TTS,200,0.99609375,1
E:\SIH\ira-wakeword\dataset\positive_all\piper_batch_D\1365.wav,TTS,300,0.99609375,1
E:\SIH\ira-wakeword\dataset\positive_all\piper_batch_D\1365.wav,TTS,400,0.99609375,1
E:\SIH\ira-wakeword\dataset\positive_all\piper_batch_D\1365.wav,TTS,500,0.99609375,1
E:\SIH\ira-wakeword\dataset\positive_all\piper_batch_D\1365.wav,TTS,600,0.99609375,1
E:\SIH\ira-wakeword\dataset\positive_all\piper_batch_D\1380.wav,TTS,0,0.99609375,1
E:\SIH\ira-wakeword\dataset\positive_all\piper_batch_D\1380.wav,TTS,100,0.99609375,1
E:\SIH\ira-wakeword\dataset\positive_all\piper_batch_D\1380.wav,TTS,200,0.99609375,1
E:\SIH\ira-wakeword\dataset\positive_all\piper_batch_D\1380.wav,TTS,300,0.99609375,1
E:\SIH\ira-wakeword\dataset\positive_all\piper_batch_D\1380.wav,TTS,400,0.99609375,1
E:\SIH\ira-wakeword\dataset\positive_all\piper_batch_D\1380.wav,TTS,500,0.99609375,1
E:\SIH\ira-wakeword\dataset\positive_all\piper_batch_D\1380.wav,TTS,600,0.99609375,1
E:\SIH\ira-wakeword\dataset\positive_all\piper_batch_D\1395.wav,TTS,0,0.99609375,1
E:\SIH\ira-wakeword\dataset\positive_all\piper_batch_D\1395.wav,TTS,100,0.99609375,1
E:\SIH\ira-wakeword\dataset\positive_all\piper_batch_D\1395.wav,TTS,200,0.99609375,1
E:\SIH\ira-wakeword\dataset\positive_all\piper_batch_D\1395.wav,TTS,300,0.99609375,1
E:\SIH\ira-wakeword\dataset\positive_all\piper_batch_D\1395.wav,TTS,400,0.99609375,1
E:\SIH\ira-wakeword\dataset\positive_all\piper_batch_D\1395.wav,TTS,500,0.99609375,1
E:\SIH\ira-wakeword\dataset\positive_all\piper_batch_D\1395.wav,TTS,600,0.99609375,1
E:\SIH\ira-wakeword\dataset\positive_all\piper_batch_D\1406.wav,TTS,0,0.99609375,1
E:\SIH\ira-wakeword\dataset\positive_all\piper_batch_D\1406.wav,TTS,100,0.99609375,1
E:\SIH\ira-wakeword\dataset\positive_all\piper_batch_D\1406.wav,TTS,200,0.99609375,1
E:\SIH\ira-wakeword\dataset\positive_all\piper_batch_D\1406.wav,TTS,300,0.99609375,1
E:\SIH\ira-wakeword\dataset\positive_all\piper_batch_D\1406.wav,TTS,400,0.99609375,1
E:\SIH\ira-wakeword\dataset\positive_all\piper_batch_D\1406.wav,TTS,500,0.99609375,1
E:\SIH\ira-wakeword\dataset\positive_all\piper_batch_D\1410.wav,TTS,0,0.99609375,1
E:\SIH\ira-wakeword\dataset\positive_all\piper_batch_D\1410.wav,TTS,100,0.99609375,1
E:\SIH\ira-wakeword\dataset\positive_all\piper_batch_D\1410.wav,TTS,200,0.99609375,1
E:\SIH\ira-wakeword\dataset\positive_all\piper_batch_D\1410.wav,TTS,300,0.99609375,1
E:\SIH\ira-wakeword\dataset\positive_all\piper_batch_D\1410.wav,TTS,400,0.99609375,1
E:\SIH\ira-wakeword\dataset\positive_all\piper_batch_D\1410.wav,TTS,500,0.99609375,1
E:\SIH\ira-wakeword\dataset\positive_all\piper_batch_D\1449.wav,TTS,0,0.99609375,1
E:\SIH\ira-wakeword\dataset\positive_all\piper_batch_D\1449.wav,TTS,100,0.99609375,1
E:\SIH\ira-wakeword\dataset\positive_all\piper_batch_D\1449.wav,TTS,200,0.99609375,1
E:\SIH\ira-wakeword\dataset\positive_all\piper_batch_D\1449.wav,TTS,300,0.99609375,1
E:\SIH\ira-wakeword\dataset\positive_all\piper_batch_D\1449.wav,TTS,400,0.99609375,1
E:\SIH\ira-wakeword\dataset\positive_all\piper_batch_D\1449.wav,TTS,500,0.99609375,1
E:\SIH\ira-wakeword\dataset\positive_all\piper_batch_D\1449.wav,TTS,600,0.99609375,1
E:\SIH\ira-wakeword\dataset\positive_all\piper_batch_D\1473.wav,TTS,0,0.99609375,1
E:\SIH\ira-wakeword\dataset\positive_all\piper_batch_D\1473.wav,TTS,100,0.99609375,1
E:\SIH\ira-wakeword\dataset\positive_all\piper_batch_D\1473.wav,TTS,200,0.99609375,1
E:\SIH\ira-wakeword\dataset\positive_all\piper_batch_D\1473.wav,TTS,300,0.99609375,1
E:\SIH\ira-wakeword\dataset\positive_all\piper_batch_D\1473.wav,TTS,400,0.99609375,1
E:\SIH\ira-wakeword\dataset\positive_all\piper_batch_D\1473.wav,TTS,500,0.99609375,1
E:\SIH\ira-wakeword\dataset\positive_all\piper_batch_D\1473.wav,TTS,600,0.99609375,1
E:\SIH\ira-wakeword\dataset\positive_all\piper_batch_D\1476.wav,TTS,0,0.99609375,1
E:\SIH\ira-wakeword\dataset\positive_all\piper_batch_D\1476.wav,TTS,100,0.99609375,1
E:\SIH\ira-wakeword\dataset\positive_all\piper_batch_D\1476.wav,TTS,200,0.99609375,1
E:\SIH\ira-wakeword\dataset\positive_all\piper_batch_D\1476.wav,TTS,300,0.99609375,1
E:\SIH\ira-wakeword\dataset\positive_all\piper_batch_D\1476.wav,TTS,400,0.99609375,1
E:\SIH\ira-wakeword\dataset\positive_all\piper_batch_D\1476.wav,TTS,500,0.99609375,1
E:\SIH\ira-wakeword\dataset\positive_all\piper_batch_D\1481.wav,TTS,0,0.99609375,1
E:\SIH\ira-wakeword\dataset\positive_all\piper_batch_D\1481.wav,TTS,100,0.99609375,1
E:\SIH\ira-wakeword\dataset\positive_all\piper_batch_D\1481.wav,TTS,200,0.99609375,1
E:\SIH\ira-wakeword\dataset\positive_all\piper_batch_D\1481.wav,TTS,300,0.99609375,1
E:\SIH\ira-wakeword\dataset\positive_all\piper_batch_D\1481.wav,TTS,400,0.99609375,1
E:\SIH\ira-wakeword\dataset\positive_all\piper_batch_D\1481.wav,TTS,500,0.99609375,1
E:\SIH\ira-wakeword\dataset\positive_all\piper_batch_D\1481.wav,TTS,600,0.99609375,1
E:\SIH\ira-wakeword\dataset\positive_all\piper_batch_D\150.wav,TTS,0,0.99609375,1
E:\SIH\ira-wakeword\dataset\positive_all\piper_batch_D\150.wav,TTS,100,0.99609375,1
E:\SIH\ira-wakeword\dataset\positive_all\piper_batch_D\150.wav,TTS,200,0.99609375,1
E:\SIH\ira-wakeword\dataset\positive_all\piper_batch_D\150.wav,TTS,300,0.99609375,1
E:\SIH\ira-wakeword\dataset\positive_all\piper_batch_D\150.wav,TTS,400,0.99609375,1
E:\SIH\ira-wakeword\dataset\positive_all\piper_batch_D\150.wav,TTS,500,0.99609375,1
E:\SIH\ira-wakeword\dataset\positive_all\piper_batch_D\1500.wav,TTS,0,0.99609375,1
E:\SIH\ira-wakeword\dataset\positive_all\piper_batch_D\1500.wav,TTS,100,0.99609375,1
E:\SIH\ira-wakeword\dataset\positive_all\piper_batch_D\1500.wav,TTS,200,0.99609375,1
E:\SIH\ira-wakeword\dataset\positive_all\piper_batch_D\1500.wav,TTS,300,0.99609375,1
E:\SIH\ira-wakeword\dataset\positive_all\piper_batch_D\1500.wav,TTS,400,0.99609375,1
E:\SIH\ira-wakeword\dataset\positive_all\piper_batch_D\1500.wav,TTS,500,0.99609375,1
E:\SIH\ira-wakeword\dataset\positive_all\piper_batch_D\1500.wav,TTS,600,0.99609375,1
E:\SIH\ira-wakeword\dataset\positive_all\piper_batch_D\1508.wav,TTS,0,0.99609375,1
E:\SIH\ira-wakeword\dataset\positive_all\piper_batch_D\1508.wav,TTS,100,0.99609375,1
E:\SIH\ira-wakeword\dataset\positive_all\piper_batch_D\1508.wav,TTS,200,0.99609375,1
E:\SIH\ira-wakeword\dataset\positive_all\piper_batch_D\1508.wav,TTS,300,0.99609375,1
E:\SIH\ira-wakeword\dataset\positive_all\piper_batch_D\1508.wav,TTS,400,0.99609375,1
E:\SIH\ira-wakeword\dataset\positive_all\piper_batch_D\1508.wav,TTS,500,0.99609375,1
E:\SIH\ira-wakeword\dataset\positive_all\piper_batch_D\151.wav,TTS,0,0.99609375,1
E:\SIH\ira-wakeword\dataset\positive_all\piper_batch_D\151.wav,TTS,100,0.99609375,1
E:\SIH\ira-wakeword\dataset\positive_all\piper_batch_D\151.wav,TTS,200,0.99609375,1
E:\SIH\ira-wakeword\dataset\positive_all\piper_batch_D\151.wav,TTS,300,0.99609375,1
E:\SIH\ira-wakeword\dataset\positive_all\piper_batch_D\151.wav,TTS,400,0.99609375,1
E:\SIH\ira-wakeword\dataset\positive_all\piper_batch_D\151.wav,TTS,500,0.99609375,1
E:\SIH\ira-wakeword\dataset\positive_all\piper_batch_D\151.wav,TTS,600,0.99609375,1
E:\SIH\ira-wakeword\dataset\positive_all\piper_batch_D\1521.wav,TTS,0,0.99609375,1
E:\SIH\ira-wakeword\dataset\positive_all\piper_batch_D\1521.wav,TTS,100,0.99609375,1
E:\SIH\ira-wakeword\dataset\positive_all\piper_batch_D\1521.wav,TTS,200,0.99609375,1
E:\SIH\ira-wakeword\dataset\positive_all\piper_batch_D\1521.wav,TTS,300,0.99609375,1
E:\SIH\ira-wakeword\dataset\positive_all\piper_batch_D\1521.wav,TTS,400,0.99609375,1
E:\SIH\ira-wakeword\dataset\positive_all\piper_batch_D\1521.wav,TTS,500,0.99609375,1
E:\SIH\ira-wakeword\dataset\positive_all\piper_batch_D\1521.wav,TTS,600,0.99609375,1
E:\SIH\ira-wakeword\dataset\positive_all\piper_batch_D\1528.wav,TTS,0,0.99609375,1
E:\SIH\ira-wakeword\dataset\positive_all\piper_batch_D\1528.wav,TTS,100,0.99609375,1
E:\SIH\ira-wakeword\dataset\positive_all\piper_batch_D\1528.wav,TTS,200,0.99609375,1
E:\SIH\ira-wakeword\dataset\positive_all\piper_batch_D\1528.wav,TTS,300,0.99609375,1
E:\SIH\ira-wakeword\dataset\positive_all\piper_batch_D\1528.wav,TTS,400,0.99609375,1
E:\SIH\ira-wakeword\dataset\positive_all\piper_batch_D\1528.wav,TTS,500,0.99609375,1
E:\SIH\ira-wakeword\dataset\positive_all\piper_batch_D\1528.wav,TTS,600,0.99609375,1
E:\SIH\ira-wakeword\dataset\positive_all\piper_batch_D\153.wav,TTS,0,0.99609375,1
E:\SIH\ira-wakeword\dataset\positive_all\piper_batch_D\153.wav,TTS,100,0.99609375,1
E:\SIH\ira-wakeword\dataset\positive_all\piper_batch_D\153.wav,TTS,200,0.99609375,1
E:\SIH\ira-wakeword\dataset\positive_all\piper_batch_D\153.wav,TTS,300,0.99609375,1
E:\SIH\ira-wakeword\dataset\positive_all\piper_batch_D\153.wav,TTS,400,0.99609375,1
E:\SIH\ira-wakeword\dataset\positive_all\piper_batch_D\153.wav,TTS,500,0.99609375,1
E:\SIH\ira-wakeword\dataset\positive_all\piper_batch_D\153.wav,TTS,600,0.99609375,1
E:\SIH\ira-wakeword\dataset\positive_all\piper_batch_D\1530.wav,TTS,0,0.99609375,1
E:\SIH\ira-wakeword\dataset\positive_all\piper_batch_D\1530.wav,TTS,100,0.99609375,1
E:\SIH\ira-wakeword\dataset\positive_all\piper_batch_D\1530.wav,TTS,200,0.99609375,1
E:\SIH\ira-wakeword\dataset\positive_all\piper_batch_D\1530.wav,TTS,300,0.99609375,1
E:\SIH\ira-wakeword\dataset\positive_all\piper_batch_D\1530.wav,TTS,400,0.99609375,1
E:\SIH\ira-wakeword\dataset\positive_all\piper_batch_D\1530.wav,TTS,500,0.99609375,1
E:\SIH\ira-wakeword\dataset\positive_all\piper_batch_D\1531.wav,TTS,0,0.99609375,1
E:\SIH\ira-wakeword\dataset\positive_all\piper_batch_D\1531.wav,TTS,100,0.99609375,1
E:\SIH\ira-wakeword\dataset\positive_all\piper_batch_D\1531.wav,TTS,200,0.99609375,1
E:\SIH\ira-wakeword\dataset\positive_all\piper_batch_D\1531.wav,TTS,300,0.99609375,1
E:\SIH\ira-wakeword\dataset\positive_all\piper_batch_D\1531.wav,TTS,400,0.99609375,1
E:\SIH\ira-wakeword\dataset\positive_all\piper_batch_D\1531.wav,TTS,500,0.99609375,1
E:\SIH\ira-wakeword\dataset\positive_all\piper_batch_D\1531.wav,TTS,600,0.99609375,1
E:\SIH\ira-wakeword\dataset\positive_all\piper_batch_D\1535.wav,TTS,0,0.99609375,1
E:\SIH\ira-wakeword\dataset\positive_all\piper_batch_D\1535.wav,TTS,100,0.99609375,1
E:\SIH\ira-wakeword\dataset\positive_all\piper_batch_D\1535.wav,TTS,200,0.99609375,1
E:\SIH\ira-wakeword\dataset\positive_all\piper_batch_D\1535.wav,TTS,300,0.99609375,1
E:\SIH\ira-wakeword\dataset\positive_all\piper_batch_D\1535.wav,TTS,400,0.99609375,1
E:\SIH\ira-wakeword\dataset\positive_all\piper_batch_D\1535.wav,TTS,500,0.99609375,1
E:\SIH\ira-wakeword\dataset\positive_all\piper_batch_D\1550.wav,TTS,0,0.99609375,1
E:\SIH\ira-wakeword\dataset\positive_all\piper_batch_D\1550.wav,TTS,100,0.99609375,1
E:\SIH\ira-wakeword\dataset\positive_all\piper_batch_D\1550.wav,TTS,200,0.99609375,1
E:\SIH\ira-wakeword\dataset\positive_all\piper_batch_D\1550.wav,TTS,300,0.99609375,1
E:\SIH\ira-wakeword\dataset\positive_all\piper_batch_D\1550.wav,TTS,400,0.99609375,1
E:\SIH\ira-wakeword\dataset\positive_all\piper_batch_D\1550.wav,TTS,500,0.99609375,1
E:\SIH\ira-wakeword\dataset\positive_all\piper_batch_D\1554.wav,TTS,0,0.99609375,1
E:\SIH\ira-wakeword\dataset\positive_all\piper_batch_D\1554.wav,TTS,100,0.99609375,1
E:\SIH\ira-wakeword\dataset\positive_all\piper_batch_D\1554.wav,TTS,200,0.99609375,1
E:\SIH\ira-wakeword\dataset\positive_all\piper_batch_D\1554.wav,TTS,300,0.99609375,1
E:\SIH\ira-wakeword\dataset\positive_all\piper_batch_D\1554.wav,TTS,400,0.99609375,1
E:\SIH\ira-wakeword\dataset\positive_all\piper_batch_D\1554.wav,TTS,500,0.99609375,1
E:\SIH\ira-wakeword\dataset\positive_all\piper_batch_D\1554.wav,TTS,600,0.99609375,1
E:\SIH\ira-wakeword\dataset\positive_all\piper_batch_D\1557.wav,TTS,0,0.99609375,1
E:\SIH\ira-wakeword\dataset\positive_all\piper_batch_D\1557.wav,TTS,100,0.99609375,1
E:\SIH\ira-wakeword\dataset\positive_all\piper_batch_D\1557.wav,TTS,200,0.99609375,1
E:\SIH\ira-wakeword\dataset\positive_all\piper_batch_D\1557.wav,TTS,300,0.99609375,1
E:\SIH\ira-wakeword\dataset\positive_all\piper_batch_D\1557.wav,TTS,400,0.99609375,1
E:\SIH\ira-wakeword\dataset\positive_all\piper_batch_D\1557.wav,TTS,500,0.99609375,1
E:\SIH\ira-wakeword\dataset\positive_all\piper_batch_D\1558.wav,TTS,0,0.99609375,1
E:\SIH\ira-wakeword\dataset\positive_all\piper_batch_D\1558.wav,TTS,100,0.99609375,1
E:\SIH\ira-wakeword\dataset\positive_all\piper_batch_D\1558.wav,TTS,200,0.99609375,1
E:\SIH\ira-wakeword\dataset\positive_all\piper_batch_D\1558.wav,TTS,300,0.99609375,1
E:\SIH\ira-wakeword\dataset\positive_all\piper_batch_D\1558.wav,TTS,400,0.99609375,1
E:\SIH\ira-wakeword\dataset\positive_all\piper_batch_D\1558.wav,TTS,500,0.99609375,1
E:\SIH\ira-wakeword\dataset\positive_all\piper_batch_D\1565.wav,TTS,0,0.99609375,1
E:\SIH\ira-wakeword\dataset\positive_all\piper_batch_D\1565.wav,TTS,100,0.99609375,1
E:\SIH\ira-wakeword\dataset\positive_all\piper_batch_D\1565.wav,TTS,200,0.99609375,1
E:\SIH\ira-wakeword\dataset\positive_all\piper_batch_D\1565.wav,TTS,300,0.99609375,1
E:\SIH\ira-wakeword\dataset\positive_all\piper_batch_D\1565.wav,TTS,400,0.99609375,1
E:\SIH\ira-wakeword\dataset\positive_all\piper_batch_D\1565.wav,TTS,500,0.99609375,1
E:\SIH\ira-wakeword\dataset\positive_all\piper_batch_D\1565.wav,TTS,600,0.99609375,1
E:\SIH\ira-wakeword\dataset\positive_all\piper_batch_D\1583.wav,TTS,0,0.99609375,1
E:\SIH\ira-wakeword\dataset\positive_all\piper_batch_D\1583.wav,TTS,100,0.99609375,1
E:\SIH\ira-wakeword\dataset\positive_all\piper_batch_D\1583.wav,TTS,200,0.99609375,1
E:\SIH\ira-wakeword\dataset\positive_all\piper_batch_D\1583.wav,TTS,300,0.99609375,1
E:\SIH\ira-wakeword\dataset\positive_all\piper_batch_D\1583.wav,TTS,400,0.99609375,1
E:\SIH\ira-wakeword\dataset\positive_all\piper_batch_D\1583.wav,TTS,500,0.99609375,1
E:\SIH\ira-wakeword\dataset\positive_all\piper_batch_D\1587.wav,TTS,0,0.99609375,1
E:\SIH\ira-wakeword\dataset\positive_all\piper_batch_D\1587.wav,TTS,100,0.99609375,1
E:\SIH\ira-wakeword\dataset\positive_all\piper_batch_D\1587.wav,TTS,200,0.99609375,1
E:\SIH\ira-wakeword\dataset\positive_all\piper_batch_D\1587.wav,TTS,300,0.99609375,1
E:\SIH\ira-wakeword\dataset\positive_all\piper_batch_D\1587.wav,TTS,400,0.99609375,1
E:\SIH\ira-wakeword\dataset\positive_all\piper_batch_D\1587.wav,TTS,500,0.99609375,1
E:\SIH\ira-wakeword\dataset\positive_all\piper_batch_D\1587.wav,TTS,600,0.99609375,1
E:\SIH\ira-wakeword\dataset\positive_all\piper_batch_D\16.wav,TTS,0,0.99609375,1
E:\SIH\ira-wakeword\dataset\positive_all\piper_batch_D\16.wav,TTS,100,0.99609375,1
E:\SIH\ira-wakeword\dataset\positive_all\piper_batch_D\16.wav,TTS,200,0.99609375,1
E:\SIH\ira-wakeword\dataset\positive_all\piper_batch_D\16.wav,TTS,300,0.99609375,1
E:\SIH\ira-wakeword\dataset\positive_all\piper_batch_D\16.wav,TTS,400,0.99609375,1
E:\SIH\ira-wakeword\dataset\positive_all\piper_batch_D\16.wav,TTS,500,0.99609375,1
E:\SIH\ira-wakeword\dataset\positive_all\piper_batch_D\16.wav,TTS,600,0.99609375,1
E:\SIH\ira-wakeword\dataset\positive_all\piper_batch_D\169.wav,TTS,0,0.99609375,1
E:\SIH\ira-wakeword\dataset\positive_all\piper_batch_D\169.wav,TTS,100,0.99609375,1
E:\SIH\ira-wakeword\dataset\positive_all\piper_batch_D\169.wav,TTS,200,0.99609375,1
E:\SIH\ira-wakeword\dataset\positive_all\piper_batch_D\169.wav,TTS,300,0.99609375,1
E:\SIH\ira-wakeword\dataset\positive_all\piper_batch_D\169.wav,TTS,400,0.99609375,1
E:\SIH\ira-wakeword\dataset\positive_all\piper_batch_D\169.wav,TTS,500,0.99609375,1
E:\SIH\ira-wakeword\dataset\positive_all\piper_batch_D\169.wav,TTS,600,0.99609375,1
E:\SIH\ira-wakeword\dataset\positive_all\piper_batch_D\187.wav,TTS,0,0.99609375,1
E:\SIH\ira-wakeword\dataset\positive_all\piper_batch_D\187.wav,TTS,100,0.99609375,1
E:\SIH\ira-wakeword\dataset\positive_all\piper_batch_D\187.wav,TTS,200,0.99609375,1
E:\SIH\ira-wakeword\dataset\positive_all\piper_batch_D\187.wav,TTS,300,0.99609375,1
E:\SIH\ira-wakeword\dataset\positive_all\piper_batch_D\187.wav,TTS,400,0.99609375,1
E:\SIH\ira-wakeword\dataset\positive_all\piper_batch_D\187.wav,TTS,500,0.99609375,1
E:\SIH\ira-wakeword\dataset\positive_all\piper_batch_D\187.wav,TTS,600,0.99609375,1
E:\SIH\ira-wakeword\dataset\positive_all\piper_batch_D\199.wav,TTS,0,0.99609375,1
E:\SIH\ira-wakeword\dataset\positive_all\piper_batch_D\199.wav,TTS,100,0.99609375,1
E:\SIH\ira-wakeword\dataset\positive_all\piper_batch_D\199.wav,TTS,200,0.99609375,1
E:\SIH\ira-wakeword\dataset\positive_all\piper_batch_D\199.wav,TTS,300,0.99609375,1
E:\SIH\ira-wakeword\dataset\positive_all\piper_batch_D\199.wav,TTS,400,0.99609375,1
E:\SIH\ira-wakeword\dataset\positive_all\piper_batch_D\199.wav,TTS,500,0.99609375,1
E:\SIH\ira-wakeword\dataset\positive_all\piper_batch_D\199.wav,TTS,600,0.99609375,1
E:\SIH\ira-wakeword\dataset\positive_all\piper_batch_D\207.wav,TTS,0,0.99609375,1
E:\SIH\ira-wakeword\dataset\positive_all\piper_batch_D\207.wav,TTS,100,0.99609375,1
E:\SIH\ira-wakeword\dataset\positive_all\piper_batch_D\207.wav,TTS,200,0.99609375,1
E:\SIH\ira-wakeword\dataset\positive_all\piper_batch_D\207.wav,TTS,300,0.99609375,1
E:\SIH\ira-wakeword\dataset\positive_all\piper_batch_D\207.wav,TTS,400,0.99609375,1
E:\SIH\ira-wakeword\dataset\positive_all\piper_batch_D\207.wav,TTS,500,0.99609375,1
E:\SIH\ira-wakeword\dataset\positive_all\piper_batch_D\209.wav,TTS,0,0.99609375,1
E:\SIH\ira-wakeword\dataset\positive_all\piper_batch_D\209.wav,TTS,100,0.99609375,1
E:\SIH\ira-wakeword\dataset\positive_all\piper_batch_D\209.wav,TTS,200,0.99609375,1
E:\SIH\ira-wakeword\dataset\positive_all\piper_batch_D\209.wav,TTS,300,0.99609375,1
E:\SIH\ira-wakeword\dataset\positive_all\piper_batch_D\209.wav,TTS,400,0.99609375,1
E:\SIH\ira-wakeword\dataset\positive_all\piper_batch_D\209.wav,TTS,500,0.99609375,1
E:\SIH\ira-wakeword\dataset\positive_all\piper_batch_D\209.wav,TTS,600,0.99609375,1
E:\SIH\ira-wakeword\dataset\positive_all\piper_batch_D\216.wav,TTS,0,0.99609375,1
E:\SIH\ira-wakeword\dataset\positive_all\piper_batch_D\216.wav,TTS,100,0.99609375,1
E:\SIH\ira-wakeword\dataset\positive_all\piper_batch_D\216.wav,TTS,200,0.99609375,1
E:\SIH\ira-wakeword\dataset\positive_all\piper_batch_D\216.wav,TTS,300,0.99609375,1
E:\SIH\ira-wakeword\dataset\positive_all\piper_batch_D\216.wav,TTS,400,0.99609375,1
E:\SIH\ira-wakeword\dataset\positive_all\piper_batch_D\216.wav,TTS,500,0.99609375,1
E:\SIH\ira-wakeword\dataset\positive_all\piper_batch_D\216.wav,TTS,600,0.99609375,1
E:\SIH\ira-wakeword\dataset\positive_all\piper_batch_D\217.wav,TTS,0,0.99609375,1
E:\SIH\ira-wakeword\dataset\positive_all\piper_batch_D\217.wav,TTS,100,0.99609375,1
E:\SIH\ira-wakeword\dataset\positive_all\piper_batch_D\217.wav,TTS,200,0.99609375,1
E:\SIH\ira-wakeword\dataset\positive_all\piper_batch_D\217.wav,TTS,300,0.99609375,1
E:\SIH\ira-wakeword\dataset\positive_all\piper_batch_D\217.wav,TTS,400,0.99609375,1
E:\SIH\ira-wakeword\dataset\positive_all\piper_batch_D\217.wav,TTS,500,0.99609375,1
E:\SIH\ira-wakeword\dataset\positive_all\piper_batch_D\232.wav,TTS,0,0.99609375,1
E:\SIH\ira-wakeword\dataset\positive_all\piper_batch_D\232.wav,TTS,100,0.99609375,1
E:\SIH\ira-wakeword\dataset\positive_all\piper_batch_D\232.wav,TTS,200,0.99609375,1
E:\SIH\ira-wakeword\dataset\positive_all\piper_batch_D\232.wav,TTS,300,0.99609375,1
E:\SIH\ira-wakeword\dataset\positive_all\piper_batch_D\232.wav,TTS,400,0.99609375,1
E:\SIH\ira-wakeword\dataset\positive_all\piper_batch_D\232.wav,TTS,500,0.99609375,1
E:\SIH\ira-wakeword\dataset\positive_all\piper_batch_D\232.wav,TTS,600,0.99609375,1
E:\SIH\ira-wakeword\dataset\positive_all\piper_batch_D\238.wav,TTS,0,0.99609375,1
E:\SIH\ira-wakeword\dataset\positive_all\piper_batch_D\238.wav,TTS,100,0.99609375,1
E:\SIH\ira-wakeword\dataset\positive_all\piper_batch_D\238.wav,TTS,200,0.99609375,1
E:\SIH\ira-wakeword\dataset\positive_all\piper_batch_D\238.wav,TTS,300,0.99609375,1
E:\SIH\ira-wakeword\dataset\positive_all\piper_batch_D\238.wav,TTS,400,0.99609375,1
E:\SIH\ira-wakeword\dataset\positive_all\piper_batch_D\238.wav,TTS,500,0.99609375,1
E:\SIH\ira-wakeword\dataset\positive_all\piper_batch_D\239.wav,TTS,0,0.99609375,1
E:\SIH\ira-wakeword\dataset\positive_all\piper_batch_D\239.wav,TTS,100,0.99609375,1
E:\SIH\ira-wakeword\dataset\positive_all\piper_batch_D\239.wav,TTS,200,0.99609375,1
E:\SIH\ira-wakeword\dataset\positive_all\piper_batch_D\239.wav,TTS,300,0.99609375,1
E:\SIH\ira-wakeword\dataset\positive_all\piper_batch_D\239.wav,TTS,400,0.99609375,1
E:\SIH\ira-wakeword\dataset\positive_all\piper_batch_D\239.wav,TTS,500,0.99609375,1
E:\SIH\ira-wakeword\dataset\positive_all\piper_batch_D\239.wav,TTS,600,0.99609375,1
E:\SIH\ira-wakeword\dataset\positive_all\piper_batch_D\243.wav,TTS,0,0.99609375,1
E:\SIH\ira-wakeword\dataset\positive_all\piper_batch_D\243.wav,TTS,100,0.99609375,1
E:\SIH\ira-wakeword\dataset\positive_all\piper_batch_D\243.wav,TTS,200,0.99609375,1
E:\SIH\ira-wakeword\dataset\positive_all\piper_batch_D\243.wav,TTS,300,0.99609375,1
E:\SIH\ira-wakeword\dataset\positive_all\piper_batch_D\243.wav,TTS,400,0.99609375,1
E:\SIH\ira-wakeword\dataset\positive_all\piper_batch_D\243.wav,TTS,500,0.99609375,1
E:\SIH\ira-wakeword\dataset\positive_all\piper_batch_D\243.wav,TTS,600,0.99609375,1
E:\SIH\ira-wakeword\dataset\positive_all\piper_batch_D\254.wav,TTS,0,0.99609375,1
E:\SIH\ira-wakeword\dataset\positive_all\piper_batch_D\254.wav,TTS,100,0.99609375,1
E:\SIH\ira-wakeword\dataset\positive_all\piper_batch_D\254.wav,TTS,200,0.99609375,1
E:\SIH\ira-wakeword\dataset\positive_all\piper_batch_D\254.wav,TTS,300,0.99609375,1
E:\SIH\ira-wakeword\dataset\positive_all\piper_batch_D\254.wav,TTS,400,0.99609375,1
E:\SIH\ira-wakeword\dataset\positive_all\piper_batch_D\254.wav,TTS,500,0.99609375,1
E:\SIH\ira-wakeword\dataset\positive_all\piper_batch_D\254.wav,TTS,600,0.99609375,1
E:\SIH\ira-wakeword\dataset\positive_all\piper_batch_D\262.wav,TTS,0,0.99609375,1
E:\SIH\ira-wakeword\dataset\positive_all\piper_batch_D\262.wav,TTS,100,0.99609375,1
E:\SIH\ira-wakeword\dataset\positive_all\piper_batch_D\262.wav,TTS,200,0.99609375,1
E:\SIH\ira-wakeword\dataset\positive_all\piper_batch_D\262.wav,TTS,300,0.99609375,1
E:\SIH\ira-wakeword\dataset\positive_all\piper_batch_D\262.wav,TTS,400,0.99609375,1
E:\SIH\ira-wakeword\dataset\positive_all\piper_batch_D\262.wav,TTS,500,0.99609375,1
E:\SIH\ira-wakeword\dataset\positive_all\piper_batch_D\262.wav,TTS,600,0.99609375,1
E:\SIH\ira-wakeword\dataset\positive_all\piper_batch_D\278.wav,TTS,0,0.99609375,1
E:\SIH\ira-wakeword\dataset\positive_all\piper_batch_D\278.wav,TTS,100,0.99609375,1
E:\SIH\ira-wakeword\dataset\positive_all\piper_batch_D\278.wav,TTS,200,0.99609375,1
E:\SIH\ira-wakeword\dataset\positive_all\piper_batch_D\278.wav,TTS,300,0.99609375,1
E:\SIH\ira-wakeword\dataset\positive_all\piper_batch_D\278.wav,TTS,400,0.99609375,1
E:\SIH\ira-wakeword\dataset\positive_all\piper_batch_D\278.wav,TTS,500,0.99609375,1
E:\SIH\ira-wakeword\dataset\positive_all\piper_batch_D\278.wav,TTS,600,0.99609375,1
E:\SIH\ira-wakeword\dataset\positive_all\piper_batch_D\284.wav,TTS,0,0.99609375,1
E:\SIH\ira-wakeword\dataset\positive_all\piper_batch_D\284.wav,TTS,100,0.99609375,1
E:\SIH\ira-wakeword\dataset\positive_all\piper_batch_D\284.wav,TTS,200,0.99609375,1
E:\SIH\ira-wakeword\dataset\positive_all\piper_batch_D\284.wav,TTS,300,0.99609375,1
E:\SIH\ira-wakeword\dataset\positive_all\piper_batch_D\284.wav,TTS,400,0.99609375,1
E:\SIH\ira-wakeword\dataset\positive_all\piper_batch_D\284.wav,TTS,500,0.99609375,1
E:\SIH\ira-wakeword\dataset\positive_all\piper_batch_D\284.wav,TTS,600,0.99609375,1
E:\SIH\ira-wakeword\dataset\positive_all\piper_batch_D\305.wav,TTS,0,0.99609375,1
E:\SIH\ira-wakeword\dataset\positive_all\piper_batch_D\305.wav,TTS,100,0.99609375,1
E:\SIH\ira-wakeword\dataset\positive_all\piper_batch_D\305.wav,TTS,200,0.99609375,1
E:\SIH\ira-wakeword\dataset\positive_all\piper_batch_D\305.wav,TTS,300,0.99609375,1
E:\SIH\ira-wakeword\dataset\positive_all\piper_batch_D\305.wav,TTS,400,0.99609375,1
E:\SIH\ira-wakeword\dataset\positive_all\piper_batch_D\305.wav,TTS,500,0.99609375,1
E:\SIH\ira-wakeword\dataset\positive_all\piper_batch_D\305.wav,TTS,600,0.99609375,1
E:\SIH\ira-wakeword\dataset\positive_all\piper_batch_D\314.wav,TTS,0,0.99609375,1
E:\SIH\ira-wakeword\dataset\positive_all\piper_batch_D\314.wav,TTS,100,0.99609375,1
E:\SIH\ira-wakeword\dataset\positive_all\piper_batch_D\314.wav,TTS,200,0.99609375,1
E:\SIH\ira-wakeword\dataset\positive_all\piper_batch_D\314.wav,TTS,300,0.99609375,1
E:\SIH\ira-wakeword\dataset\positive_all\piper_batch_D\314.wav,TTS,400,0.99609375,1
E:\SIH\ira-wakeword\dataset\positive_all\piper_batch_D\314.wav,TTS,500,0.99609375,1
E:\SIH\ira-wakeword\dataset\positive_all\piper_batch_D\314.wav,TTS,600,0.99609375,1
E:\SIH\ira-wakeword\dataset\positive_all\piper_batch_D\317.wav,TTS,0,0.99609375,1
E:\SIH\ira-wakeword\dataset\positive_all\piper_batch_D\317.wav,TTS,100,0.99609375,1
E:\SIH\ira-wakeword\dataset\positive_all\piper_batch_D\317.wav,TTS,200,0.99609375,1
E:\SIH\ira-wakeword\dataset\positive_all\piper_batch_D\317.wav,TTS,300,0.99609375,1
E:\SIH\ira-wakeword\dataset\positive_all\piper_batch_D\317.wav,TTS,400,0.99609375,1
E:\SIH\ira-wakeword\dataset\positive_all\piper_batch_D\317.wav,TTS,500,0.99609375,1
E:\SIH\ira-wakeword\dataset\positive_all\piper_batch_D\317.wav,TTS,600,0.99609375,1
E:\SIH\ira-wakeword\dataset\positive_all\piper_batch_D\32.wav,TTS,0,0.99609375,1
E:\SIH\ira-wakeword\dataset\positive_all\piper_batch_D\32.wav,TTS,100,0.99609375,1
E:\SIH\ira-wakeword\dataset\positive_all\piper_batch_D\32.wav,TTS,200,0.99609375,1
E:\SIH\ira-wakeword\dataset\positive_all\piper_batch_D\32.wav,TTS,300,0.99609375,1
E:\SIH\ira-wakeword\dataset\positive_all\piper_batch_D\32.wav,TTS,400,0.99609375,1
E:\SIH\ira-wakeword\dataset\positive_all\piper_batch_D\32.wav,TTS,500,0.99609375,1
E:\SIH\ira-wakeword\dataset\positive_all\piper_batch_D\32.wav,TTS,600,0.99609375,1
E:\SIH\ira-wakeword\dataset\positive_all\piper_batch_D\324.wav,TTS,0,0.99609375,1
E:\SIH\ira-wakeword\dataset\positive_all\piper_batch_D\324.wav,TTS,100,0.99609375,1
E:\SIH\ira-wakeword\dataset\positive_all\piper_batch_D\324.wav,TTS,200,0.99609375,1
E:\SIH\ira-wakeword\dataset\positive_all\piper_batch_D\324.wav,TTS,300,0.99609375,1
E:\SIH\ira-wakeword\dataset\positive_all\piper_batch_D\324.wav,TTS,400,0.99609375,1
E:\SIH\ira-wakeword\dataset\positive_all\piper_batch_D\324.wav,TTS,500,0.99609375,1
E:\SIH\ira-wakeword\dataset\positive_all\piper_batch_D\324.wav,TTS,600,0.99609375,1
E:\SIH\ira-wakeword\dataset\positive_all\piper_batch_D\332.wav,TTS,0,0.99609375,1
E:\SIH\ira-wakeword\dataset\positive_all\piper_batch_D\332.wav,TTS,100,0.99609375,1
E:\SIH\ira-wakeword\dataset\positive_all\piper_batch_D\332.wav,TTS,200,0.99609375,1
E:\SIH\ira-wakeword\dataset\positive_all\piper_batch_D\332.wav,TTS,300,0.99609375,1
E:\SIH\ira-wakeword\dataset\positive_all\piper_batch_D\332.wav,TTS,400,0.99609375,1
E:\SIH\ira-wakeword\dataset\positive_all\piper_batch_D\332.wav,TTS,500,0.99609375,1
E:\SIH\ira-wakeword\dataset\positive_all\piper_batch_D\339.wav,TTS,0,0.99609375,1
E:\SIH\ira-wakeword\dataset\positive_all\piper_batch_D\339.wav,TTS,100,0.99609375,1
E:\SIH\ira-wakeword\dataset\positive_all\piper_batch_D\339.wav,TTS,200,0.99609375,1
E:\SIH\ira-wakeword\dataset\positive_all\piper_batch_D\339.wav,TTS,300,0.99609375,1
E:\SIH\ira-wakeword\dataset\positive_all\piper_batch_D\339.wav,TTS,400,0.99609375,1
E:\SIH\ira-wakeword\dataset\positive_all\piper_batch_D\339.wav,TTS,500,0.99609375,1
E:\SIH\ira-wakeword\dataset\positive_all\piper_batch_D\339.wav,TTS,600,0.99609375,1
E:\SIH\ira-wakeword\dataset\positive_all\piper_batch_D\355.wav,TTS,0,0.99609375,1
E:\SIH\ira-wakeword\dataset\positive_all\piper_batch_D\355.wav,TTS,100,0.99609375,1
E:\SIH\ira-wakeword\dataset\positive_all\piper_batch_D\355.wav,TTS,200,0.99609375,1
E:\SIH\ira-wakeword\dataset\positive_all\piper_batch_D\355.wav,TTS,300,0.99609375,1
E:\SIH\ira-wakeword\dataset\positive_all\piper_batch_D\355.wav,TTS,400,0.99609375,1
E:\SIH\ira-wakeword\dataset\positive_all\piper_batch_D\355.wav,TTS,500,0.99609375,1
E:\SIH\ira-wakeword\dataset\positive_all\piper_batch_D\355.wav,TTS,600,0.99609375,1
E:\SIH\ira-wakeword\dataset\positive_all\piper_batch_D\367.wav,TTS,0,0.99609375,1
E:\SIH\ira-wakeword\dataset\positive_all\piper_batch_D\367.wav,TTS,100,0.99609375,1
E:\SIH\ira-wakeword\dataset\positive_all\piper_batch_D\367.wav,TTS,200,0.99609375,1
E:\SIH\ira-wakeword\dataset\positive_all\piper_batch_D\367.wav,TTS,300,0.99609375,1
E:\SIH\ira-wakeword\dataset\positive_all\piper_batch_D\367.wav,TTS,400,0.99609375,1
E:\SIH\ira-wakeword\dataset\positive_all\piper_batch_D\367.wav,TTS,500,0.99609375,1
E:\SIH\ira-wakeword\dataset\positive_all\piper_batch_D\367.wav,TTS,600,0.99609375,1
E:\SIH\ira-wakeword\dataset\positive_all\piper_batch_D\37.wav,TTS,0,0.99609375,1
E:\SIH\ira-wakeword\dataset\positive_all\piper_batch_D\37.wav,TTS,100,0.99609375,1
E:\SIH\ira-wakeword\dataset\positive_all\piper_batch_D\37.wav,TTS,200,0.99609375,1
E:\SIH\ira-wakeword\dataset\positive_all\piper_batch_D\37.wav,TTS,300,0.99609375,1
E:\SIH\ira-wakeword\dataset\positive_all\piper_batch_D\37.wav,TTS,400,0.99609375,1
E:\SIH\ira-wakeword\dataset\positive_all\piper_batch_D\37.wav,TTS,500,0.99609375,1
E:\SIH\ira-wakeword\dataset\positive_all\piper_batch_D\37.wav,TTS,600,0.99609375,1
E:\SIH\ira-wakeword\dataset\positive_all\piper_batch_D\372.wav,TTS,0,0.99609375,1
E:\SIH\ira-wakeword\dataset\positive_all\piper_batch_D\372.wav,TTS,100,0.99609375,1
E:\SIH\ira-wakeword\dataset\positive_all\piper_batch_D\372.wav,TTS,200,0.99609375,1
E:\SIH\ira-wakeword\dataset\positive_all\piper_batch_D\372.wav,TTS,300,0.99609375,1
E:\SIH\ira-wakeword\dataset\positive_all\piper_batch_D\372.wav,TTS,400,0.99609375,1
E:\SIH\ira-wakeword\dataset\positive_all\piper_batch_D\372.wav,TTS,500,0.99609375,1
E:\SIH\ira-wakeword\dataset\positive_all\piper_batch_D\372.wav,TTS,600,0.99609375,1
E:\SIH\ira-wakeword\dataset\positive_all\piper_batch_D\400.wav,TTS,0,0.99609375,1
E:\SIH\ira-wakeword\dataset\positive_all\piper_batch_D\400.wav,TTS,100,0.99609375,1
E:\SIH\ira-wakeword\dataset\positive_all\piper_batch_D\400.wav,TTS,200,0.99609375,1
E:\SIH\ira-wakeword\dataset\positive_all\piper_batch_D\400.wav,TTS,300,0.99609375,1
E:\SIH\ira-wakeword\dataset\positive_all\piper_batch_D\400.wav,TTS,400,0.99609375,1
E:\SIH\ira-wakeword\dataset\positive_all\piper_batch_D\400.wav,TTS,500,0.99609375,1
E:\SIH\ira-wakeword\dataset\positive_all\piper_batch_D\402.wav,TTS,0,0.99609375,1
E:\SIH\ira-wakeword\dataset\positive_all\piper_batch_D\402.wav,TTS,100,0.99609375,1
E:\SIH\ira-wakeword\dataset\positive_all\piper_batch_D\402.wav,TTS,200,0.99609375,1
E:\SIH\ira-wakeword\dataset\positive_all\piper_batch_D\402.wav,TTS,300,0.99609375,1
E:\SIH\ira-wakeword\dataset\positive_all\piper_batch_D\402.wav,TTS,400,0.99609375,1
E:\SIH\ira-wakeword\dataset\positive_all\piper_batch_D\402.wav,TTS,500,0.99609375,1
E:\SIH\ira-wakeword\dataset\positive_all\piper_batch_D\405.wav,TTS,0,0.99609375,1
E:\SIH\ira-wakeword\dataset\positive_all\piper_batch_D\405.wav,TTS,100,0.99609375,1
E:\SIH\ira-wakeword\dataset\positive_all\piper_batch_D\405.wav,TTS,200,0.99609375,1
E:\SIH\ira-wakeword\dataset\positive_all\piper_batch_D\405.wav,TTS,300,0.99609375,1
E:\SIH\ira-wakeword\dataset\positive_all\piper_batch_D\405.wav,TTS,400,0.99609375,1
E:\SIH\ira-wakeword\dataset\positive_all\piper_batch_D\405.wav,TTS,500,0.99609375,1
E:\SIH\ira-wakeword\dataset\positive_all\piper_batch_D\421.wav,TTS,0,0.99609375,1
E:\SIH\ira-wakeword\dataset\positive_all\piper_batch_D\421.wav,TTS,100,0.99609375,1
E:\SIH\ira-wakeword\dataset\positive_all\piper_batch_D\421.wav,TTS,200,0.99609375,1
E:\SIH\ira-wakeword\dataset\positive_all\piper_batch_D\421.wav,TTS,300,0.99609375,1
E:\SIH\ira-wakeword\dataset\positive_all\piper_batch_D\421.wav,TTS,400,0.99609375,1
E:\SIH\ira-wakeword\dataset\positive_all\piper_batch_D\421.wav,TTS,500,0.99609375,1
E:\SIH\ira-wakeword\dataset\positive_all\piper_batch_D\421.wav,TTS,600,0.99609375,1
E:\SIH\ira-wakeword\dataset\positive_all\piper_batch_D\426.wav,TTS,0,0.99609375,1
E:\SIH\ira-wakeword\dataset\positive_all\piper_batch_D\426.wav,TTS,100,0.99609375,1
E:\SIH\ira-wakeword\dataset\positive_all\piper_batch_D\426.wav,TTS,200,0.99609375,1
E:\SIH\ira-wakeword\dataset\positive_all\piper_batch_D\426.wav,TTS,300,0.99609375,1
E:\SIH\ira-wakeword\dataset\positive_all\piper_batch_D\426.wav,TTS,400,0.99609375,1
E:\SIH\ira-wakeword\dataset\positive_all\piper_batch_D\426.wav,TTS,500,0.99609375,1
E:\SIH\ira-wakeword\dataset\positive_all\piper_batch_D\428.wav,TTS,0,0.99609375,1
E:\SIH\ira-wakeword\dataset\positive_all\piper_batch_D\428.wav,TTS,100,0.99609375,1
E:\SIH\ira-wakeword\dataset\positive_all\piper_batch_D\428.wav,TTS,200,0.99609375,1
E:\SIH\ira-wakeword\dataset\positive_all\piper_batch_D\428.wav,TTS,300,0.99609375,1
E:\SIH\ira-wakeword\dataset\positive_all\piper_batch_D\428.wav,TTS,400,0.99609375,1
E:\SIH\ira-wakeword\dataset\positive_all\piper_batch_D\428.wav,TTS,500,0.99609375,1
E:\SIH\ira-wakeword\dataset\positive_all\piper_batch_D\437.wav,TTS,0,0.99609375,1
E:\SIH\ira-wakeword\dataset\positive_all\piper_batch_D\437.wav,TTS,100,0.99609375,1
E:\SIH\ira-wakeword\dataset\positive_all\piper_batch_D\437.wav,TTS,200,0.99609375,1
E:\SIH\ira-wakeword\dataset\positive_all\piper_batch_D\437.wav,TTS,300,0.99609375,1
E:\SIH\ira-wakeword\dataset\positive_all\piper_batch_D\437.wav,TTS,400,0.99609375,1
E:\SIH\ira-wakeword\dataset\positive_all\piper_batch_D\437.wav,TTS,500,0.99609375,1
E:\SIH\ira-wakeword\dataset\positive_all\piper_batch_D\437.wav,TTS,600,0.99609375,1
E:\SIH\ira-wakeword\dataset\positive_all\piper_batch_D\455.wav,TTS,0,0.99609375,1
E:\SIH\ira-wakeword\dataset\positive_all\piper_batch_D\455.wav,TTS,100,0.99609375,1
E:\SIH\ira-wakeword\dataset\positive_all\piper_batch_D\455.wav,TTS,200,0.99609375,1
E:\SIH\ira-wakeword\dataset\positive_all\piper_batch_D\455.wav,TTS,300,0.99609375,1
E:\SIH\ira-wakeword\dataset\positive_all\piper_batch_D\455.wav,TTS,400,0.99609375,1
E:\SIH\ira-wakeword\dataset\positive_all\piper_batch_D\455.wav,TTS,500,0.99609375,1
E:\SIH\ira-wakeword\dataset\positive_all\piper_batch_D\458.wav,TTS,0,0.99609375,1
E:\SIH\ira-wakeword\dataset\positive_all\piper_batch_D\458.wav,TTS,100,0.99609375,1
E:\SIH\ira-wakeword\dataset\positive_all\piper_batch_D\458.wav,TTS,200,0.99609375,1
E:\SIH\ira-wakeword\dataset\positive_all\piper_batch_D\458.wav,TTS,300,0.99609375,1
E:\SIH\ira-wakeword\dataset\positive_all\piper_batch_D\458.wav,TTS,400,0.99609375,1
E:\SIH\ira-wakeword\dataset\positive_all\piper_batch_D\458.wav,TTS,500,0.99609375,1
E:\SIH\ira-wakeword\dataset\positive_all\piper_batch_D\46.wav,TTS,0,0.99609375,1
E:\SIH\ira-wakeword\dataset\positive_all\piper_batch_D\46.wav,TTS,100,0.99609375,1
E:\SIH\ira-wakeword\dataset\positive_all\piper_batch_D\46.wav,TTS,200,0.99609375,1
E:\SIH\ira-wakeword\dataset\positive_all\piper_batch_D\46.wav,TTS,300,0.99609375,1
E:\SIH\ira-wakeword\dataset\positive_all\piper_batch_D\46.wav,TTS,400,0.99609375,1
E:\SIH\ira-wakeword\dataset\positive_all\piper_batch_D\46.wav,TTS,500,0.99609375,1
E:\SIH\ira-wakeword\dataset\positive_all\piper_batch_D\46.wav,TTS,600,0.99609375,1
E:\SIH\ira-wakeword\dataset\positive_all\piper_batch_D\461.wav,TTS,0,0.99609375,1
E:\SIH\ira-wakeword\dataset\positive_all\piper_batch_D\461.wav,TTS,100,0.99609375,1
E:\SIH\ira-wakeword\dataset\positive_all\piper_batch_D\461.wav,TTS,200,0.99609375,1
E:\SIH\ira-wakeword\dataset\positive_all\piper_batch_D\461.wav,TTS,300,0.99609375,1
E:\SIH\ira-wakeword\dataset\positive_all\piper_batch_D\461.wav,TTS,400,0.99609375,1
E:\SIH\ira-wakeword\dataset\positive_all\piper_batch_D\461.wav,TTS,500,0.99609375,1
E:\SIH\ira-wakeword\dataset\positive_all\piper_batch_D\494.wav,TTS,0,0.99609375,1
E:\SIH\ira-wakeword\dataset\positive_all\piper_batch_D\494.wav,TTS,100,0.99609375,1
E:\SIH\ira-wakeword\dataset\positive_all\piper_batch_D\494.wav,TTS,200,0.99609375,1
E:\SIH\ira-wakeword\dataset\positive_all\piper_batch_D\494.wav,TTS,300,0.99609375,1
E:\SIH\ira-wakeword\dataset\positive_all\piper_batch_D\494.wav,TTS,400,0.99609375,1
E:\SIH\ira-wakeword\dataset\positive_all\piper_batch_D\494.wav,TTS,500,0.99609375,1
E:\SIH\ira-wakeword\dataset\positive_all\piper_batch_D\494.wav,TTS,600,0.99609375,1
E:\SIH\ira-wakeword\dataset\positive_all\piper_batch_D\495.wav,TTS,0,0.99609375,1
E:\SIH\ira-wakeword\dataset\positive_all\piper_batch_D\495.wav,TTS,100,0.99609375,1
E:\SIH\ira-wakeword\dataset\positive_all\piper_batch_D\495.wav,TTS,200,0.99609375,1
E:\SIH\ira-wakeword\dataset\positive_all\piper_batch_D\495.wav,TTS,300,0.99609375,1
E:\SIH\ira-wakeword\dataset\positive_all\piper_batch_D\495.wav,TTS,400,0.99609375,1
E:\SIH\ira-wakeword\dataset\positive_all\piper_batch_D\495.wav,TTS,500,0.99609375,1
E:\SIH\ira-wakeword\dataset\positive_all\piper_batch_D\496.wav,TTS,0,0.99609375,1
E:\SIH\ira-wakeword\dataset\positive_all\piper_batch_D\496.wav,TTS,100,0.99609375,1
E:\SIH\ira-wakeword\dataset\positive_all\piper_batch_D\496.wav,TTS,200,0.99609375,1
E:\SIH\ira-wakeword\dataset\positive_all\piper_batch_D\496.wav,TTS,300,0.99609375,1
E:\SIH\ira-wakeword\dataset\positive_all\piper_batch_D\496.wav,TTS,400,0.99609375,1
E:\SIH\ira-wakeword\dataset\positive_all\piper_batch_D\496.wav,TTS,500,0.99609375,1
E:\SIH\ira-wakeword\dataset\positive_all\piper_batch_D\496.wav,TTS,600,0.99609375,1
E:\SIH\ira-wakeword\dataset\positive_all\piper_batch_D\499.wav,TTS,0,0.99609375,1
E:\SIH\ira-wakeword\dataset\positive_all\piper_batch_D\499.wav,TTS,100,0.99609375,1
E:\SIH\ira-wakeword\dataset\positive_all\piper_batch_D\499.wav,TTS,200,0.99609375,1
E:\SIH\ira-wakeword\dataset\positive_all\piper_batch_D\499.wav,TTS,300,0.99609375,1
E:\SIH\ira-wakeword\dataset\positive_all\piper_batch_D\499.wav,TTS,400,0.99609375,1
E:\SIH\ira-wakeword\dataset\positive_all\piper_batch_D\499.wav,TTS,500,0.99609375,1
E:\SIH\ira-wakeword\dataset\positive_all\piper_batch_D\499.wav,TTS,600,0.99609375,1
E:\SIH\ira-wakeword\dataset\positive_all\piper_batch_D\519.wav,TTS,0,0.99609375,1
E:\SIH\ira-wakeword\dataset\positive_all\piper_batch_D\519.wav,TTS,100,0.99609375,1
E:\SIH\ira-wakeword\dataset\positive_all\piper_batch_D\519.wav,TTS,200,0.99609375,1
E:\SIH\ira-wakeword\dataset\positive_all\piper_batch_D\519.wav,TTS,300,0.99609375,1
E:\SIH\ira-wakeword\dataset\positive_all\piper_batch_D\519.wav,TTS,400,0.99609375,1
E:\SIH\ira-wakeword\dataset\positive_all\piper_batch_D\519.wav,TTS,500,0.99609375,1
E:\SIH\ira-wakeword\dataset\positive_all\piper_batch_D\521.wav,TTS,0,0.99609375,1
E:\SIH\ira-wakeword\dataset\positive_all\piper_batch_D\521.wav,TTS,100,0.99609375,1
E:\SIH\ira-wakeword\dataset\positive_all\piper_batch_D\521.wav,TTS,200,0.99609375,1
E:\SIH\ira-wakeword\dataset\positive_all\piper_batch_D\521.wav,TTS,300,0.99609375,1
E:\SIH\ira-wakeword\dataset\positive_all\piper_batch_D\521.wav,TTS,400,0.99609375,1
E:\SIH\ira-wakeword\dataset\positive_all\piper_batch_D\521.wav,TTS,500,0.99609375,1
E:\SIH\ira-wakeword\dataset\positive_all\piper_batch_D\527.wav,TTS,0,0.99609375,1
E:\SIH\ira-wakeword\dataset\positive_all\piper_batch_D\527.wav,TTS,100,0.99609375,1
E:\SIH\ira-wakeword\dataset\positive_all\piper_batch_D\527.wav,TTS,200,0.99609375,1
E:\SIH\ira-wakeword\dataset\positive_all\piper_batch_D\527.wav,TTS,300,0.99609375,1
E:\SIH\ira-wakeword\dataset\positive_all\piper_batch_D\527.wav,TTS,400,0.99609375,1
E:\SIH\ira-wakeword\dataset\positive_all\piper_batch_D\527.wav,TTS,500,0.99609375,1
E:\SIH\ira-wakeword\dataset\positive_all\piper_batch_D\543.wav,TTS,0,0.99609375,1
E:\SIH\ira-wakeword\dataset\positive_all\piper_batch_D\543.wav,TTS,100,0.99609375,1
E:\SIH\ira-wakeword\dataset\positive_all\piper_batch_D\543.wav,TTS,200,0.99609375,1
E:\SIH\ira-wakeword\dataset\positive_all\piper_batch_D\543.wav,TTS,300,0.99609375,1
E:\SIH\ira-wakeword\dataset\positive_all\piper_batch_D\543.wav,TTS,400,0.99609375,1
E:\SIH\ira-wakeword\dataset\positive_all\piper_batch_D\543.wav,TTS,500,0.99609375,1
E:\SIH\ira-wakeword\dataset\positive_all\piper_batch_D\572.wav,TTS,0,0.99609375,1
E:\SIH\ira-wakeword\dataset\positive_all\piper_batch_D\572.wav,TTS,100,0.99609375,1
E:\SIH\ira-wakeword\dataset\positive_all\piper_batch_D\572.wav,TTS,200,0.99609375,1
E:\SIH\ira-wakeword\dataset\positive_all\piper_batch_D\572.wav,TTS,300,0.99609375,1
E:\SIH\ira-wakeword\dataset\positive_all\piper_batch_D\572.wav,TTS,400,0.99609375,1
E:\SIH\ira-wakeword\dataset\positive_all\piper_batch_D\572.wav,TTS,500,0.99609375,1
E:\SIH\ira-wakeword\dataset\positive_all\piper_batch_D\572.wav,TTS,600,0.99609375,1
E:\SIH\ira-wakeword\dataset\positive_all\piper_batch_D\576.wav,TTS,0,0.99609375,1
E:\SIH\ira-wakeword\dataset\positive_all\piper_batch_D\576.wav,TTS,100,0.99609375,1
E:\SIH\ira-wakeword\dataset\positive_all\piper_batch_D\576.wav,TTS,200,0.99609375,1
E:\SIH\ira-wakeword\dataset\positive_all\piper_batch_D\576.wav,TTS,300,0.99609375,1
E:\SIH\ira-wakeword\dataset\positive_all\piper_batch_D\576.wav,TTS,400,0.99609375,1
E:\SIH\ira-wakeword\dataset\positive_all\piper_batch_D\576.wav,TTS,500,0.99609375,1
E:\SIH\ira-wakeword\dataset\positive_all\piper_batch_D\582.wav,TTS,0,0.99609375,1
E:\SIH\ira-wakeword\dataset\positive_all\piper_batch_D\582.wav,TTS,100,0.99609375,1
E:\SIH\ira-wakeword\dataset\positive_all\piper_batch_D\582.wav,TTS,200,0.99609375,1
E:\SIH\ira-wakeword\dataset\positive_all\piper_batch_D\582.wav,TTS,300,0.99609375,1
E:\SIH\ira-wakeword\dataset\positive_all\piper_batch_D\582.wav,TTS,400,0.99609375,1
E:\SIH\ira-wakeword\dataset\positive_all\piper_batch_D\582.wav,TTS,500,0.99609375,1
E:\SIH\ira-wakeword\dataset\positive_all\piper_batch_D\585.wav,TTS,0,0.99609375,1
E:\SIH\ira-wakeword\dataset\positive_all\piper_batch_D\585.wav,TTS,100,0.99609375,1
E:\SIH\ira-wakeword\dataset\positive_all\piper_batch_D\585.wav,TTS,200,0.99609375,1
E:\SIH\ira-wakeword\dataset\positive_all\piper_batch_D\585.wav,TTS,300,0.99609375,1
E:\SIH\ira-wakeword\dataset\positive_all\piper_batch_D\585.wav,TTS,400,0.99609375,1
E:\SIH\ira-wakeword\dataset\positive_all\piper_batch_D\585.wav,TTS,500,0.99609375,1
E:\SIH\ira-wakeword\dataset\positive_all\piper_batch_D\594.wav,TTS,0,0.99609375,1
E:\SIH\ira-wakeword\dataset\positive_all\piper_batch_D\594.wav,TTS,100,0.99609375,1
E:\SIH\ira-wakeword\dataset\positive_all\piper_batch_D\594.wav,TTS,200,0.99609375,1
E:\SIH\ira-wakeword\dataset\positive_all\piper_batch_D\594.wav,TTS,300,0.99609375,1
E:\SIH\ira-wakeword\dataset\positive_all\piper_batch_D\594.wav,TTS,400,0.99609375,1
E:\SIH\ira-wakeword\dataset\positive_all\piper_batch_D\594.wav,TTS,500,0.99609375,1
E:\SIH\ira-wakeword\dataset\positive_all\piper_batch_D\599.wav,TTS,0,0.99609375,1
E:\SIH\ira-wakeword\dataset\positive_all\piper_batch_D\599.wav,TTS,100,0.99609375,1
E:\SIH\ira-wakeword\dataset\positive_all\piper_batch_D\599.wav,TTS,200,0.99609375,1
E:\SIH\ira-wakeword\dataset\positive_all\piper_batch_D\599.wav,TTS,300,0.99609375,1
E:\SIH\ira-wakeword\dataset\positive_all\piper_batch_D\599.wav,TTS,400,0.99609375,1
E:\SIH\ira-wakeword\dataset\positive_all\piper_batch_D\599.wav,TTS,500,0.99609375,1
E:\SIH\ira-wakeword\dataset\positive_all\piper_batch_D\611.wav,TTS,0,0.99609375,1
E:\SIH\ira-wakeword\dataset\positive_all\piper_batch_D\611.wav,TTS,100,0.99609375,1
E:\SIH\ira-wakeword\dataset\positive_all\piper_batch_D\611.wav,TTS,200,0.99609375,1
E:\SIH\ira-wakeword\dataset\positive_all\piper_batch_D\611.wav,TTS,300,0.99609375,1
E:\SIH\ira-wakeword\dataset\positive_all\piper_batch_D\611.wav,TTS,400,0.99609375,1
E:\SIH\ira-wakeword\dataset\positive_all\piper_batch_D\611.wav,TTS,500,0.99609375,1
E:\SIH\ira-wakeword\dataset\positive_all\piper_batch_D\622.wav,TTS,0,0.99609375,1
E:\SIH\ira-wakeword\dataset\positive_all\piper_batch_D\622.wav,TTS,100,0.99609375,1
E:\SIH\ira-wakeword\dataset\positive_all\piper_batch_D\622.wav,TTS,200,0.99609375,1
E:\SIH\ira-wakeword\dataset\positive_all\piper_batch_D\622.wav,TTS,300,0.99609375,1
E:\SIH\ira-wakeword\dataset\positive_all\piper_batch_D\622.wav,TTS,400,0.99609375,1
E:\SIH\ira-wakeword\dataset\positive_all\piper_batch_D\622.wav,TTS,500,0.99609375,1
E:\SIH\ira-wakeword\dataset\positive_all\piper_batch_D\622.wav,TTS,600,0.99609375,1
E:\SIH\ira-wakeword\dataset\positive_all\piper_batch_D\623.wav,TTS,0,0.99609375,1
E:\SIH\ira-wakeword\dataset\positive_all\piper_batch_D\623.wav,TTS,100,0.99609375,1
E:\SIH\ira-wakeword\dataset\positive_all\piper_batch_D\623.wav,TTS,200,0.99609375,1
E:\SIH\ira-wakeword\dataset\positive_all\piper_batch_D\623.wav,TTS,300,0.99609375,1
E:\SIH\ira-wakeword\dataset\positive_all\piper_batch_D\623.wav,TTS,400,0.99609375,1
E:\SIH\ira-wakeword\dataset\positive_all\piper_batch_D\623.wav,TTS,500,0.99609375,1
E:\SIH\ira-wakeword\dataset\positive_all\piper_batch_D\623.wav,TTS,600,0.99609375,1
E:\SIH\ira-wakeword\dataset\positive_all\piper_batch_D\626.wav,TTS,0,0.99609375,1
E:\SIH\ira-wakeword\dataset\positive_all\piper_batch_D\626.wav,TTS,100,0.99609375,1
E:\SIH\ira-wakeword\dataset\positive_all\piper_batch_D\626.wav,TTS,200,0.99609375,1
E:\SIH\ira-wakeword\dataset\positive_all\piper_batch_D\626.wav,TTS,300,0.99609375,1
E:\SIH\ira-wakeword\dataset\positive_all\piper_batch_D\626.wav,TTS,400,0.99609375,1
E:\SIH\ira-wakeword\dataset\positive_all\piper_batch_D\626.wav,TTS,500,0.99609375,1
E:\SIH\ira-wakeword\dataset\positive_all\piper_batch_D\63.wav,TTS,0,0.99609375,1
E:\SIH\ira-wakeword\dataset\positive_all\piper_batch_D\63.wav,TTS,100,0.99609375,1
E:\SIH\ira-wakeword\dataset\positive_all\piper_batch_D\63.wav,TTS,200,0.99609375,1
E:\SIH\ira-wakeword\dataset\positive_all\piper_batch_D\63.wav,TTS,300,0.99609375,1
E:\SIH\ira-wakeword\dataset\positive_all\piper_batch_D\63.wav,TTS,400,0.99609375,1
E:\SIH\ira-wakeword\dataset\positive_all\piper_batch_D\63.wav,TTS,500,0.99609375,1
E:\SIH\ira-wakeword\dataset\positive_all\piper_batch_D\63.wav,TTS,600,0.99609375,1
E:\SIH\ira-wakeword\dataset\positive_all\piper_batch_D\633.wav,TTS,0,0.99609375,1
E:\SIH\ira-wakeword\dataset\positive_all\piper_batch_D\633.wav,TTS,100,0.99609375,1
E:\SIH\ira-wakeword\dataset\positive_all\piper_batch_D\633.wav,TTS,200,0.99609375,1
E:\SIH\ira-wakeword\dataset\positive_all\piper_batch_D\633.wav,TTS,300,0.99609375,1
E:\SIH\ira-wakeword\dataset\positive_all\piper_batch_D\633.wav,TTS,400,0.99609375,1
E:\SIH\ira-wakeword\dataset\positive_all\piper_batch_D\633.wav,TTS,500,0.99609375,1
E:\SIH\ira-wakeword\dataset\positive_all\piper_batch_D\64.wav,TTS,0,0.99609375,1
E:\SIH\ira-wakeword\dataset\positive_all\piper_batch_D\64.wav,TTS,100,0.99609375,1
E:\SIH\ira-wakeword\dataset\positive_all\piper_batch_D\64.wav,TTS,200,0.99609375,1
E:\SIH\ira-wakeword\dataset\positive_all\piper_batch_D\64.wav,TTS,300,0.99609375,1
E:\SIH\ira-wakeword\dataset\positive_all\piper_batch_D\64.wav,TTS,400,0.99609375,1
E:\SIH\ira-wakeword\dataset\positive_all\piper_batch_D\64.wav,TTS,500,0.99609375,1
E:\SIH\ira-wakeword\dataset\positive_all\piper_batch_D\64.wav,TTS,600,0.99609375,1
E:\SIH\ira-wakeword\dataset\positive_all\piper_batch_D\653.wav,TTS,0,0.99609375,1
E:\SIH\ira-wakeword\dataset\positive_all\piper_batch_D\653.wav,TTS,100,0.99609375,1
E:\SIH\ira-wakeword\dataset\positive_all\piper_batch_D\653.wav,TTS,200,0.99609375,1
E:\SIH\ira-wakeword\dataset\positive_all\piper_batch_D\653.wav,TTS,300,0.99609375,1
E:\SIH\ira-wakeword\dataset\positive_all\piper_batch_D\653.wav,TTS,400,0.99609375,1
E:\SIH\ira-wakeword\dataset\positive_all\piper_batch_D\655.wav,TTS,0,0.99609375,1
E:\SIH\ira-wakeword\dataset\positive_all\piper_batch_D\655.wav,TTS,100,0.99609375,1
E:\SIH\ira-wakeword\dataset\positive_all\piper_batch_D\655.wav,TTS,200,0.99609375,1
E:\SIH\ira-wakeword\dataset\positive_all\piper_batch_D\655.wav,TTS,300,0.99609375,1
E:\SIH\ira-wakeword\dataset\positive_all\piper_batch_D\655.wav,TTS,400,0.99609375,1
E:\SIH\ira-wakeword\dataset\positive_all\piper_batch_D\663.wav,TTS,0,0.99609375,1
E:\SIH\ira-wakeword\dataset\positive_all\piper_batch_D\663.wav,TTS,100,0.99609375,1
E:\SIH\ira-wakeword\dataset\positive_all\piper_batch_D\663.wav,TTS,200,0.99609375,1
E:\SIH\ira-wakeword\dataset\positive_all\piper_batch_D\663.wav,TTS,300,0.99609375,1
E:\SIH\ira-wakeword\dataset\positive_all\piper_batch_D\663.wav,TTS,400,0.99609375,1
E:\SIH\ira-wakeword\dataset\positive_all\piper_batch_D\663.wav,TTS,500,0.99609375,1
E:\SIH\ira-wakeword\dataset\positive_all\piper_batch_D\663.wav,TTS,600,0.99609375,1
E:\SIH\ira-wakeword\dataset\positive_all\piper_batch_D\667.wav,TTS,0,0.99609375,1
E:\SIH\ira-wakeword\dataset\positive_all\piper_batch_D\667.wav,TTS,100,0.99609375,1
E:\SIH\ira-wakeword\dataset\positive_all\piper_batch_D\667.wav,TTS,200,0.99609375,1
E:\SIH\ira-wakeword\dataset\positive_all\piper_batch_D\667.wav,TTS,300,0.99609375,1
E:\SIH\ira-wakeword\dataset\positive_all\piper_batch_D\667.wav,TTS,400,0.99609375,1
E:\SIH\ira-wakeword\dataset\positive_all\piper_batch_D\667.wav,TTS,500,0.99609375,1
E:\SIH\ira-wakeword\dataset\positive_all\piper_batch_D\672.wav,TTS,0,0.99609375,1
E:\SIH\ira-wakeword\dataset\positive_all\piper_batch_D\672.wav,TTS,100,0.99609375,1
E:\SIH\ira-wakeword\dataset\positive_all\piper_batch_D\672.wav,TTS,200,0.99609375,1
E:\SIH\ira-wakeword\dataset\positive_all\piper_batch_D\672.wav,TTS,300,0.99609375,1
E:\SIH\ira-wakeword\dataset\positive_all\piper_batch_D\672.wav,TTS,400,0.99609375,1
E:\SIH\ira-wakeword\dataset\positive_all\piper_batch_D\672.wav,TTS,500,0.99609375,1
E:\SIH\ira-wakeword\dataset\positive_all\piper_batch_D\709.wav,TTS,0,0.99609375,1
E:\SIH\ira-wakeword\dataset\positive_all\piper_batch_D\709.wav,TTS,100,0.99609375,1
E:\SIH\ira-wakeword\dataset\positive_all\piper_batch_D\709.wav,TTS,200,0.99609375,1
E:\SIH\ira-wakeword\dataset\positive_all\piper_batch_D\709.wav,TTS,300,0.99609375,1
E:\SIH\ira-wakeword\dataset\positive_all\piper_batch_D\709.wav,TTS,400,0.99609375,1
E:\SIH\ira-wakeword\dataset\positive_all\piper_batch_D\709.wav,TTS,500,0.99609375,1
E:\SIH\ira-wakeword\dataset\positive_all\piper_batch_D\709.wav,TTS,600,0.99609375,1
E:\SIH\ira-wakeword\dataset\positive_all\piper_batch_D\724.wav,TTS,0,0.99609375,1
E:\SIH\ira-wakeword\dataset\positive_all\piper_batch_D\724.wav,TTS,100,0.99609375,1
E:\SIH\ira-wakeword\dataset\positive_all\piper_batch_D\724.wav,TTS,200,0.99609375,1
E:\SIH\ira-wakeword\dataset\positive_all\piper_batch_D\724.wav,TTS,300,0.99609375,1
E:\SIH\ira-wakeword\dataset\positive_all\piper_batch_D\724.wav,TTS,400,0.99609375,1
E:\SIH\ira-wakeword\dataset\positive_all\piper_batch_D\724.wav,TTS,500,0.99609375,1
E:\SIH\ira-wakeword\dataset\positive_all\piper_batch_D\724.wav,TTS,600,0.99609375,1
E:\SIH\ira-wakeword\dataset\positive_all\piper_batch_D\729.wav,TTS,0,0.99609375,1
E:\SIH\ira-wakeword\dataset\positive_all\piper_batch_D\729.wav,TTS,100,0.99609375,1
E:\SIH\ira-wakeword\dataset\positive_all\piper_batch_D\729.wav,TTS,200,0.99609375,1
E:\SIH\ira-wakeword\dataset\positive_all\piper_batch_D\729.wav,TTS,300,0.99609375,1
E:\SIH\ira-wakeword\dataset\positive_all\piper_batch_D\729.wav,TTS,400,0.99609375,1
E:\SIH\ira-wakeword\dataset\positive_all\piper_batch_D\729.wav,TTS,500,0.99609375,1
E:\SIH\ira-wakeword\dataset\positive_all\piper_batch_D\729.wav,TTS,600,0.99609375,1
E:\SIH\ira-wakeword\dataset\positive_all\piper_batch_D\731.wav,TTS,0,0.99609375,1
E:\SIH\ira-wakeword\dataset\positive_all\piper_batch_D\731.wav,TTS,100,0.99609375,1
E:\SIH\ira-wakeword\dataset\positive_all\piper_batch_D\731.wav,TTS,200,0.99609375,1
E:\SIH\ira-wakeword\dataset\positive_all\piper_batch_D\731.wav,TTS,300,0.99609375,1
E:\SIH\ira-wakeword\dataset\positive_all\piper_batch_D\731.wav,TTS,400,0.99609375,1
E:\SIH\ira-wakeword\dataset\positive_all\piper_batch_D\731.wav,TTS,500,0.99609375,1
E:\SIH\ira-wakeword\dataset\positive_all\piper_batch_D\731.wav,TTS,600,0.99609375,1
E:\SIH\ira-wakeword\dataset\positive_all\piper_batch_D\733.wav,TTS,0,0.99609375,1
E:\SIH\ira-wakeword\dataset\positive_all\piper_batch_D\733.wav,TTS,100,0.99609375,1
E:\SIH\ira-wakeword\dataset\positive_all\piper_batch_D\733.wav,TTS,200,0.99609375,1
E:\SIH\ira-wakeword\dataset\positive_all\piper_batch_D\733.wav,TTS,300,0.99609375,1
E:\SIH\ira-wakeword\dataset\positive_all\piper_batch_D\733.wav,TTS,400,0.99609375,1
E:\SIH\ira-wakeword\dataset\positive_all\piper_batch_D\733.wav,TTS,500,0.99609375,1
E:\SIH\ira-wakeword\dataset\positive_all\piper_batch_D\74.wav,TTS,0,0.99609375,1
E:\SIH\ira-wakeword\dataset\positive_all\piper_batch_D\74.wav,TTS,100,0.99609375,1
E:\SIH\ira-wakeword\dataset\positive_all\piper_batch_D\74.wav,TTS,200,0.99609375,1
E:\SIH\ira-wakeword\dataset\positive_all\piper_batch_D\74.wav,TTS,300,0.99609375,1
E:\SIH\ira-wakeword\dataset\positive_all\piper_batch_D\74.wav,TTS,400,0.99609375,1
E:\SIH\ira-wakeword\dataset\positive_all\piper_batch_D\74.wav,TTS,500,0.99609375,1
E:\SIH\ira-wakeword\dataset\positive_all\piper_batch_D\74.wav,TTS,600,0.99609375,1
E:\SIH\ira-wakeword\dataset\positive_all\piper_batch_D\757.wav,TTS,0,0.99609375,1
E:\SIH\ira-wakeword\dataset\positive_all\piper_batch_D\757.wav,TTS,100,0.99609375,1
E:\SIH\ira-wakeword\dataset\positive_all\piper_batch_D\757.wav,TTS,200,0.99609375,1
E:\SIH\ira-wakeword\dataset\positive_all\piper_batch_D\757.wav,TTS,300,0.99609375,1
E:\SIH\ira-wakeword\dataset\positive_all\piper_batch_D\779.wav,TTS,0,0.99609375,1
E:\SIH\ira-wakeword\dataset\positive_all\piper_batch_D\779.wav,TTS,100,0.99609375,1
E:\SIH\ira-wakeword\dataset\positive_all\piper_batch_D\779.wav,TTS,200,0.99609375,1
E:\SIH\ira-wakeword\dataset\positive_all\piper_batch_D\779.wav,TTS,300,0.99609375,1
E:\SIH\ira-wakeword\dataset\positive_all\piper_batch_D\779.wav,TTS,400,0.99609375,1
E:\SIH\ira-wakeword\dataset\positive_all\piper_batch_D\779.wav,TTS,500,0.99609375,1
E:\SIH\ira-wakeword\dataset\positive_all\piper_batch_D\779.wav,TTS,600,0.99609375,1
E:\SIH\ira-wakeword\dataset\positive_all\piper_batch_D\780.wav,TTS,0,0.99609375,1
E:\SIH\ira-wakeword\dataset\positive_all\piper_batch_D\780.wav,TTS,100,0.99609375,1
E:\SIH\ira-wakeword\dataset\positive_all\piper_batch_D\780.wav,TTS,200,0.99609375,1
E:\SIH\ira-wakeword\dataset\positive_all\piper_batch_D\780.wav,TTS,300,0.99609375,1
E:\SIH\ira-wakeword\dataset\positive_all\piper_batch_D\780.wav,TTS,400,0.99609375,1
E:\SIH\ira-wakeword\dataset\positive_all\piper_batch_D\780.wav,TTS,500,0.99609375,1
E:\SIH\ira-wakeword\dataset\positive_all\piper_batch_D\79.wav,TTS,0,0.99609375,1
E:\SIH\ira-wakeword\dataset\positive_all\piper_batch_D\79.wav,TTS,100,0.99609375,1
E:\SIH\ira-wakeword\dataset\positive_all\piper_batch_D\79.wav,TTS,200,0.99609375,1
E:\SIH\ira-wakeword\dataset\positive_all\piper_batch_D\79.wav,TTS,300,0.99609375,1
E:\SIH\ira-wakeword\dataset\positive_all\piper_batch_D\79.wav,TTS,400,0.99609375,1
E:\SIH\ira-wakeword\dataset\positive_all\piper_batch_D\79.wav,TTS,500,0.99609375,1
E:\SIH\ira-wakeword\dataset\positive_all\piper_batch_D\8.wav,TTS,0,0.99609375,1
E:\SIH\ira-wakeword\dataset\positive_all\piper_batch_D\8.wav,TTS,100,0.99609375,1
E:\SIH\ira-wakeword\dataset\positive_all\piper_batch_D\8.wav,TTS,200,0.99609375,1
E:\SIH\ira-wakeword\dataset\positive_all\piper_batch_D\8.wav,TTS,300,0.99609375,1
E:\SIH\ira-wakeword\dataset\positive_all\piper_batch_D\8.wav,TTS,400,0.99609375,1
E:\SIH\ira-wakeword\dataset\positive_all\piper_batch_D\8.wav,TTS,500,0.99609375,1
E:\SIH\ira-wakeword\dataset\positive_all\piper_batch_D\8.wav,TTS,600,0.99609375,1
E:\SIH\ira-wakeword\dataset\positive_all\piper_batch_D\815.wav,TTS,0,0.99609375,1
E:\SIH\ira-wakeword\dataset\positive_all\piper_batch_D\815.wav,TTS,100,0.99609375,1
E:\SIH\ira-wakeword\dataset\positive_all\piper_batch_D\815.wav,TTS,200,0.99609375,1
E:\SIH\ira-wakeword\dataset\positive_all\piper_batch_D\815.wav,TTS,300,0.99609375,1
E:\SIH\ira-wakeword\dataset\positive_all\piper_batch_D\815.wav,TTS,400,0.99609375,1
E:\SIH\ira-wakeword\dataset\positive_all\piper_batch_D\819.wav,TTS,0,0.99609375,1
E:\SIH\ira-wakeword\dataset\positive_all\piper_batch_D\819.wav,TTS,100,0.99609375,1
E:\SIH\ira-wakeword\dataset\positive_all\piper_batch_D\819.wav,TTS,200,0.99609375,1
E:\SIH\ira-wakeword\dataset\positive_all\piper_batch_D\819.wav,TTS,300,0.99609375,1
E:\SIH\ira-wakeword\dataset\positive_all\piper_batch_D\819.wav,TTS,400,0.99609375,1
E:\SIH\ira-wakeword\dataset\positive_all\piper_batch_D\829.wav,TTS,0,0.99609375,1
E:\SIH\ira-wakeword\dataset\positive_all\piper_batch_D\829.wav,TTS,100,0.99609375,1
E:\SIH\ira-wakeword\dataset\positive_all\piper_batch_D\829.wav,TTS,200,0.99609375,1
E:\SIH\ira-wakeword\dataset\positive_all\piper_batch_D\829.wav,TTS,300,0.99609375,1
E:\SIH\ira-wakeword\dataset\positive_all\piper_batch_D\829.wav,TTS,400,0.99609375,1
E:\SIH\ira-wakeword\dataset\positive_all\piper_batch_D\829.wav,TTS,500,0.99609375,1
E:\SIH\ira-wakeword\dataset\positive_all\piper_batch_D\830.wav,TTS,0,0.99609375,1
E:\SIH\ira-wakeword\dataset\positive_all\piper_batch_D\830.wav,TTS,100,0.99609375,1
E:\SIH\ira-wakeword\dataset\positive_all\piper_batch_D\830.wav,TTS,200,0.99609375,1
E:\SIH\ira-wakeword\dataset\positive_all\piper_batch_D\830.wav,TTS,300,0.99609375,1
E:\SIH\ira-wakeword\dataset\positive_all\piper_batch_D\830.wav,TTS,400,0.99609375,1
E:\SIH\ira-wakeword\dataset\positive_all\piper_batch_D\830.wav,TTS,500,0.99609375,1
E:\SIH\ira-wakeword\dataset\positive_all\piper_batch_D\860.wav,TTS,0,0.99609375,1
E:\SIH\ira-wakeword\dataset\positive_all\piper_batch_D\860.wav,TTS,100,0.99609375,1
E:\SIH\ira-wakeword\dataset\positive_all\piper_batch_D\860.wav,TTS,200,0.99609375,1
E:\SIH\ira-wakeword\dataset\positive_all\piper_batch_D\860.wav,TTS,300,0.99609375,1
E:\SIH\ira-wakeword\dataset\positive_all\piper_batch_D\860.wav,TTS,400,0.99609375,1
E:\SIH\ira-wakeword\dataset\positive_all\piper_batch_D\860.wav,TTS,500,0.99609375,1
E:\SIH\ira-wakeword\dataset\positive_all\piper_batch_D\871.wav,TTS,0,0.99609375,1
E:\SIH\ira-wakeword\dataset\positive_all\piper_batch_D\871.wav,TTS,100,0.99609375,1
E:\SIH\ira-wakeword\dataset\positive_all\piper_batch_D\871.wav,TTS,200,0.99609375,1
E:\SIH\ira-wakeword\dataset\positive_all\piper_batch_D\871.wav,TTS,300,0.99609375,1
E:\SIH\ira-wakeword\dataset\positive_all\piper_batch_D\871.wav,TTS,400,0.99609375,1
E:\SIH\ira-wakeword\dataset\positive_all\piper_batch_D\871.wav,TTS,500,0.99609375,1
E:\SIH\ira-wakeword\dataset\positive_all\piper_batch_D\885.wav,TTS,0,0.99609375,1
E:\SIH\ira-wakeword\dataset\positive_all\piper_batch_D\885.wav,TTS,100,0.99609375,1
E:\SIH\ira-wakeword\dataset\positive_all\piper_batch_D\885.wav,TTS,200,0.99609375,1
E:\SIH\ira-wakeword\dataset\positive_all\piper_batch_D\885.wav,TTS,300,0.99609375,1
E:\SIH\ira-wakeword\dataset\positive_all\piper_batch_D\885.wav,TTS,400,0.99609375,1
E:\SIH\ira-wakeword\dataset\positive_all\piper_batch_D\885.wav,TTS,500,0.99609375,1
E:\SIH\ira-wakeword\dataset\positive_all\piper_batch_D\893.wav,TTS,0,0.99609375,1
E:\SIH\ira-wakeword\dataset\positive_all\piper_batch_D\893.wav,TTS,100,0.99609375,1
E:\SIH\ira-wakeword\dataset\positive_all\piper_batch_D\893.wav,TTS,200,0.99609375,1
E:\SIH\ira-wakeword\dataset\positive_all\piper_batch_D\893.wav,TTS,300,0.99609375,1
E:\SIH\ira-wakeword\dataset\positive_all\piper_batch_D\893.wav,TTS,400,0.99609375,1
E:\SIH\ira-wakeword\dataset\positive_all\piper_batch_D\895.wav,TTS,0,0.99609375,1
E:\SIH\ira-wakeword\dataset\positive_all\piper_batch_D\895.wav,TTS,100,0.99609375,1
E:\SIH\ira-wakeword\dataset\positive_all\piper_batch_D\895.wav,TTS,200,0.99609375,1
E:\SIH\ira-wakeword\dataset\positive_all\piper_batch_D\895.wav,TTS,300,0.99609375,1
E:\SIH\ira-wakeword\dataset\positive_all\piper_batch_D\895.wav,TTS,400,0.99609375,1
E:\SIH\ira-wakeword\dataset\positive_all\piper_batch_D\895.wav,TTS,500,0.99609375,1
E:\SIH\ira-wakeword\dataset\positive_all\piper_batch_D\906.wav,TTS,0,0.99609375,1
E:\SIH\ira-wakeword\dataset\positive_all\piper_batch_D\906.wav,TTS,100,0.99609375,1
E:\SIH\ira-wakeword\dataset\positive_all\piper_batch_D\906.wav,TTS,200,0.99609375,1
E:\SIH\ira-wakeword\dataset\positive_all\piper_batch_D\906.wav,TTS,300,0.99609375,1
E:\SIH\ira-wakeword\dataset\positive_all\piper_batch_D\906.wav,TTS,400,0.99609375,1
E:\SIH\ira-wakeword\dataset\positive_all\piper_batch_D\906.wav,TTS,500,0.99609375,1
E:\SIH\ira-wakeword\dataset\positive_all\piper_batch_D\918.wav,TTS,0,0.99609375,1
E:\SIH\ira-wakeword\dataset\positive_all\piper_batch_D\918.wav,TTS,100,0.99609375,1
E:\SIH\ira-wakeword\dataset\positive_all\piper_batch_D\918.wav,TTS,200,0.99609375,1
E:\SIH\ira-wakeword\dataset\positive_all\piper_batch_D\918.wav,TTS,300,0.99609375,1
E:\SIH\ira-wakeword\dataset\positive_all\piper_batch_D\918.wav,TTS,400,0.99609375,1
E:\SIH\ira-wakeword\dataset\positive_all\piper_batch_D\918.wav,TTS,500,0.99609375,1
E:\SIH\ira-wakeword\dataset\positive_all\piper_batch_D\932.wav,TTS,0,0.99609375,1
E:\SIH\ira-wakeword\dataset\positive_all\piper_batch_D\932.wav,TTS,100,0.99609375,1
E:\SIH\ira-wakeword\dataset\positive_all\piper_batch_D\932.wav,TTS,200,0.99609375,1
E:\SIH\ira-wakeword\dataset\positive_all\piper_batch_D\932.wav,TTS,300,0.99609375,1
E:\SIH\ira-wakeword\dataset\positive_all\piper_batch_D\932.wav,TTS,400,0.99609375,1
E:\SIH\ira-wakeword\dataset\positive_all\piper_batch_D\932.wav,TTS,500,0.99609375,1
E:\SIH\ira-wakeword\dataset\positive_all\piper_batch_D\932.wav,TTS,600,0.99609375,1
E:\SIH\ira-wakeword\dataset\positive_all\piper_batch_D\948.wav,TTS,0,0.99609375,1
E:\SIH\ira-wakeword\dataset\positive_all\piper_batch_D\948.wav,TTS,100,0.99609375,1
E:\SIH\ira-wakeword\dataset\positive_all\piper_batch_D\948.wav,TTS,200,0.99609375,1
E:\SIH\ira-wakeword\dataset\positive_all\piper_batch_D\948.wav,TTS,300,0.99609375,1
E:\SIH\ira-wakeword\dataset\positive_all\piper_batch_D\948.wav,TTS,400,0.99609375,1
E:\SIH\ira-wakeword\dataset\positive_all\piper_batch_D\948.wav,TTS,500,0.99609375,1
E:\SIH\ira-wakeword\dataset\positive_all\piper_batch_D\949.wav,TTS,0,0.99609375,1
E:\SIH\ira-wakeword\dataset\positive_all\piper_batch_D\949.wav,TTS,100,0.99609375,1
E:\SIH\ira-wakeword\dataset\positive_all\piper_batch_D\949.wav,TTS,200,0.99609375,1
E:\SIH\ira-wakeword\dataset\positive_all\piper_batch_D\949.wav,TTS,300,0.99609375,1
E:\SIH\ira-wakeword\dataset\positive_all\piper_batch_D\949.wav,TTS,400,0.99609375,1
E:\SIH\ira-wakeword\dataset\positive_all\piper_batch_D\949.wav,TTS,500,0.99609375,1
E:\SIH\ira-wakeword\dataset\positive_all\piper_batch_D\957.wav,TTS,0,0.99609375,1
E:\SIH\ira-wakeword\dataset\positive_all\piper_batch_D\957.wav,TTS,100,0.99609375,1
E:\SIH\ira-wakeword\dataset\positive_all\piper_batch_D\957.wav,TTS,200,0.99609375,1
E:\SIH\ira-wakeword\dataset\positive_all\piper_batch_D\957.wav,TTS,300,0.99609375,1
E:\SIH\ira-wakeword\dataset\positive_all\piper_batch_D\957.wav,TTS,400,0.99609375,1
E:\SIH\ira-wakeword\dataset\positive_all\piper_batch_D\966.wav,TTS,0,0.99609375,1
E:\SIH\ira-wakeword\dataset\positive_all\piper_batch_D\966.wav,TTS,100,0.99609375,1
E:\SIH\ira-wakeword\dataset\positive_all\piper_batch_D\966.wav,TTS,200,0.99609375,1
E:\SIH\ira-wakeword\dataset\positive_all\piper_batch_D\966.wav,TTS,300,0.99609375,1
E:\SIH\ira-wakeword\dataset\positive_all\piper_batch_D\966.wav,TTS,400,0.99609375,1
E:\SIH\ira-wakeword\dataset\positive_all\piper_batch_D\966.wav,TTS,500,0.99609375,1
E:\SIH\ira-wakeword\dataset\positive_all\piper_batch_D\966.wav,TTS,600,0.99609375,1
E:\SIH\ira-wakeword\dataset\positive_all\piper_batch_D\972.wav,TTS,0,0.99609375,1
E:\SIH\ira-wakeword\dataset\positive_all\piper_batch_D\972.wav,TTS,100,0.99609375,1
E:\SIH\ira-wakeword\dataset\positive_all\piper_batch_D\972.wav,TTS,200,0.99609375,1
E:\SIH\ira-wakeword\dataset\positive_all\piper_batch_D\972.wav,TTS,300,0.99609375,1
E:\SIH\ira-wakeword\dataset\positive_all\piper_batch_D\972.wav,TTS,400,0.99609375,1
E:\SIH\ira-wakeword\dataset\positive_all\piper_batch_D\972.wav,TTS,500,0.99609375,1
E:\SIH\ira-wakeword\dataset\positive_all\piper_batch_D\972.wav,TTS,600,0.99609375,1
E:\SIH\ira-wakeword\dataset\positive_all\piper_batch_D\979.wav,TTS,0,0.99609375,1
E:\SIH\ira-wakeword\dataset\positive_all\piper_batch_D\979.wav,TTS,100,0.99609375,1
E:\SIH\ira-wakeword\dataset\positive_all\piper_batch_D\979.wav,TTS,200,0.99609375,1
E:\SIH\ira-wakeword\dataset\positive_all\piper_batch_D\979.wav,TTS,300,0.99609375,1
E:\SIH\ira-wakeword\dataset\positive_all\piper_batch_D\979.wav,TTS,400,0.99609375,1
E:\SIH\ira-wakeword\dataset\positive_all\piper_batch_D\979.wav,TTS,500,0.99609375,1
E:\SIH\ira-wakeword\dataset\positive_all\piper_batch_D\985.wav,TTS,0,0.99609375,1
E:\SIH\ira-wakeword\dataset\positive_all\piper_batch_D\985.wav,TTS,100,0.99609375,1
E:\SIH\ira-wakeword\dataset\positive_all\piper_batch_D\985.wav,TTS,200,0.99609375,1
E:\SIH\ira-wakeword\dataset\positive_all\piper_batch_D\985.wav,TTS,300,0.99609375,1
E:\SIH\ira-wakeword\dataset\positive_all\piper_batch_D\985.wav,TTS,400,0.99609375,1
E:\SIH\ira-wakeword\dataset\positive_all\piper_batch_D\985.wav,TTS,500,0.99609375,1
