path,speaker_id,V2_score
E:\SIH\ira-wakeword\dataset\negative\speech\118_118-47824-0000_neg_013.wav,118,0.591754
E:\SIH\ira-wakeword\dataset\negative\speech\118_118-47824-0001_neg_001.wav,118,0.084509
E:\SIH\ira-wakeword\dataset\negative\speech\118_118-47824-0001_neg_009.wav,118,0.920323
E:\SIH\ira-wakeword\dataset\negative\speech\118_118-47824-0001_neg_013.wav,118,0.750754
E:\SIH\ira-wakeword\dataset\negative\speech\118_118-47824-0004_neg_003.wav,118,0.003994
E:\SIH\ira-wakeword\dataset\negative\speech\118_118-47824-0004_neg_004.wav,118,0.035230
E:\SIH\ira-wakeword\dataset\negative\speech\118_118-47824-0005_neg_003.wav,118,0.053729
E:\SIH\ira-wakeword\dataset\negative\speech\118_118-47824-0005_neg_009.wav,118,0.874768
E:\SIH\ira-wakeword\dataset\negative\speech\118_118-47824-0005_neg_010.wav,118,0.001803
E:\SIH\ira-wakeword\dataset\negative\speech\118_118-47824-0006_neg_000.wav,118,0.373653
E:\SIH\ira-wakeword\dataset\negative\speech\118_118-47824-0006_neg_005.wav,118,0.180270
E:\SIH\ira-wakeword\dataset\negative\speech\118_118-47824-0006_neg_010.wav,118,0.179106
E:\SIH\ira-wakeword\dataset\negative\speech\118_118-47824-0007_neg_006.wav,118,0.468063
E:\SIH\ira-wakeword\dataset\negative\speech\118_118-47824-0008_neg_001.wav,118,0.144229
E:\SIH\ira-wakeword\dataset\negative\speech\118_118-47824-0008_neg_010.wav,118,0.475476
E:\SIH\ira-wakeword\dataset\negative\speech\118_118-47824-0008_neg_013.wav,118,0.120995
E:\SIH\ira-wakeword\dataset\negative\speech\118_118-47824-0009_neg_004.wav,118,0.011386
E:\SIH\ira-wakeword\dataset\negative\speech\118_118-47824-0009_neg_007.wav,118,0.454523
E:\SIH\ira-wakeword\dataset\negative\speech\118_118-47824-0009_neg_008.wav,118,0.039817
E:\SIH\ira-wakeword\dataset\negative\speech\118_118-47824-0010_neg_008.wav,118,0.037638
E:\SIH\ira-wakeword\dataset\negative\speech\118_118-47824-0011_neg_000.wav,118,0.153125
E:\SIH\ira-wakeword\dataset\negative\speech\118_118-47824-0011_neg_006.wav,118,0.438081
E:\SIH\ira-wakeword\dataset\negative\speech\118_118-47824-0011_neg_010.wav,118,0.619666
E:\SIH\ira-wakeword\dataset\negative\speech\118_118-47824-0011_neg_012.wav,118,0.533929
E:\SIH\ira-wakeword\dataset\negative\speech\118_118-47824-0014_neg_003.wav,118,0.212187
E:\SIH\ira-wakeword\dataset\negative\speech\118_118-47824-0014_neg_007.wav,118,0.139899
E:\SIH\ira-wakeword\dataset\negative\speech\118_118-47824-0014_neg_008.wav,118,0.128584
E:\SIH\ira-wakeword\dataset\negative\speech\118_118-47824-0015_neg_000.wav,118,0.159228
E:\SIH\ira-wakeword\dataset\negative\speech\118_118-47824-0016_neg_001.wav,118,0.060991
E:\SIH\ira-wakeword\dataset\negative\speech\118_118-47824-0016_neg_007.wav,118,0.186892
E:\SIH\ira-wakeword\dataset\negative\speech\118_118-47824-0016_neg_011.wav,118,0.681446
E:\SIH\ira-wakeword\dataset\negative\speech\118_118-47824-0016_neg_013.wav,118,0.059955
E:\SIH\ira-wakeword\dataset\negative\speech\118_118-47824-0017_neg_003.wav,118,0.063473
E:\SIH\ira-wakeword\dataset\negative\speech\118_118-47824-0017_neg_004.wav,118,0.051604
E:\SIH\ira-wakeword\dataset\negative\speech\118_118-47824-0017_neg_007.wav,118,0.072322
E:\SIH\ira-wakeword\dataset\negative\speech\118_118-47824-0017_neg_010.wav,118,0.019576
E:\SIH\ira-wakeword\dataset\negative\speech\118_118-47824-0018_neg_001.wav,118,0.005167
E:\SIH\ira-wakeword\dataset\negative\speech\118_118-47824-0018_neg_008.wav,118,0.010217
E:\SIH\ira-wakeword\dataset\negative\speech\118_118-47824-0018_neg_010.wav,118,0.049167
E:\SIH\ira-wakeword\dataset\negative\speech\118_118-47824-0019_neg_007.wav,118,0.361654
E:\SIH\ira-wakeword\dataset\negative\speech\118_118-47824-0019_neg_008.wav,118,0.029737
E:\SIH\ira-wakeword\dataset\negative\speech\118_118-47824-0020_neg_001.wav,118,0.157142
E:\SIH\ira-wakeword\dataset\negative\speech\118_118-47824-0020_neg_004.wav,118,0.674364
E:\SIH\ira-wakeword\dataset\negative\speech\118_118-47824-0022_neg_001.wav,118,0.146227
E:\SIH\ira-wakeword\dataset\negative\speech\118_118-47824-0023_neg_001.wav,118,0.022098
E:\SIH\ira-wakeword\dataset\negative\speech\118_118-47824-0023_neg_003.wav,118,0.053842
E:\SIH\ira-wakeword\dataset\negative\speech\118_118-47824-0024_neg_003.wav,118,0.019238
E:\SIH\ira-wakeword\dataset\negative\speech\118_118-47824-0024_neg_007.wav,118,0.560828
E:\SIH\ira-wakeword\dataset\negative\speech\118_118-47824-0024_neg_009.wav,118,0.013820
E:\SIH\ira-wakeword\dataset\negative\speech\118_118-47824-0027_neg_003.wav,118,0.001935
E:\SIH\ira-wakeword\dataset\negative\speech\118_118-47824-0027_neg_011.wav,118,0.389610
E:\SIH\ira-wakeword\dataset\negative\speech\118_118-47824-0028_neg_000.wav,118,0.065278
E:\SIH\ira-wakeword\dataset\negative\speech\118_118-47824-0028_neg_002.wav,118,0.075779
E:\SIH\ira-wakeword\dataset\negative\speech\118_118-47824-0029_neg_000.wav,118,0.337695
E:\SIH\ira-wakeword\dataset\negative\speech\118_118-47824-0029_neg_005.wav,118,0.233542
E:\SIH\ira-wakeword\dataset\negative\speech\118_118-47824-0029_neg_009.wav,118,0.006171
E:\SIH\ira-wakeword\dataset\negative\speech\118_118-47824-0029_neg_011.wav,118,0.394551
E:\SIH\ira-wakeword\dataset\negative\speech\118_118-47824-0029_neg_013.wav,118,0.049971
E:\SIH\ira-wakeword\dataset\negative\speech\118_118-47824-0031_neg_008.wav,118,0.018908
E:\SIH\ira-wakeword\dataset\negative\speech\118_118-47824-0032_neg_000.wav,118,0.005702
E:\SIH\ira-wakeword\dataset\negative\speech\118_118-47824-0034_neg_002.wav,118,0.102715
E:\SIH\ira-wakeword\dataset\negative\speech\118_118-47824-0034_neg_006.wav,118,0.531000
E:\SIH\ira-wakeword\dataset\negative\speech\118_118-47824-0034_neg_008.wav,118,0.559099
E:\SIH\ira-wakeword\dataset\negative\speech\118_118-47824-0034_neg_009.wav,118,0.504265
E:\SIH\ira-wakeword\dataset\negative\speech\118_118-47824-0037_neg_000.wav,118,0.942390
E:\SIH\ira-wakeword\dataset\negative\speech\118_118-47824-0037_neg_005.wav,118,0.214311
E:\SIH\ira-wakeword\dataset\negative\speech\118_118-47824-0037_neg_007.wav,118,0.616839
E:\SIH\ira-wakeword\dataset\negative\speech\118_118-47824-0038_neg_001.wav,118,0.024344
E:\SIH\ira-wakeword\dataset\negative\speech\118_118-47824-0038_neg_005.wav,118,0.205856
E:\SIH\ira-wakeword\dataset\negative\speech\118_118-47824-0038_neg_013.wav,118,0.228746
E:\SIH\ira-wakeword\dataset\negative\speech\118_118-47824-0039_neg_006.wav,118,0.547116
E:\SIH\ira-wakeword\dataset\negative\speech\118_118-47824-0039_neg_011.wav,118,0.179930
E:\SIH\ira-wakeword\dataset\negative\speech\118_118-47824-0041_neg_000.wav,118,0.435817
E:\SIH\ira-wakeword\dataset\negative\speech\118_118-47824-0041_neg_003.wav,118,0.007726
E:\SIH\ira-wakeword\dataset\negative\speech\118_118-47824-0043_neg_001.wav,118,0.850624
E:\SIH\ira-wakeword\dataset\negative\speech\118_118-47824-0043_neg_002.wav,118,0.304843
E:\SIH\ira-wakeword\dataset\negative\speech\118_118-47824-0043_neg_003.wav,118,0.579313
E:\SIH\ira-wakeword\dataset\negative\speech\118_118-47824-0044_neg_005.wav,118,0.406446
E:\SIH\ira-wakeword\dataset\negative\speech\118_118-47824-0045_neg_005.wav,118,0.117605
E:\SIH\ira-wakeword\dataset\negative\speech\118_118-47824-0047_neg_005.wav,118,0.123982
E:\SIH\ira-wakeword\dataset\negative\speech\118_118-47824-0047_neg_007.wav,118,0.754339
E:\SIH\ira-wakeword\dataset\negative\speech\118_118-47824-0048_neg_001.wav,118,0.573389
E:\SIH\ira-wakeword\dataset\negative\speech\118_118-47824-0048_neg_002.wav,118,0.880798
E:\SIH\ira-wakeword\dataset\negative\speech\118_118-47824-0049_neg_003.wav,118,0.061346
E:\SIH\ira-wakeword\dataset\negative\speech\118_118-47824-0049_neg_011.wav,118,0.030906
E:\SIH\ira-wakeword\dataset\negative\speech\118_118-47824-0051_neg_012.wav,118,0.172476
E:\SIH\ira-wakeword\dataset\negative\speech\118_118-47824-0051_neg_014.wav,118,0.233506
E:\SIH\ira-wakeword\dataset\negative\speech\118_118-47824-0052_neg_006.wav,118,0.396887
E:\SIH\ira-wakeword\dataset\negative\speech\118_118-47824-0053_neg_008.wav,118,0.701508
E:\SIH\ira-wakeword\dataset\negative\speech\118_118-47824-0053_neg_010.wav,118,0.036033
E:\SIH\ira-wakeword\dataset\negative\speech\118_118-47824-0054_neg_001.wav,118,0.260647
E:\SIH\ira-wakeword\dataset\negative\speech\118_118-47824-0055_neg_000.wav,118,0.131964
E:\SIH\ira-wakeword\dataset\negative\speech\118_118-47824-0055_neg_005.wav,118,0.249599
E:\SIH\ira-wakeword\dataset\negative\speech\118_118-47824-0055_neg_008.wav,118,0.078514
E:\SIH\ira-wakeword\dataset\negative\speech\118_118-47824-0055_neg_010.wav,118,0.318824
E:\SIH\ira-wakeword\dataset\negative\speech\118_118-47824-0055_neg_012.wav,118,0.460264
E:\SIH\ira-wakeword\dataset\negative\speech\118_118-47824-0057_neg_002.wav,118,0.017128
E:\SIH\ira-wakeword\dataset\negative\speech\118_118-47824-0058_neg_005.wav,118,0.043537
E:\SIH\ira-wakeword\dataset\negative\speech\118_118-47824-0058_neg_007.wav,118,0.850312
E:\SIH\ira-wakeword\dataset\negative\speech\118_118-47824-0059_neg_001.wav,118,0.646845
E:\SIH\ira-wakeword\dataset\negative\speech\118_118-47824-0059_neg_009.wav,118,0.355784
E:\SIH\ira-wakeword\dataset\negative\speech\118_118-47824-0060_neg_000.wav,118,0.001924
E:\SIH\ira-wakeword\dataset\negative\speech\118_118-47824-0062_neg_000.wav,118,0.217427
E:\SIH\ira-wakeword\dataset\negative\speech\118_118-47824-0062_neg_003.wav,118,0.150270
E:\SIH\ira-wakeword\dataset\negative\speech\118_118-47824-0062_neg_007.wav,118,0.024722
E:\SIH\ira-wakeword\dataset\negative\speech\118_118-47824-0064_neg_004.wav,118,0.073727
E:\SIH\ira-wakeword\dataset\negative\speech\118_118-47824-0064_neg_009.wav,118,0.085512
E:\SIH\ira-wakeword\dataset\negative\speech\118_118-47824-0066_neg_004.wav,118,0.034978
E:\SIH\ira-wakeword\dataset\negative\speech\118_118-47824-0067_neg_002.wav,118,0.458401
E:\SIH\ira-wakeword\dataset\negative\speech\118_118-47824-0068_neg_002.wav,118,0.592739
E:\SIH\ira-wakeword\dataset\negative\speech\118_118-47824-0068_neg_003.wav,118,0.749343
E:\SIH\ira-wakeword\dataset\negative\speech\118_118-47824-0068_neg_006.wav,118,0.735752
E:\SIH\ira-wakeword\dataset\negative\speech\118_118-47824-0069_neg_000.wav,118,0.788296
E:\SIH\ira-wakeword\dataset\negative\speech\118_118-47824-0070_neg_007.wav,118,0.923728
E:\SIH\ira-wakeword\dataset\negative\speech\118_118-47824-0070_neg_011.wav,118,0.094403
E:\SIH\ira-wakeword\dataset\negative\speech\118_118-47824-0070_neg_014.wav,118,0.022235
E:\SIH\ira-wakeword\dataset\negative\speech\118_118-47824-0074_neg_004.wav,118,0.603932
E:\SIH\ira-wakeword\dataset\negative\speech\118_118-47824-0074_neg_007.wav,118,0.663347
E:\SIH\ira-wakeword\dataset\negative\speech\118_118-47824-0075_neg_008.wav,118,0.143185
E:\SIH\ira-wakeword\dataset\negative\speech\118_118-47824-0075_neg_014.wav,118,0.077129
E:\SIH\ira-wakeword\dataset\negative\speech\118_118-47824-0077_neg_000.wav,118,0.259817
E:\SIH\ira-wakeword\dataset\negative\speech\118_118-47824-0077_neg_009.wav,118,0.054026
E:\SIH\ira-wakeword\dataset\negative\speech\118_118-47824-0078_neg_007.wav,118,0.151405
E:\SIH\ira-wakeword\dataset\negative\speech\118_118-47824-0078_neg_009.wav,118,0.072282
E:\SIH\ira-wakeword\dataset\negative\speech\118_118-47824-0078_neg_011.wav,118,0.027537
E:\SIH\ira-wakeword\dataset\negative\speech\118_118-47824-0079_neg_000.wav,118,0.908738
E:\SIH\ira-wakeword\dataset\negative\speech\118_118-47824-0079_neg_004.wav,118,0.235780
E:\SIH\ira-wakeword\dataset\negative\speech\118_118-47824-0079_neg_006.wav,118,0.223725
E:\SIH\ira-wakeword\dataset\negative\speech\118_118-47824-0080_neg_003.wav,118,0.028856
E:\SIH\ira-wakeword\dataset\negative\speech\118_118-47824-0080_neg_005.wav,118,0.770928
E:\SIH\ira-wakeword\dataset\negative\speech\118_118-47824-0080_neg_008.wav,118,0.034024
E:\SIH\ira-wakeword\dataset\negative\speech\118_118-47824-0080_neg_009.wav,118,0.851598
E:\SIH\ira-wakeword\dataset\negative\speech\118_118-47824-0081_neg_004.wav,118,0.340955
E:\SIH\ira-wakeword\dataset\negative\speech\118_118-47824-0081_neg_011.wav,118,0.021017
E:\SIH\ira-wakeword\dataset\negative\speech\118_118-47824-0082_neg_001.wav,118,0.159247
E:\SIH\ira-wakeword\dataset\negative\speech\118_118-47824-0082_neg_002.wav,118,0.049637
E:\SIH\ira-wakeword\dataset\negative\speech\118_118-47824-0082_neg_004.wav,118,0.062604
E:\SIH\ira-wakeword\dataset\negative\speech\118_118-47824-0083_neg_003.wav,118,0.437287
E:\SIH\ira-wakeword\dataset\negative\speech\118_118-47824-0083_neg_004.wav,118,0.348205
E:\SIH\ira-wakeword\dataset\negative\speech\118_118-47824-0083_neg_009.wav,118,0.047792
E:\SIH\ira-wakeword\dataset\negative\speech\118_118-47824-0083_neg_010.wav,118,0.115133
E:\SIH\ira-wakeword\dataset\negative\speech\118_118-47824-0085_neg_002.wav,118,0.548276
E:\SIH\ira-wakeword\dataset\negative\speech\118_118-47824-0086_neg_003.wav,118,0.014798
E:\SIH\ira-wakeword\dataset\negative\speech\163_163-122947-0000_neg_000.wav,163,0.171818
E:\SIH\ira-wakeword\dataset\negative\speech\163_163-122947-0001_neg_013.wav,163,0.165980
E:\SIH\ira-wakeword\dataset\negative\speech\163_163-122947-0002_neg_006.wav,163,0.398709
E:\SIH\ira-wakeword\dataset\negative\speech\163_163-122947-0003_neg_013.wav,163,0.196227
E:\SIH\ira-wakeword\dataset\negative\speech\163_163-122947-0004_neg_000.wav,163,0.157100
E:\SIH\ira-wakeword\dataset\negative\speech\163_163-122947-0005_neg_008.wav,163,0.133394
E:\SIH\ira-wakeword\dataset\negative\speech\163_163-122947-0005_neg_010.wav,163,0.482903
E:\SIH\ira-wakeword\dataset\negative\speech\163_163-122947-0009_neg_004.wav,163,0.936159
E:\SIH\ira-wakeword\dataset\negative\speech\163_163-122947-0009_neg_007.wav,163,0.051916
E:\SIH\ira-wakeword\dataset\negative\speech\163_163-122947-0009_neg_011.wav,163,0.301130
E:\SIH\ira-wakeword\dataset\negative\speech\163_163-122947-0010_neg_005.wav,163,0.084190
E:\SIH\ira-wakeword\dataset\negative\speech\163_163-122947-0013_neg_011.wav,163,0.409479
E:\SIH\ira-wakeword\dataset\negative\speech\163_163-122947-0014_neg_002.wav,163,0.418538
E:\SIH\ira-wakeword\dataset\negative\speech\163_163-122947-0016_neg_004.wav,163,0.951290
E:\SIH\ira-wakeword\dataset\negative\speech\163_163-122947-0016_neg_006.wav,163,0.371136
E:\SIH\ira-wakeword\dataset\negative\speech\163_163-122947-0016_neg_008.wav,163,0.206237
E:\SIH\ira-wakeword\dataset\negative\speech\163_163-122947-0016_neg_009.wav,163,0.975307
E:\SIH\ira-wakeword\dataset\negative\speech\163_163-122947-0017_neg_010.wav,163,0.024214
E:\SIH\ira-wakeword\dataset\negative\speech\163_163-122947-0018_neg_000.wav,163,0.970997
E:\SIH\ira-wakeword\dataset\negative\speech\163_163-122947-0018_neg_002.wav,163,0.000273
E:\SIH\ira-wakeword\dataset\negative\speech\163_163-122947-0019_neg_002.wav,163,0.007806
E:\SIH\ira-wakeword\dataset\negative\speech\163_163-122947-0019_neg_005.wav,163,0.017438
E:\SIH\ira-wakeword\dataset\negative\speech\163_163-122947-0019_neg_007.wav,163,0.076395
E:\SIH\ira-wakeword\dataset\negative\speech\163_163-122947-0020_neg_000.wav,163,0.485705
E:\SIH\ira-wakeword\dataset\negative\speech\163_163-122947-0020_neg_001.wav,163,0.483141
E:\SIH\ira-wakeword\dataset\negative\speech\163_163-122947-0020_neg_003.wav,163,0.000384
E:\SIH\ira-wakeword\dataset\negative\speech\163_163-122947-0020_neg_009.wav,163,0.621106
E:\SIH\ira-wakeword\dataset\negative\speech\163_163-122947-0020_neg_011.wav,163,0.037639
E:\SIH\ira-wakeword\dataset\negative\speech\163_163-122947-0020_neg_013.wav,163,0.024004
E:\SIH\ira-wakeword\dataset\negative\speech\163_163-122947-0021_neg_005.wav,163,0.354072
E:\SIH\ira-wakeword\dataset\negative\speech\163_163-122947-0021_neg_008.wav,163,0.916482
E:\SIH\ira-wakeword\dataset\negative\speech\163_163-122947-0022_neg_001.wav,163,0.985414
E:\SIH\ira-wakeword\dataset\negative\speech\163_163-122947-0023_neg_000.wav,163,0.683273
E:\SIH\ira-wakeword\dataset\negative\speech\163_163-122947-0024_neg_003.wav,163,0.001738
E:\SIH\ira-wakeword\dataset\negative\speech\163_163-122947-0025_neg_008.wav,163,0.710936
E:\SIH\ira-wakeword\dataset\negative\speech\163_163-122947-0026_neg_012.wav,163,0.957816
E:\SIH\ira-wakeword\dataset\negative\speech\163_163-122947-0026_neg_013.wav,163,0.025741
E:\SIH\ira-wakeword\dataset\negative\speech\163_163-122947-0027_neg_000.wav,163,0.043156
E:\SIH\ira-wakeword\dataset\negative\speech\163_163-122947-0027_neg_011.wav,163,0.690642
E:\SIH\ira-wakeword\dataset\negative\speech\163_163-122947-0028_neg_004.wav,163,0.122183
E:\SIH\ira-wakeword\dataset\negative\speech\163_163-122947-0028_neg_005.wav,163,0.400523
E:\SIH\ira-wakeword\dataset\negative\speech\163_163-122947-0028_neg_007.wav,163,0.000237
E:\SIH\ira-wakeword\dataset\negative\speech\163_163-122947-0028_neg_008.wav,163,0.178737
E:\SIH\ira-wakeword\dataset\negative\speech\163_163-122947-0030_neg_010.wav,163,0.416882
E:\SIH\ira-wakeword\dataset\negative\speech\163_163-122947-0031_neg_002.wav,163,0.000102
E:\SIH\ira-wakeword\dataset\negative\speech\163_163-122947-0031_neg_004.wav,163,0.226249
E:\SIH\ira-wakeword\dataset\negative\speech\163_163-122947-0031_neg_005.wav,163,0.265981
E:\SIH\ira-wakeword\dataset\negative\speech\163_163-122947-0031_neg_012.wav,163,0.129073
E:\SIH\ira-wakeword\dataset\negative\speech\163_163-122947-0032_neg_008.wav,163,0.407576
E:\SIH\ira-wakeword\dataset\negative\speech\163_163-122947-0034_neg_000.wav,163,0.990998
E:\SIH\ira-wakeword\dataset\negative\speech\163_163-122947-0034_neg_012.wav,163,0.691947
E:\SIH\ira-wakeword\dataset\negative\speech\163_163-122947-0035_neg_004.wav,163,0.599556
E:\SIH\ira-wakeword\dataset\negative\speech\163_163-122947-0036_neg_004.wav,163,0.508584
E:\SIH\ira-wakeword\dataset\negative\speech\163_163-122947-0037_neg_007.wav,163,0.124418
E:\SIH\ira-wakeword\dataset\negative\speech\163_163-122947-0037_neg_011.wav,163,0.442295
E:\SIH\ira-wakeword\dataset\negative\speech\163_163-122947-0037_neg_013.wav,163,0.134142
E:\SIH\ira-wakeword\dataset\negative\speech\163_163-122947-0038_neg_012.wav,163,0.057426
E:\SIH\ira-wakeword\dataset\negative\speech\163_163-122947-0039_neg_005.wav,163,0.128249
E:\SIH\ira-wakeword\dataset\negative\speech\163_163-122947-0040_neg_002.wav,163,0.016056
E:\SIH\ira-wakeword\dataset\negative\speech\163_163-122947-0040_neg_010.wav,163,0.397811
E:\SIH\ira-wakeword\dataset\negative\speech\163_163-122947-0042_neg_004.wav,163,0.119340
E:\SIH\ira-wakeword\dataset\negative\speech\163_163-122947-0043_neg_002.wav,163,0.403489
E:\SIH\ira-wakeword\dataset\negative\speech\163_163-122947-0043_neg_004.wav,163,0.315831
E:\SIH\ira-wakeword\dataset\negative\speech\163_163-122947-0044_neg_011.wav,163,0.803989
E:\SIH\ira-wakeword\dataset\negative\speech\163_163-122947-0046_neg_001.wav,163,0.820821
E:\SIH\ira-wakeword\dataset\negative\speech\163_163-122947-0048_neg_001.wav,163,0.035884
E:\SIH\ira-wakeword\dataset\negative\speech\163_163-122947-0049_neg_002.wav,163,0.011659
E:\SIH\ira-wakeword\dataset\negative\speech\163_163-122947-0049_neg_006.wav,163,0.260954
E:\SIH\ira-wakeword\dataset\negative\speech\163_163-122947-0050_neg_005.wav,163,0.102443
E:\SIH\ira-wakeword\dataset\negative\speech\163_163-122947-0051_neg_014.wav,163,0.416937
E:\SIH\ira-wakeword\dataset\negative\speech\163_163-122947-0052_neg_004.wav,163,0.179402
E:\SIH\ira-wakeword\dataset\negative\speech\163_163-122947-0053_neg_010.wav,163,0.555982
E:\SIH\ira-wakeword\dataset\negative\speech\163_163-122947-0054_neg_007.wav,163,0.075112
E:\SIH\ira-wakeword\dataset\negative\speech\163_163-122947-0054_neg_011.wav,163,0.671303
E:\SIH\ira-wakeword\dataset\negative\speech\163_163-122947-0054_neg_013.wav,163,0.000124
E:\SIH\ira-wakeword\dataset\negative\speech\163_163-122947-0055_neg_002.wav,163,0.000218
E:\SIH\ira-wakeword\dataset\negative\speech\163_163-122947-0055_neg_003.wav,163,0.229624
E:\SIH\ira-wakeword\dataset\negative\speech\163_163-122947-0055_neg_007.wav,163,0.218311
E:\SIH\ira-wakeword\dataset\negative\speech\163_163-122947-0056_neg_000.wav,163,0.221477
E:\SIH\ira-wakeword\dataset\negative\speech\163_163-122947-0056_neg_006.wav,163,0.116904
E:\SIH\ira-wakeword\dataset\negative\speech\163_163-122947-0056_neg_012.wav,163,0.000247
E:\SIH\ira-wakeword\dataset\negative\speech\163_163-122947-0057_neg_003.wav,163,0.010145
E:\SIH\ira-wakeword\dataset\negative\speech\163_163-122947-0057_neg_006.wav,163,0.059707
E:\SIH\ira-wakeword\dataset\negative\speech\163_163-122947-0058_neg_001.wav,163,0.912130
E:\SIH\ira-wakeword\dataset\negative\speech\163_163-122947-0059_neg_008.wav,163,0.411805
E:\SIH\ira-wakeword\dataset\negative\speech\163_163-122947-0061_neg_004.wav,163,0.124199
E:\SIH\ira-wakeword\dataset\negative\speech\163_163-122947-0061_neg_011.wav,163,0.807270
E:\SIH\ira-wakeword\dataset\negative\speech\163_163-122947-0062_neg_003.wav,163,0.018991
E:\SIH\ira-wakeword\dataset\negative\speech\163_163-122947-0062_neg_007.wav,163,0.974045
E:\SIH\ira-wakeword\dataset\negative\speech\163_163-122947-0063_neg_003.wav,163,0.429287
E:\SIH\ira-wakeword\dataset\negative\speech\163_163-122947-0063_neg_006.wav,163,0.530073
E:\SIH\ira-wakeword\dataset\negative\speech\163_163-122947-0063_neg_008.wav,163,0.785631
E:\SIH\ira-wakeword\dataset\negative\speech\163_163-122947-0065_neg_000.wav,163,0.041288
E:\SIH\ira-wakeword\dataset\negative\speech\163_163-122947-0066_neg_007.wav,163,0.339066
E:\SIH\ira-wakeword\dataset\negative\speech\163_163-122947-0066_neg_008.wav,163,0.350402
E:\SIH\ira-wakeword\dataset\negative\speech\163_163-122947-0067_neg_013.wav,163,0.755363
E:\SIH\ira-wakeword\dataset\negative\speech\163_163-122947-0068_neg_002.wav,163,0.118521
E:\SIH\ira-wakeword\dataset\negative\speech\163_163-122947-0068_neg_005.wav,163,0.083999
E:\SIH\ira-wakeword\dataset\negative\speech\163_163-122947-0068_neg_006.wav,163,0.230726
E:\SIH\ira-wakeword\dataset\negative\speech\163_163-122947-0068_neg_011.wav,163,0.084088
E:\SIH\ira-wakeword\dataset\negative\speech\163_163-122947-0069_neg_006.wav,163,0.812829
E:\SIH\ira-wakeword\dataset\negative\speech\163_163-122947-0069_neg_008.wav,163,0.291621
E:\SIH\ira-wakeword\dataset\negative\speech\163_163-122947-0070_neg_007.wav,163,0.669175
E:\SIH\ira-wakeword\dataset\negative\speech\163_163-122947-0071_neg_004.wav,163,0.069612
E:\SIH\ira-wakeword\dataset\negative\speech\163_163-122947-0071_neg_010.wav,163,0.116024
E:\SIH\ira-wakeword\dataset\negative\speech\163_163-122947-0071_neg_013.wav,163,0.240758
E:\SIH\ira-wakeword\dataset\negative\speech\163_163-122947-0072_neg_011.wav,163,0.293369
E:\SIH\ira-wakeword\dataset\negative\speech\163_163-122947-0074_neg_004.wav,163,0.901232
E:\SIH\ira-wakeword\dataset\negative\speech\163_163-122947-0074_neg_008.wav,163,0.828578
E:\SIH\ira-wakeword\dataset\negative\speech\163_163-122947-0074_neg_010.wav,163,0.966491
E:\SIH\ira-wakeword\dataset\negative\speech\163_163-122947-0075_neg_010.wav,163,0.500332
E:\SIH\ira-wakeword\dataset\negative\speech\163_163-122947-0076_neg_005.wav,163,0.938272
E:\SIH\ira-wakeword\dataset\negative\speech\163_163-122947-0076_neg_007.wav,163,0.932253
E:\SIH\ira-wakeword\dataset\negative\speech\163_163-122947-0077_neg_001.wav,163,0.083134
E:\SIH\ira-wakeword\dataset\negative\speech\163_163-122947-0077_neg_005.wav,163,0.847281
E:\SIH\ira-wakeword\dataset\negative\speech\163_163-122947-0080_neg_005.wav,163,0.106026
E:\SIH\ira-wakeword\dataset\negative\speech\163_163-122947-0080_neg_010.wav,163,0.417200
E:\SIH\ira-wakeword\dataset\negative\speech\163_163-122947-0081_neg_005.wav,163,0.127923
E:\SIH\ira-wakeword\dataset\negative\speech\163_163-122947-0082_neg_003.wav,163,0.141169
E:\SIH\ira-wakeword\dataset\negative\speech\163_163-122947-0084_neg_000.wav,163,0.118714
E:\SIH\ira-wakeword\dataset\negative\speech\163_163-122947-0084_neg_001.wav,163,0.026654
E:\SIH\ira-wakeword\dataset\negative\speech\163_163-122947-0085_neg_007.wav,163,0.028939
E:\SIH\ira-wakeword\dataset\negative\speech\163_163-122947-0085_neg_008.wav,163,0.313688
E:\SIH\ira-wakeword\dataset\negative\speech\163_163-122947-0085_neg_011.wav,163,0.597758
E:\SIH\ira-wakeword\dataset\negative\speech\163_163-122947-0086_neg_000.wav,163,0.250375
E:\SIH\ira-wakeword\dataset\negative\speech\163_163-122947-0086_neg_008.wav,163,0.000445
E:\SIH\ira-wakeword\dataset\negative\speech\163_163-122947-0088_neg_002.wav,163,0.781404
E:\SIH\ira-wakeword\dataset\negative\speech\163_163-122947-0088_neg_006.wav,163,0.000030
E:\SIH\ira-wakeword\dataset\negative\speech\163_163-122947-0090_neg_007.wav,163,0.348665
E:\SIH\ira-wakeword\dataset\negative\speech\163_163-122947-0090_neg_008.wav,163,0.086536
E:\SIH\ira-wakeword\dataset\negative\speech\163_163-122947-0090_neg_011.wav,163,0.032112
E:\SIH\ira-wakeword\dataset\negative\speech\163_163-122947-0091_neg_000.wav,163,0.912933
E:\SIH\ira-wakeword\dataset\negative\speech\163_163-122947-0091_neg_002.wav,163,0.824726
E:\SIH\ira-wakeword\dataset\negative\speech\163_163-122947-0091_neg_005.wav,163,0.294159
E:\SIH\ira-wakeword\dataset\negative\speech\163_163-122947-0092_neg_005.wav,163,0.024042
E:\SIH\ira-wakeword\dataset\negative\speech\163_163-122947-0092_neg_008.wav,163,0.017953
E:\SIH\ira-wakeword\dataset\negative\speech\163_163-122947-0092_neg_012.wav,163,0.162025
E:\SIH\ira-wakeword\dataset\negative\speech\163_163-122947-0093_neg_006.wav,163,0.014189
E:\SIH\ira-wakeword\dataset\negative\speech\163_163-122947-0094_neg_002.wav,163,0.161780
E:\SIH\ira-wakeword\dataset\negative\speech\163_163-122947-0094_neg_004.wav,163,0.619485
E:\SIH\ira-wakeword\dataset\negative\speech\163_163-122947-0095_neg_006.wav,163,0.252891
E:\SIH\ira-wakeword\dataset\negative\speech\163_163-122947-0096_neg_000.wav,163,0.263738
E:\SIH\ira-wakeword\dataset\negative\speech\163_163-122947-0096_neg_013.wav,163,0.927076
E:\SIH\ira-wakeword\dataset\negative\speech\1867_1867-154075-0000_neg_000.wav,1867,0.252670
E:\SIH\ira-wakeword\dataset\negative\speech\1867_1867-154075-0000_neg_005.wav,1867,0.023560
E:\SIH\ira-wakeword\dataset\negative\speech\1867_1867-154075-0000_neg_006.wav,1867,0.022495
E:\SIH\ira-wakeword\dataset\negative\speech\1867_1867-154075-0000_neg_007.wav,1867,0.068048
E:\SIH\ira-wakeword\dataset\negative\speech\1867_1867-154075-0000_neg_013.wav,1867,0.897705
E:\SIH\ira-wakeword\dataset\negative\speech\1867_1867-154075-0001_neg_000.wav,1867,0.003745
E:\SIH\ira-wakeword\dataset\negative\speech\1867_1867-154075-0001_neg_006.wav,1867,0.028182
E:\SIH\ira-wakeword\dataset\negative\speech\1867_1867-154075-0001_neg_012.wav,1867,0.335159
E:\SIH\ira-wakeword\dataset\negative\speech\1867_1867-154075-0001_neg_013.wav,1867,0.000759
E:\SIH\ira-wakeword\dataset\negative\speech\1867_1867-154075-0002_neg_003.wav,1867,0.000698
E:\SIH\ira-wakeword\dataset\negative\speech\1867_1867-154075-0003_neg_002.wav,1867,0.035979
E:\SIH\ira-wakeword\dataset\negative\speech\1867_1867-154075-0003_neg_003.wav,1867,0.599898
E:\SIH\ira-wakeword\dataset\negative\speech\1867_1867-154075-0004_neg_007.wav,1867,0.208793
E:\SIH\ira-wakeword\dataset\negative\speech\1867_1867-154075-0006_neg_006.wav,1867,0.001918
E:\SIH\ira-wakeword\dataset\negative\speech\1867_1867-154075-0007_neg_000.wav,1867,0.003809
E:\SIH\ira-wakeword\dataset\negative\speech\1867_1867-154075-0007_neg_009.wav,1867,0.043563
E:\SIH\ira-wakeword\dataset\negative\speech\1867_1867-154075-0007_neg_013.wav,1867,0.449640
E:\SIH\ira-wakeword\dataset\negative\speech\1867_1867-154075-0008_neg_001.wav,1867,0.007549
E:\SIH\ira-wakeword\dataset\negative\speech\1867_1867-154075-0008_neg_005.wav,1867,0.071774
E:\SIH\ira-wakeword\dataset\negative\speech\1867_1867-154075-0008_neg_009.wav,1867,0.023260
E:\SIH\ira-wakeword\dataset\negative\speech\1867_1867-154075-0008_neg_014.wav,1867,0.512956
E:\SIH\ira-wakeword\dataset\negative\speech\1867_1867-154075-0009_neg_001.wav,1867,0.014522
E:\SIH\ira-wakeword\dataset\negative\speech\1867_1867-154075-0009_neg_002.wav,1867,0.037602
E:\SIH\ira-wakeword\dataset\negative\speech\1867_1867-154075-0009_neg_006.wav,1867,0.104406
E:\SIH\ira-wakeword\dataset\negative\speech\1867_1867-154075-0009_neg_008.wav,1867,0.039614
E:\SIH\ira-wakeword\dataset\negative\speech\1867_1867-154075-0009_neg_009.wav,1867,0.055457
E:\SIH\ira-wakeword\dataset\negative\speech\1867_1867-154075-0010_neg_000.wav,1867,0.937574
E:\SIH\ira-wakeword\dataset\negative\speech\1867_1867-154075-0010_neg_003.wav,1867,0.905772
E:\SIH\ira-wakeword\dataset\negative\speech\1867_1867-154075-0010_neg_004.wav,1867,0.795251
E:\SIH\ira-wakeword\dataset\negative\speech\1867_1867-154075-0010_neg_006.wav,1867,0.093364
E:\SIH\ira-wakeword\dataset\negative\speech\1867_1867-154075-0010_neg_007.wav,1867,0.055997
E:\SIH\ira-wakeword\dataset\negative\speech\1867_1867-154075-0010_neg_008.wav,1867,0.021249
E:\SIH\ira-wakeword\dataset\negative\speech\1867_1867-154075-0011_neg_001.wav,1867,0.053299
E:\SIH\ira-wakeword\dataset\negative\speech\1867_1867-154075-0011_neg_006.wav,1867,0.036790
E:\SIH\ira-wakeword\dataset\negative\speech\1867_1867-154075-0011_neg_007.wav,1867,0.010480
E:\SIH\ira-wakeword\dataset\negative\speech\1867_1867-154075-0011_neg_008.wav,1867,0.556744
E:\SIH\ira-wakeword\dataset\negative\speech\1867_1867-154075-0012_neg_002.wav,1867,0.027375
E:\SIH\ira-wakeword\dataset\negative\speech\1867_1867-154075-0012_neg_003.wav,1867,0.037820
E:\SIH\ira-wakeword\dataset\negative\speech\1867_1867-154075-0012_neg_004.wav,1867,0.007646
E:\SIH\ira-wakeword\dataset\negative\speech\1867_1867-154075-0012_neg_009.wav,1867,0.094800
E:\SIH\ira-wakeword\dataset\negative\speech\1867_1867-154075-0012_neg_010.wav,1867,0.529539
E:\SIH\ira-wakeword\dataset\negative\speech\1867_1867-154075-0013_neg_004.wav,1867,0.927600
E:\SIH\ira-wakeword\dataset\negative\speech\1867_1867-154075-0013_neg_008.wav,1867,0.224326
E:\SIH\ira-wakeword\dataset\negative\speech\1867_1867-154075-0013_neg_010.wav,1867,0.028919
E:\SIH\ira-wakeword\dataset\negative\speech\1867_1867-154075-0015_neg_000.wav,1867,0.986768
E:\SIH\ira-wakeword\dataset\negative\speech\1867_1867-154075-0015_neg_001.wav,1867,0.056378
E:\SIH\ira-wakeword\dataset\negative\speech\1867_1867-154075-0015_neg_005.wav,1867,0.020461
E:\SIH\ira-wakeword\dataset\negative\speech\1867_1867-154075-0015_neg_008.wav,1867,0.574289
E:\SIH\ira-wakeword\dataset\negative\speech\1867_1867-154075-0015_neg_010.wav,1867,0.052197
E:\SIH\ira-wakeword\dataset\negative\speech\1867_1867-154075-0015_neg_014.wav,1867,0.463492
E:\SIH\ira-wakeword\dataset\negative\speech\1867_1867-154075-0017_neg_003.wav,1867,0.720589
E:\SIH\ira-wakeword\dataset\negative\speech\1867_1867-154075-0017_neg_007.wav,1867,0.169448
E:\SIH\ira-wakeword\dataset\negative\speech\1867_1867-154075-0017_neg_009.wav,1867,0.167010
E:\SIH\ira-wakeword\dataset\negative\speech\1867_1867-154075-0018_neg_003.wav,1867,0.013753
E:\SIH\ira-wakeword\dataset\negative\speech\1867_1867-154075-0018_neg_004.wav,1867,0.925656
E:\SIH\ira-wakeword\dataset\negative\speech\1867_1867-154075-0018_neg_005.wav,1867,0.002262
E:\SIH\ira-wakeword\dataset\negative\speech\1867_1867-154075-0018_neg_008.wav,1867,0.004088
E:\SIH\ira-wakeword\dataset\negative\speech\1867_1867-154075-0018_neg_011.wav,1867,0.238314
E:\SIH\ira-wakeword\dataset\negative\speech\1867_1867-154075-0020_neg_001.wav,1867,0.004644
E:\SIH\ira-wakeword\dataset\negative\speech\1867_1867-154075-0020_neg_002.wav,1867,0.004637
E:\SIH\ira-wakeword\dataset\negative\speech\1867_1867-154075-0020_neg_003.wav,1867,0.587428
E:\SIH\ira-wakeword\dataset\negative\speech\1867_1867-154075-0020_neg_006.wav,1867,0.187081
E:\SIH\ira-wakeword\dataset\negative\speech\1867_1867-154075-0020_neg_010.wav,1867,0.008960
E:\SIH\ira-wakeword\dataset\negative\speech\1867_1867-154075-0021_neg_004.wav,1867,0.002878
E:\SIH\ira-wakeword\dataset\negative\speech\1867_1867-154075-0022_neg_008.wav,1867,0.036199
E:\SIH\ira-wakeword\dataset\negative\speech\1867_1867-154075-0022_neg_011.wav,1867,0.048252
E:\SIH\ira-wakeword\dataset\negative\speech\1867_1867-154075-0022_neg_012.wav,1867,0.804690
E:\SIH\ira-wakeword\dataset\negative\speech\1867_1867-154075-0023_neg_005.wav,1867,0.014462
E:\SIH\ira-wakeword\dataset\negative\speech\1867_1867-154075-0023_neg_006.wav,1867,0.018357
E:\SIH\ira-wakeword\dataset\negative\speech\1867_1867-154075-0023_neg_010.wav,1867,0.003397
E:\SIH\ira-wakeword\dataset\negative\speech\1867_1867-154075-0023_neg_011.wav,1867,0.055912
E:\SIH\ira-wakeword\dataset\negative\speech\1867_1867-154075-0023_neg_012.wav,1867,0.965714
E:\SIH\ira-wakeword\dataset\negative\speech\1867_1867-154075-0024_neg_000.wav,1867,0.323658
E:\SIH\ira-wakeword\dataset\negative\speech\1867_1867-154075-0024_neg_001.wav,1867,0.118857
E:\SIH\ira-wakeword\dataset\negative\speech\1867_1867-154075-0024_neg_005.wav,1867,0.102105
E:\SIH\ira-wakeword\dataset\negative\speech\1867_1867-154075-0024_neg_012.wav,1867,0.946533
E:\SIH\ira-wakeword\dataset\negative\speech\1867_1867-154075-0025_neg_004.wav,1867,0.001942
E:\SIH\ira-wakeword\dataset\negative\speech\1867_1867-154075-0025_neg_005.wav,1867,0.001642
E:\SIH\ira-wakeword\dataset\negative\speech\1867_1867-154075-0025_neg_006.wav,1867,0.003758
E:\SIH\ira-wakeword\dataset\negative\speech\1867_1867-154075-0025_neg_008.wav,1867,0.004465
E:\SIH\ira-wakeword\dataset\negative\speech\1867_1867-154075-0025_neg_013.wav,1867,0.032994
E:\SIH\ira-wakeword\dataset\negative\speech\1867_1867-154075-0026_neg_004.wav,1867,0.008240
E:\SIH\ira-wakeword\dataset\negative\speech\1867_1867-154075-0026_neg_009.wav,1867,0.018041
E:\SIH\ira-wakeword\dataset\negative\speech\1867_1867-154075-0026_neg_013.wav,1867,0.385079
E:\SIH\ira-wakeword\dataset\negative\speech\1867_1867-154075-0027_neg_000.wav,1867,0.423034
E:\SIH\ira-wakeword\dataset\negative\speech\1867_1867-154075-0027_neg_003.wav,1867,0.011221
E:\SIH\ira-wakeword\dataset\negative\speech\1867_1867-154075-0027_neg_008.wav,1867,0.516799
E:\SIH\ira-wakeword\dataset\negative\speech\1867_1867-154075-0028_neg_002.wav,1867,0.017043
E:\SIH\ira-wakeword\dataset\negative\speech\1867_1867-154075-0028_neg_009.wav,1867,0.007129
E:\SIH\ira-wakeword\dataset\negative\speech\1867_1867-154075-0028_neg_010.wav,1867,0.874107
E:\SIH\ira-wakeword\dataset\negative\speech\1867_1867-154075-0028_neg_012.wav,1867,0.137670
E:\SIH\ira-wakeword\dataset\negative\speech\1867_1867-154075-0028_neg_013.wav,1867,0.689733
E:\SIH\ira-wakeword\dataset\negative\speech\1867_1867-154075-0029_neg_009.wav,1867,0.116486
E:\SIH\ira-wakeword\dataset\negative\speech\1867_1867-154075-0029_neg_010.wav,1867,0.078228
E:\SIH\ira-wakeword\dataset\negative\speech\1867_1867-154075-0030_neg_001.wav,1867,0.496970
E:\SIH\ira-wakeword\dataset\negative\speech\1867_1867-154075-0030_neg_002.wav,1867,0.025250
E:\SIH\ira-wakeword\dataset\negative\speech\1867_1867-154075-0030_neg_003.wav,1867,0.098520
E:\SIH\ira-wakeword\dataset\negative\speech\1867_1867-154075-0030_neg_004.wav,1867,0.207593
E:\SIH\ira-wakeword\dataset\negative\speech\1867_1867-154075-0030_neg_005.wav,1867,0.013310
E:\SIH\ira-wakeword\dataset\negative\speech\1867_1867-154075-0030_neg_009.wav,1867,0.009892
E:\SIH\ira-wakeword\dataset\negative\speech\1867_1867-154075-0030_neg_011.wav,1867,0.004428
E:\SIH\ira-wakeword\dataset\negative\speech\1867_1867-154075-0030_neg_013.wav,1867,0.044317
E:\SIH\ira-wakeword\dataset\negative\speech\1867_1867-154075-0031_neg_006.wav,1867,0.008612
E:\SIH\ira-wakeword\dataset\negative\speech\1867_1867-154075-0031_neg_009.wav,1867,0.003380
E:\SIH\ira-wakeword\dataset\negative\speech\1867_1867-154075-0031_neg_010.wav,1867,0.009170
E:\SIH\ira-wakeword\dataset\negative\speech\1867_1867-154075-0031_neg_012.wav,1867,0.004655
E:\SIH\ira-wakeword\dataset\negative\speech\1867_1867-154075-0031_neg_013.wav,1867,0.832418
E:\SIH\ira-wakeword\dataset\negative\speech\1867_1867-154075-0032_neg_000.wav,1867,0.449832
E:\SIH\ira-wakeword\dataset\negative\speech\1867_1867-154075-0032_neg_001.wav,1867,0.026611
E:\SIH\ira-wakeword\dataset\negative\speech\1867_1867-154075-0032_neg_008.wav,1867,0.019958
E:\SIH\ira-wakeword\dataset\negative\speech\1867_1867-154075-0032_neg_015.wav,1867,0.943001
E:\SIH\ira-wakeword\dataset\negative\speech\1867_1867-154075-0033_neg_002.wav,1867,0.067513
E:\SIH\ira-wakeword\dataset\negative\speech\1867_1867-154075-0033_neg_011.wav,1867,0.071520
E:\SIH\ira-wakeword\dataset\negative\speech\1867_1867-154075-0034_neg_000.wav,1867,0.974244
E:\SIH\ira-wakeword\dataset\negative\speech\1867_1867-154075-0034_neg_001.wav,1867,0.013917
E:\SIH\ira-wakeword\dataset\negative\speech\1867_1867-154075-0034_neg_010.wav,1867,0.501493
E:\SIH\ira-wakeword\dataset\negative\speech\1867_1867-154075-0034_neg_011.wav,1867,0.143391
E:\SIH\ira-wakeword\dataset\negative\speech\1867_1867-154075-0034_neg_013.wav,1867,0.852530
E:\SIH\ira-wakeword\dataset\negative\speech\1867_1867-154075-0035_neg_002.wav,1867,0.291533
E:\SIH\ira-wakeword\dataset\negative\speech\1867_1867-154075-0035_neg_006.wav,1867,0.009841
E:\SIH\ira-wakeword\dataset\negative\speech\1867_1867-154075-0036_neg_005.wav,1867,0.006903
E:\SIH\ira-wakeword\dataset\negative\speech\1867_1867-154075-0037_neg_001.wav,1867,0.002369
E:\SIH\ira-wakeword\dataset\negative\speech\1867_1867-154075-0038_neg_001.wav,1867,0.046253
E:\SIH\ira-wakeword\dataset\negative\speech\1867_1867-154075-0038_neg_003.wav,1867,0.001777
E:\SIH\ira-wakeword\dataset\negative\speech\1867_1867-154075-0039_neg_001.wav,1867,0.002453
E:\SIH\ira-wakeword\dataset\negative\speech\1867_1867-154075-0039_neg_002.wav,1867,0.001043
E:\SIH\ira-wakeword\dataset\negative\speech\1867_1867-154075-0039_neg_005.wav,1867,0.037810
E:\SIH\ira-wakeword\dataset\negative\speech\1867_1867-154075-0039_neg_007.wav,1867,0.641807
E:\SIH\ira-wakeword\dataset\negative\speech\1867_1867-154075-0041_neg_001.wav,1867,0.040161
E:\SIH\ira-wakeword\dataset\negative\speech\1867_1867-154075-0041_neg_004.wav,1867,0.017842
E:\SIH\ira-wakeword\dataset\negative\speech\1867_1867-154075-0041_neg_005.wav,1867,0.025751
E:\SIH\ira-wakeword\dataset\negative\speech\1867_1867-154075-0042_neg_006.wav,1867,0.367381
E:\SIH\ira-wakeword\dataset\negative\speech\1867_1867-154075-0042_neg_007.wav,1867,0.133829
E:\SIH\ira-wakeword\dataset\negative\speech\1867_1867-154075-0043_neg_000.wav,1867,0.001655
E:\SIH\ira-wakeword\dataset\negative\speech\1867_1867-154075-0043_neg_001.wav,1867,0.046838
E:\SIH\ira-wakeword\dataset\negative\speech\1867_1867-154075-0043_neg_005.wav,1867,0.008062
E:\SIH\ira-wakeword\dataset\negative\speech\1867_1867-154075-0043_neg_008.wav,1867,0.760754
E:\SIH\ira-wakeword\dataset\negative\speech\1867_1867-154075-0043_neg_010.wav,1867,0.012835
E:\SIH\ira-wakeword\dataset\negative\speech\1867_1867-154075-0044_neg_000.wav,1867,0.281156
E:\SIH\ira-wakeword\dataset\negative\speech\1867_1867-154075-0045_neg_001.wav,1867,0.012868
E:\SIH\ira-wakeword\dataset\negative\speech\1867_1867-154075-0045_neg_005.wav,1867,0.575969
E:\SIH\ira-wakeword\dataset\negative\speech\1867_1867-154075-0045_neg_008.wav,1867,0.730141
E:\SIH\ira-wakeword\dataset\negative\speech\1867_1867-154075-0045_neg_010.wav,1867,0.001527
E:\SIH\ira-wakeword\dataset\negative\speech\1898_1898-145715-0000_neg_000.wav,1898,0.000463
E:\SIH\ira-wakeword\dataset\negative\speech\1898_1898-145715-0000_neg_008.wav,1898,0.406288
E:\SIH\ira-wakeword\dataset\negative\speech\1898_1898-145715-0000_neg_010.wav,1898,0.067817
E:\SIH\ira-wakeword\dataset\negative\speech\1898_1898-145715-0000_neg_012.wav,1898,0.002439
E:\SIH\ira-wakeword\dataset\negative\speech\1898_1898-145715-0000_neg_013.wav,1898,0.104338
E:\SIH\ira-wakeword\dataset\negative\speech\1898_1898-145715-0001_neg_000.wav,1898,0.010917
E:\SIH\ira-wakeword\dataset\negative\speech\1898_1898-145715-0001_neg_004.wav,1898,0.224356
E:\SIH\ira-wakeword\dataset\negative\speech\1898_1898-145715-0001_neg_007.wav,1898,0.854380
E:\SIH\ira-wakeword\dataset\negative\speech\1898_1898-145715-0001_neg_009.wav,1898,0.203768
E:\SIH\ira-wakeword\dataset\negative\speech\1898_1898-145715-0002_neg_003.wav,1898,0.341574
E:\SIH\ira-wakeword\dataset\negative\speech\1898_1898-145715-0003_neg_003.wav,1898,0.060118
E:\SIH\ira-wakeword\dataset\negative\speech\1898_1898-145715-0003_neg_010.wav,1898,0.106399
E:\SIH\ira-wakeword\dataset\negative\speech\1898_1898-145715-0004_neg_001.wav,1898,0.945091
E:\SIH\ira-wakeword\dataset\negative\speech\1898_1898-145715-0004_neg_005.wav,1898,0.596365
E:\SIH\ira-wakeword\dataset\negative\speech\1898_1898-145715-0005_neg_010.wav,1898,0.163769
E:\SIH\ira-wakeword\dataset\negative\speech\1898_1898-145715-0005_neg_012.wav,1898,0.026471
E:\SIH\ira-wakeword\dataset\negative\speech\1898_1898-145715-0006_neg_000.wav,1898,0.005347
E:\SIH\ira-wakeword\dataset\negative\speech\1898_1898-145715-0007_neg_002.wav,1898,0.180419
E:\SIH\ira-wakeword\dataset\negative\speech\1898_1898-145715-0007_neg_003.wav,1898,0.091359
E:\SIH\ira-wakeword\dataset\negative\speech\1898_1898-145715-0007_neg_009.wav,1898,0.990666
E:\SIH\ira-wakeword\dataset\negative\speech\1898_1898-145715-0008_neg_002.wav,1898,0.449957
E:\SIH\ira-wakeword\dataset\negative\speech\1898_1898-145715-0008_neg_004.wav,1898,0.032999
E:\SIH\ira-wakeword\dataset\negative\speech\1898_1898-145715-0008_neg_005.wav,1898,0.632105
E:\SIH\ira-wakeword\dataset\negative\speech\1898_1898-145715-0008_neg_007.wav,1898,0.532529
E:\SIH\ira-wakeword\dataset\negative\speech\1898_1898-145715-0008_neg_010.wav,1898,0.002861
E:\SIH\ira-wakeword\dataset\negative\speech\1898_1898-145715-0008_neg_012.wav,1898,0.155362
E:\SIH\ira-wakeword\dataset\negative\speech\1898_1898-145715-0009_neg_002.wav,1898,0.307960
E:\SIH\ira-wakeword\dataset\negative\speech\1898_1898-145715-0009_neg_005.wav,1898,0.495076
E:\SIH\ira-wakeword\dataset\negative\speech\1898_1898-145715-0009_neg_006.wav,1898,0.001019
E:\SIH\ira-wakeword\dataset\negative\speech\1898_1898-145715-0009_neg_007.wav,1898,0.948380
E:\SIH\ira-wakeword\dataset\negative\speech\1898_1898-145715-0009_neg_014.wav,1898,0.902610
E:\SIH\ira-wakeword\dataset\negative\speech\1898_1898-145715-0010_neg_000.wav,1898,0.346425
E:\SIH\ira-wakeword\dataset\negative\speech\1898_1898-145715-0010_neg_003.wav,1898,0.616221
E:\SIH\ira-wakeword\dataset\negative\speech\1898_1898-145715-0010_neg_004.wav,1898,0.025246
E:\SIH\ira-wakeword\dataset\negative\speech\1898_1898-145715-0011_neg_002.wav,1898,0.332332
E:\SIH\ira-wakeword\dataset\negative\speech\1898_1898-145715-0011_neg_005.wav,1898,0.635896
E:\SIH\ira-wakeword\dataset\negative\speech\1898_1898-145715-0011_neg_007.wav,1898,0.028741
E:\SIH\ira-wakeword\dataset\negative\speech\1898_1898-145715-0012_neg_000.wav,1898,0.022017
E:\SIH\ira-wakeword\dataset\negative\speech\1898_1898-145715-0012_neg_003.wav,1898,0.419925
E:\SIH\ira-wakeword\dataset\negative\speech\1898_1898-145715-0013_neg_001.wav,1898,0.371087
E:\SIH\ira-wakeword\dataset\negative\speech\1898_1898-145715-0013_neg_008.wav,1898,0.016645
E:\SIH\ira-wakeword\dataset\negative\speech\1898_1898-145715-0013_neg_014.wav,1898,0.600624
E:\SIH\ira-wakeword\dataset\negative\speech\1898_1898-145715-0014_neg_000.wav,1898,0.410601
E:\SIH\ira-wakeword\dataset\negative\speech\1898_1898-145715-0015_neg_000.wav,1898,0.334164
E:\SIH\ira-wakeword\dataset\negative\speech\1898_1898-145715-0015_neg_001.wav,1898,0.545573
E:\SIH\ira-wakeword\dataset\negative\speech\1898_1898-145715-0015_neg_004.wav,1898,0.117632
E:\SIH\ira-wakeword\dataset\negative\speech\1898_1898-145715-0015_neg_006.wav,1898,0.280546
E:\SIH\ira-wakeword\dataset\negative\speech\1898_1898-145715-0016_neg_003.wav,1898,0.035365
E:\SIH\ira-wakeword\dataset\negative\speech\1898_1898-145715-0016_neg_004.wav,1898,0.576705
E:\SIH\ira-wakeword\dataset\negative\speech\1898_1898-145715-0016_neg_006.wav,1898,0.011358
E:\SIH\ira-wakeword\dataset\negative\speech\1898_1898-145715-0016_neg_008.wav,1898,0.766584
E:\SIH\ira-wakeword\dataset\negative\speech\1898_1898-145715-0017_neg_005.wav,1898,0.026586
E:\SIH\ira-wakeword\dataset\negative\speech\1898_1898-145715-0017_neg_006.wav,1898,0.442023
E:\SIH\ira-wakeword\dataset\negative\speech\1898_1898-145715-0018_neg_000.wav,1898,0.201503
E:\SIH\ira-wakeword\dataset\negative\speech\1898_1898-145715-0018_neg_002.wav,1898,0.075049
E:\SIH\ira-wakeword\dataset\negative\speech\1898_1898-145715-0018_neg_004.wav,1898,0.979168
E:\SIH\ira-wakeword\dataset\negative\speech\1898_1898-145715-0018_neg_007.wav,1898,0.010315
E:\SIH\ira-wakeword\dataset\negative\speech\1898_1898-145715-0018_neg_008.wav,1898,0.006295
E:\SIH\ira-wakeword\dataset\negative\speech\1898_1898-145715-0018_neg_010.wav,1898,0.817152
E:\SIH\ira-wakeword\dataset\negative\speech\1898_1898-145715-0019_neg_001.wav,1898,0.022916
E:\SIH\ira-wakeword\dataset\negative\speech\1898_1898-145715-0019_neg_002.wav,1898,0.040752
E:\SIH\ira-wakeword\dataset\negative\speech\1898_1898-145715-0020_neg_003.wav,1898,0.026498
E:\SIH\ira-wakeword\dataset\negative\speech\1898_1898-145715-0020_neg_007.wav,1898,0.248171
E:\SIH\ira-wakeword\dataset\negative\speech\1898_1898-145715-0020_neg_012.wav,1898,0.039101
E:\SIH\ira-wakeword\dataset\negative\speech\1898_1898-145715-0021_neg_000.wav,1898,0.160478
E:\SIH\ira-wakeword\dataset\negative\speech\1898_1898-145715-0021_neg_001.wav,1898,0.010853
E:\SIH\ira-wakeword\dataset\negative\speech\1898_1898-145715-0021_neg_002.wav,1898,0.107249
E:\SIH\ira-wakeword\dataset\negative\speech\1898_1898-145715-0021_neg_003.wav,1898,0.065940
E:\SIH\ira-wakeword\dataset\negative\speech\1898_1898-145715-0021_neg_007.wav,1898,0.517991
E:\SIH\ira-wakeword\dataset\negative\speech\1898_1898-145715-0021_neg_011.wav,1898,0.745314
E:\SIH\ira-wakeword\dataset\negative\speech\1898_1898-145715-0022_neg_004.wav,1898,0.143382
E:\SIH\ira-wakeword\dataset\negative\speech\1898_1898-145715-0023_neg_004.wav,1898,0.025402
E:\SIH\ira-wakeword\dataset\negative\speech\1898_1898-145715-0023_neg_009.wav,1898,0.086155
E:\SIH\ira-wakeword\dataset\negative\speech\1898_1898-145715-0023_neg_011.wav,1898,0.261298
E:\SIH\ira-wakeword\dataset\negative\speech\1898_1898-145715-0023_neg_013.wav,1898,0.020704
E:\SIH\ira-wakeword\dataset\negative\speech\1898_1898-145715-0024_neg_008.wav,1898,0.207721
E:\SIH\ira-wakeword\dataset\negative\speech\1898_1898-145715-0024_neg_010.wav,1898,0.014443
E:\SIH\ira-wakeword\dataset\negative\speech\1898_1898-145715-0024_neg_012.wav,1898,0.054084
E:\SIH\ira-wakeword\dataset\negative\speech\1898_1898-145715-0025_neg_006.wav,1898,0.016858
E:\SIH\ira-wakeword\dataset\negative\speech\1898_1898-145715-0026_neg_002.wav,1898,0.518470
E:\SIH\ira-wakeword\dataset\negative\speech\1898_1898-145715-0027_neg_001.wav,1898,0.013237
E:\SIH\ira-wakeword\dataset\negative\speech\1898_1898-145715-0027_neg_003.wav,1898,0.646288
E:\SIH\ira-wakeword\dataset\negative\speech\1898_1898-145715-0027_neg_004.wav,1898,0.003497
E:\SIH\ira-wakeword\dataset\negative\speech\1898_1898-145715-0027_neg_011.wav,1898,0.192121
E:\SIH\ira-wakeword\dataset\negative\speech\1898_1898-145715-0027_neg_014.wav,1898,0.039168
E:\SIH\ira-wakeword\dataset\negative\speech\1898_1898-145715-0028_neg_003.wav,1898,0.140552
E:\SIH\ira-wakeword\dataset\negative\speech\1898_1898-145715-0028_neg_005.wav,1898,0.125762
E:\SIH\ira-wakeword\dataset\negative\speech\1898_1898-145715-0028_neg_006.wav,1898,0.029594
E:\SIH\ira-wakeword\dataset\negative\speech\1898_1898-145715-0028_neg_009.wav,1898,0.086180
E:\SIH\ira-wakeword\dataset\negative\speech\1898_1898-145715-0028_neg_011.wav,1898,0.664657
E:\SIH\ira-wakeword\dataset\negative\speech\1898_1898-145715-0029_neg_005.wav,1898,0.447258
E:\SIH\ira-wakeword\dataset\negative\speech\1898_1898-145715-0029_neg_006.wav,1898,0.011802
E:\SIH\ira-wakeword\dataset\negative\speech\1898_1898-145715-0030_neg_001.wav,1898,0.004225
E:\SIH\ira-wakeword\dataset\negative\speech\1898_1898-145715-0031_neg_001.wav,1898,0.023713
E:\SIH\ira-wakeword\dataset\negative\speech\1898_1898-145715-0031_neg_005.wav,1898,0.087667
E:\SIH\ira-wakeword\dataset\negative\speech\1898_1898-145715-0032_neg_009.wav,1898,0.003958
E:\SIH\ira-wakeword\dataset\negative\speech\1898_1898-145715-0032_neg_011.wav,1898,0.057691
E:\SIH\ira-wakeword\dataset\negative\speech\1898_1898-145715-0033_neg_007.wav,1898,0.079136
E:\SIH\ira-wakeword\dataset\negative\speech\1898_1898-145715-0033_neg_008.wav,1898,0.871446
E:\SIH\ira-wakeword\dataset\negative\speech\1898_1898-145715-0033_neg_011.wav,1898,0.262987
E:\SIH\ira-wakeword\dataset\negative\speech\1898_1898-145715-0034_neg_000.wav,1898,0.028015
E:\SIH\ira-wakeword\dataset\negative\speech\1898_1898-145715-0034_neg_001.wav,1898,0.086175
E:\SIH\ira-wakeword\dataset\negative\speech\1898_1898-145715-0034_neg_002.wav,1898,0.026483
E:\SIH\ira-wakeword\dataset\negative\speech\1898_1898-145715-0034_neg_003.wav,1898,0.090621
E:\SIH\ira-wakeword\dataset\negative\speech\1898_1898-145715-0034_neg_009.wav,1898,0.096056
E:\SIH\ira-wakeword\dataset\negative\speech\1898_1898-145715-0035_neg_001.wav,1898,0.203758
E:\SIH\ira-wakeword\dataset\negative\speech\1898_1898-145715-0036_neg_008.wav,1898,0.012218
E:\SIH\ira-wakeword\dataset\negative\speech\1898_1898-145715-0036_neg_011.wav,1898,0.027112
E:\SIH\ira-wakeword\dataset\negative\speech\1898_1898-145715-0037_neg_012.wav,1898,0.765079
E:\SIH\ira-wakeword\dataset\negative\speech\1898_1898-145715-0037_neg_013.wav,1898,0.817131
E:\SIH\ira-wakeword\dataset\negative\speech\1898_1898-145715-0038_neg_005.wav,1898,0.003233
E:\SIH\ira-wakeword\dataset\negative\speech\1898_1898-145715-0038_neg_007.wav,1898,0.013169
E:\SIH\ira-wakeword\dataset\negative\speech\1898_1898-145715-0038_neg_013.wav,1898,0.004715
E:\SIH\ira-wakeword\dataset\negative\speech\1898_1898-145715-0039_neg_005.wav,1898,0.572784
E:\SIH\ira-wakeword\dataset\negative\speech\1898_1898-145715-0039_neg_006.wav,1898,0.030803
E:\SIH\ira-wakeword\dataset\negative\speech\1898_1898-145715-0039_neg_009.wav,1898,0.210579
E:\SIH\ira-wakeword\dataset\negative\speech\1898_1898-145715-0039_neg_010.wav,1898,0.940170
E:\SIH\ira-wakeword\dataset\negative\speech\1898_1898-145715-0040_neg_003.wav,1898,0.169713
E:\SIH\ira-wakeword\dataset\negative\speech\1898_1898-145715-0040_neg_008.wav,1898,0.017618
E:\SIH\ira-wakeword\dataset\negative\speech\1898_1898-145715-0041_neg_000.wav,1898,0.503162
E:\SIH\ira-wakeword\dataset\negative\speech\1898_1898-145715-0041_neg_004.wav,1898,0.006864
E:\SIH\ira-wakeword\dataset\negative\speech\1898_1898-145715-0041_neg_006.wav,1898,0.048628
E:\SIH\ira-wakeword\dataset\negative\speech\1898_1898-145715-0041_neg_008.wav,1898,0.004616
E:\SIH\ira-wakeword\dataset\negative\speech\1898_1898-145715-0041_neg_011.wav,1898,0.908686
E:\SIH\ira-wakeword\dataset\negative\speech\1898_1898-145715-0041_neg_013.wav,1898,0.861010
E:\SIH\ira-wakeword\dataset\negative\speech\1898_1898-145715-0043_neg_000.wav,1898,0.072874
E:\SIH\ira-wakeword\dataset\negative\speech\1898_1898-145715-0044_neg_000.wav,1898,0.016685
E:\SIH\ira-wakeword\dataset\negative\speech\1898_1898-145715-0044_neg_003.wav,1898,0.026707
E:\SIH\ira-wakeword\dataset\negative\speech\1898_1898-145715-0044_neg_005.wav,1898,0.019862
E:\SIH\ira-wakeword\dataset\negative\speech\1898_1898-145715-0045_neg_010.wav,1898,0.034229
E:\SIH\ira-wakeword\dataset\negative\speech\1898_1898-145715-0046_neg_002.wav,1898,0.578645
E:\SIH\ira-wakeword\dataset\negative\speech\1898_1898-145715-0046_neg_003.wav,1898,0.612058
E:\SIH\ira-wakeword\dataset\negative\speech\1898_1898-145715-0046_neg_006.wav,1898,0.405389
E:\SIH\ira-wakeword\dataset\negative\speech\1898_1898-145715-0047_neg_003.wav,1898,0.004106
E:\SIH\ira-wakeword\dataset\negative\speech\1898_1898-145715-0047_neg_004.wav,1898,0.141202
E:\SIH\ira-wakeword\dataset\negative\speech\1898_1898-145715-0047_neg_010.wav,1898,0.124043
E:\SIH\ira-wakeword\dataset\negative\speech\1898_1898-145715-0047_neg_012.wav,1898,0.038242
E:\SIH\ira-wakeword\dataset\negative\speech\1898_1898-145715-0048_neg_009.wav,1898,0.352024
E:\SIH\ira-wakeword\dataset\negative\speech\1898_1898-145715-0049_neg_000.wav,1898,0.014576
E:\SIH\ira-wakeword\dataset\negative\speech\1898_1898-145715-0049_neg_001.wav,1898,0.131113
E:\SIH\ira-wakeword\dataset\negative\speech\1898_1898-145715-0050_neg_004.wav,1898,0.968743
E:\SIH\ira-wakeword\dataset\negative\speech\1898_1898-145715-0050_neg_005.wav,1898,0.050320
E:\SIH\ira-wakeword\dataset\negative\speech\1898_1898-145715-0050_neg_007.wav,1898,0.033096
E:\SIH\ira-wakeword\dataset\negative\speech\19_19-198-0001_neg_000.wav,19,0.015644
E:\SIH\ira-wakeword\dataset\negative\speech\19_19-198-0001_neg_004.wav,19,0.001737
E:\SIH\ira-wakeword\dataset\negative\speech\19_19-198-0001_neg_006.wav,19,0.484569
E:\SIH\ira-wakeword\dataset\negative\speech\19_19-198-0001_neg_007.wav,19,0.023103
E:\SIH\ira-wakeword\dataset\negative\speech\19_19-198-0002_neg_002.wav,19,0.026987
E:\SIH\ira-wakeword\dataset\negative\speech\19_19-198-0002_neg_003.wav,19,0.066244
E:\SIH\ira-wakeword\dataset\negative\speech\19_19-198-0002_neg_005.wav,19,0.030925
E:\SIH\ira-wakeword\dataset\negative\speech\19_19-198-0002_neg_006.wav,19,0.002601
E:\SIH\ira-wakeword\dataset\negative\speech\19_19-198-0002_neg_009.wav,19,0.027907
E:\SIH\ira-wakeword\dataset\negative\speech\19_19-198-0003_neg_004.wav,19,0.005682
E:\SIH\ira-wakeword\dataset\negative\speech\19_19-198-0003_neg_009.wav,19,0.031161
E:\SIH\ira-wakeword\dataset\negative\speech\19_19-198-0004_neg_001.wav,19,0.187932
E:\SIH\ira-wakeword\dataset\negative\speech\19_19-198-0005_neg_000.wav,19,0.008870
E:\SIH\ira-wakeword\dataset\negative\speech\19_19-198-0005_neg_001.wav,19,0.076216
E:\SIH\ira-wakeword\dataset\negative\speech\19_19-198-0005_neg_004.wav,19,0.001151
E:\SIH\ira-wakeword\dataset\negative\speech\19_19-198-0005_neg_005.wav,19,0.007021
E:\SIH\ira-wakeword\dataset\negative\speech\19_19-198-0006_neg_001.wav,19,0.063770
E:\SIH\ira-wakeword\dataset\negative\speech\19_19-198-0006_neg_007.wav,19,0.015049
E:\SIH\ira-wakeword\dataset\negative\speech\19_19-198-0006_neg_011.wav,19,0.009273
E:\SIH\ira-wakeword\dataset\negative\speech\19_19-198-0007_neg_001.wav,19,0.177797
E:\SIH\ira-wakeword\dataset\negative\speech\19_19-198-0007_neg_002.wav,19,0.806217
E:\SIH\ira-wakeword\dataset\negative\speech\19_19-198-0007_neg_007.wav,19,0.092070
E:\SIH\ira-wakeword\dataset\negative\speech\19_19-198-0007_neg_008.wav,19,0.677977
E:\SIH\ira-wakeword\dataset\negative\speech\19_19-198-0007_neg_009.wav,19,0.001755
E:\SIH\ira-wakeword\dataset\negative\speech\19_19-198-0008_neg_000.wav,19,0.013505
E:\SIH\ira-wakeword\dataset\negative\speech\19_19-198-0008_neg_001.wav,19,0.021198
E:\SIH\ira-wakeword\dataset\negative\speech\19_19-198-0009_neg_002.wav,19,0.067352
E:\SIH\ira-wakeword\dataset\negative\speech\19_19-198-0009_neg_003.wav,19,0.442838
E:\SIH\ira-wakeword\dataset\negative\speech\19_19-198-0009_neg_004.wav,19,0.001747
E:\SIH\ira-wakeword\dataset\negative\speech\19_19-198-0009_neg_006.wav,19,0.010775
E:\SIH\ira-wakeword\dataset\negative\speech\19_19-198-0009_neg_012.wav,19,0.002477
E:\SIH\ira-wakeword\dataset\negative\speech\19_19-198-0010_neg_002.wav,19,0.240670
E:\SIH\ira-wakeword\dataset\negative\speech\19_19-198-0010_neg_011.wav,19,0.008593
E:\SIH\ira-wakeword\dataset\negative\speech\19_19-198-0011_neg_010.wav,19,0.722026
E:\SIH\ira-wakeword\dataset\negative\speech\19_19-198-0011_neg_011.wav,19,0.034412
E:\SIH\ira-wakeword\dataset\negative\speech\19_19-198-0011_neg_012.wav,19,0.030187
E:\SIH\ira-wakeword\dataset\negative\speech\19_19-198-0012_neg_003.wav,19,0.024136
E:\SIH\ira-wakeword\dataset\negative\speech\19_19-198-0012_neg_004.wav,19,0.371681
E:\SIH\ira-wakeword\dataset\negative\speech\19_19-198-0012_neg_006.wav,19,0.290077
E:\SIH\ira-wakeword\dataset\negative\speech\19_19-198-0012_neg_007.wav,19,0.006542
E:\SIH\ira-wakeword\dataset\negative\speech\19_19-198-0012_neg_009.wav,19,0.210428
E:\SIH\ira-wakeword\dataset\negative\speech\19_19-198-0013_neg_001.wav,19,0.017461
E:\SIH\ira-wakeword\dataset\negative\speech\19_19-198-0013_neg_004.wav,19,0.003271
E:\SIH\ira-wakeword\dataset\negative\speech\19_19-198-0013_neg_006.wav,19,0.147160
E:\SIH\ira-wakeword\dataset\negative\speech\19_19-198-0013_neg_011.wav,19,0.044144
E:\SIH\ira-wakeword\dataset\negative\speech\19_19-198-0013_neg_013.wav,19,0.002139
E:\SIH\ira-wakeword\dataset\negative\speech\19_19-198-0013_neg_014.wav,19,0.124756
E:\SIH\ira-wakeword\dataset\negative\speech\19_19-198-0014_neg_001.wav,19,0.208312
E:\SIH\ira-wakeword\dataset\negative\speech\19_19-198-0014_neg_007.wav,19,0.490967
E:\SIH\ira-wakeword\dataset\negative\speech\19_19-198-0016_neg_002.wav,19,0.000663
E:\SIH\ira-wakeword\dataset\negative\speech\19_19-198-0016_neg_007.wav,19,0.054768
E:\SIH\ira-wakeword\dataset\negative\speech\19_19-198-0016_neg_011.wav,19,0.001329
E:\SIH\ira-wakeword\dataset\negative\speech\19_19-198-0016_neg_013.wav,19,0.017935
E:\SIH\ira-wakeword\dataset\negative\speech\19_19-198-0016_neg_014.wav,19,0.418647
E:\SIH\ira-wakeword\dataset\negative\speech\19_19-198-0017_neg_003.wav,19,0.003801
E:\SIH\ira-wakeword\dataset\negative\speech\19_19-198-0017_neg_004.wav,19,0.118267
E:\SIH\ira-wakeword\dataset\negative\speech\19_19-198-0017_neg_014.wav,19,0.149368
E:\SIH\ira-wakeword\dataset\negative\speech\19_19-198-0018_neg_000.wav,19,0.066525
E:\SIH\ira-wakeword\dataset\negative\speech\19_19-198-0018_neg_002.wav,19,0.013466
E:\SIH\ira-wakeword\dataset\negative\speech\19_19-198-0018_neg_003.wav,19,0.028246
E:\SIH\ira-wakeword\dataset\negative\speech\19_19-198-0018_neg_006.wav,19,0.000195
E:\SIH\ira-wakeword\dataset\negative\speech\19_19-198-0018_neg_008.wav,19,0.035720
E:\SIH\ira-wakeword\dataset\negative\speech\19_19-198-0018_neg_009.wav,19,0.019709
E:\SIH\ira-wakeword\dataset\negative\speech\19_19-198-0018_neg_012.wav,19,0.017681
E:\SIH\ira-wakeword\dataset\negative\speech\19_19-198-0019_neg_010.wav,19,0.142959
E:\SIH\ira-wakeword\dataset\negative\speech\19_19-198-0020_neg_003.wav,19,0.329989
E:\SIH\ira-wakeword\dataset\negative\speech\19_19-198-0020_neg_011.wav,19,0.173170
E:\SIH\ira-wakeword\dataset\negative\speech\19_19-198-0021_neg_002.wav,19,0.031026
E:\SIH\ira-wakeword\dataset\negative\speech\19_19-198-0021_neg_003.wav,19,0.748622
E:\SIH\ira-wakeword\dataset\negative\speech\19_19-198-0021_neg_006.wav,19,0.040516
E:\SIH\ira-wakeword\dataset\negative\speech\19_19-198-0021_neg_009.wav,19,0.168590
E:\SIH\ira-wakeword\dataset\negative\speech\19_19-198-0021_neg_011.wav,19,0.004053
E:\SIH\ira-wakeword\dataset\negative\speech\19_19-198-0021_neg_012.wav,19,0.029374
E:\SIH\ira-wakeword\dataset\negative\speech\19_19-198-0022_neg_005.wav,19,0.010164
E:\SIH\ira-wakeword\dataset\negative\speech\19_19-198-0022_neg_009.wav,19,0.038606
E:\SIH\ira-wakeword\dataset\negative\speech\19_19-198-0022_neg_010.wav,19,0.005279
E:\SIH\ira-wakeword\dataset\negative\speech\19_19-198-0022_neg_012.wav,19,0.018977
E:\SIH\ira-wakeword\dataset\negative\speech\19_19-198-0023_neg_000.wav,19,0.048781
E:\SIH\ira-wakeword\dataset\negative\speech\19_19-198-0023_neg_008.wav,19,0.125982
E:\SIH\ira-wakeword\dataset\negative\speech\19_19-198-0023_neg_009.wav,19,0.040448
E:\SIH\ira-wakeword\dataset\negative\speech\19_19-198-0023_neg_011.wav,19,0.028695
E:\SIH\ira-wakeword\dataset\negative\speech\19_19-198-0023_neg_012.wav,19,0.639094
E:\SIH\ira-wakeword\dataset\negative\speech\19_19-198-0023_neg_013.wav,19,0.166602
E:\SIH\ira-wakeword\dataset\negative\speech\19_19-198-0024_neg_004.wav,19,0.004136
E:\SIH\ira-wakeword\dataset\negative\speech\19_19-198-0024_neg_007.wav,19,0.670025
E:\SIH\ira-wakeword\dataset\negative\speech\19_19-198-0024_neg_010.wav,19,0.023356
E:\SIH\ira-wakeword\dataset\negative\speech\19_19-198-0025_neg_000.wav,19,0.193193
E:\SIH\ira-wakeword\dataset\negative\speech\19_19-198-0025_neg_001.wav,19,0.201945
E:\SIH\ira-wakeword\dataset\negative\speech\19_19-198-0025_neg_002.wav,19,0.046071
E:\SIH\ira-wakeword\dataset\negative\speech\19_19-198-0025_neg_006.wav,19,0.873974
E:\SIH\ira-wakeword\dataset\negative\speech\19_19-198-0026_neg_000.wav,19,0.014436
E:\SIH\ira-wakeword\dataset\negative\speech\19_19-198-0026_neg_001.wav,19,0.016233
E:\SIH\ira-wakeword\dataset\negative\speech\19_19-198-0026_neg_007.wav,19,0.016280
E:\SIH\ira-wakeword\dataset\negative\speech\19_19-198-0027_neg_001.wav,19,0.633198
E:\SIH\ira-wakeword\dataset\negative\speech\19_19-198-0027_neg_005.wav,19,0.006231
E:\SIH\ira-wakeword\dataset\negative\speech\19_19-198-0027_neg_006.wav,19,0.025455
E:\SIH\ira-wakeword\dataset\negative\speech\19_19-198-0027_neg_010.wav,19,0.018717
E:\SIH\ira-wakeword\dataset\negative\speech\19_19-198-0027_neg_012.wav,19,0.029633
E:\SIH\ira-wakeword\dataset\negative\speech\19_19-198-0028_neg_001.wav,19,0.003994
E:\SIH\ira-wakeword\dataset\negative\speech\19_19-198-0028_neg_002.wav,19,0.084307
E:\SIH\ira-wakeword\dataset\negative\speech\19_19-198-0028_neg_003.wav,19,0.188197
E:\SIH\ira-wakeword\dataset\negative\speech\19_19-198-0028_neg_005.wav,19,0.636421
E:\SIH\ira-wakeword\dataset\negative\speech\19_19-198-0028_neg_010.wav,19,0.101978
E:\SIH\ira-wakeword\dataset\negative\speech\19_19-198-0028_neg_013.wav,19,0.197595
E:\SIH\ira-wakeword\dataset\negative\speech\19_19-198-0029_neg_005.wav,19,0.040850
E:\SIH\ira-wakeword\dataset\negative\speech\19_19-198-0029_neg_013.wav,19,0.010941
E:\SIH\ira-wakeword\dataset\negative\speech\19_19-198-0030_neg_002.wav,19,0.006912
E:\SIH\ira-wakeword\dataset\negative\speech\19_19-198-0030_neg_004.wav,19,0.513549
E:\SIH\ira-wakeword\dataset\negative\speech\19_19-198-0030_neg_005.wav,19,0.051352
E:\SIH\ira-wakeword\dataset\negative\speech\19_19-198-0030_neg_008.wav,19,0.166111
E:\SIH\ira-wakeword\dataset\negative\speech\19_19-198-0031_neg_002.wav,19,0.074382
E:\SIH\ira-wakeword\dataset\negative\speech\19_19-198-0031_neg_004.wav,19,0.317981
E:\SIH\ira-wakeword\dataset\negative\speech\19_19-198-0031_neg_005.wav,19,0.001533
E:\SIH\ira-wakeword\dataset\negative\speech\19_19-198-0031_neg_007.wav,19,0.062629
E:\SIH\ira-wakeword\dataset\negative\speech\19_19-198-0031_neg_008.wav,19,0.006367
E:\SIH\ira-wakeword\dataset\negative\speech\19_19-198-0031_neg_009.wav,19,0.059266
E:\SIH\ira-wakeword\dataset\negative\speech\19_19-198-0031_neg_010.wav,19,0.436986
E:\SIH\ira-wakeword\dataset\negative\speech\19_19-198-0032_neg_002.wav,19,0.460070
E:\SIH\ira-wakeword\dataset\negative\speech\19_19-198-0032_neg_004.wav,19,0.142601
E:\SIH\ira-wakeword\dataset\negative\speech\19_19-198-0032_neg_005.wav,19,0.002720
E:\SIH\ira-wakeword\dataset\negative\speech\19_19-198-0032_neg_007.wav,19,0.006960
E:\SIH\ira-wakeword\dataset\negative\speech\19_19-198-0032_neg_008.wav,19,0.130325
E:\SIH\ira-wakeword\dataset\negative\speech\19_19-198-0032_neg_009.wav,19,0.006505
E:\SIH\ira-wakeword\dataset\negative\speech\19_19-198-0032_neg_013.wav,19,0.085780
E:\SIH\ira-wakeword\dataset\negative\speech\19_19-198-0033_neg_000.wav,19,0.687199
E:\SIH\ira-wakeword\dataset\negative\speech\19_19-198-0033_neg_005.wav,19,0.088289
E:\SIH\ira-wakeword\dataset\negative\speech\19_19-198-0034_neg_002.wav,19,0.055069
E:\SIH\ira-wakeword\dataset\negative\speech\19_19-198-0034_neg_004.wav,19,0.141359
E:\SIH\ira-wakeword\dataset\negative\speech\19_19-198-0034_neg_005.wav,19,0.080277
E:\SIH\ira-wakeword\dataset\negative\speech\19_19-198-0034_neg_009.wav,19,0.085677
E:\SIH\ira-wakeword\dataset\negative\speech\19_19-198-0034_neg_013.wav,19,0.001768
E:\SIH\ira-wakeword\dataset\negative\speech\19_19-198-0035_neg_001.wav,19,0.087552
E:\SIH\ira-wakeword\dataset\negative\speech\19_19-198-0035_neg_003.wav,19,0.002038
E:\SIH\ira-wakeword\dataset\negative\speech\19_19-198-0035_neg_013.wav,19,0.401733
E:\SIH\ira-wakeword\dataset\negative\speech\19_19-198-0036_neg_000.wav,19,0.091652
E:\SIH\ira-wakeword\dataset\negative\speech\19_19-198-0036_neg_003.wav,19,0.651771
E:\SIH\ira-wakeword\dataset\negative\speech\19_19-198-0036_neg_004.wav,19,0.201463
E:\SIH\ira-wakeword\dataset\negative\speech\19_19-198-0036_neg_010.wav,19,0.014872
E:\SIH\ira-wakeword\dataset\negative\speech\19_19-198-0036_neg_012.wav,19,0.568078
E:\SIH\ira-wakeword\dataset\negative\speech\19_19-198-0036_neg_013.wav,19,0.013761
E:\SIH\ira-wakeword\dataset\negative\speech\19_19-198-0037_neg_000.wav,19,0.797470
E:\SIH\ira-wakeword\dataset\negative\speech\19_19-198-0037_neg_001.wav,19,0.091239
E:\SIH\ira-wakeword\dataset\negative\speech\19_19-198-0037_neg_002.wav,19,0.024181
E:\SIH\ira-wakeword\dataset\negative\speech\226_226-122538-0000_neg_002.wav,226,0.914705
E:\SIH\ira-wakeword\dataset\negative\speech\226_226-122538-0000_neg_003.wav,226,0.387688
E:\SIH\ira-wakeword\dataset\negative\speech\226_226-122538-0000_neg_006.wav,226,0.002849
E:\SIH\ira-wakeword\dataset\negative\speech\226_226-122538-0000_neg_010.wav,226,0.032080
E:\SIH\ira-wakeword\dataset\negative\speech\226_226-122538-0001_neg_002.wav,226,0.353635
E:\SIH\ira-wakeword\dataset\negative\speech\226_226-122538-0001_neg_003.wav,226,0.011358
E:\SIH\ira-wakeword\dataset\negative\speech\226_226-122538-0001_neg_005.wav,226,0.256122
E:\SIH\ira-wakeword\dataset\negative\speech\226_226-122538-0001_neg_008.wav,226,0.001965
E:\SIH\ira-wakeword\dataset\negative\speech\226_226-122538-0001_neg_009.wav,226,0.003231
E:\SIH\ira-wakeword\dataset\negative\speech\226_226-122538-0001_neg_014.wav,226,0.028617
E:\SIH\ira-wakeword\dataset\negative\speech\226_226-122538-0002_neg_002.wav,226,0.490481
E:\SIH\ira-wakeword\dataset\negative\speech\226_226-122538-0002_neg_006.wav,226,0.020869
E:\SIH\ira-wakeword\dataset\negative\speech\226_226-122538-0002_neg_009.wav,226,0.289434
E:\SIH\ira-wakeword\dataset\negative\speech\226_226-122538-0002_neg_011.wav,226,0.783087
E:\SIH\ira-wakeword\dataset\negative\speech\226_226-122538-0002_neg_012.wav,226,0.006553
E:\SIH\ira-wakeword\dataset\negative\speech\226_226-122538-0003_neg_005.wav,226,0.481750
E:\SIH\ira-wakeword\dataset\negative\speech\226_226-122538-0003_neg_006.wav,226,0.009463
E:\SIH\ira-wakeword\dataset\negative\speech\226_226-122538-0003_neg_007.wav,226,0.061482
E:\SIH\ira-wakeword\dataset\negative\speech\226_226-122538-0004_neg_000.wav,226,0.005072
E:\SIH\ira-wakeword\dataset\negative\speech\226_226-122538-0004_neg_002.wav,226,0.149524
E:\SIH\ira-wakeword\dataset\negative\speech\226_226-122538-0004_neg_014.wav,226,0.100032
E:\SIH\ira-wakeword\dataset\negative\speech\226_226-122538-0005_neg_002.wav,226,0.245437
E:\SIH\ira-wakeword\dataset\negative\speech\226_226-122538-0005_neg_005.wav,226,0.034430
E:\SIH\ira-wakeword\dataset\negative\speech\226_226-122538-0005_neg_006.wav,226,0.059645
E:\SIH\ira-wakeword\dataset\negative\speech\226_226-122538-0006_neg_003.wav,226,0.001173
E:\SIH\ira-wakeword\dataset\negative\speech\226_226-122538-0006_neg_005.wav,226,0.099055
E:\SIH\ira-wakeword\dataset\negative\speech\226_226-122538-0007_neg_005.wav,226,0.006410
E:\SIH\ira-wakeword\dataset\negative\speech\226_226-122538-0007_neg_006.wav,226,0.036468
E:\SIH\ira-wakeword\dataset\negative\speech\226_226-122538-0007_neg_009.wav,226,0.089977
E:\SIH\ira-wakeword\dataset\negative\speech\226_226-122538-0007_neg_011.wav,226,0.014306
E:\SIH\ira-wakeword\dataset\negative\speech\226_226-122538-0008_neg_010.wav,226,0.022572
E:\SIH\ira-wakeword\dataset\negative\speech\226_226-122538-0008_neg_011.wav,226,0.102756
E:\SIH\ira-wakeword\dataset\negative\speech\226_226-122538-0009_neg_000.wav,226,0.066357
E:\SIH\ira-wakeword\dataset\negative\speech\226_226-122538-0009_neg_001.wav,226,0.020770
E:\SIH\ira-wakeword\dataset\negative\speech\226_226-122538-0009_neg_003.wav,226,0.144548
E:\SIH\ira-wakeword\dataset\negative\speech\226_226-122538-0009_neg_004.wav,226,0.060404
E:\SIH\ira-wakeword\dataset\negative\speech\226_226-122538-0009_neg_006.wav,226,0.680810
E:\SIH\ira-wakeword\dataset\negative\speech\226_226-122538-0009_neg_007.wav,226,0.089048
E:\SIH\ira-wakeword\dataset\negative\speech\226_226-122538-0010_neg_001.wav,226,0.025045
E:\SIH\ira-wakeword\dataset\negative\speech\226_226-122538-0010_neg_002.wav,226,0.000572
E:\SIH\ira-wakeword\dataset\negative\speech\226_226-122538-0010_neg_005.wav,226,0.163396
E:\SIH\ira-wakeword\dataset\negative\speech\226_226-122538-0010_neg_006.wav,226,0.352538
E:\SIH\ira-wakeword\dataset\negative\speech\226_226-122538-0010_neg_007.wav,226,0.292987
E:\SIH\ira-wakeword\dataset\negative\speech\226_226-122538-0011_neg_006.wav,226,0.032878
E:\SIH\ira-wakeword\dataset\negative\speech\226_226-122538-0011_neg_009.wav,226,0.040226
E:\SIH\ira-wakeword\dataset\negative\speech\226_226-122538-0011_neg_012.wav,226,0.037120
E:\SIH\ira-wakeword\dataset\negative\speech\226_226-122538-0012_neg_004.wav,226,0.871097
E:\SIH\ira-wakeword\dataset\negative\speech\226_226-122538-0012_neg_005.wav,226,0.036602
E:\SIH\ira-wakeword\dataset\negative\speech\226_226-122538-0012_neg_007.wav,226,0.011478
E:\SIH\ira-wakeword\dataset\negative\speech\226_226-122538-0012_neg_011.wav,226,0.019223
E:\SIH\ira-wakeword\dataset\negative\speech\226_226-122538-0013_neg_000.wav,226,0.015523
E:\SIH\ira-wakeword\dataset\negative\speech\226_226-122538-0013_neg_001.wav,226,0.065759
E:\SIH\ira-wakeword\dataset\negative\speech\226_226-122538-0013_neg_004.wav,226,0.003554
E:\SIH\ira-wakeword\dataset\negative\speech\226_226-122538-0013_neg_008.wav,226,0.520787
E:\SIH\ira-wakeword\dataset\negative\speech\226_226-122538-0013_neg_010.wav,226,0.570299
E:\SIH\ira-wakeword\dataset\negative\speech\226_226-122538-0013_neg_011.wav,226,0.007946
E:\SIH\ira-wakeword\dataset\negative\speech\226_226-122538-0014_neg_001.wav,226,0.158513
E:\SIH\ira-wakeword\dataset\negative\speech\226_226-122538-0014_neg_005.wav,226,0.017569
E:\SIH\ira-wakeword\dataset\negative\speech\226_226-122538-0014_neg_008.wav,226,0.057206
E:\SIH\ira-wakeword\dataset\negative\speech\226_226-122538-0014_neg_010.wav,226,0.042949
E:\SIH\ira-wakeword\dataset\negative\speech\226_226-122538-0014_neg_012.wav,226,0.021579
E:\SIH\ira-wakeword\dataset\negative\speech\226_226-122538-0015_neg_000.wav,226,0.005279
E:\SIH\ira-wakeword\dataset\negative\speech\226_226-122538-0015_neg_002.wav,226,0.955048
E:\SIH\ira-wakeword\dataset\negative\speech\226_226-122538-0015_neg_010.wav,226,0.301833
E:\SIH\ira-wakeword\dataset\negative\speech\226_226-122538-0015_neg_013.wav,226,0.003691
E:\SIH\ira-wakeword\dataset\negative\speech\226_226-122538-0016_neg_005.wav,226,0.210414
E:\SIH\ira-wakeword\dataset\negative\speech\226_226-122538-0016_neg_010.wav,226,0.301962
E:\SIH\ira-wakeword\dataset\negative\speech\226_226-122538-0017_neg_000.wav,226,0.996992
E:\SIH\ira-wakeword\dataset\negative\speech\226_226-122538-0017_neg_008.wav,226,0.419298
E:\SIH\ira-wakeword\dataset\negative\speech\226_226-122538-0017_neg_010.wav,226,0.332376
E:\SIH\ira-wakeword\dataset\negative\speech\226_226-122538-0018_neg_004.wav,226,0.412184
E:\SIH\ira-wakeword\dataset\negative\speech\226_226-122538-0018_neg_005.wav,226,0.164628
E:\SIH\ira-wakeword\dataset\negative\speech\226_226-122538-0018_neg_006.wav,226,0.028138
E:\SIH\ira-wakeword\dataset\negative\speech\226_226-122538-0018_neg_011.wav,226,0.002590
E:\SIH\ira-wakeword\dataset\negative\speech\226_226-122538-0018_neg_013.wav,226,0.026188
E:\SIH\ira-wakeword\dataset\negative\speech\226_226-122538-0019_neg_000.wav,226,0.008770
E:\SIH\ira-wakeword\dataset\negative\speech\226_226-122538-0019_neg_001.wav,226,0.034649
E:\SIH\ira-wakeword\dataset\negative\speech\226_226-122538-0019_neg_003.wav,226,0.968354
E:\SIH\ira-wakeword\dataset\negative\speech\226_226-122538-0019_neg_004.wav,226,0.391943
E:\SIH\ira-wakeword\dataset\negative\speech\226_226-122538-0019_neg_011.wav,226,0.082610
E:\SIH\ira-wakeword\dataset\negative\speech\226_226-122538-0019_neg_014.wav,226,0.031257
E:\SIH\ira-wakeword\dataset\negative\speech\226_226-122538-0020_neg_005.wav,226,0.015249
E:\SIH\ira-wakeword\dataset\negative\speech\226_226-122538-0020_neg_007.wav,226,0.022365
E:\SIH\ira-wakeword\dataset\negative\speech\226_226-122538-0020_neg_012.wav,226,0.164821
E:\SIH\ira-wakeword\dataset\negative\speech\226_226-122538-0021_neg_000.wav,226,0.055546
E:\SIH\ira-wakeword\dataset\negative\speech\226_226-122538-0021_neg_002.wav,226,0.024292
E:\SIH\ira-wakeword\dataset\negative\speech\226_226-122538-0021_neg_005.wav,226,0.043590
E:\SIH\ira-wakeword\dataset\negative\speech\226_226-122538-0021_neg_006.wav,226,0.038894
E:\SIH\ira-wakeword\dataset\negative\speech\226_226-122538-0021_neg_008.wav,226,0.051086
E:\SIH\ira-wakeword\dataset\negative\speech\226_226-122538-0021_neg_010.wav,226,0.174151
E:\SIH\ira-wakeword\dataset\negative\speech\226_226-122538-0022_neg_000.wav,226,0.013653
E:\SIH\ira-wakeword\dataset\negative\speech\226_226-122538-0022_neg_001.wav,226,0.521941
E:\SIH\ira-wakeword\dataset\negative\speech\226_226-122538-0022_neg_002.wav,226,0.052864
E:\SIH\ira-wakeword\dataset\negative\speech\226_226-122538-0022_neg_008.wav,226,0.968330
E:\SIH\ira-wakeword\dataset\negative\speech\226_226-122538-0022_neg_011.wav,226,0.146871
E:\SIH\ira-wakeword\dataset\negative\speech\226_226-122538-0024_neg_003.wav,226,0.048534
E:\SIH\ira-wakeword\dataset\negative\speech\226_226-122538-0024_neg_004.wav,226,0.041876
E:\SIH\ira-wakeword\dataset\negative\speech\226_226-122538-0024_neg_008.wav,226,0.905813
E:\SIH\ira-wakeword\dataset\negative\speech\226_226-122538-0024_neg_010.wav,226,0.112076
E:\SIH\ira-wakeword\dataset\negative\speech\226_226-122538-0025_neg_000.wav,226,0.005199
E:\SIH\ira-wakeword\dataset\negative\speech\226_226-122538-0025_neg_001.wav,226,0.010262
E:\SIH\ira-wakeword\dataset\negative\speech\226_226-122538-0025_neg_004.wav,226,0.014405
E:\SIH\ira-wakeword\dataset\negative\speech\226_226-122538-0025_neg_012.wav,226,0.005490
E:\SIH\ira-wakeword\dataset\negative\speech\226_226-122538-0026_neg_000.wav,226,0.007608
E:\SIH\ira-wakeword\dataset\negative\speech\226_226-122538-0026_neg_003.wav,226,0.019112
E:\SIH\ira-wakeword\dataset\negative\speech\226_226-122538-0026_neg_007.wav,226,0.004732
E:\SIH\ira-wakeword\dataset\negative\speech\226_226-122538-0026_neg_008.wav,226,0.015378
E:\SIH\ira-wakeword\dataset\negative\speech\226_226-122538-0026_neg_009.wav,226,0.030090
E:\SIH\ira-wakeword\dataset\negative\speech\226_226-122538-0026_neg_011.wav,226,0.205890
E:\SIH\ira-wakeword\dataset\negative\speech\226_226-122538-0026_neg_013.wav,226,0.072087
E:\SIH\ira-wakeword\dataset\negative\speech\226_226-122538-0026_neg_014.wav,226,0.023466
E:\SIH\ira-wakeword\dataset\negative\speech\226_226-122538-0027_neg_003.wav,226,0.010459
E:\SIH\ira-wakeword\dataset\negative\speech\226_226-122538-0027_neg_009.wav,226,0.659479
E:\SIH\ira-wakeword\dataset\negative\speech\226_226-122538-0027_neg_012.wav,226,0.323802
E:\SIH\ira-wakeword\dataset\negative\speech\226_226-122538-0027_neg_013.wav,226,0.005568
E:\SIH\ira-wakeword\dataset\negative\speech\226_226-122538-0028_neg_003.wav,226,0.003391
E:\SIH\ira-wakeword\dataset\negative\speech\226_226-122538-0028_neg_005.wav,226,0.045531
E:\SIH\ira-wakeword\dataset\negative\speech\226_226-122538-0029_neg_004.wav,226,0.032423
E:\SIH\ira-wakeword\dataset\negative\speech\226_226-122538-0029_neg_006.wav,226,0.715451
E:\SIH\ira-wakeword\dataset\negative\speech\226_226-122538-0029_neg_007.wav,226,0.034860
E:\SIH\ira-wakeword\dataset\negative\speech\226_226-122538-0029_neg_008.wav,226,0.542349
E:\SIH\ira-wakeword\dataset\negative\speech\226_226-122538-0029_neg_013.wav,226,0.002256
E:\SIH\ira-wakeword\dataset\negative\speech\226_226-122538-0029_neg_014.wav,226,0.049719
E:\SIH\ira-wakeword\dataset\negative\speech\226_226-122538-0030_neg_000.wav,226,0.000985
E:\SIH\ira-wakeword\dataset\negative\speech\226_226-122538-0030_neg_001.wav,226,0.035008
E:\SIH\ira-wakeword\dataset\negative\speech\226_226-122538-0030_neg_002.wav,226,0.026822
E:\SIH\ira-wakeword\dataset\negative\speech\226_226-122538-0030_neg_003.wav,226,0.011312
E:\SIH\ira-wakeword\dataset\negative\speech\226_226-122538-0030_neg_006.wav,226,0.001464
E:\SIH\ira-wakeword\dataset\negative\speech\226_226-122538-0030_neg_008.wav,226,0.422482
E:\SIH\ira-wakeword\dataset\negative\speech\226_226-122538-0030_neg_010.wav,226,0.044821
E:\SIH\ira-wakeword\dataset\negative\speech\226_226-122538-0031_neg_005.wav,226,0.035733
E:\SIH\ira-wakeword\dataset\negative\speech\226_226-122538-0031_neg_006.wav,226,0.067771
E:\SIH\ira-wakeword\dataset\negative\speech\226_226-122538-0031_neg_008.wav,226,0.011443
E:\SIH\ira-wakeword\dataset\negative\speech\226_226-122538-0032_neg_002.wav,226,0.199131
E:\SIH\ira-wakeword\dataset\negative\speech\226_226-122538-0032_neg_003.wav,226,0.038447
E:\SIH\ira-wakeword\dataset\negative\speech\226_226-122538-0032_neg_008.wav,226,0.027323
E:\SIH\ira-wakeword\dataset\negative\speech\226_226-122538-0032_neg_011.wav,226,0.139588
E:\SIH\ira-wakeword\dataset\negative\speech\226_226-122538-0033_neg_001.wav,226,0.058404
E:\SIH\ira-wakeword\dataset\negative\speech\226_226-122538-0033_neg_009.wav,226,0.750356
E:\SIH\ira-wakeword\dataset\negative\speech\226_226-122538-0034_neg_004.wav,226,0.125612
E:\SIH\ira-wakeword\dataset\negative\speech\226_226-122538-0034_neg_005.wav,226,0.053936
E:\SIH\ira-wakeword\dataset\negative\speech\226_226-122538-0034_neg_008.wav,226,0.105962
E:\SIH\ira-wakeword\dataset\negative\speech\226_226-122538-0034_neg_009.wav,226,0.163520
E:\SIH\ira-wakeword\dataset\negative\speech\2416_2416-152139-0000_neg_000.wav,2416,0.029721
E:\SIH\ira-wakeword\dataset\negative\speech\2416_2416-152139-0000_neg_004.wav,2416,0.037738
E:\SIH\ira-wakeword\dataset\negative\speech\2416_2416-152139-0000_neg_011.wav,2416,0.058438
E:\SIH\ira-wakeword\dataset\negative\speech\2416_2416-152139-0001_neg_011.wav,2416,0.066376
E:\SIH\ira-wakeword\dataset\negative\speech\2416_2416-152139-0002_neg_001.wav,2416,0.089390
E:\SIH\ira-wakeword\dataset\negative\speech\2416_2416-152139-0002_neg_003.wav,2416,0.161501
E:\SIH\ira-wakeword\dataset\negative\speech\2416_2416-152139-0002_neg_011.wav,2416,0.014016
E:\SIH\ira-wakeword\dataset\negative\speech\2416_2416-152139-0003_neg_006.wav,2416,0.237283
E:\SIH\ira-wakeword\dataset\negative\speech\2416_2416-152139-0003_neg_010.wav,2416,0.972046
E:\SIH\ira-wakeword\dataset\negative\speech\2416_2416-152139-0004_neg_011.wav,2416,0.024874
E:\SIH\ira-wakeword\dataset\negative\speech\2416_2416-152139-0005_neg_000.wav,2416,0.886882
E:\SIH\ira-wakeword\dataset\negative\speech\2416_2416-152139-0005_neg_002.wav,2416,0.166316
E:\SIH\ira-wakeword\dataset\negative\speech\2416_2416-152139-0005_neg_014.wav,2416,0.150722
E:\SIH\ira-wakeword\dataset\negative\speech\2416_2416-152139-0006_neg_005.wav,2416,0.875252
E:\SIH\ira-wakeword\dataset\negative\speech\2416_2416-152139-0006_neg_007.wav,2416,0.002386
E:\SIH\ira-wakeword\dataset\negative\speech\2416_2416-152139-0008_neg_000.wav,2416,0.844695
E:\SIH\ira-wakeword\dataset\negative\speech\2416_2416-152139-0008_neg_001.wav,2416,0.023626
E:\SIH\ira-wakeword\dataset\negative\speech\2416_2416-152139-0008_neg_008.wav,2416,0.041411
E:\SIH\ira-wakeword\dataset\negative\speech\2416_2416-152139-0008_neg_010.wav,2416,0.177703
E:\SIH\ira-wakeword\dataset\negative\speech\2416_2416-152139-0009_neg_000.wav,2416,0.863238
E:\SIH\ira-wakeword\dataset\negative\speech\2416_2416-152139-0009_neg_001.wav,2416,0.220419
E:\SIH\ira-wakeword\dataset\negative\speech\2416_2416-152139-0009_neg_003.wav,2416,0.182897
E:\SIH\ira-wakeword\dataset\negative\speech\2416_2416-152139-0009_neg_008.wav,2416,0.047317
E:\SIH\ira-wakeword\dataset\negative\speech\2416_2416-152139-0010_neg_003.wav,2416,0.179984
E:\SIH\ira-wakeword\dataset\negative\speech\2416_2416-152139-0010_neg_008.wav,2416,0.529594
E:\SIH\ira-wakeword\dataset\negative\speech\2416_2416-152139-0011_neg_005.wav,2416,0.056688
E:\SIH\ira-wakeword\dataset\negative\speech\2416_2416-152139-0011_neg_006.wav,2416,0.061033
E:\SIH\ira-wakeword\dataset\negative\speech\2416_2416-152139-0012_neg_006.wav,2416,0.088215
E:\SIH\ira-wakeword\dataset\negative\speech\2416_2416-152139-0012_neg_010.wav,2416,0.021395
E:\SIH\ira-wakeword\dataset\negative\speech\2416_2416-152139-0012_neg_012.wav,2416,0.096064
E:\SIH\ira-wakeword\dataset\negative\speech\2416_2416-152139-0013_neg_000.wav,2416,0.617393
E:\SIH\ira-wakeword\dataset\negative\speech\2416_2416-152139-0013_neg_002.wav,2416,0.007142
E:\SIH\ira-wakeword\dataset\negative\speech\2416_2416-152139-0013_neg_006.wav,2416,0.027990
E:\SIH\ira-wakeword\dataset\negative\speech\2416_2416-152139-0014_neg_001.wav,2416,0.043251
E:\SIH\ira-wakeword\dataset\negative\speech\2416_2416-152139-0014_neg_007.wav,2416,0.058673
E:\SIH\ira-wakeword\dataset\negative\speech\2416_2416-152139-0014_neg_012.wav,2416,0.971620
E:\SIH\ira-wakeword\dataset\negative\speech\2416_2416-152139-0014_neg_014.wav,2416,0.134610
E:\SIH\ira-wakeword\dataset\negative\speech\2416_2416-152139-0016_neg_005.wav,2416,0.004740
E:\SIH\ira-wakeword\dataset\negative\speech\2416_2416-152139-0016_neg_008.wav,2416,0.271106
E:\SIH\ira-wakeword\dataset\negative\speech\2416_2416-152139-0018_neg_005.wav,2416,0.136472
E:\SIH\ira-wakeword\dataset\negative\speech\2416_2416-152139-0019_neg_007.wav,2416,0.951007
E:\SIH\ira-wakeword\dataset\negative\speech\2416_2416-152139-0020_neg_006.wav,2416,0.043329
E:\SIH\ira-wakeword\dataset\negative\speech\2416_2416-152139-0020_neg_010.wav,2416,0.076579
E:\SIH\ira-wakeword\dataset\negative\speech\2416_2416-152139-0020_neg_011.wav,2416,0.222370
E:\SIH\ira-wakeword\dataset\negative\speech\2416_2416-152139-0020_neg_013.wav,2416,0.376882
E:\SIH\ira-wakeword\dataset\negative\speech\2416_2416-152139-0021_neg_004.wav,2416,0.488029
E:\SIH\ira-wakeword\dataset\negative\speech\2416_2416-152139-0021_neg_007.wav,2416,0.061828
E:\SIH\ira-wakeword\dataset\negative\speech\2416_2416-152139-0022_neg_000.wav,2416,0.051815
E:\SIH\ira-wakeword\dataset\negative\speech\2416_2416-152139-0024_neg_004.wav,2416,0.106548
E:\SIH\ira-wakeword\dataset\negative\speech\2416_2416-152139-0024_neg_008.wav,2416,0.260298
E:\SIH\ira-wakeword\dataset\negative\speech\2416_2416-152139-0025_neg_000.wav,2416,0.187463
E:\SIH\ira-wakeword\dataset\negative\speech\2416_2416-152139-0027_neg_007.wav,2416,0.698369
E:\SIH\ira-wakeword\dataset\negative\speech\2416_2416-152139-0028_neg_003.wav,2416,0.889589
E:\SIH\ira-wakeword\dataset\negative\speech\2416_2416-152139-0028_neg_011.wav,2416,0.665294
E:\SIH\ira-wakeword\dataset\negative\speech\2416_2416-152139-0028_neg_014.wav,2416,0.397016
E:\SIH\ira-wakeword\dataset\negative\speech\2416_2416-152139-0029_neg_006.wav,2416,0.252146
E:\SIH\ira-wakeword\dataset\negative\speech\2416_2416-152139-0030_neg_010.wav,2416,0.042352
E:\SIH\ira-wakeword\dataset\negative\speech\2416_2416-152139-0030_neg_011.wav,2416,0.006146
E:\SIH\ira-wakeword\dataset\negative\speech\2416_2416-152139-0031_neg_001.wav,2416,0.148615
E:\SIH\ira-wakeword\dataset\negative\speech\2416_2416-152139-0031_neg_008.wav,2416,0.015260
E:\SIH\ira-wakeword\dataset\negative\speech\2416_2416-152139-0031_neg_012.wav,2416,0.957337
E:\SIH\ira-wakeword\dataset\negative\speech\2416_2416-152139-0032_neg_001.wav,2416,0.983584
E:\SIH\ira-wakeword\dataset\negative\speech\2416_2416-152139-0032_neg_003.wav,2416,0.118313
E:\SIH\ira-wakeword\dataset\negative\speech\2416_2416-152139-0032_neg_005.wav,2416,0.035563
E:\SIH\ira-wakeword\dataset\negative\speech\2416_2416-152139-0032_neg_012.wav,2416,0.033529
E:\SIH\ira-wakeword\dataset\negative\speech\2416_2416-152139-0033_neg_005.wav,2416,0.870944
E:\SIH\ira-wakeword\dataset\negative\speech\2416_2416-152139-0034_neg_006.wav,2416,0.000177
E:\SIH\ira-wakeword\dataset\negative\speech\2416_2416-152139-0034_neg_012.wav,2416,0.087739
E:\SIH\ira-wakeword\dataset\negative\speech\2416_2416-152139-0035_neg_000.wav,2416,0.076135
E:\SIH\ira-wakeword\dataset\negative\speech\2416_2416-152139-0035_neg_002.wav,2416,0.032589
E:\SIH\ira-wakeword\dataset\negative\speech\2416_2416-152139-0035_neg_012.wav,2416,0.017406
E:\SIH\ira-wakeword\dataset\negative\speech\2416_2416-152139-0036_neg_001.wav,2416,0.013766
E:\SIH\ira-wakeword\dataset\negative\speech\2416_2416-152139-0036_neg_002.wav,2416,0.096647
E:\SIH\ira-wakeword\dataset\negative\speech\2416_2416-152139-0036_neg_006.wav,2416,0.143272
E:\SIH\ira-wakeword\dataset\negative\speech\2416_2416-152139-0036_neg_008.wav,2416,0.075690
E:\SIH\ira-wakeword\dataset\negative\speech\2416_2416-152139-0037_neg_007.wav,2416,0.012803
E:\SIH\ira-wakeword\dataset\negative\speech\2416_2416-152139-0038_neg_012.wav,2416,0.142583
E:\SIH\ira-wakeword\dataset\negative\speech\2416_2416-152139-0039_neg_001.wav,2416,0.109985
E:\SIH\ira-wakeword\dataset\negative\speech\2416_2416-152139-0039_neg_005.wav,2416,0.065030
E:\SIH\ira-wakeword\dataset\negative\speech\2416_2416-152139-0040_neg_006.wav,2416,0.046461
E:\SIH\ira-wakeword\dataset\negative\speech\2416_2416-152139-0040_neg_009.wav,2416,0.718683
E:\SIH\ira-wakeword\dataset\negative\speech\2416_2416-152139-0041_neg_000.wav,2416,0.031074
E:\SIH\ira-wakeword\dataset\negative\speech\2416_2416-152139-0041_neg_004.wav,2416,0.144640
E:\SIH\ira-wakeword\dataset\negative\speech\2416_2416-152139-0041_neg_009.wav,2416,0.526122
E:\SIH\ira-wakeword\dataset\negative\speech\2416_2416-152139-0041_neg_010.wav,2416,0.132157
E:\SIH\ira-wakeword\dataset\negative\speech\2416_2416-152139-0041_neg_012.wav,2416,0.122943
E:\SIH\ira-wakeword\dataset\negative\speech\2416_2416-152139-0041_neg_014.wav,2416,0.084203
E:\SIH\ira-wakeword\dataset\negative\speech\2416_2416-152139-0042_neg_001.wav,2416,0.023822
E:\SIH\ira-wakeword\dataset\negative\speech\2416_2416-152139-0042_neg_007.wav,2416,0.082050
E:\SIH\ira-wakeword\dataset\negative\speech\2416_2416-152139-0043_neg_003.wav,2416,0.054077
E:\SIH\ira-wakeword\dataset\negative\speech\2416_2416-152139-0043_neg_008.wav,2416,0.003917
E:\SIH\ira-wakeword\dataset\negative\speech\2416_2416-152139-0043_neg_010.wav,2416,0.186889
E:\SIH\ira-wakeword\dataset\negative\speech\2416_2416-152139-0044_neg_008.wav,2416,0.009868
E:\SIH\ira-wakeword\dataset\negative\speech\2416_2416-152139-0044_neg_012.wav,2416,0.529670
E:\SIH\ira-wakeword\dataset\negative\speech\2416_2416-152139-0044_neg_013.wav,2416,0.822783
E:\SIH\ira-wakeword\dataset\negative\speech\2416_2416-152139-0045_neg_004.wav,2416,0.459555
E:\SIH\ira-wakeword\dataset\negative\speech\2416_2416-152139-0046_neg_005.wav,2416,0.099625
E:\SIH\ira-wakeword\dataset\negative\speech\2416_2416-152139-0048_neg_010.wav,2416,0.971116
E:\SIH\ira-wakeword\dataset\negative\speech\2416_2416-152139-0049_neg_005.wav,2416,0.004231
E:\SIH\ira-wakeword\dataset\negative\speech\2416_2416-152139-0049_neg_008.wav,2416,0.516656
E:\SIH\ira-wakeword\dataset\negative\speech\2416_2416-152139-0049_neg_011.wav,2416,0.186216
E:\SIH\ira-wakeword\dataset\negative\speech\2416_2416-152139-0050_neg_009.wav,2416,0.123130
E:\SIH\ira-wakeword\dataset\negative\speech\2416_2416-152139-0051_neg_000.wav,2416,0.175283
E:\SIH\ira-wakeword\dataset\negative\speech\2416_2416-152139-0051_neg_001.wav,2416,0.070911
E:\SIH\ira-wakeword\dataset\negative\speech\2416_2416-152139-0051_neg_005.wav,2416,0.190563
E:\SIH\ira-wakeword\dataset\negative\speech\2416_2416-152139-0052_neg_002.wav,2416,0.008567
E:\SIH\ira-wakeword\dataset\negative\speech\2416_2416-152139-0053_neg_009.wav,2416,0.000518
E:\SIH\ira-wakeword\dataset\negative\speech\2416_2416-152139-0053_neg_010.wav,2416,0.131440
E:\SIH\ira-wakeword\dataset\negative\speech\2416_2416-152139-0054_neg_003.wav,2416,0.662944
E:\SIH\ira-wakeword\dataset\negative\speech\2416_2416-152139-0054_neg_006.wav,2416,0.240366
E:\SIH\ira-wakeword\dataset\negative\speech\2416_2416-152139-0055_neg_002.wav,2416,0.001300
E:\SIH\ira-wakeword\dataset\negative\speech\2416_2416-152139-0055_neg_003.wav,2416,0.258757
E:\SIH\ira-wakeword\dataset\negative\speech\2416_2416-152139-0055_neg_006.wav,2416,0.002408
E:\SIH\ira-wakeword\dataset\negative\speech\2416_2416-152139-0058_neg_003.wav,2416,0.266107
E:\SIH\ira-wakeword\dataset\negative\speech\2416_2416-152139-0058_neg_012.wav,2416,0.862590
E:\SIH\ira-wakeword\dataset\negative\speech\2416_2416-152139-0059_neg_005.wav,2416,0.219511
E:\SIH\ira-wakeword\dataset\negative\speech\2416_2416-152139-0059_neg_006.wav,2416,0.389084
E:\SIH\ira-wakeword\dataset\negative\speech\2416_2416-152139-0060_neg_002.wav,2416,0.026532
E:\SIH\ira-wakeword\dataset\negative\speech\2416_2416-152139-0060_neg_011.wav,2416,0.813985
E:\SIH\ira-wakeword\dataset\negative\speech\2416_2416-152139-0061_neg_002.wav,2416,0.001324
E:\SIH\ira-wakeword\dataset\negative\speech\2416_2416-152139-0062_neg_004.wav,2416,0.087311
E:\SIH\ira-wakeword\dataset\negative\speech\2416_2416-152139-0062_neg_005.wav,2416,0.071188
E:\SIH\ira-wakeword\dataset\negative\speech\2416_2416-152139-0062_neg_006.wav,2416,0.609197
E:\SIH\ira-wakeword\dataset\negative\speech\2416_2416-152139-0063_neg_000.wav,2416,0.141883
E:\SIH\ira-wakeword\dataset\negative\speech\2416_2416-152139-0063_neg_007.wav,2416,0.338454
E:\SIH\ira-wakeword\dataset\negative\speech\2416_2416-152139-0064_neg_011.wav,2416,0.687728
E:\SIH\ira-wakeword\dataset\negative\speech\2416_2416-152139-0065_neg_007.wav,2416,0.167192
E:\SIH\ira-wakeword\dataset\negative\speech\2416_2416-152139-0065_neg_014.wav,2416,0.208543
E:\SIH\ira-wakeword\dataset\negative\speech\2416_2416-152139-0066_neg_002.wav,2416,0.088919
E:\SIH\ira-wakeword\dataset\negative\speech\2416_2416-152139-0066_neg_013.wav,2416,0.489557
E:\SIH\ira-wakeword\dataset\negative\speech\2416_2416-152139-0067_neg_008.wav,2416,0.378384
E:\SIH\ira-wakeword\dataset\negative\speech\2416_2416-152139-0067_neg_009.wav,2416,0.019272
E:\SIH\ira-wakeword\dataset\negative\speech\2416_2416-152139-0067_neg_012.wav,2416,0.061108
E:\SIH\ira-wakeword\dataset\negative\speech\2416_2416-152139-0068_neg_006.wav,2416,0.044427
E:\SIH\ira-wakeword\dataset\negative\speech\2416_2416-152139-0069_neg_002.wav,2416,0.559054
E:\SIH\ira-wakeword\dataset\negative\speech\2416_2416-152139-0069_neg_003.wav,2416,0.724210
E:\SIH\ira-wakeword\dataset\negative\speech\2416_2416-152139-0069_neg_005.wav,2416,0.010630
E:\SIH\ira-wakeword\dataset\negative\speech\2416_2416-152139-0069_neg_006.wav,2416,0.085483
E:\SIH\ira-wakeword\dataset\negative\speech\2416_2416-152139-0069_neg_009.wav,2416,0.000922
E:\SIH\ira-wakeword\dataset\negative\speech\2416_2416-152139-0070_neg_010.wav,2416,0.044527
E:\SIH\ira-wakeword\dataset\negative\speech\2416_2416-152139-0070_neg_012.wav,2416,0.357099
E:\SIH\ira-wakeword\dataset\negative\speech\2416_2416-152139-0072_neg_004.wav,2416,0.404143
E:\SIH\ira-wakeword\dataset\negative\speech\2416_2416-152139-0072_neg_008.wav,2416,0.113523
E:\SIH\ira-wakeword\dataset\negative\speech\3242_3242-8112-0000_neg_000.wav,3242,0.121200
E:\SIH\ira-wakeword\dataset\negative\speech\3242_3242-8112-0001_neg_001.wav,3242,0.334238
E:\SIH\ira-wakeword\dataset\negative\speech\3242_3242-8112-0001_neg_006.wav,3242,0.056910
E:\SIH\ira-wakeword\dataset\negative\speech\3242_3242-8112-0001_neg_007.wav,3242,0.169027
E:\SIH\ira-wakeword\dataset\negative\speech\3242_3242-8112-0001_neg_008.wav,3242,0.058167
E:\SIH\ira-wakeword\dataset\negative\speech\3242_3242-8112-0001_neg_013.wav,3242,0.014817
E:\SIH\ira-wakeword\dataset\negative\speech\3242_3242-8112-0002_neg_003.wav,3242,0.004978
E:\SIH\ira-wakeword\dataset\negative\speech\3242_3242-8112-0002_neg_005.wav,3242,0.028776
E:\SIH\ira-wakeword\dataset\negative\speech\3242_3242-8112-0002_neg_011.wav,3242,0.105045
E:\SIH\ira-wakeword\dataset\negative\speech\3242_3242-8112-0002_neg_012.wav,3242,0.021294
E:\SIH\ira-wakeword\dataset\negative\speech\3242_3242-8112-0002_neg_013.wav,3242,0.221377
E:\SIH\ira-wakeword\dataset\negative\speech\3242_3242-8112-0003_neg_000.wav,3242,0.011377
E:\SIH\ira-wakeword\dataset\negative\speech\3242_3242-8112-0003_neg_003.wav,3242,0.003896
E:\SIH\ira-wakeword\dataset\negative\speech\3242_3242-8112-0003_neg_007.wav,3242,0.855477
E:\SIH\ira-wakeword\dataset\negative\speech\3242_3242-8112-0003_neg_009.wav,3242,0.010883
E:\SIH\ira-wakeword\dataset\negative\speech\3242_3242-8112-0004_neg_001.wav,3242,0.009430
E:\SIH\ira-wakeword\dataset\negative\speech\3242_3242-8112-0004_neg_005.wav,3242,0.107738
E:\SIH\ira-wakeword\dataset\negative\speech\3242_3242-8112-0004_neg_006.wav,3242,0.004439
E:\SIH\ira-wakeword\dataset\negative\speech\3242_3242-8112-0004_neg_011.wav,3242,0.409407
E:\SIH\ira-wakeword\dataset\negative\speech\3242_3242-8112-0005_neg_000.wav,3242,0.293028
E:\SIH\ira-wakeword\dataset\negative\speech\3242_3242-8112-0005_neg_002.wav,3242,0.193209
E:\SIH\ira-wakeword\dataset\negative\speech\3242_3242-8112-0005_neg_005.wav,3242,0.007344
E:\SIH\ira-wakeword\dataset\negative\speech\3242_3242-8112-0005_neg_008.wav,3242,0.733072
E:\SIH\ira-wakeword\dataset\negative\speech\3242_3242-8112-0005_neg_011.wav,3242,0.085302
E:\SIH\ira-wakeword\dataset\negative\speech\3242_3242-8112-0005_neg_014.wav,3242,0.008167
E:\SIH\ira-wakeword\dataset\negative\speech\3242_3242-8112-0006_neg_000.wav,3242,0.013633
E:\SIH\ira-wakeword\dataset\negative\speech\3242_3242-8112-0006_neg_001.wav,3242,0.059293
E:\SIH\ira-wakeword\dataset\negative\speech\3242_3242-8112-0006_neg_006.wav,3242,0.007394
E:\SIH\ira-wakeword\dataset\negative\speech\3242_3242-8112-0006_neg_007.wav,3242,0.009658
E:\SIH\ira-wakeword\dataset\negative\speech\3242_3242-8112-0006_neg_010.wav,3242,0.050858
E:\SIH\ira-wakeword\dataset\negative\speech\3242_3242-8112-0007_neg_000.wav,3242,0.002175
E:\SIH\ira-wakeword\dataset\negative\speech\3242_3242-8112-0007_neg_002.wav,3242,0.280819
E:\SIH\ira-wakeword\dataset\negative\speech\3242_3242-8112-0007_neg_003.wav,3242,0.582306
E:\SIH\ira-wakeword\dataset\negative\speech\3242_3242-8112-0007_neg_007.wav,3242,0.041799
E:\SIH\ira-wakeword\dataset\negative\speech\3242_3242-8112-0008_neg_000.wav,3242,0.025185
E:\SIH\ira-wakeword\dataset\negative\speech\3242_3242-8112-0008_neg_002.wav,3242,0.222703
E:\SIH\ira-wakeword\dataset\negative\speech\3242_3242-8112-0009_neg_000.wav,3242,0.057111
E:\SIH\ira-wakeword\dataset\negative\speech\3242_3242-8112-0010_neg_000.wav,3242,0.006945
E:\SIH\ira-wakeword\dataset\negative\speech\3242_3242-8112-0010_neg_004.wav,3242,0.018437
E:\SIH\ira-wakeword\dataset\negative\speech\3242_3242-8112-0010_neg_008.wav,3242,0.001524
E:\SIH\ira-wakeword\dataset\negative\speech\3242_3242-8112-0010_neg_010.wav,3242,0.537541
E:\SIH\ira-wakeword\dataset\negative\speech\3242_3242-8112-0010_neg_012.wav,3242,0.105730
E:\SIH\ira-wakeword\dataset\negative\speech\3242_3242-8112-0011_neg_000.wav,3242,0.142116
E:\SIH\ira-wakeword\dataset\negative\speech\3242_3242-8112-0011_neg_001.wav,3242,0.000731
E:\SIH\ira-wakeword\dataset\negative\speech\3242_3242-8112-0011_neg_002.wav,3242,0.007599
E:\SIH\ira-wakeword\dataset\negative\speech\3242_3242-8112-0011_neg_003.wav,3242,0.358558
E:\SIH\ira-wakeword\dataset\negative\speech\3242_3242-8112-0012_neg_001.wav,3242,0.008055
E:\SIH\ira-wakeword\dataset\negative\speech\3242_3242-8112-0012_neg_002.wav,3242,0.001386
E:\SIH\ira-wakeword\dataset\negative\speech\3242_3242-8112-0012_neg_003.wav,3242,0.020519
E:\SIH\ira-wakeword\dataset\negative\speech\3242_3242-8112-0012_neg_006.wav,3242,0.005508
E:\SIH\ira-wakeword\dataset\negative\speech\3242_3242-8112-0012_neg_007.wav,3242,0.021494
E:\SIH\ira-wakeword\dataset\negative\speech\3242_3242-8112-0012_neg_012.wav,3242,0.014303
E:\SIH\ira-wakeword\dataset\negative\speech\3242_3242-8112-0013_neg_003.wav,3242,0.057060
E:\SIH\ira-wakeword\dataset\negative\speech\3242_3242-8112-0013_neg_005.wav,3242,0.066013
E:\SIH\ira-wakeword\dataset\negative\speech\3242_3242-8112-0013_neg_009.wav,3242,0.557758
E:\SIH\ira-wakeword\dataset\negative\speech\3242_3242-8112-0014_neg_000.wav,3242,0.590673
E:\SIH\ira-wakeword\dataset\negative\speech\3242_3242-8112-0014_neg_003.wav,3242,0.116819
E:\SIH\ira-wakeword\dataset\negative\speech\3242_3242-8112-0014_neg_004.wav,3242,0.910768
E:\SIH\ira-wakeword\dataset\negative\speech\3242_3242-8112-0014_neg_006.wav,3242,0.060449
E:\SIH\ira-wakeword\dataset\negative\speech\3242_3242-8112-0014_neg_011.wav,3242,0.283573
E:\SIH\ira-wakeword\dataset\negative\speech\3242_3242-8112-0014_neg_013.wav,3242,0.451761
E:\SIH\ira-wakeword\dataset\negative\speech\3242_3242-8112-0014_neg_014.wav,3242,0.168667
E:\SIH\ira-wakeword\dataset\negative\speech\3242_3242-8112-0015_neg_000.wav,3242,0.155774
E:\SIH\ira-wakeword\dataset\negative\speech\3242_3242-8112-0015_neg_004.wav,3242,0.004461
E:\SIH\ira-wakeword\dataset\negative\speech\3242_3242-8112-0015_neg_006.wav,3242,0.017710
E:\SIH\ira-wakeword\dataset\negative\speech\3242_3242-8112-0015_neg_010.wav,3242,0.605456
E:\SIH\ira-wakeword\dataset\negative\speech\3242_3242-8112-0016_neg_002.wav,3242,0.003586
E:\SIH\ira-wakeword\dataset\negative\speech\3242_3242-8112-0016_neg_009.wav,3242,0.204511
E:\SIH\ira-wakeword\dataset\negative\speech\3242_3242-8112-0016_neg_010.wav,3242,0.946304
E:\SIH\ira-wakeword\dataset\negative\speech\3242_3242-8112-0017_neg_007.wav,3242,0.365182
E:\SIH\ira-wakeword\dataset\negative\speech\3242_3242-8112-0018_neg_001.wav,3242,0.092363
E:\SIH\ira-wakeword\dataset\negative\speech\3242_3242-8112-0018_neg_005.wav,3242,0.654571
E:\SIH\ira-wakeword\dataset\negative\speech\3242_3242-8112-0019_neg_000.wav,3242,0.106956
E:\SIH\ira-wakeword\dataset\negative\speech\3242_3242-8112-0019_neg_003.wav,3242,0.014559
E:\SIH\ira-wakeword\dataset\negative\speech\3242_3242-8112-0019_neg_004.wav,3242,0.004688
E:\SIH\ira-wakeword\dataset\negative\speech\3242_3242-8112-0019_neg_009.wav,3242,0.024238
E:\SIH\ira-wakeword\dataset\negative\speech\3242_3242-8112-0020_neg_005.wav,3242,0.041063
E:\SIH\ira-wakeword\dataset\negative\speech\3242_3242-8112-0020_neg_008.wav,3242,0.313568
E:\SIH\ira-wakeword\dataset\negative\speech\3242_3242-8112-0020_neg_011.wav,3242,0.248978
E:\SIH\ira-wakeword\dataset\negative\speech\3242_3242-8112-0020_neg_012.wav,3242,0.008923
E:\SIH\ira-wakeword\dataset\negative\speech\3242_3242-8112-0021_neg_000.wav,3242,0.069507
E:\SIH\ira-wakeword\dataset\negative\speech\3242_3242-8112-0021_neg_003.wav,3242,0.174297
E:\SIH\ira-wakeword\dataset\negative\speech\3242_3242-8112-0021_neg_006.wav,3242,0.005337
E:\SIH\ira-wakeword\dataset\negative\speech\3242_3242-8112-0021_neg_007.wav,3242,0.287731
E:\SIH\ira-wakeword\dataset\negative\speech\3242_3242-8112-0022_neg_000.wav,3242,0.048787
E:\SIH\ira-wakeword\dataset\negative\speech\3242_3242-8112-0022_neg_005.wav,3242,0.174243
E:\SIH\ira-wakeword\dataset\negative\speech\3242_3242-8112-0025_neg_000.wav,3242,0.360470
E:\SIH\ira-wakeword\dataset\negative\speech\3242_3242-8112-0025_neg_005.wav,3242,0.262350
E:\SIH\ira-wakeword\dataset\negative\speech\3242_3242-8112-0025_neg_006.wav,3242,0.013114
E:\SIH\ira-wakeword\dataset\negative\speech\3242_3242-8112-0025_neg_007.wav,3242,0.006425
E:\SIH\ira-wakeword\dataset\negative\speech\3242_3242-8112-0026_neg_004.wav,3242,0.096517
E:\SIH\ira-wakeword\dataset\negative\speech\3242_3242-8112-0026_neg_005.wav,3242,0.004058
E:\SIH\ira-wakeword\dataset\negative\speech\3242_3242-8112-0026_neg_008.wav,3242,0.131574
E:\SIH\ira-wakeword\dataset\negative\speech\3242_3242-8112-0026_neg_009.wav,3242,0.062929
E:\SIH\ira-wakeword\dataset\negative\speech\3242_3242-8112-0026_neg_011.wav,3242,0.062640
E:\SIH\ira-wakeword\dataset\negative\speech\3242_3242-8112-0026_neg_012.wav,3242,0.067266
E:\SIH\ira-wakeword\dataset\negative\speech\3242_3242-8112-0026_neg_013.wav,3242,0.159773
E:\SIH\ira-wakeword\dataset\negative\speech\3242_3242-8112-0028_neg_000.wav,3242,0.448952
E:\SIH\ira-wakeword\dataset\negative\speech\3242_3242-8112-0028_neg_004.wav,3242,0.039142
E:\SIH\ira-wakeword\dataset\negative\speech\3242_3242-8112-0028_neg_012.wav,3242,0.003599
E:\SIH\ira-wakeword\dataset\negative\speech\3242_3242-8112-0028_neg_014.wav,3242,0.120025
E:\SIH\ira-wakeword\dataset\negative\speech\3242_3242-8112-0029_neg_004.wav,3242,0.273902
E:\SIH\ira-wakeword\dataset\negative\speech\3242_3242-8112-0029_neg_008.wav,3242,0.055024
E:\SIH\ira-wakeword\dataset\negative\speech\3242_3242-8112-0029_neg_012.wav,3242,0.002151
E:\SIH\ira-wakeword\dataset\negative\speech\3242_3242-8112-0030_neg_000.wav,3242,0.144591
E:\SIH\ira-wakeword\dataset\negative\speech\3242_3242-8112-0030_neg_003.wav,3242,0.010111
E:\SIH\ira-wakeword\dataset\negative\speech\3242_3242-8112-0031_neg_000.wav,3242,0.318152
E:\SIH\ira-wakeword\dataset\negative\speech\3242_3242-8112-0031_neg_001.wav,3242,0.010286
E:\SIH\ira-wakeword\dataset\negative\speech\3242_3242-8112-0032_neg_003.wav,3242,0.076693
E:\SIH\ira-wakeword\dataset\negative\speech\3242_3242-8112-0033_neg_000.wav,3242,0.026905
E:\SIH\ira-wakeword\dataset\negative\speech\3242_3242-8112-0033_neg_002.wav,3242,0.031983
E:\SIH\ira-wakeword\dataset\negative\speech\3242_3242-8112-0034_neg_003.wav,3242,0.045456
E:\SIH\ira-wakeword\dataset\negative\speech\3242_3242-8112-0034_neg_005.wav,3242,0.464451
E:\SIH\ira-wakeword\dataset\negative\speech\3242_3242-8112-0034_neg_008.wav,3242,0.207828
E:\SIH\ira-wakeword\dataset\negative\speech\3242_3242-8112-0034_neg_011.wav,3242,0.008804
E:\SIH\ira-wakeword\dataset\negative\speech\3242_3242-8112-0034_neg_014.wav,3242,0.168224
E:\SIH\ira-wakeword\dataset\negative\speech\3242_3242-8112-0035_neg_005.wav,3242,0.195734
E:\SIH\ira-wakeword\dataset\negative\speech\3242_3242-8112-0035_neg_007.wav,3242,0.018596
E:\SIH\ira-wakeword\dataset\negative\speech\3242_3242-8112-0035_neg_011.wav,3242,0.848961
E:\SIH\ira-wakeword\dataset\negative\speech\3242_3242-8112-0035_neg_013.wav,3242,0.059321
E:\SIH\ira-wakeword\dataset\negative\speech\3242_3242-8112-0036_neg_001.wav,3242,0.029385
E:\SIH\ira-wakeword\dataset\negative\speech\3242_3242-8112-0036_neg_002.wav,3242,0.314397
E:\SIH\ira-wakeword\dataset\negative\speech\3242_3242-8112-0036_neg_007.wav,3242,0.022109
E:\SIH\ira-wakeword\dataset\negative\speech\3242_3242-8112-0036_neg_008.wav,3242,0.008079
E:\SIH\ira-wakeword\dataset\negative\speech\3242_3242-8112-0036_neg_010.wav,3242,0.034555
E:\SIH\ira-wakeword\dataset\negative\speech\3242_3242-8112-0037_neg_007.wav,3242,0.047689
E:\SIH\ira-wakeword\dataset\negative\speech\3242_3242-8112-0037_neg_011.wav,3242,0.648177
E:\SIH\ira-wakeword\dataset\negative\speech\3242_3242-8112-0038_neg_000.wav,3242,0.028537
E:\SIH\ira-wakeword\dataset\negative\speech\3242_3242-8112-0039_neg_000.wav,3242,0.890453
E:\SIH\ira-wakeword\dataset\negative\speech\3242_3242-8112-0039_neg_002.wav,3242,0.140230
E:\SIH\ira-wakeword\dataset\negative\speech\3242_3242-8112-0039_neg_008.wav,3242,0.155177
E:\SIH\ira-wakeword\dataset\negative\speech\3242_3242-8112-0040_neg_002.wav,3242,0.006994
E:\SIH\ira-wakeword\dataset\negative\speech\3242_3242-8112-0040_neg_004.wav,3242,0.210744
E:\SIH\ira-wakeword\dataset\negative\speech\3242_3242-8112-0040_neg_008.wav,3242,0.037716
E:\SIH\ira-wakeword\dataset\negative\speech\3242_3242-8112-0040_neg_011.wav,3242,0.030796
E:\SIH\ira-wakeword\dataset\negative\speech\3242_3242-8112-0041_neg_000.wav,3242,0.649825
E:\SIH\ira-wakeword\dataset\negative\speech\3242_3242-8112-0041_neg_002.wav,3242,0.035377
E:\SIH\ira-wakeword\dataset\negative\speech\3242_3242-8112-0041_neg_013.wav,3242,0.003913
E:\SIH\ira-wakeword\dataset\negative\speech\3242_3242-8112-0042_neg_001.wav,3242,0.126119
E:\SIH\ira-wakeword\dataset\negative\speech\3242_3242-8112-0042_neg_005.wav,3242,0.161513
E:\SIH\ira-wakeword\dataset\negative\speech\3242_3242-8112-0042_neg_006.wav,3242,0.705696
E:\SIH\ira-wakeword\dataset\negative\speech\3242_3242-8112-0042_neg_012.wav,3242,0.215559
E:\SIH\ira-wakeword\dataset\negative\speech\3242_3242-8112-0043_neg_008.wav,3242,0.229127
E:\SIH\ira-wakeword\dataset\negative\speech\32_32-21631-0000_neg_000.wav,32,0.001859
E:\SIH\ira-wakeword\dataset\negative\speech\32_32-21631-0000_neg_002.wav,32,0.094942
E:\SIH\ira-wakeword\dataset\negative\speech\32_32-21631-0000_neg_005.wav,32,0.000737
E:\SIH\ira-wakeword\dataset\negative\speech\32_32-21631-0000_neg_006.wav,32,0.086201
E:\SIH\ira-wakeword\dataset\negative\speech\32_32-21631-0000_neg_008.wav,32,0.000164
E:\SIH\ira-wakeword\dataset\negative\speech\32_32-21631-0000_neg_009.wav,32,0.139015
E:\SIH\ira-wakeword\dataset\negative\speech\32_32-21631-0000_neg_011.wav,32,0.133922
E:\SIH\ira-wakeword\dataset\negative\speech\32_32-21631-0000_neg_012.wav,32,0.029954
E:\SIH\ira-wakeword\dataset\negative\speech\32_32-21631-0000_neg_014.wav,32,0.017074
E:\SIH\ira-wakeword\dataset\negative\speech\32_32-21631-0000_neg_015.wav,32,0.126616
E:\SIH\ira-wakeword\dataset\negative\speech\32_32-21631-0001_neg_000.wav,32,0.006597
E:\SIH\ira-wakeword\dataset\negative\speech\32_32-21631-0001_neg_001.wav,32,0.613919
E:\SIH\ira-wakeword\dataset\negative\speech\32_32-21631-0001_neg_003.wav,32,0.184933
E:\SIH\ira-wakeword\dataset\negative\speech\32_32-21631-0001_neg_005.wav,32,0.121052
E:\SIH\ira-wakeword\dataset\negative\speech\32_32-21631-0001_neg_006.wav,32,0.000095
E:\SIH\ira-wakeword\dataset\negative\speech\32_32-21631-0001_neg_007.wav,32,0.023989
E:\SIH\ira-wakeword\dataset\negative\speech\32_32-21631-0001_neg_013.wav,32,0.190548
E:\SIH\ira-wakeword\dataset\negative\speech\32_32-21631-0002_neg_001.wav,32,0.026547
E:\SIH\ira-wakeword\dataset\negative\speech\32_32-21631-0002_neg_002.wav,32,0.355022
E:\SIH\ira-wakeword\dataset\negative\speech\32_32-21631-0002_neg_004.wav,32,0.000664
E:\SIH\ira-wakeword\dataset\negative\speech\32_32-21631-0002_neg_008.wav,32,0.039164
E:\SIH\ira-wakeword\dataset\negative\speech\32_32-21631-0002_neg_011.wav,32,0.006147
E:\SIH\ira-wakeword\dataset\negative\speech\32_32-21631-0002_neg_012.wav,32,0.144181
E:\SIH\ira-wakeword\dataset\negative\speech\32_32-21631-0003_neg_000.wav,32,0.042396
E:\SIH\ira-wakeword\dataset\negative\speech\32_32-21631-0003_neg_004.wav,32,0.553829
E:\SIH\ira-wakeword\dataset\negative\speech\32_32-21631-0003_neg_005.wav,32,0.024690
E:\SIH\ira-wakeword\dataset\negative\speech\32_32-21631-0003_neg_007.wav,32,0.441884
E:\SIH\ira-wakeword\dataset\negative\speech\32_32-21631-0004_neg_000.wav,32,0.013234
E:\SIH\ira-wakeword\dataset\negative\speech\32_32-21631-0004_neg_001.wav,32,0.002209
E:\SIH\ira-wakeword\dataset\negative\speech\32_32-21631-0004_neg_002.wav,32,0.017430
E:\SIH\ira-wakeword\dataset\negative\speech\32_32-21631-0004_neg_005.wav,32,0.000912
E:\SIH\ira-wakeword\dataset\negative\speech\32_32-21631-0004_neg_006.wav,32,0.042782
E:\SIH\ira-wakeword\dataset\negative\speech\32_32-21631-0004_neg_011.wav,32,0.174493
E:\SIH\ira-wakeword\dataset\negative\speech\32_32-21631-0005_neg_000.wav,32,0.005855
E:\SIH\ira-wakeword\dataset\negative\speech\32_32-21631-0005_neg_001.wav,32,0.002023
E:\SIH\ira-wakeword\dataset\negative\speech\32_32-21631-0005_neg_004.wav,32,0.037140
E:\SIH\ira-wakeword\dataset\negative\speech\32_32-21631-0005_neg_007.wav,32,0.092055
E:\SIH\ira-wakeword\dataset\negative\speech\32_32-21631-0005_neg_010.wav,32,0.433993
E:\SIH\ira-wakeword\dataset\negative\speech\32_32-21631-0005_neg_011.wav,32,0.008301
E:\SIH\ira-wakeword\dataset\negative\speech\32_32-21631-0005_neg_012.wav,32,0.022315
E:\SIH\ira-wakeword\dataset\negative\speech\32_32-21631-0005_neg_014.wav,32,0.062331
E:\SIH\ira-wakeword\dataset\negative\speech\32_32-21631-0006_neg_000.wav,32,0.762219
E:\SIH\ira-wakeword\dataset\negative\speech\32_32-21631-0006_neg_002.wav,32,0.069250
E:\SIH\ira-wakeword\dataset\negative\speech\32_32-21631-0006_neg_004.wav,32,0.615413
E:\SIH\ira-wakeword\dataset\negative\speech\32_32-21631-0006_neg_005.wav,32,0.014206
E:\SIH\ira-wakeword\dataset\negative\speech\32_32-21631-0006_neg_007.wav,32,0.065352
E:\SIH\ira-wakeword\dataset\negative\speech\32_32-21631-0006_neg_010.wav,32,0.120351
E:\SIH\ira-wakeword\dataset\negative\speech\32_32-21631-0006_neg_011.wav,32,0.016911
E:\SIH\ira-wakeword\dataset\negative\speech\32_32-21631-0006_neg_014.wav,32,0.245350
E:\SIH\ira-wakeword\dataset\negative\speech\32_32-21631-0007_neg_003.wav,32,0.172986
E:\SIH\ira-wakeword\dataset\negative\speech\32_32-21631-0007_neg_004.wav,32,0.076784
E:\SIH\ira-wakeword\dataset\negative\speech\32_32-21631-0007_neg_005.wav,32,0.039495
E:\SIH\ira-wakeword\dataset\negative\speech\32_32-21631-0007_neg_006.wav,32,0.823321
E:\SIH\ira-wakeword\dataset\negative\speech\32_32-21631-0007_neg_007.wav,32,0.042266
E:\SIH\ira-wakeword\dataset\negative\speech\32_32-21631-0007_neg_008.wav,32,0.668723
E:\SIH\ira-wakeword\dataset\negative\speech\32_32-21631-0007_neg_010.wav,32,0.007796
E:\SIH\ira-wakeword\dataset\negative\speech\32_32-21631-0007_neg_012.wav,32,0.043239
E:\SIH\ira-wakeword\dataset\negative\speech\32_32-21631-0007_neg_013.wav,32,0.040139
E:\SIH\ira-wakeword\dataset\negative\speech\32_32-21631-0008_neg_000.wav,32,0.285949
E:\SIH\ira-wakeword\dataset\negative\speech\32_32-21631-0008_neg_001.wav,32,0.712390
E:\SIH\ira-wakeword\dataset\negative\speech\32_32-21631-0008_neg_002.wav,32,0.013039
E:\SIH\ira-wakeword\dataset\negative\speech\32_32-21631-0008_neg_004.wav,32,0.045424
E:\SIH\ira-wakeword\dataset\negative\speech\32_32-21631-0008_neg_006.wav,32,0.020189
E:\SIH\ira-wakeword\dataset\negative\speech\32_32-21631-0008_neg_007.wav,32,0.004026
E:\SIH\ira-wakeword\dataset\negative\speech\32_32-21631-0008_neg_009.wav,32,0.077641
E:\SIH\ira-wakeword\dataset\negative\speech\32_32-21631-0009_neg_001.wav,32,0.125699
E:\SIH\ira-wakeword\dataset\negative\speech\32_32-21631-0009_neg_003.wav,32,0.714939
E:\SIH\ira-wakeword\dataset\negative\speech\32_32-21631-0009_neg_004.wav,32,0.016802
E:\SIH\ira-wakeword\dataset\negative\speech\32_32-21631-0009_neg_005.wav,32,0.237910
E:\SIH\ira-wakeword\dataset\negative\speech\32_32-21631-0009_neg_010.wav,32,0.007332
E:\SIH\ira-wakeword\dataset\negative\speech\32_32-21631-0009_neg_011.wav,32,0.033849
E:\SIH\ira-wakeword\dataset\negative\speech\32_32-21631-0009_neg_012.wav,32,0.003478
E:\SIH\ira-wakeword\dataset\negative\speech\32_32-21631-0009_neg_013.wav,32,0.010852
E:\SIH\ira-wakeword\dataset\negative\speech\32_32-21631-0009_neg_014.wav,32,0.329149
E:\SIH\ira-wakeword\dataset\negative\speech\32_32-21631-0010_neg_001.wav,32,0.012968
E:\SIH\ira-wakeword\dataset\negative\speech\32_32-21631-0010_neg_003.wav,32,0.073081
E:\SIH\ira-wakeword\dataset\negative\speech\32_32-21631-0010_neg_004.wav,32,0.132260
E:\SIH\ira-wakeword\dataset\negative\speech\32_32-21631-0010_neg_005.wav,32,0.004145
E:\SIH\ira-wakeword\dataset\negative\speech\32_32-21631-0010_neg_007.wav,32,0.007996
E:\SIH\ira-wakeword\dataset\negative\speech\32_32-21631-0010_neg_008.wav,32,0.443831
E:\SIH\ira-wakeword\dataset\negative\speech\32_32-21631-0010_neg_009.wav,32,0.008309
E:\SIH\ira-wakeword\dataset\negative\speech\32_32-21631-0010_neg_012.wav,32,0.139318
E:\SIH\ira-wakeword\dataset\negative\speech\32_32-21631-0010_neg_013.wav,32,0.002562
E:\SIH\ira-wakeword\dataset\negative\speech\32_32-21631-0010_neg_014.wav,32,0.099144
E:\SIH\ira-wakeword\dataset\negative\speech\32_32-21631-0011_neg_002.wav,32,0.401978
E:\SIH\ira-wakeword\dataset\negative\speech\32_32-21631-0011_neg_004.wav,32,0.419022
E:\SIH\ira-wakeword\dataset\negative\speech\32_32-21631-0011_neg_005.wav,32,0.001226
E:\SIH\ira-wakeword\dataset\negative\speech\32_32-21631-0011_neg_008.wav,32,0.041281
E:\SIH\ira-wakeword\dataset\negative\speech\32_32-21631-0011_neg_010.wav,32,0.084823
E:\SIH\ira-wakeword\dataset\negative\speech\32_32-21631-0011_neg_011.wav,32,0.791995
E:\SIH\ira-wakeword\dataset\negative\speech\32_32-21631-0012_neg_001.wav,32,0.101793
E:\SIH\ira-wakeword\dataset\negative\speech\32_32-21631-0012_neg_003.wav,32,0.074936
E:\SIH\ira-wakeword\dataset\negative\speech\32_32-21631-0012_neg_006.wav,32,0.004609
E:\SIH\ira-wakeword\dataset\negative\speech\32_32-21631-0012_neg_008.wav,32,0.249076
E:\SIH\ira-wakeword\dataset\negative\speech\32_32-21631-0013_neg_000.wav,32,0.125634
E:\SIH\ira-wakeword\dataset\negative\speech\32_32-21631-0013_neg_001.wav,32,0.000766
E:\SIH\ira-wakeword\dataset\negative\speech\32_32-21631-0013_neg_004.wav,32,0.002332
E:\SIH\ira-wakeword\dataset\negative\speech\32_32-21631-0013_neg_005.wav,32,0.007696
E:\SIH\ira-wakeword\dataset\negative\speech\32_32-21631-0013_neg_006.wav,32,0.018055
E:\SIH\ira-wakeword\dataset\negative\speech\32_32-21631-0014_neg_002.wav,32,0.403483
E:\SIH\ira-wakeword\dataset\negative\speech\32_32-21631-0014_neg_003.wav,32,0.142768
E:\SIH\ira-wakeword\dataset\negative\speech\32_32-21631-0014_neg_005.wav,32,0.570189
E:\SIH\ira-wakeword\dataset\negative\speech\32_32-21631-0014_neg_008.wav,32,0.854308
E:\SIH\ira-wakeword\dataset\negative\speech\32_32-21631-0014_neg_009.wav,32,0.157026
E:\SIH\ira-wakeword\dataset\negative\speech\32_32-21631-0014_neg_010.wav,32,0.002710
E:\SIH\ira-wakeword\dataset\negative\speech\32_32-21631-0014_neg_012.wav,32,0.029526
E:\SIH\ira-wakeword\dataset\negative\speech\32_32-21631-0014_neg_013.wav,32,0.056510
E:\SIH\ira-wakeword\dataset\negative\speech\32_32-21631-0015_neg_001.wav,32,0.003658
E:\SIH\ira-wakeword\dataset\negative\speech\32_32-21631-0015_neg_002.wav,32,0.014884
E:\SIH\ira-wakeword\dataset\negative\speech\32_32-21631-0015_neg_003.wav,32,0.037331
E:\SIH\ira-wakeword\dataset\negative\speech\32_32-21631-0015_neg_004.wav,32,0.056695
E:\SIH\ira-wakeword\dataset\negative\speech\32_32-21631-0015_neg_006.wav,32,0.037674
E:\SIH\ira-wakeword\dataset\negative\speech\32_32-21631-0015_neg_007.wav,32,0.025095
E:\SIH\ira-wakeword\dataset\negative\speech\32_32-21631-0015_neg_011.wav,32,0.007792
E:\SIH\ira-wakeword\dataset\negative\speech\32_32-21631-0015_neg_012.wav,32,0.023172
E:\SIH\ira-wakeword\dataset\negative\speech\32_32-21631-0015_neg_013.wav,32,0.318965
E:\SIH\ira-wakeword\dataset\negative\speech\32_32-21631-0016_neg_000.wav,32,0.032897
E:\SIH\ira-wakeword\dataset\negative\speech\32_32-21631-0016_neg_001.wav,32,0.015356
E:\SIH\ira-wakeword\dataset\negative\speech\32_32-21631-0016_neg_002.wav,32,0.008546
E:\SIH\ira-wakeword\dataset\negative\speech\32_32-21631-0016_neg_003.wav,32,0.134292
E:\SIH\ira-wakeword\dataset\negative\speech\32_32-21631-0016_neg_004.wav,32,0.098420
E:\SIH\ira-wakeword\dataset\negative\speech\32_32-21631-0016_neg_005.wav,32,0.123932
E:\SIH\ira-wakeword\dataset\negative\speech\32_32-21631-0016_neg_006.wav,32,0.813677
E:\SIH\ira-wakeword\dataset\negative\speech\32_32-21631-0017_neg_000.wav,32,0.801572
E:\SIH\ira-wakeword\dataset\negative\speech\32_32-21631-0017_neg_001.wav,32,0.000477
E:\SIH\ira-wakeword\dataset\negative\speech\32_32-21631-0017_neg_002.wav,32,0.000116
E:\SIH\ira-wakeword\dataset\negative\speech\32_32-21631-0017_neg_003.wav,32,0.133631
E:\SIH\ira-wakeword\dataset\negative\speech\32_32-21631-0017_neg_005.wav,32,0.040341
E:\SIH\ira-wakeword\dataset\negative\speech\32_32-21631-0017_neg_006.wav,32,0.048627
E:\SIH\ira-wakeword\dataset\negative\speech\32_32-21631-0017_neg_007.wav,32,0.229758
E:\SIH\ira-wakeword\dataset\negative\speech\32_32-21631-0017_neg_008.wav,32,0.012600
E:\SIH\ira-wakeword\dataset\negative\speech\32_32-21631-0017_neg_010.wav,32,0.006297
E:\SIH\ira-wakeword\dataset\negative\speech\32_32-21631-0017_neg_013.wav,32,0.120215
E:\SIH\ira-wakeword\dataset\negative\speech\32_32-21631-0018_neg_000.wav,32,0.102730
E:\SIH\ira-wakeword\dataset\negative\speech\32_32-21631-0018_neg_006.wav,32,0.000064
E:\SIH\ira-wakeword\dataset\negative\speech\32_32-21631-0018_neg_008.wav,32,0.177983
E:\SIH\ira-wakeword\dataset\negative\speech\32_32-21631-0018_neg_012.wav,32,0.001228
E:\SIH\ira-wakeword\dataset\negative\speech\32_32-21631-0018_neg_013.wav,32,0.093370
E:\SIH\ira-wakeword\dataset\negative\speech\32_32-21631-0019_neg_000.wav,32,0.003092
E:\SIH\ira-wakeword\dataset\negative\speech\32_32-21631-0019_neg_002.wav,32,0.121357
E:\SIH\ira-wakeword\dataset\negative\speech\32_32-21631-0019_neg_003.wav,32,0.035900
E:\SIH\ira-wakeword\dataset\negative\speech\32_32-21631-0019_neg_004.wav,32,0.432604
E:\SIH\ira-wakeword\dataset\negative\speech\32_32-21631-0019_neg_006.wav,32,0.075034
E:\SIH\ira-wakeword\dataset\negative\speech\332_332-128985-0000_neg_005.wav,332,0.244980
E:\SIH\ira-wakeword\dataset\negative\speech\332_332-128985-0000_neg_009.wav,332,0.020839
E:\SIH\ira-wakeword\dataset\negative\speech\332_332-128985-0000_neg_012.wav,332,0.005071
E:\SIH\ira-wakeword\dataset\negative\speech\332_332-128985-0001_neg_010.wav,332,0.023223
E:\SIH\ira-wakeword\dataset\negative\speech\332_332-128985-0002_neg_011.wav,332,0.577195
E:\SIH\ira-wakeword\dataset\negative\speech\332_332-128985-0002_neg_012.wav,332,0.474428
E:\SIH\ira-wakeword\dataset\negative\speech\332_332-128985-0003_neg_001.wav,332,0.001362
E:\SIH\ira-wakeword\dataset\negative\speech\332_332-128985-0003_neg_004.wav,332,0.078582
E:\SIH\ira-wakeword\dataset\negative\speech\332_332-128985-0005_neg_010.wav,332,0.288227
E:\SIH\ira-wakeword\dataset\negative\speech\332_332-128985-0007_neg_006.wav,332,0.083890
E:\SIH\ira-wakeword\dataset\negative\speech\332_332-128985-0007_neg_010.wav,332,0.006132
E:\SIH\ira-wakeword\dataset\negative\speech\332_332-128985-0008_neg_001.wav,332,0.209358
E:\SIH\ira-wakeword\dataset\negative\speech\332_332-128985-0010_neg_006.wav,332,0.163664
E:\SIH\ira-wakeword\dataset\negative\speech\332_332-128985-0010_neg_008.wav,332,0.000761
E:\SIH\ira-wakeword\dataset\negative\speech\332_332-128985-0011_neg_004.wav,332,0.181163
E:\SIH\ira-wakeword\dataset\negative\speech\332_332-128985-0011_neg_009.wav,332,0.002558
E:\SIH\ira-wakeword\dataset\negative\speech\332_332-128985-0011_neg_012.wav,332,0.017338
E:\SIH\ira-wakeword\dataset\negative\speech\332_332-128985-0012_neg_003.wav,332,0.001585
E:\SIH\ira-wakeword\dataset\negative\speech\332_332-128985-0012_neg_010.wav,332,0.001259
E:\SIH\ira-wakeword\dataset\negative\speech\332_332-128985-0012_neg_012.wav,332,0.000928
E:\SIH\ira-wakeword\dataset\negative\speech\332_332-128985-0012_neg_014.wav,332,0.034970
E:\SIH\ira-wakeword\dataset\negative\speech\332_332-128985-0014_neg_000.wav,332,0.012129
E:\SIH\ira-wakeword\dataset\negative\speech\332_332-128985-0014_neg_002.wav,332,0.003556
E:\SIH\ira-wakeword\dataset\negative\speech\332_332-128985-0015_neg_005.wav,332,0.048851
E:\SIH\ira-wakeword\dataset\negative\speech\332_332-128985-0015_neg_011.wav,332,0.017097
E:\SIH\ira-wakeword\dataset\negative\speech\332_332-128985-0016_neg_005.wav,332,0.022813
E:\SIH\ira-wakeword\dataset\negative\speech\332_332-128985-0016_neg_009.wav,332,0.132396
E:\SIH\ira-wakeword\dataset\negative\speech\332_332-128985-0017_neg_003.wav,332,0.005952
E:\SIH\ira-wakeword\dataset\negative\speech\332_332-128985-0017_neg_005.wav,332,0.019290
E:\SIH\ira-wakeword\dataset\negative\speech\332_332-128985-0018_neg_005.wav,332,0.004125
E:\SIH\ira-wakeword\dataset\negative\speech\332_332-128985-0019_neg_007.wav,332,0.030531
E:\SIH\ira-wakeword\dataset\negative\speech\332_332-128985-0019_neg_011.wav,332,0.175815
E:\SIH\ira-wakeword\dataset\negative\speech\332_332-128985-0019_neg_013.wav,332,0.004929
E:\SIH\ira-wakeword\dataset\negative\speech\332_332-128985-0020_neg_004.wav,332,0.893662
E:\SIH\ira-wakeword\dataset\negative\speech\332_332-128985-0020_neg_010.wav,332,0.007546
E:\SIH\ira-wakeword\dataset\negative\speech\332_332-128985-0021_neg_005.wav,332,0.009078
E:\SIH\ira-wakeword\dataset\negative\speech\332_332-128985-0021_neg_012.wav,332,0.303447
E:\SIH\ira-wakeword\dataset\negative\speech\332_332-128985-0022_neg_006.wav,332,0.019379
E:\SIH\ira-wakeword\dataset\negative\speech\332_332-128985-0022_neg_013.wav,332,0.112340
E:\SIH\ira-wakeword\dataset\negative\speech\332_332-128985-0023_neg_002.wav,332,0.171260
E:\SIH\ira-wakeword\dataset\negative\speech\332_332-128985-0023_neg_004.wav,332,0.007783
E:\SIH\ira-wakeword\dataset\negative\speech\332_332-128985-0023_neg_005.wav,332,0.600772
E:\SIH\ira-wakeword\dataset\negative\speech\332_332-128985-0023_neg_007.wav,332,0.016962
E:\SIH\ira-wakeword\dataset\negative\speech\332_332-128985-0025_neg_000.wav,332,0.006761
E:\SIH\ira-wakeword\dataset\negative\speech\332_332-128985-0025_neg_001.wav,332,0.290159
E:\SIH\ira-wakeword\dataset\negative\speech\332_332-128985-0025_neg_003.wav,332,0.034730
E:\SIH\ira-wakeword\dataset\negative\speech\332_332-128985-0026_neg_004.wav,332,0.030354
E:\SIH\ira-wakeword\dataset\negative\speech\332_332-128985-0028_neg_003.wav,332,0.006584
E:\SIH\ira-wakeword\dataset\negative\speech\332_332-128985-0030_neg_000.wav,332,0.006300
E:\SIH\ira-wakeword\dataset\negative\speech\332_332-128985-0030_neg_001.wav,332,0.011118
E:\SIH\ira-wakeword\dataset\negative\speech\332_332-128985-0030_neg_008.wav,332,0.019691
E:\SIH\ira-wakeword\dataset\negative\speech\332_332-128985-0030_neg_009.wav,332,0.645826
E:\SIH\ira-wakeword\dataset\negative\speech\332_332-128985-0032_neg_011.wav,332,0.178928
E:\SIH\ira-wakeword\dataset\negative\speech\332_332-128985-0034_neg_002.wav,332,0.025355
E:\SIH\ira-wakeword\dataset\negative\speech\332_332-128985-0034_neg_006.wav,332,0.098777
E:\SIH\ira-wakeword\dataset\negative\speech\332_332-128985-0035_neg_001.wav,332,0.414313
E:\SIH\ira-wakeword\dataset\negative\speech\332_332-128985-0036_neg_009.wav,332,0.004497
E:\SIH\ira-wakeword\dataset\negative\speech\332_332-128985-0036_neg_011.wav,332,0.022280
E:\SIH\ira-wakeword\dataset\negative\speech\332_332-128985-0037_neg_003.wav,332,0.012174
E:\SIH\ira-wakeword\dataset\negative\speech\332_332-128985-0038_neg_008.wav,332,0.003424
E:\SIH\ira-wakeword\dataset\negative\speech\332_332-128985-0038_neg_009.wav,332,0.265200
E:\SIH\ira-wakeword\dataset\negative\speech\332_332-128985-0039_neg_004.wav,332,0.001810
E:\SIH\ira-wakeword\dataset\negative\speech\332_332-128985-0039_neg_009.wav,332,0.886298
E:\SIH\ira-wakeword\dataset\negative\speech\332_332-128985-0040_neg_006.wav,332,0.026393
E:\SIH\ira-wakeword\dataset\negative\speech\332_332-128985-0040_neg_007.wav,332,0.087817
E:\SIH\ira-wakeword\dataset\negative\speech\332_332-128985-0040_neg_008.wav,332,0.020587
E:\SIH\ira-wakeword\dataset\negative\speech\332_332-128985-0041_neg_006.wav,332,0.002971
E:\SIH\ira-wakeword\dataset\negative\speech\332_332-128985-0041_neg_010.wav,332,0.005535
E:\SIH\ira-wakeword\dataset\negative\speech\332_332-128985-0041_neg_012.wav,332,0.008607
E:\SIH\ira-wakeword\dataset\negative\speech\332_332-128985-0041_neg_014.wav,332,0.059794
E:\SIH\ira-wakeword\dataset\negative\speech\332_332-128985-0046_neg_009.wav,332,0.120692
E:\SIH\ira-wakeword\dataset\negative\speech\332_332-128985-0046_neg_010.wav,332,0.031057
E:\SIH\ira-wakeword\dataset\negative\speech\332_332-128985-0047_neg_007.wav,332,0.048129
E:\SIH\ira-wakeword\dataset\negative\speech\332_332-128985-0047_neg_011.wav,332,0.049267
E:\SIH\ira-wakeword\dataset\negative\speech\332_332-128985-0048_neg_000.wav,332,0.089335
E:\SIH\ira-wakeword\dataset\negative\speech\332_332-128985-0049_neg_003.wav,332,0.016511
E:\SIH\ira-wakeword\dataset\negative\speech\332_332-128985-0049_neg_013.wav,332,0.155582
E:\SIH\ira-wakeword\dataset\negative\speech\332_332-128985-0050_neg_005.wav,332,0.016051
E:\SIH\ira-wakeword\dataset\negative\speech\332_332-128985-0050_neg_006.wav,332,0.033205
E:\SIH\ira-wakeword\dataset\negative\speech\332_332-128985-0050_neg_011.wav,332,0.060605
E:\SIH\ira-wakeword\dataset\negative\speech\332_332-128985-0051_neg_006.wav,332,0.201739
E:\SIH\ira-wakeword\dataset\negative\speech\332_332-128985-0051_neg_012.wav,332,0.086733
E:\SIH\ira-wakeword\dataset\negative\speech\332_332-128985-0052_neg_001.wav,332,0.004482
E:\SIH\ira-wakeword\dataset\negative\speech\332_332-128985-0052_neg_003.wav,332,0.105967
E:\SIH\ira-wakeword\dataset\negative\speech\332_332-128985-0052_neg_004.wav,332,0.157411
E:\SIH\ira-wakeword\dataset\negative\speech\332_332-128985-0052_neg_006.wav,332,0.056939
E:\SIH\ira-wakeword\dataset\negative\speech\332_332-128985-0052_neg_010.wav,332,0.072012
E:\SIH\ira-wakeword\dataset\negative\speech\332_332-128985-0052_neg_011.wav,332,0.489170
E:\SIH\ira-wakeword\dataset\negative\speech\332_332-128985-0053_neg_012.wav,332,0.022063
E:\SIH\ira-wakeword\dataset\negative\speech\332_332-128985-0054_neg_007.wav,332,0.322054
E:\SIH\ira-wakeword\dataset\negative\speech\332_332-128985-0055_neg_001.wav,332,0.048819
E:\SIH\ira-wakeword\dataset\negative\speech\332_332-128985-0055_neg_010.wav,332,0.173969
E:\SIH\ira-wakeword\dataset\negative\speech\332_332-128985-0056_neg_003.wav,332,0.147890
E:\SIH\ira-wakeword\dataset\negative\speech\332_332-128985-0057_neg_003.wav,332,0.038773
E:\SIH\ira-wakeword\dataset\negative\speech\332_332-128985-0057_neg_004.wav,332,0.065783
E:\SIH\ira-wakeword\dataset\negative\speech\332_332-128985-0057_neg_009.wav,332,0.024804
E:\SIH\ira-wakeword\dataset\negative\speech\332_332-128985-0058_neg_004.wav,332,0.097415
E:\SIH\ira-wakeword\dataset\negative\speech\332_332-128985-0059_neg_006.wav,332,0.254257
E:\SIH\ira-wakeword\dataset\negative\speech\332_332-128985-0059_neg_007.wav,332,0.148762
E:\SIH\ira-wakeword\dataset\negative\speech\332_332-128985-0059_neg_009.wav,332,0.634222
E:\SIH\ira-wakeword\dataset\negative\speech\332_332-128985-0060_neg_000.wav,332,0.800789
E:\SIH\ira-wakeword\dataset\negative\speech\332_332-128985-0060_neg_006.wav,332,0.537276
E:\SIH\ira-wakeword\dataset\negative\speech\332_332-128985-0060_neg_007.wav,332,0.181049
E:\SIH\ira-wakeword\dataset\negative\speech\332_332-128985-0061_neg_002.wav,332,0.003664
E:\SIH\ira-wakeword\dataset\negative\speech\332_332-128985-0062_neg_000.wav,332,0.098042
E:\SIH\ira-wakeword\dataset\negative\speech\332_332-128985-0062_neg_007.wav,332,0.014251
E:\SIH\ira-wakeword\dataset\negative\speech\332_332-128985-0062_neg_008.wav,332,0.014389
E:\SIH\ira-wakeword\dataset\negative\speech\332_332-128985-0063_neg_014.wav,332,0.159074
E:\SIH\ira-wakeword\dataset\negative\speech\332_332-128985-0064_neg_008.wav,332,0.018322
E:\SIH\ira-wakeword\dataset\negative\speech\332_332-128985-0066_neg_006.wav,332,0.035438
E:\SIH\ira-wakeword\dataset\negative\speech\332_332-128985-0066_neg_010.wav,332,0.597846
E:\SIH\ira-wakeword\dataset\negative\speech\332_332-128985-0066_neg_013.wav,332,0.065081
E:\SIH\ira-wakeword\dataset\negative\speech\332_332-128985-0067_neg_003.wav,332,0.562453
E:\SIH\ira-wakeword\dataset\negative\speech\332_332-128985-0068_neg_004.wav,332,0.073332
E:\SIH\ira-wakeword\dataset\negative\speech\332_332-128985-0069_neg_005.wav,332,0.268278
E:\SIH\ira-wakeword\dataset\negative\speech\332_332-128985-0069_neg_010.wav,332,0.018338
E:\SIH\ira-wakeword\dataset\negative\speech\332_332-128985-0070_neg_014.wav,332,0.181832
E:\SIH\ira-wakeword\dataset\negative\speech\332_332-128985-0071_neg_003.wav,332,0.026711
E:\SIH\ira-wakeword\dataset\negative\speech\332_332-128985-0071_neg_007.wav,332,0.032713
E:\SIH\ira-wakeword\dataset\negative\speech\332_332-128985-0074_neg_008.wav,332,0.258193
E:\SIH\ira-wakeword\dataset\negative\speech\332_332-128985-0076_neg_003.wav,332,0.004011
E:\SIH\ira-wakeword\dataset\negative\speech\332_332-128985-0076_neg_004.wav,332,0.027151
E:\SIH\ira-wakeword\dataset\negative\speech\332_332-128985-0078_neg_008.wav,332,0.144179
E:\SIH\ira-wakeword\dataset\negative\speech\332_332-128985-0078_neg_009.wav,332,0.319579
E:\SIH\ira-wakeword\dataset\negative\speech\332_332-128985-0079_neg_000.wav,332,0.075465
E:\SIH\ira-wakeword\dataset\negative\speech\332_332-128985-0079_neg_008.wav,332,0.131750
E:\SIH\ira-wakeword\dataset\negative\speech\332_332-128985-0080_neg_011.wav,332,0.064409
E:\SIH\ira-wakeword\dataset\negative\speech\332_332-128985-0081_neg_007.wav,332,0.052892
E:\SIH\ira-wakeword\dataset\negative\speech\332_332-128985-0082_neg_001.wav,332,0.536430
E:\SIH\ira-wakeword\dataset\negative\speech\332_332-128985-0082_neg_002.wav,332,0.078944
E:\SIH\ira-wakeword\dataset\negative\speech\332_332-128985-0082_neg_003.wav,332,0.040809
E:\SIH\ira-wakeword\dataset\negative\speech\332_332-128985-0082_neg_004.wav,332,0.054380
E:\SIH\ira-wakeword\dataset\negative\speech\332_332-128985-0083_neg_001.wav,332,0.100953
E:\SIH\ira-wakeword\dataset\negative\speech\332_332-128985-0083_neg_011.wav,332,0.009755
E:\SIH\ira-wakeword\dataset\negative\speech\332_332-128985-0083_neg_013.wav,332,0.082567
E:\SIH\ira-wakeword\dataset\negative\speech\332_332-128985-0083_neg_014.wav,332,0.400814
E:\SIH\ira-wakeword\dataset\negative\speech\332_332-128985-0084_neg_003.wav,332,0.179475
E:\SIH\ira-wakeword\dataset\negative\speech\332_332-128985-0085_neg_007.wav,332,0.738013
E:\SIH\ira-wakeword\dataset\negative\speech\332_332-128985-0086_neg_003.wav,332,0.229023
E:\SIH\ira-wakeword\dataset\negative\speech\332_332-128985-0086_neg_009.wav,332,0.115561
E:\SIH\ira-wakeword\dataset\negative\speech\332_332-128985-0086_neg_013.wav,332,0.003707
E:\SIH\ira-wakeword\dataset\negative\speech\332_332-128985-0087_neg_004.wav,332,0.007960
E:\SIH\ira-wakeword\dataset\negative\speech\332_332-128985-0087_neg_008.wav,332,0.056102
E:\SIH\ira-wakeword\dataset\negative\speech\3526_3526-176653-0000_neg_002.wav,3526,0.008026
E:\SIH\ira-wakeword\dataset\negative\speech\3526_3526-176653-0000_neg_004.wav,3526,0.090920
E:\SIH\ira-wakeword\dataset\negative\speech\3526_3526-176653-0000_neg_008.wav,3526,0.039110
E:\SIH\ira-wakeword\dataset\negative\speech\3526_3526-176653-0000_neg_012.wav,3526,0.883838
E:\SIH\ira-wakeword\dataset\negative\speech\3526_3526-176653-0001_neg_003.wav,3526,0.373043
E:\SIH\ira-wakeword\dataset\negative\speech\3526_3526-176653-0001_neg_004.wav,3526,0.167964
E:\SIH\ira-wakeword\dataset\negative\speech\3526_3526-176653-0001_neg_005.wav,3526,0.231878
E:\SIH\ira-wakeword\dataset\negative\speech\3526_3526-176653-0001_neg_006.wav,3526,0.061775
E:\SIH\ira-wakeword\dataset\negative\speech\3526_3526-176653-0001_neg_007.wav,3526,0.061403
E:\SIH\ira-wakeword\dataset\negative\speech\3526_3526-176653-0001_neg_009.wav,3526,0.027757
E:\SIH\ira-wakeword\dataset\negative\speech\3526_3526-176653-0001_neg_010.wav,3526,0.076880
E:\SIH\ira-wakeword\dataset\negative\speech\3526_3526-176653-0002_neg_007.wav,3526,0.009890
E:\SIH\ira-wakeword\dataset\negative\speech\3526_3526-176653-0002_neg_008.wav,3526,0.039002
E:\SIH\ira-wakeword\dataset\negative\speech\3526_3526-176653-0003_neg_005.wav,3526,0.075659
E:\SIH\ira-wakeword\dataset\negative\speech\3526_3526-176653-0003_neg_007.wav,3526,0.001477
E:\SIH\ira-wakeword\dataset\negative\speech\3526_3526-176653-0003_neg_008.wav,3526,0.019784
E:\SIH\ira-wakeword\dataset\negative\speech\3526_3526-176653-0003_neg_012.wav,3526,0.224293
E:\SIH\ira-wakeword\dataset\negative\speech\3526_3526-176653-0004_neg_003.wav,3526,0.306910
E:\SIH\ira-wakeword\dataset\negative\speech\3526_3526-176653-0004_neg_010.wav,3526,0.025231
E:\SIH\ira-wakeword\dataset\negative\speech\3526_3526-176653-0005_neg_004.wav,3526,0.035880
E:\SIH\ira-wakeword\dataset\negative\speech\3526_3526-176653-0005_neg_009.wav,3526,0.051914
E:\SIH\ira-wakeword\dataset\negative\speech\3526_3526-176653-0006_neg_003.wav,3526,0.021859
E:\SIH\ira-wakeword\dataset\negative\speech\3526_3526-176653-0006_neg_004.wav,3526,0.127696
E:\SIH\ira-wakeword\dataset\negative\speech\3526_3526-176653-0006_neg_010.wav,3526,0.062844
E:\SIH\ira-wakeword\dataset\negative\speech\3526_3526-176653-0006_neg_012.wav,3526,0.573511
E:\SIH\ira-wakeword\dataset\negative\speech\3526_3526-176653-0006_neg_013.wav,3526,0.128745
E:\SIH\ira-wakeword\dataset\negative\speech\3526_3526-176653-0006_neg_015.wav,3526,0.021508
E:\SIH\ira-wakeword\dataset\negative\speech\3526_3526-176653-0007_neg_005.wav,3526,0.156722
E:\SIH\ira-wakeword\dataset\negative\speech\3526_3526-176653-0007_neg_008.wav,3526,0.006044
E:\SIH\ira-wakeword\dataset\negative\speech\3526_3526-176653-0008_neg_000.wav,3526,0.000400
E:\SIH\ira-wakeword\dataset\negative\speech\3526_3526-176653-0008_neg_007.wav,3526,0.018662
E:\SIH\ira-wakeword\dataset\negative\speech\3526_3526-176653-0008_neg_012.wav,3526,0.439173
E:\SIH\ira-wakeword\dataset\negative\speech\3526_3526-176653-0008_neg_014.wav,3526,0.032832
E:\SIH\ira-wakeword\dataset\negative\speech\3526_3526-176653-0009_neg_004.wav,3526,0.042043
E:\SIH\ira-wakeword\dataset\negative\speech\3526_3526-176653-0009_neg_006.wav,3526,0.181859
E:\SIH\ira-wakeword\dataset\negative\speech\3526_3526-176653-0009_neg_009.wav,3526,0.011341
E:\SIH\ira-wakeword\dataset\negative\speech\3526_3526-176653-0009_neg_011.wav,3526,0.076740
E:\SIH\ira-wakeword\dataset\negative\speech\3526_3526-176653-0009_neg_013.wav,3526,0.931316
E:\SIH\ira-wakeword\dataset\negative\speech\3526_3526-176653-0010_neg_001.wav,3526,0.768109
E:\SIH\ira-wakeword\dataset\negative\speech\3526_3526-176653-0010_neg_005.wav,3526,0.005375
E:\SIH\ira-wakeword\dataset\negative\speech\3526_3526-176653-0010_neg_006.wav,3526,0.323112
E:\SIH\ira-wakeword\dataset\negative\speech\3526_3526-176653-0010_neg_011.wav,3526,0.037241
E:\SIH\ira-wakeword\dataset\negative\speech\3526_3526-176653-0011_neg_011.wav,3526,0.844973
E:\SIH\ira-wakeword\dataset\negative\speech\3526_3526-176653-0012_neg_002.wav,3526,0.109582
E:\SIH\ira-wakeword\dataset\negative\speech\3526_3526-176653-0012_neg_007.wav,3526,0.982396
E:\SIH\ira-wakeword\dataset\negative\speech\3526_3526-176653-0013_neg_000.wav,3526,0.008269
E:\SIH\ira-wakeword\dataset\negative\speech\3526_3526-176653-0013_neg_002.wav,3526,0.004649
E:\SIH\ira-wakeword\dataset\negative\speech\3526_3526-176653-0013_neg_005.wav,3526,0.018755
E:\SIH\ira-wakeword\dataset\negative\speech\3526_3526-176653-0013_neg_007.wav,3526,0.693401
E:\SIH\ira-wakeword\dataset\negative\speech\3526_3526-176653-0014_neg_002.wav,3526,0.031461
E:\SIH\ira-wakeword\dataset\negative\speech\3526_3526-176653-0015_neg_001.wav,3526,0.120705
E:\SIH\ira-wakeword\dataset\negative\speech\3526_3526-176653-0016_neg_003.wav,3526,0.312793
E:\SIH\ira-wakeword\dataset\negative\speech\3526_3526-176653-0016_neg_008.wav,3526,0.015201
E:\SIH\ira-wakeword\dataset\negative\speech\3526_3526-176653-0017_neg_001.wav,3526,0.003133
E:\SIH\ira-wakeword\dataset\negative\speech\3526_3526-176653-0017_neg_007.wav,3526,0.051778
E:\SIH\ira-wakeword\dataset\negative\speech\3526_3526-176653-0017_neg_008.wav,3526,0.198957
E:\SIH\ira-wakeword\dataset\negative\speech\3526_3526-176653-0017_neg_011.wav,3526,0.825473
E:\SIH\ira-wakeword\dataset\negative\speech\3526_3526-176653-0019_neg_004.wav,3526,0.200842
E:\SIH\ira-wakeword\dataset\negative\speech\3526_3526-176653-0019_neg_006.wav,3526,0.376253
E:\SIH\ira-wakeword\dataset\negative\speech\3526_3526-176653-0020_neg_000.wav,3526,0.102770
E:\SIH\ira-wakeword\dataset\negative\speech\3526_3526-176653-0021_neg_002.wav,3526,0.148859
E:\SIH\ira-wakeword\dataset\negative\speech\3526_3526-176653-0022_neg_006.wav,3526,0.006686
E:\SIH\ira-wakeword\dataset\negative\speech\3526_3526-176653-0022_neg_007.wav,3526,0.563884
E:\SIH\ira-wakeword\dataset\negative\speech\3526_3526-176653-0024_neg_007.wav,3526,0.466755
E:\SIH\ira-wakeword\dataset\negative\speech\3526_3526-176653-0024_neg_009.wav,3526,0.215318
E:\SIH\ira-wakeword\dataset\negative\speech\3526_3526-176653-0025_neg_004.wav,3526,0.066468
E:\SIH\ira-wakeword\dataset\negative\speech\3526_3526-176653-0025_neg_008.wav,3526,0.219643
E:\SIH\ira-wakeword\dataset\negative\speech\3526_3526-176653-0025_neg_011.wav,3526,0.926980
E:\SIH\ira-wakeword\dataset\negative\speech\3526_3526-176653-0026_neg_000.wav,3526,0.044996
E:\SIH\ira-wakeword\dataset\negative\speech\3526_3526-176653-0026_neg_002.wav,3526,0.093662
E:\SIH\ira-wakeword\dataset\negative\speech\3526_3526-176653-0027_neg_001.wav,3526,0.004543
E:\SIH\ira-wakeword\dataset\negative\speech\3526_3526-176653-0027_neg_004.wav,3526,0.709047
E:\SIH\ira-wakeword\dataset\negative\speech\3526_3526-176653-0028_neg_003.wav,3526,0.043700
E:\SIH\ira-wakeword\dataset\negative\speech\3526_3526-176653-0028_neg_007.wav,3526,0.000447
E:\SIH\ira-wakeword\dataset\negative\speech\3526_3526-176653-0029_neg_007.wav,3526,0.143383
E:\SIH\ira-wakeword\dataset\negative\speech\3526_3526-176653-0029_neg_011.wav,3526,0.024843
E:\SIH\ira-wakeword\dataset\negative\speech\3526_3526-176653-0030_neg_001.wav,3526,0.009090
E:\SIH\ira-wakeword\dataset\negative\speech\3526_3526-176653-0030_neg_006.wav,3526,0.000956
E:\SIH\ira-wakeword\dataset\negative\speech\3526_3526-176653-0030_neg_010.wav,3526,0.041000
E:\SIH\ira-wakeword\dataset\negative\speech\3526_3526-176653-0030_neg_014.wav,3526,0.028444
E:\SIH\ira-wakeword\dataset\negative\speech\3526_3526-176653-0031_neg_003.wav,3526,0.297120
E:\SIH\ira-wakeword\dataset\negative\speech\3526_3526-176653-0031_neg_011.wav,3526,0.048742
E:\SIH\ira-wakeword\dataset\negative\speech\3526_3526-176653-0031_neg_015.wav,3526,0.007975
E:\SIH\ira-wakeword\dataset\negative\speech\3526_3526-176653-0032_neg_003.wav,3526,0.008807
E:\SIH\ira-wakeword\dataset\negative\speech\3526_3526-176653-0032_neg_005.wav,3526,0.003784
E:\SIH\ira-wakeword\dataset\negative\speech\3526_3526-176653-0033_neg_003.wav,3526,0.529948
E:\SIH\ira-wakeword\dataset\negative\speech\3526_3526-176653-0033_neg_008.wav,3526,0.029701
E:\SIH\ira-wakeword\dataset\negative\speech\3526_3526-176653-0033_neg_009.wav,3526,0.191355
E:\SIH\ira-wakeword\dataset\negative\speech\3526_3526-176653-0033_neg_010.wav,3526,0.085697
E:\SIH\ira-wakeword\dataset\negative\speech\3526_3526-176653-0033_neg_013.wav,3526,0.015944
E:\SIH\ira-wakeword\dataset\negative\speech\3526_3526-176653-0034_neg_000.wav,3526,0.963173
E:\SIH\ira-wakeword\dataset\negative\speech\3526_3526-176653-0034_neg_003.wav,3526,0.013294
E:\SIH\ira-wakeword\dataset\negative\speech\3526_3526-176653-0034_neg_005.wav,3526,0.006146
E:\SIH\ira-wakeword\dataset\negative\speech\3526_3526-176653-0034_neg_010.wav,3526,0.000719
E:\SIH\ira-wakeword\dataset\negative\speech\3526_3526-176653-0035_neg_002.wav,3526,0.069019
E:\SIH\ira-wakeword\dataset\negative\speech\3526_3526-176653-0035_neg_004.wav,3526,0.014391
E:\SIH\ira-wakeword\dataset\negative\speech\3526_3526-176653-0035_neg_011.wav,3526,0.105724
E:\SIH\ira-wakeword\dataset\negative\speech\3526_3526-176653-0036_neg_000.wav,3526,0.898163
E:\SIH\ira-wakeword\dataset\negative\speech\3526_3526-176653-0036_neg_002.wav,3526,0.002589
E:\SIH\ira-wakeword\dataset\negative\speech\3526_3526-176653-0037_neg_001.wav,3526,0.112281
E:\SIH\ira-wakeword\dataset\negative\speech\3526_3526-176653-0037_neg_002.wav,3526,0.255705
E:\SIH\ira-wakeword\dataset\negative\speech\3526_3526-176653-0037_neg_003.wav,3526,0.405746
E:\SIH\ira-wakeword\dataset\negative\speech\3526_3526-176653-0037_neg_008.wav,3526,0.018324
E:\SIH\ira-wakeword\dataset\negative\speech\3526_3526-176653-0037_neg_010.wav,3526,0.005910
E:\SIH\ira-wakeword\dataset\negative\speech\3526_3526-176653-0037_neg_012.wav,3526,0.009456
E:\SIH\ira-wakeword\dataset\negative\speech\3526_3526-176653-0038_neg_000.wav,3526,0.157262
E:\SIH\ira-wakeword\dataset\negative\speech\3526_3526-176653-0040_neg_003.wav,3526,0.527338
E:\SIH\ira-wakeword\dataset\negative\speech\3526_3526-176653-0041_neg_000.wav,3526,0.001679
E:\SIH\ira-wakeword\dataset\negative\speech\3526_3526-176653-0041_neg_001.wav,3526,0.014743
E:\SIH\ira-wakeword\dataset\negative\speech\3526_3526-176653-0041_neg_004.wav,3526,0.042682
E:\SIH\ira-wakeword\dataset\negative\speech\3526_3526-176653-0041_neg_009.wav,3526,0.741076
E:\SIH\ira-wakeword\dataset\negative\speech\3526_3526-176653-0041_neg_012.wav,3526,0.533447
E:\SIH\ira-wakeword\dataset\negative\speech\3526_3526-176653-0042_neg_000.wav,3526,0.076035
E:\SIH\ira-wakeword\dataset\negative\speech\3526_3526-176653-0042_neg_007.wav,3526,0.044984
E:\SIH\ira-wakeword\dataset\negative\speech\3526_3526-176653-0042_neg_014.wav,3526,0.253357
E:\SIH\ira-wakeword\dataset\negative\speech\3526_3526-176653-0043_neg_002.wav,3526,0.277954
E:\SIH\ira-wakeword\dataset\negative\speech\3526_3526-176653-0043_neg_004.wav,3526,0.027551
E:\SIH\ira-wakeword\dataset\negative\speech\3526_3526-176653-0043_neg_006.wav,3526,0.009221
E:\SIH\ira-wakeword\dataset\negative\speech\3526_3526-176653-0043_neg_011.wav,3526,0.055199
E:\SIH\ira-wakeword\dataset\negative\speech\3526_3526-176653-0043_neg_013.wav,3526,0.023805
E:\SIH\ira-wakeword\dataset\negative\speech\3526_3526-176653-0044_neg_002.wav,3526,0.532315
E:\SIH\ira-wakeword\dataset\negative\speech\3526_3526-176653-0044_neg_010.wav,3526,0.057662
E:\SIH\ira-wakeword\dataset\negative\speech\3526_3526-176653-0044_neg_011.wav,3526,0.016462
E:\SIH\ira-wakeword\dataset\negative\speech\3526_3526-176653-0044_neg_012.wav,3526,0.037367
E:\SIH\ira-wakeword\dataset\negative\speech\3526_3526-176653-0045_neg_001.wav,3526,0.647850
E:\SIH\ira-wakeword\dataset\negative\speech\3526_3526-176653-0045_neg_003.wav,3526,0.017531
E:\SIH\ira-wakeword\dataset\negative\speech\3526_3526-176653-0045_neg_011.wav,3526,0.001206
E:\SIH\ira-wakeword\dataset\negative\speech\3526_3526-176653-0045_neg_012.wav,3526,0.173875
E:\SIH\ira-wakeword\dataset\negative\speech\3526_3526-176653-0046_neg_005.wav,3526,0.009223
E:\SIH\ira-wakeword\dataset\negative\speech\3526_3526-176653-0047_neg_003.wav,3526,0.000888
E:\SIH\ira-wakeword\dataset\negative\speech\3526_3526-176653-0047_neg_004.wav,3526,0.699709
E:\SIH\ira-wakeword\dataset\negative\speech\3526_3526-176653-0047_neg_006.wav,3526,0.053340
E:\SIH\ira-wakeword\dataset\negative\speech\3526_3526-176653-0047_neg_009.wav,3526,0.009092
E:\SIH\ira-wakeword\dataset\negative\speech\3526_3526-176653-0048_neg_000.wav,3526,0.012471
E:\SIH\ira-wakeword\dataset\negative\speech\3526_3526-176653-0048_neg_006.wav,3526,0.905342
E:\SIH\ira-wakeword\dataset\negative\speech\3526_3526-176653-0048_neg_009.wav,3526,0.036119
E:\SIH\ira-wakeword\dataset\negative\speech\3526_3526-176653-0049_neg_001.wav,3526,0.018025
E:\SIH\ira-wakeword\dataset\negative\speech\3526_3526-176653-0049_neg_007.wav,3526,0.039022
E:\SIH\ira-wakeword\dataset\negative\speech\3526_3526-176653-0049_neg_008.wav,3526,0.183298
E:\SIH\ira-wakeword\dataset\negative\speech\3526_3526-176653-0049_neg_010.wav,3526,0.084753
E:\SIH\ira-wakeword\dataset\negative\speech\3526_3526-176653-0053_neg_002.wav,3526,0.001217
E:\SIH\ira-wakeword\dataset\negative\speech\3526_3526-176653-0053_neg_012.wav,3526,0.873418
E:\SIH\ira-wakeword\dataset\negative\speech\3526_3526-176653-0054_neg_012.wav,3526,0.047084
E:\SIH\ira-wakeword\dataset\negative\speech\3664_3664-178355-0000_neg_004.wav,3664,0.435080
E:\SIH\ira-wakeword\dataset\negative\speech\3664_3664-178355-0000_neg_008.wav,3664,0.003319
E:\SIH\ira-wakeword\dataset\negative\speech\3664_3664-178355-0000_neg_010.wav,3664,0.103230
E:\SIH\ira-wakeword\dataset\negative\speech\3664_3664-178355-0000_neg_011.wav,3664,0.050630
E:\SIH\ira-wakeword\dataset\negative\speech\3664_3664-178355-0001_neg_001.wav,3664,0.004538
E:\SIH\ira-wakeword\dataset\negative\speech\3664_3664-178355-0001_neg_005.wav,3664,0.110143
E:\SIH\ira-wakeword\dataset\negative\speech\3664_3664-178355-0001_neg_010.wav,3664,0.018831
E:\SIH\ira-wakeword\dataset\negative\speech\3664_3664-178355-0001_neg_011.wav,3664,0.001147
E:\SIH\ira-wakeword\dataset\negative\speech\3664_3664-178355-0001_neg_015.wav,3664,0.073793
E:\SIH\ira-wakeword\dataset\negative\speech\3664_3664-178355-0002_neg_002.wav,3664,0.006384
E:\SIH\ira-wakeword\dataset\negative\speech\3664_3664-178355-0002_neg_003.wav,3664,0.096927
E:\SIH\ira-wakeword\dataset\negative\speech\3664_3664-178355-0002_neg_005.wav,3664,0.074210
E:\SIH\ira-wakeword\dataset\negative\speech\3664_3664-178355-0002_neg_008.wav,3664,0.020205
E:\SIH\ira-wakeword\dataset\negative\speech\3664_3664-178355-0002_neg_009.wav,3664,0.234552
E:\SIH\ira-wakeword\dataset\negative\speech\3664_3664-178355-0003_neg_002.wav,3664,0.020548
E:\SIH\ira-wakeword\dataset\negative\speech\3664_3664-178355-0003_neg_003.wav,3664,0.023089
E:\SIH\ira-wakeword\dataset\negative\speech\3664_3664-178355-0003_neg_007.wav,3664,0.779990
E:\SIH\ira-wakeword\dataset\negative\speech\3664_3664-178355-0003_neg_009.wav,3664,0.040850
E:\SIH\ira-wakeword\dataset\negative\speech\3664_3664-178355-0004_neg_001.wav,3664,0.010358
E:\SIH\ira-wakeword\dataset\negative\speech\3664_3664-178355-0004_neg_003.wav,3664,0.027986
E:\SIH\ira-wakeword\dataset\negative\speech\3664_3664-178355-0004_neg_005.wav,3664,0.325869
E:\SIH\ira-wakeword\dataset\negative\speech\3664_3664-178355-0004_neg_009.wav,3664,0.198369
E:\SIH\ira-wakeword\dataset\negative\speech\3664_3664-178355-0004_neg_010.wav,3664,0.125463
E:\SIH\ira-wakeword\dataset\negative\speech\3664_3664-178355-0004_neg_013.wav,3664,0.274261
E:\SIH\ira-wakeword\dataset\negative\speech\3664_3664-178355-0005_neg_000.wav,3664,0.000044
E:\SIH\ira-wakeword\dataset\negative\speech\3664_3664-178355-0006_neg_008.wav,3664,0.054620
E:\SIH\ira-wakeword\dataset\negative\speech\3664_3664-178355-0006_neg_009.wav,3664,0.593610
E:\SIH\ira-wakeword\dataset\negative\speech\3664_3664-178355-0006_neg_014.wav,3664,0.016979
E:\SIH\ira-wakeword\dataset\negative\speech\3664_3664-178355-0007_neg_002.wav,3664,0.022010
E:\SIH\ira-wakeword\dataset\negative\speech\3664_3664-178355-0007_neg_003.wav,3664,0.000043
E:\SIH\ira-wakeword\dataset\negative\speech\3664_3664-178355-0007_neg_008.wav,3664,0.015995
E:\SIH\ira-wakeword\dataset\negative\speech\3664_3664-178355-0007_neg_011.wav,3664,0.056183
E:\SIH\ira-wakeword\dataset\negative\speech\3664_3664-178355-0008_neg_007.wav,3664,0.001613
E:\SIH\ira-wakeword\dataset\negative\speech\3664_3664-178355-0008_neg_010.wav,3664,0.000895
E:\SIH\ira-wakeword\dataset\negative\speech\3664_3664-178355-0009_neg_005.wav,3664,0.092400
E:\SIH\ira-wakeword\dataset\negative\speech\3664_3664-178355-0009_neg_006.wav,3664,0.293606
E:\SIH\ira-wakeword\dataset\negative\speech\3664_3664-178355-0009_neg_007.wav,3664,0.003663
E:\SIH\ira-wakeword\dataset\negative\speech\3664_3664-178355-0009_neg_008.wav,3664,0.052838
E:\SIH\ira-wakeword\dataset\negative\speech\3664_3664-178355-0011_neg_004.wav,3664,0.425395
E:\SIH\ira-wakeword\dataset\negative\speech\3664_3664-178355-0011_neg_008.wav,3664,0.000569
E:\SIH\ira-wakeword\dataset\negative\speech\3664_3664-178355-0011_neg_009.wav,3664,0.162932
E:\SIH\ira-wakeword\dataset\negative\speech\3664_3664-178355-0011_neg_010.wav,3664,0.880010
E:\SIH\ira-wakeword\dataset\negative\speech\3664_3664-178355-0011_neg_014.wav,3664,0.014080
E:\SIH\ira-wakeword\dataset\negative\speech\3664_3664-178355-0011_neg_015.wav,3664,0.024933
E:\SIH\ira-wakeword\dataset\negative\speech\3664_3664-178355-0012_neg_001.wav,3664,0.235087
E:\SIH\ira-wakeword\dataset\negative\speech\3664_3664-178355-0012_neg_002.wav,3664,0.043950
E:\SIH\ira-wakeword\dataset\negative\speech\3664_3664-178355-0012_neg_006.wav,3664,0.001261
E:\SIH\ira-wakeword\dataset\negative\speech\3664_3664-178355-0012_neg_008.wav,3664,0.024377
E:\SIH\ira-wakeword\dataset\negative\speech\3664_3664-178355-0013_neg_000.wav,3664,0.000759
E:\SIH\ira-wakeword\dataset\negative\speech\3664_3664-178355-0013_neg_002.wav,3664,0.731756
E:\SIH\ira-wakeword\dataset\negative\speech\3664_3664-178355-0013_neg_004.wav,3664,0.441380
E:\SIH\ira-wakeword\dataset\negative\speech\3664_3664-178355-0013_neg_005.wav,3664,0.220598
E:\SIH\ira-wakeword\dataset\negative\speech\3664_3664-178355-0013_neg_007.wav,3664,0.351104
E:\SIH\ira-wakeword\dataset\negative\speech\3664_3664-178355-0013_neg_010.wav,3664,0.003434
E:\SIH\ira-wakeword\dataset\negative\speech\3664_3664-178355-0014_neg_007.wav,3664,0.011005
E:\SIH\ira-wakeword\dataset\negative\speech\3664_3664-178355-0014_neg_009.wav,3664,0.052011
E:\SIH\ira-wakeword\dataset\negative\speech\3664_3664-178355-0015_neg_000.wav,3664,0.312005
E:\SIH\ira-wakeword\dataset\negative\speech\3664_3664-178355-0015_neg_002.wav,3664,0.441359
E:\SIH\ira-wakeword\dataset\negative\speech\3664_3664-178355-0015_neg_008.wav,3664,0.110086
E:\SIH\ira-wakeword\dataset\negative\speech\3664_3664-178355-0016_neg_003.wav,3664,0.046041
E:\SIH\ira-wakeword\dataset\negative\speech\3664_3664-178355-0016_neg_004.wav,3664,0.051813
E:\SIH\ira-wakeword\dataset\negative\speech\3664_3664-178355-0016_neg_005.wav,3664,0.014583
E:\SIH\ira-wakeword\dataset\negative\speech\3664_3664-178355-0017_neg_002.wav,3664,0.003678
E:\SIH\ira-wakeword\dataset\negative\speech\3664_3664-178355-0017_neg_003.wav,3664,0.112571
E:\SIH\ira-wakeword\dataset\negative\speech\3664_3664-178355-0017_neg_004.wav,3664,0.023418
E:\SIH\ira-wakeword\dataset\negative\speech\3664_3664-178355-0017_neg_006.wav,3664,0.016218
E:\SIH\ira-wakeword\dataset\negative\speech\3664_3664-178355-0017_neg_008.wav,3664,0.046967
E:\SIH\ira-wakeword\dataset\negative\speech\3664_3664-178355-0017_neg_009.wav,3664,0.029263
E:\SIH\ira-wakeword\dataset\negative\speech\3664_3664-178355-0017_neg_010.wav,3664,0.246624
E:\SIH\ira-wakeword\dataset\negative\speech\3664_3664-178355-0017_neg_012.wav,3664,0.007515
E:\SIH\ira-wakeword\dataset\negative\speech\3664_3664-178355-0017_neg_014.wav,3664,0.355920
E:\SIH\ira-wakeword\dataset\negative\speech\3664_3664-178355-0018_neg_006.wav,3664,0.009651
E:\SIH\ira-wakeword\dataset\negative\speech\3664_3664-178355-0018_neg_008.wav,3664,0.421231
E:\SIH\ira-wakeword\dataset\negative\speech\3664_3664-178355-0019_neg_000.wav,3664,0.003047
E:\SIH\ira-wakeword\dataset\negative\speech\3664_3664-178355-0019_neg_002.wav,3664,0.053762
E:\SIH\ira-wakeword\dataset\negative\speech\3664_3664-178355-0020_neg_003.wav,3664,0.094785
E:\SIH\ira-wakeword\dataset\negative\speech\3664_3664-178355-0020_neg_012.wav,3664,0.481501
E:\SIH\ira-wakeword\dataset\negative\speech\3664_3664-178355-0021_neg_001.wav,3664,0.019699
E:\SIH\ira-wakeword\dataset\negative\speech\3664_3664-178355-0021_neg_002.wav,3664,0.389267
E:\SIH\ira-wakeword\dataset\negative\speech\3664_3664-178355-0021_neg_004.wav,3664,0.100355
E:\SIH\ira-wakeword\dataset\negative\speech\3664_3664-178355-0021_neg_005.wav,3664,0.012806
E:\SIH\ira-wakeword\dataset\negative\speech\3664_3664-178355-0021_neg_007.wav,3664,0.709915
E:\SIH\ira-wakeword\dataset\negative\speech\3664_3664-178355-0021_neg_009.wav,3664,0.001620
E:\SIH\ira-wakeword\dataset\negative\speech\3664_3664-178355-0021_neg_010.wav,3664,0.376423
E:\SIH\ira-wakeword\dataset\negative\speech\3664_3664-178355-0022_neg_001.wav,3664,0.357958
E:\SIH\ira-wakeword\dataset\negative\speech\3664_3664-178355-0022_neg_004.wav,3664,0.005465
E:\SIH\ira-wakeword\dataset\negative\speech\3664_3664-178355-0022_neg_005.wav,3664,0.216205
E:\SIH\ira-wakeword\dataset\negative\speech\3664_3664-178355-0022_neg_011.wav,3664,0.006662
E:\SIH\ira-wakeword\dataset\negative\speech\3664_3664-178355-0022_neg_012.wav,3664,0.039950
E:\SIH\ira-wakeword\dataset\negative\speech\3664_3664-178355-0023_neg_001.wav,3664,0.022362
E:\SIH\ira-wakeword\dataset\negative\speech\3664_3664-178355-0023_neg_005.wav,3664,0.189050
E:\SIH\ira-wakeword\dataset\negative\speech\3664_3664-178355-0023_neg_009.wav,3664,0.004196
E:\SIH\ira-wakeword\dataset\negative\speech\3664_3664-178355-0023_neg_010.wav,3664,0.009409
E:\SIH\ira-wakeword\dataset\negative\speech\3664_3664-178355-0023_neg_011.wav,3664,0.009989
E:\SIH\ira-wakeword\dataset\negative\speech\3664_3664-178355-0024_neg_000.wav,3664,0.101058
E:\SIH\ira-wakeword\dataset\negative\speech\3664_3664-178355-0024_neg_001.wav,3664,0.006639
E:\SIH\ira-wakeword\dataset\negative\speech\3664_3664-178355-0025_neg_001.wav,3664,0.114526
E:\SIH\ira-wakeword\dataset\negative\speech\3664_3664-178355-0025_neg_004.wav,3664,0.482126
E:\SIH\ira-wakeword\dataset\negative\speech\3664_3664-178355-0025_neg_007.wav,3664,0.182290
E:\SIH\ira-wakeword\dataset\negative\speech\3664_3664-178355-0025_neg_008.wav,3664,0.080186
E:\SIH\ira-wakeword\dataset\negative\speech\3664_3664-178355-0025_neg_014.wav,3664,0.019190
E:\SIH\ira-wakeword\dataset\negative\speech\3664_3664-178355-0026_neg_000.wav,3664,0.015510
E:\SIH\ira-wakeword\dataset\negative\speech\3664_3664-178355-0026_neg_002.wav,3664,0.015362
E:\SIH\ira-wakeword\dataset\negative\speech\3664_3664-178355-0026_neg_004.wav,3664,0.081692
E:\SIH\ira-wakeword\dataset\negative\speech\3664_3664-178355-0026_neg_007.wav,3664,0.052536
E:\SIH\ira-wakeword\dataset\negative\speech\3664_3664-178355-0026_neg_008.wav,3664,0.009106
E:\SIH\ira-wakeword\dataset\negative\speech\3664_3664-178355-0026_neg_009.wav,3664,0.026297
E:\SIH\ira-wakeword\dataset\negative\speech\3664_3664-178355-0026_neg_010.wav,3664,0.018421
E:\SIH\ira-wakeword\dataset\negative\speech\3664_3664-178355-0027_neg_002.wav,3664,0.351418
E:\SIH\ira-wakeword\dataset\negative\speech\3664_3664-178355-0027_neg_004.wav,3664,0.026545
E:\SIH\ira-wakeword\dataset\negative\speech\3664_3664-178355-0027_neg_007.wav,3664,0.142136
E:\SIH\ira-wakeword\dataset\negative\speech\3664_3664-178355-0027_neg_013.wav,3664,0.265482
E:\SIH\ira-wakeword\dataset\negative\speech\3664_3664-178355-0028_neg_004.wav,3664,0.029196
E:\SIH\ira-wakeword\dataset\negative\speech\3664_3664-178355-0028_neg_007.wav,3664,0.729707
E:\SIH\ira-wakeword\dataset\negative\speech\3664_3664-178355-0028_neg_015.wav,3664,0.004841
E:\SIH\ira-wakeword\dataset\negative\speech\3664_3664-178355-0029_neg_001.wav,3664,0.036314
E:\SIH\ira-wakeword\dataset\negative\speech\3664_3664-178355-0029_neg_005.wav,3664,0.676408
E:\SIH\ira-wakeword\dataset\negative\speech\3664_3664-178355-0030_neg_001.wav,3664,0.714523
E:\SIH\ira-wakeword\dataset\negative\speech\3664_3664-178355-0031_neg_007.wav,3664,0.284054
E:\SIH\ira-wakeword\dataset\negative\speech\3664_3664-178355-0031_neg_009.wav,3664,0.585019
E:\SIH\ira-wakeword\dataset\negative\speech\3664_3664-178355-0031_neg_011.wav,3664,0.480725
E:\SIH\ira-wakeword\dataset\negative\speech\3664_3664-178355-0032_neg_000.wav,3664,0.663601
E:\SIH\ira-wakeword\dataset\negative\speech\3664_3664-178355-0032_neg_006.wav,3664,0.005117
E:\SIH\ira-wakeword\dataset\negative\speech\3664_3664-178355-0032_neg_007.wav,3664,0.186052
E:\SIH\ira-wakeword\dataset\negative\speech\3664_3664-178355-0032_neg_008.wav,3664,0.000370
E:\SIH\ira-wakeword\dataset\negative\speech\3664_3664-178355-0032_neg_010.wav,3664,0.708074
E:\SIH\ira-wakeword\dataset\negative\speech\3664_3664-178355-0032_neg_012.wav,3664,0.076219
E:\SIH\ira-wakeword\dataset\negative\speech\3664_3664-178355-0032_neg_013.wav,3664,0.018752
E:\SIH\ira-wakeword\dataset\negative\speech\3664_3664-178355-0033_neg_002.wav,3664,0.011101
E:\SIH\ira-wakeword\dataset\negative\speech\3664_3664-178355-0033_neg_003.wav,3664,0.083260
E:\SIH\ira-wakeword\dataset\negative\speech\3664_3664-178355-0033_neg_006.wav,3664,0.019121
E:\SIH\ira-wakeword\dataset\negative\speech\3664_3664-178355-0033_neg_008.wav,3664,0.065798
E:\SIH\ira-wakeword\dataset\negative\speech\3664_3664-178355-0033_neg_012.wav,3664,0.009587
E:\SIH\ira-wakeword\dataset\negative\speech\3664_3664-178355-0033_neg_014.wav,3664,0.176585
E:\SIH\ira-wakeword\dataset\negative\speech\3664_3664-178355-0034_neg_001.wav,3664,0.023351
E:\SIH\ira-wakeword\dataset\negative\speech\3664_3664-178355-0034_neg_002.wav,3664,0.075879
E:\SIH\ira-wakeword\dataset\negative\speech\3664_3664-178355-0034_neg_007.wav,3664,0.057887
E:\SIH\ira-wakeword\dataset\negative\speech\3664_3664-178355-0034_neg_008.wav,3664,0.179566
E:\SIH\ira-wakeword\dataset\negative\speech\3664_3664-178355-0034_neg_013.wav,3664,0.541033
E:\SIH\ira-wakeword\dataset\negative\speech\3664_3664-178355-0035_neg_000.wav,3664,0.419450
E:\SIH\ira-wakeword\dataset\negative\speech\3664_3664-178355-0035_neg_001.wav,3664,0.210865
E:\SIH\ira-wakeword\dataset\negative\speech\3664_3664-178355-0036_neg_000.wav,3664,0.612468
E:\SIH\ira-wakeword\dataset\negative\speech\3664_3664-178355-0036_neg_007.wav,3664,0.238576
E:\SIH\ira-wakeword\dataset\negative\speech\3947_3947-13262-0000_neg_002.wav,3947,0.022574
E:\SIH\ira-wakeword\dataset\negative\speech\3947_3947-13262-0000_neg_005.wav,3947,0.089835
E:\SIH\ira-wakeword\dataset\negative\speech\3947_3947-13262-0000_neg_007.wav,3947,0.026769
E:\SIH\ira-wakeword\dataset\negative\speech\3947_3947-13262-0000_neg_009.wav,3947,0.045332
E:\SIH\ira-wakeword\dataset\negative\speech\3947_3947-13262-0000_neg_015.wav,3947,0.080107
E:\SIH\ira-wakeword\dataset\negative\speech\3947_3947-13262-0001_neg_007.wav,3947,0.166123
E:\SIH\ira-wakeword\dataset\negative\speech\3947_3947-13262-0001_neg_009.wav,3947,0.744782
E:\SIH\ira-wakeword\dataset\negative\speech\3947_3947-13262-0001_neg_012.wav,3947,0.010854
E:\SIH\ira-wakeword\dataset\negative\speech\3947_3947-13262-0002_neg_000.wav,3947,0.331310
E:\SIH\ira-wakeword\dataset\negative\speech\3947_3947-13262-0002_neg_003.wav,3947,0.012583
E:\SIH\ira-wakeword\dataset\negative\speech\3947_3947-13262-0002_neg_004.wav,3947,0.048719
E:\SIH\ira-wakeword\dataset\negative\speech\3947_3947-13262-0003_neg_002.wav,3947,0.025121
E:\SIH\ira-wakeword\dataset\negative\speech\3947_3947-13262-0003_neg_003.wav,3947,0.135929
E:\SIH\ira-wakeword\dataset\negative\speech\3947_3947-13262-0003_neg_004.wav,3947,0.020994
E:\SIH\ira-wakeword\dataset\negative\speech\3947_3947-13262-0003_neg_005.wav,3947,0.016504
E:\SIH\ira-wakeword\dataset\negative\speech\3947_3947-13262-0004_neg_004.wav,3947,0.165315
E:\SIH\ira-wakeword\dataset\negative\speech\3947_3947-13262-0004_neg_009.wav,3947,0.023395
E:\SIH\ira-wakeword\dataset\negative\speech\3947_3947-13262-0004_neg_011.wav,3947,0.105673
E:\SIH\ira-wakeword\dataset\negative\speech\3947_3947-13262-0004_neg_013.wav,3947,0.055626
E:\SIH\ira-wakeword\dataset\negative\speech\3947_3947-13262-0005_neg_004.wav,3947,0.096521
E:\SIH\ira-wakeword\dataset\negative\speech\3947_3947-13262-0006_neg_001.wav,3947,0.006830
E:\SIH\ira-wakeword\dataset\negative\speech\3947_3947-13262-0006_neg_003.wav,3947,0.262058
E:\SIH\ira-wakeword\dataset\negative\speech\3947_3947-13262-0006_neg_006.wav,3947,0.015352
E:\SIH\ira-wakeword\dataset\negative\speech\3947_3947-13262-0006_neg_010.wav,3947,0.784042
E:\SIH\ira-wakeword\dataset\negative\speech\3947_3947-13262-0007_neg_000.wav,3947,0.002953
E:\SIH\ira-wakeword\dataset\negative\speech\3947_3947-13262-0007_neg_001.wav,3947,0.013665
E:\SIH\ira-wakeword\dataset\negative\speech\3947_3947-13262-0007_neg_003.wav,3947,0.041334
E:\SIH\ira-wakeword\dataset\negative\speech\3947_3947-13262-0007_neg_004.wav,3947,0.003913
E:\SIH\ira-wakeword\dataset\negative\speech\3947_3947-13262-0008_neg_000.wav,3947,0.110234
E:\SIH\ira-wakeword\dataset\negative\speech\3947_3947-13262-0008_neg_003.wav,3947,0.037335
E:\SIH\ira-wakeword\dataset\negative\speech\3947_3947-13262-0008_neg_008.wav,3947,0.020300
E:\SIH\ira-wakeword\dataset\negative\speech\3947_3947-13262-0008_neg_009.wav,3947,0.191858
E:\SIH\ira-wakeword\dataset\negative\speech\3947_3947-13262-0009_neg_000.wav,3947,0.285802
E:\SIH\ira-wakeword\dataset\negative\speech\3947_3947-13262-0009_neg_003.wav,3947,0.183878
E:\SIH\ira-wakeword\dataset\negative\speech\3947_3947-13262-0009_neg_004.wav,3947,0.024872
E:\SIH\ira-wakeword\dataset\negative\speech\3947_3947-13262-0009_neg_011.wav,3947,0.059725
E:\SIH\ira-wakeword\dataset\negative\speech\3947_3947-13262-0009_neg_012.wav,3947,0.013408
E:\SIH\ira-wakeword\dataset\negative\speech\3947_3947-13262-0009_neg_015.wav,3947,0.374081
E:\SIH\ira-wakeword\dataset\negative\speech\3947_3947-13262-0010_neg_009.wav,3947,0.021719
E:\SIH\ira-wakeword\dataset\negative\speech\3947_3947-13262-0010_neg_012.wav,3947,0.047430
E:\SIH\ira-wakeword\dataset\negative\speech\3947_3947-13262-0011_neg_009.wav,3947,0.093013
E:\SIH\ira-wakeword\dataset\negative\speech\3947_3947-13262-0012_neg_001.wav,3947,0.009139
E:\SIH\ira-wakeword\dataset\negative\speech\3947_3947-13262-0012_neg_004.wav,3947,0.071196
E:\SIH\ira-wakeword\dataset\negative\speech\3947_3947-13262-0013_neg_003.wav,3947,0.016009
E:\SIH\ira-wakeword\dataset\negative\speech\3947_3947-13262-0013_neg_006.wav,3947,0.281573
E:\SIH\ira-wakeword\dataset\negative\speech\3947_3947-13262-0013_neg_008.wav,3947,0.027830
E:\SIH\ira-wakeword\dataset\negative\speech\3947_3947-13262-0013_neg_011.wav,3947,0.114188
E:\SIH\ira-wakeword\dataset\negative\speech\3947_3947-13262-0013_neg_012.wav,3947,0.065091
E:\SIH\ira-wakeword\dataset\negative\speech\3947_3947-13262-0014_neg_001.wav,3947,0.015758
E:\SIH\ira-wakeword\dataset\negative\speech\3947_3947-13262-0015_neg_003.wav,3947,0.707071
E:\SIH\ira-wakeword\dataset\negative\speech\3947_3947-13262-0016_neg_001.wav,3947,0.025437
E:\SIH\ira-wakeword\dataset\negative\speech\3947_3947-13262-0017_neg_003.wav,3947,0.037732
E:\SIH\ira-wakeword\dataset\negative\speech\3947_3947-13262-0017_neg_007.wav,3947,0.360515
E:\SIH\ira-wakeword\dataset\negative\speech\3947_3947-13262-0018_neg_000.wav,3947,0.292781
E:\SIH\ira-wakeword\dataset\negative\speech\3947_3947-13262-0018_neg_002.wav,3947,0.007928
E:\SIH\ira-wakeword\dataset\negative\speech\3947_3947-13262-0018_neg_004.wav,3947,0.066170
E:\SIH\ira-wakeword\dataset\negative\speech\3947_3947-13262-0018_neg_012.wav,3947,0.006832
E:\SIH\ira-wakeword\dataset\negative\speech\3947_3947-13262-0019_neg_004.wav,3947,0.865567
E:\SIH\ira-wakeword\dataset\negative\speech\3947_3947-13262-0019_neg_009.wav,3947,0.021617
E:\SIH\ira-wakeword\dataset\negative\speech\3947_3947-13262-0019_neg_011.wav,3947,0.030263
E:\SIH\ira-wakeword\dataset\negative\speech\3947_3947-13262-0020_neg_000.wav,3947,0.037237
E:\SIH\ira-wakeword\dataset\negative\speech\3947_3947-13262-0020_neg_001.wav,3947,0.214436
E:\SIH\ira-wakeword\dataset\negative\speech\3947_3947-13262-0020_neg_005.wav,3947,0.003277
E:\SIH\ira-wakeword\dataset\negative\speech\3947_3947-13262-0021_neg_003.wav,3947,0.019552
E:\SIH\ira-wakeword\dataset\negative\speech\3947_3947-13262-0021_neg_008.wav,3947,0.206085
E:\SIH\ira-wakeword\dataset\negative\speech\3947_3947-13262-0021_neg_010.wav,3947,0.831144
E:\SIH\ira-wakeword\dataset\negative\speech\3947_3947-13262-0021_neg_013.wav,3947,0.253755
E:\SIH\ira-wakeword\dataset\negative\speech\3947_3947-13262-0022_neg_006.wav,3947,0.210214
E:\SIH\ira-wakeword\dataset\negative\speech\3947_3947-13262-0022_neg_011.wav,3947,0.048647
E:\SIH\ira-wakeword\dataset\negative\speech\3947_3947-13262-0022_neg_012.wav,3947,0.128445
E:\SIH\ira-wakeword\dataset\negative\speech\3947_3947-13262-0024_neg_000.wav,3947,0.193952
E:\SIH\ira-wakeword\dataset\negative\speech\3947_3947-13262-0024_neg_001.wav,3947,0.097382
E:\SIH\ira-wakeword\dataset\negative\speech\3947_3947-13262-0024_neg_002.wav,3947,0.256428
E:\SIH\ira-wakeword\dataset\negative\speech\3947_3947-13262-0024_neg_004.wav,3947,0.014485
E:\SIH\ira-wakeword\dataset\negative\speech\3947_3947-13262-0025_neg_006.wav,3947,0.005897
E:\SIH\ira-wakeword\dataset\negative\speech\3947_3947-13262-0025_neg_013.wav,3947,0.021841
E:\SIH\ira-wakeword\dataset\negative\speech\3947_3947-13262-0026_neg_001.wav,3947,0.182165
E:\SIH\ira-wakeword\dataset\negative\speech\3947_3947-13262-0026_neg_003.wav,3947,0.009094
E:\SIH\ira-wakeword\dataset\negative\speech\3947_3947-13262-0026_neg_005.wav,3947,0.003398
E:\SIH\ira-wakeword\dataset\negative\speech\3947_3947-13262-0026_neg_006.wav,3947,0.004447
E:\SIH\ira-wakeword\dataset\negative\speech\3947_3947-13262-0027_neg_001.wav,3947,0.086131
E:\SIH\ira-wakeword\dataset\negative\speech\3947_3947-13262-0027_neg_005.wav,3947,0.164712
E:\SIH\ira-wakeword\dataset\negative\speech\3947_3947-13262-0027_neg_008.wav,3947,0.011070
E:\SIH\ira-wakeword\dataset\negative\speech\3947_3947-13262-0027_neg_010.wav,3947,0.017982
E:\SIH\ira-wakeword\dataset\negative\speech\3947_3947-13262-0029_neg_006.wav,3947,0.038983
E:\SIH\ira-wakeword\dataset\negative\speech\3947_3947-13262-0029_neg_009.wav,3947,0.042086
E:\SIH\ira-wakeword\dataset\negative\speech\3947_3947-13262-0030_neg_000.wav,3947,0.014184
E:\SIH\ira-wakeword\dataset\negative\speech\3947_3947-13262-0030_neg_002.wav,3947,0.097572
E:\SIH\ira-wakeword\dataset\negative\speech\3947_3947-13262-0030_neg_005.wav,3947,0.715377
E:\SIH\ira-wakeword\dataset\negative\speech\3947_3947-13262-0030_neg_007.wav,3947,0.028107
E:\SIH\ira-wakeword\dataset\negative\speech\3947_3947-13262-0030_neg_009.wav,3947,0.109214
E:\SIH\ira-wakeword\dataset\negative\speech\3947_3947-13262-0031_neg_004.wav,3947,0.030071
E:\SIH\ira-wakeword\dataset\negative\speech\3947_3947-13262-0031_neg_007.wav,3947,0.019057
E:\SIH\ira-wakeword\dataset\negative\speech\3947_3947-13262-0031_neg_011.wav,3947,0.387393
E:\SIH\ira-wakeword\dataset\negative\speech\3947_3947-13262-0032_neg_003.wav,3947,0.596892
E:\SIH\ira-wakeword\dataset\negative\speech\3947_3947-13262-0032_neg_008.wav,3947,0.423146
E:\SIH\ira-wakeword\dataset\negative\speech\3947_3947-13262-0033_neg_000.wav,3947,0.730114
E:\SIH\ira-wakeword\dataset\negative\speech\3947_3947-13262-0034_neg_001.wav,3947,0.100335
E:\SIH\ira-wakeword\dataset\negative\speech\3947_3947-13262-0034_neg_007.wav,3947,0.007557
E:\SIH\ira-wakeword\dataset\negative\speech\3947_3947-13262-0034_neg_009.wav,3947,0.881324
E:\SIH\ira-wakeword\dataset\negative\speech\3947_3947-13262-0035_neg_000.wav,3947,0.161852
E:\SIH\ira-wakeword\dataset\negative\speech\3947_3947-13262-0035_neg_001.wav,3947,0.084095
E:\SIH\ira-wakeword\dataset\negative\speech\3947_3947-13262-0035_neg_004.wav,3947,0.020859
E:\SIH\ira-wakeword\dataset\negative\speech\3947_3947-13262-0036_neg_001.wav,3947,0.035216
E:\SIH\ira-wakeword\dataset\negative\speech\3947_3947-13262-0036_neg_002.wav,3947,0.048981
E:\SIH\ira-wakeword\dataset\negative\speech\3947_3947-13262-0036_neg_005.wav,3947,0.003260
E:\SIH\ira-wakeword\dataset\negative\speech\3947_3947-13262-0036_neg_006.wav,3947,0.003453
E:\SIH\ira-wakeword\dataset\negative\speech\3947_3947-13262-0036_neg_008.wav,3947,0.037520
E:\SIH\ira-wakeword\dataset\negative\speech\3947_3947-13262-0037_neg_001.wav,3947,0.063877
E:\SIH\ira-wakeword\dataset\negative\speech\3947_3947-13262-0037_neg_003.wav,3947,0.013788
E:\SIH\ira-wakeword\dataset\negative\speech\3947_3947-13262-0037_neg_006.wav,3947,0.038053
E:\SIH\ira-wakeword\dataset\negative\speech\3947_3947-13262-0037_neg_009.wav,3947,0.148521
E:\SIH\ira-wakeword\dataset\negative\speech\3947_3947-13262-0038_neg_000.wav,3947,0.014214
E:\SIH\ira-wakeword\dataset\negative\speech\3947_3947-13262-0038_neg_003.wav,3947,0.344194
E:\SIH\ira-wakeword\dataset\negative\speech\3947_3947-13262-0038_neg_005.wav,3947,0.004090
E:\SIH\ira-wakeword\dataset\negative\speech\3947_3947-13262-0038_neg_007.wav,3947,0.072598
E:\SIH\ira-wakeword\dataset\negative\speech\3947_3947-13262-0038_neg_010.wav,3947,0.044068
E:\SIH\ira-wakeword\dataset\negative\speech\3947_3947-13262-0038_neg_011.wav,3947,0.028627
E:\SIH\ira-wakeword\dataset\negative\speech\3947_3947-13262-0039_neg_002.wav,3947,0.013157
E:\SIH\ira-wakeword\dataset\negative\speech\3947_3947-13262-0041_neg_001.wav,3947,0.019677
E:\SIH\ira-wakeword\dataset\negative\speech\3947_3947-13262-0041_neg_003.wav,3947,0.005840
E:\SIH\ira-wakeword\dataset\negative\speech\3947_3947-13262-0041_neg_008.wav,3947,0.468103
E:\SIH\ira-wakeword\dataset\negative\speech\3947_3947-13262-0042_neg_000.wav,3947,0.033947
E:\SIH\ira-wakeword\dataset\negative\speech\3947_3947-13262-0042_neg_003.wav,3947,0.032015
E:\SIH\ira-wakeword\dataset\negative\speech\3947_3947-13262-0043_neg_003.wav,3947,0.048347
E:\SIH\ira-wakeword\dataset\negative\speech\3947_3947-13262-0044_neg_002.wav,3947,0.237989
E:\SIH\ira-wakeword\dataset\negative\speech\3947_3947-13262-0044_neg_003.wav,3947,0.007976
E:\SIH\ira-wakeword\dataset\negative\speech\3947_3947-13262-0045_neg_006.wav,3947,0.074954
E:\SIH\ira-wakeword\dataset\negative\speech\3947_3947-13262-0045_neg_007.wav,3947,0.136622
E:\SIH\ira-wakeword\dataset\negative\speech\3947_3947-13262-0046_neg_005.wav,3947,0.050285
E:\SIH\ira-wakeword\dataset\negative\speech\3947_3947-13262-0047_neg_008.wav,3947,0.049483
E:\SIH\ira-wakeword\dataset\negative\speech\3947_3947-13262-0047_neg_010.wav,3947,0.331290
E:\SIH\ira-wakeword\dataset\negative\speech\3947_3947-13262-0047_neg_011.wav,3947,0.064251
E:\SIH\ira-wakeword\dataset\negative\speech\3947_3947-13262-0048_neg_004.wav,3947,0.016085
E:\SIH\ira-wakeword\dataset\negative\speech\3947_3947-13262-0049_neg_001.wav,3947,0.094785
E:\SIH\ira-wakeword\dataset\negative\speech\3947_3947-13262-0049_neg_007.wav,3947,0.007896
E:\SIH\ira-wakeword\dataset\negative\speech\3947_3947-13262-0049_neg_010.wav,3947,0.018461
E:\SIH\ira-wakeword\dataset\negative\speech\3947_3947-13262-0050_neg_000.wav,3947,0.210122
E:\SIH\ira-wakeword\dataset\negative\speech\3947_3947-13262-0050_neg_003.wav,3947,0.019556
E:\SIH\ira-wakeword\dataset\negative\speech\3947_3947-13262-0050_neg_005.wav,3947,0.149761
E:\SIH\ira-wakeword\dataset\negative\speech\3947_3947-13262-0051_neg_003.wav,3947,0.076458
E:\SIH\ira-wakeword\dataset\negative\speech\3947_3947-13262-0051_neg_004.wav,3947,0.055040
E:\SIH\ira-wakeword\dataset\negative\speech\3947_3947-13262-0051_neg_008.wav,3947,0.191688
E:\SIH\ira-wakeword\dataset\negative\speech\460_460-172359-0001_neg_006.wav,460,0.006741
E:\SIH\ira-wakeword\dataset\negative\speech\460_460-172359-0001_neg_007.wav,460,0.001877
E:\SIH\ira-wakeword\dataset\negative\speech\460_460-172359-0001_neg_013.wav,460,0.495480
E:\SIH\ira-wakeword\dataset\negative\speech\460_460-172359-0002_neg_000.wav,460,0.019963
E:\SIH\ira-wakeword\dataset\negative\speech\460_460-172359-0004_neg_000.wav,460,0.093928
E:\SIH\ira-wakeword\dataset\negative\speech\460_460-172359-0004_neg_002.wav,460,0.068965
E:\SIH\ira-wakeword\dataset\negative\speech\460_460-172359-0004_neg_003.wav,460,0.568832
E:\SIH\ira-wakeword\dataset\negative\speech\460_460-172359-0005_neg_006.wav,460,0.028674
E:\SIH\ira-wakeword\dataset\negative\speech\460_460-172359-0005_neg_007.wav,460,0.010068
E:\SIH\ira-wakeword\dataset\negative\speech\460_460-172359-0005_neg_008.wav,460,0.204684
E:\SIH\ira-wakeword\dataset\negative\speech\460_460-172359-0006_neg_005.wav,460,0.069043
E:\SIH\ira-wakeword\dataset\negative\speech\460_460-172359-0006_neg_010.wav,460,0.007603
E:\SIH\ira-wakeword\dataset\negative\speech\460_460-172359-0006_neg_013.wav,460,0.046062
E:\SIH\ira-wakeword\dataset\negative\speech\460_460-172359-0006_neg_014.wav,460,0.453825
E:\SIH\ira-wakeword\dataset\negative\speech\460_460-172359-0007_neg_012.wav,460,0.060952
E:\SIH\ira-wakeword\dataset\negative\speech\460_460-172359-0008_neg_002.wav,460,0.002069
E:\SIH\ira-wakeword\dataset\negative\speech\460_460-172359-0009_neg_000.wav,460,0.006741
E:\SIH\ira-wakeword\dataset\negative\speech\460_460-172359-0009_neg_009.wav,460,0.232976
E:\SIH\ira-wakeword\dataset\negative\speech\460_460-172359-0010_neg_003.wav,460,0.010300
E:\SIH\ira-wakeword\dataset\negative\speech\460_460-172359-0011_neg_001.wav,460,0.205915
E:\SIH\ira-wakeword\dataset\negative\speech\460_460-172359-0011_neg_004.wav,460,0.022458
E:\SIH\ira-wakeword\dataset\negative\speech\460_460-172359-0012_neg_006.wav,460,0.179257
E:\SIH\ira-wakeword\dataset\negative\speech\460_460-172359-0012_neg_009.wav,460,0.040438
E:\SIH\ira-wakeword\dataset\negative\speech\460_460-172359-0012_neg_011.wav,460,0.232836
E:\SIH\ira-wakeword\dataset\negative\speech\460_460-172359-0013_neg_002.wav,460,0.704845
E:\SIH\ira-wakeword\dataset\negative\speech\460_460-172359-0013_neg_007.wav,460,0.006089
E:\SIH\ira-wakeword\dataset\negative\speech\460_460-172359-0013_neg_008.wav,460,0.020559
E:\SIH\ira-wakeword\dataset\negative\speech\460_460-172359-0014_neg_005.wav,460,0.216806
E:\SIH\ira-wakeword\dataset\negative\speech\460_460-172359-0014_neg_014.wav,460,0.069945
E:\SIH\ira-wakeword\dataset\negative\speech\460_460-172359-0016_neg_000.wav,460,0.221443
E:\SIH\ira-wakeword\dataset\negative\speech\460_460-172359-0016_neg_001.wav,460,0.037892
E:\SIH\ira-wakeword\dataset\negative\speech\460_460-172359-0016_neg_003.wav,460,0.005273
E:\SIH\ira-wakeword\dataset\negative\speech\460_460-172359-0017_neg_001.wav,460,0.126107
E:\SIH\ira-wakeword\dataset\negative\speech\460_460-172359-0017_neg_002.wav,460,0.120033
E:\SIH\ira-wakeword\dataset\negative\speech\460_460-172359-0018_neg_000.wav,460,0.041011
E:\SIH\ira-wakeword\dataset\negative\speech\460_460-172359-0018_neg_001.wav,460,0.047518
E:\SIH\ira-wakeword\dataset\negative\speech\460_460-172359-0018_neg_011.wav,460,0.126790
E:\SIH\ira-wakeword\dataset\negative\speech\460_460-172359-0020_neg_009.wav,460,0.022445
E:\SIH\ira-wakeword\dataset\negative\speech\460_460-172359-0023_neg_000.wav,460,0.005866
E:\SIH\ira-wakeword\dataset\negative\speech\460_460-172359-0023_neg_012.wav,460,0.089371
E:\SIH\ira-wakeword\dataset\negative\speech\460_460-172359-0024_neg_000.wav,460,0.114227
E:\SIH\ira-wakeword\dataset\negative\speech\460_460-172359-0024_neg_005.wav,460,0.129292
E:\SIH\ira-wakeword\dataset\negative\speech\460_460-172359-0024_neg_009.wav,460,0.284545
E:\SIH\ira-wakeword\dataset\negative\speech\460_460-172359-0025_neg_006.wav,460,0.076394
E:\SIH\ira-wakeword\dataset\negative\speech\460_460-172359-0025_neg_008.wav,460,0.077312
E:\SIH\ira-wakeword\dataset\negative\speech\460_460-172359-0026_neg_004.wav,460,0.003088
E:\SIH\ira-wakeword\dataset\negative\speech\460_460-172359-0026_neg_012.wav,460,0.001322
E:\SIH\ira-wakeword\dataset\negative\speech\460_460-172359-0027_neg_005.wav,460,0.145471
E:\SIH\ira-wakeword\dataset\negative\speech\460_460-172359-0027_neg_010.wav,460,0.079178
E:\SIH\ira-wakeword\dataset\negative\speech\460_460-172359-0028_neg_009.wav,460,0.034535
E:\SIH\ira-wakeword\dataset\negative\speech\460_460-172359-0029_neg_000.wav,460,0.029920
E:\SIH\ira-wakeword\dataset\negative\speech\460_460-172359-0029_neg_001.wav,460,0.059289
E:\SIH\ira-wakeword\dataset\negative\speech\460_460-172359-0029_neg_007.wav,460,0.005152
E:\SIH\ira-wakeword\dataset\negative\speech\460_460-172359-0029_neg_010.wav,460,0.006554
E:\SIH\ira-wakeword\dataset\negative\speech\460_460-172359-0030_neg_003.wav,460,0.240671
E:\SIH\ira-wakeword\dataset\negative\speech\460_460-172359-0030_neg_006.wav,460,0.156434
E:\SIH\ira-wakeword\dataset\negative\speech\460_460-172359-0030_neg_007.wav,460,0.000952
E:\SIH\ira-wakeword\dataset\negative\speech\460_460-172359-0032_neg_003.wav,460,0.142435
E:\SIH\ira-wakeword\dataset\negative\speech\460_460-172359-0033_neg_009.wav,460,0.051917
E:\SIH\ira-wakeword\dataset\negative\speech\460_460-172359-0034_neg_001.wav,460,0.003234
E:\SIH\ira-wakeword\dataset\negative\speech\460_460-172359-0034_neg_005.wav,460,0.007503
E:\SIH\ira-wakeword\dataset\negative\speech\460_460-172359-0034_neg_012.wav,460,0.103505
E:\SIH\ira-wakeword\dataset\negative\speech\460_460-172359-0035_neg_000.wav,460,0.793194
E:\SIH\ira-wakeword\dataset\negative\speech\460_460-172359-0035_neg_003.wav,460,0.082815
E:\SIH\ira-wakeword\dataset\negative\speech\460_460-172359-0036_neg_008.wav,460,0.004125
E:\SIH\ira-wakeword\dataset\negative\speech\460_460-172359-0036_neg_013.wav,460,0.012062
E:\SIH\ira-wakeword\dataset\negative\speech\460_460-172359-0037_neg_014.wav,460,0.033932
E:\SIH\ira-wakeword\dataset\negative\speech\460_460-172359-0038_neg_000.wav,460,0.037724
E:\SIH\ira-wakeword\dataset\negative\speech\460_460-172359-0038_neg_001.wav,460,0.018279
E:\SIH\ira-wakeword\dataset\negative\speech\460_460-172359-0039_neg_005.wav,460,0.161512
E:\SIH\ira-wakeword\dataset\negative\speech\460_460-172359-0039_neg_006.wav,460,0.003923
E:\SIH\ira-wakeword\dataset\negative\speech\460_460-172359-0041_neg_005.wav,460,0.063418
E:\SIH\ira-wakeword\dataset\negative\speech\460_460-172359-0041_neg_009.wav,460,0.018375
E:\SIH\ira-wakeword\dataset\negative\speech\460_460-172359-0041_neg_011.wav,460,0.000339
E:\SIH\ira-wakeword\dataset\negative\speech\460_460-172359-0042_neg_007.wav,460,0.052548
E:\SIH\ira-wakeword\dataset\negative\speech\460_460-172359-0043_neg_002.wav,460,0.090569
E:\SIH\ira-wakeword\dataset\negative\speech\460_460-172359-0044_neg_008.wav,460,0.003737
E:\SIH\ira-wakeword\dataset\negative\speech\460_460-172359-0045_neg_011.wav,460,0.037928
E:\SIH\ira-wakeword\dataset\negative\speech\460_460-172359-0046_neg_004.wav,460,0.080142
E:\SIH\ira-wakeword\dataset\negative\speech\460_460-172359-0046_neg_006.wav,460,0.011584
E:\SIH\ira-wakeword\dataset\negative\speech\460_460-172359-0047_neg_001.wav,460,0.000573
E:\SIH\ira-wakeword\dataset\negative\speech\460_460-172359-0047_neg_004.wav,460,0.488854
E:\SIH\ira-wakeword\dataset\negative\speech\460_460-172359-0048_neg_004.wav,460,0.035181
E:\SIH\ira-wakeword\dataset\negative\speech\460_460-172359-0051_neg_001.wav,460,0.015892
E:\SIH\ira-wakeword\dataset\negative\speech\460_460-172359-0051_neg_007.wav,460,0.655917
E:\SIH\ira-wakeword\dataset\negative\speech\460_460-172359-0051_neg_008.wav,460,0.115677
E:\SIH\ira-wakeword\dataset\negative\speech\460_460-172359-0051_neg_014.wav,460,0.324025
E:\SIH\ira-wakeword\dataset\negative\speech\460_460-172359-0055_neg_001.wav,460,0.030493
E:\SIH\ira-wakeword\dataset\negative\speech\460_460-172359-0057_neg_005.wav,460,0.785334
E:\SIH\ira-wakeword\dataset\negative\speech\460_460-172359-0057_neg_007.wav,460,0.251344
E:\SIH\ira-wakeword\dataset\negative\speech\460_460-172359-0058_neg_001.wav,460,0.081895
E:\SIH\ira-wakeword\dataset\negative\speech\460_460-172359-0058_neg_005.wav,460,0.000528
E:\SIH\ira-wakeword\dataset\negative\speech\460_460-172359-0058_neg_012.wav,460,0.024981
E:\SIH\ira-wakeword\dataset\negative\speech\460_460-172359-0059_neg_006.wav,460,0.000754
E:\SIH\ira-wakeword\dataset\negative\speech\460_460-172359-0059_neg_011.wav,460,0.608177
E:\SIH\ira-wakeword\dataset\negative\speech\460_460-172359-0060_neg_003.wav,460,0.123677
E:\SIH\ira-wakeword\dataset\negative\speech\460_460-172359-0062_neg_006.wav,460,0.006605
E:\SIH\ira-wakeword\dataset\negative\speech\460_460-172359-0063_neg_003.wav,460,0.151124
E:\SIH\ira-wakeword\dataset\negative\speech\460_460-172359-0063_neg_009.wav,460,0.016185
E:\SIH\ira-wakeword\dataset\negative\speech\460_460-172359-0064_neg_001.wav,460,0.303564
E:\SIH\ira-wakeword\dataset\negative\speech\460_460-172359-0065_neg_000.wav,460,0.005222
E:\SIH\ira-wakeword\dataset\negative\speech\460_460-172359-0066_neg_006.wav,460,0.068683
E:\SIH\ira-wakeword\dataset\negative\speech\460_460-172359-0066_neg_009.wav,460,0.110910
E:\SIH\ira-wakeword\dataset\negative\speech\460_460-172359-0066_neg_012.wav,460,0.021976
E:\SIH\ira-wakeword\dataset\negative\speech\460_460-172359-0067_neg_000.wav,460,0.016930
E:\SIH\ira-wakeword\dataset\negative\speech\460_460-172359-0067_neg_008.wav,460,0.001335
E:\SIH\ira-wakeword\dataset\negative\speech\460_460-172359-0068_neg_006.wav,460,0.195907
E:\SIH\ira-wakeword\dataset\negative\speech\460_460-172359-0069_neg_002.wav,460,0.536148
E:\SIH\ira-wakeword\dataset\negative\speech\460_460-172359-0069_neg_010.wav,460,0.032978
E:\SIH\ira-wakeword\dataset\negative\speech\460_460-172359-0069_neg_011.wav,460,0.004208
E:\SIH\ira-wakeword\dataset\negative\speech\460_460-172359-0070_neg_002.wav,460,0.012772
E:\SIH\ira-wakeword\dataset\negative\speech\460_460-172359-0070_neg_004.wav,460,0.031376
E:\SIH\ira-wakeword\dataset\negative\speech\460_460-172359-0071_neg_003.wav,460,0.450457
E:\SIH\ira-wakeword\dataset\negative\speech\460_460-172359-0072_neg_010.wav,460,0.066553
E:\SIH\ira-wakeword\dataset\negative\speech\460_460-172359-0074_neg_007.wav,460,0.022020
E:\SIH\ira-wakeword\dataset\negative\speech\460_460-172359-0076_neg_000.wav,460,0.000819
E:\SIH\ira-wakeword\dataset\negative\speech\460_460-172359-0076_neg_005.wav,460,0.014885
E:\SIH\ira-wakeword\dataset\negative\speech\460_460-172359-0076_neg_006.wav,460,0.158494
E:\SIH\ira-wakeword\dataset\negative\speech\460_460-172359-0076_neg_011.wav,460,0.458687
E:\SIH\ira-wakeword\dataset\negative\speech\460_460-172359-0077_neg_002.wav,460,0.609244
E:\SIH\ira-wakeword\dataset\negative\speech\460_460-172359-0079_neg_001.wav,460,0.108226
E:\SIH\ira-wakeword\dataset\negative\speech\460_460-172359-0085_neg_002.wav,460,0.010083
E:\SIH\ira-wakeword\dataset\negative\speech\460_460-172359-0085_neg_006.wav,460,0.063379
E:\SIH\ira-wakeword\dataset\negative\speech\460_460-172359-0085_neg_011.wav,460,0.352022
E:\SIH\ira-wakeword\dataset\negative\speech\460_460-172359-0086_neg_003.wav,460,0.014243
E:\SIH\ira-wakeword\dataset\negative\speech\460_460-172359-0086_neg_006.wav,460,0.010676
E:\SIH\ira-wakeword\dataset\negative\speech\460_460-172359-0087_neg_003.wav,460,0.018340
E:\SIH\ira-wakeword\dataset\negative\speech\460_460-172359-0088_neg_000.wav,460,0.082166
E:\SIH\ira-wakeword\dataset\negative\speech\460_460-172359-0089_neg_001.wav,460,0.031364
E:\SIH\ira-wakeword\dataset\negative\speech\460_460-172359-0089_neg_002.wav,460,0.014871
E:\SIH\ira-wakeword\dataset\negative\speech\460_460-172359-0089_neg_003.wav,460,0.022585
E:\SIH\ira-wakeword\dataset\negative\speech\460_460-172359-0091_neg_000.wav,460,0.062419
E:\SIH\ira-wakeword\dataset\negative\speech\460_460-172359-0091_neg_001.wav,460,0.016918
E:\SIH\ira-wakeword\dataset\negative\speech\460_460-172359-0091_neg_007.wav,460,0.195070
E:\SIH\ira-wakeword\dataset\negative\speech\460_460-172359-0094_neg_006.wav,460,0.050133
E:\SIH\ira-wakeword\dataset\negative\speech\460_460-172359-0094_neg_014.wav,460,0.145015
E:\SIH\ira-wakeword\dataset\negative\speech\460_460-172359-0095_neg_012.wav,460,0.007710
E:\SIH\ira-wakeword\dataset\negative\speech\460_460-172359-0096_neg_004.wav,460,0.048356
E:\SIH\ira-wakeword\dataset\negative\speech\460_460-172359-0097_neg_004.wav,460,0.024944
E:\SIH\ira-wakeword\dataset\negative\speech\460_460-172359-0097_neg_009.wav,460,0.014191
E:\SIH\ira-wakeword\dataset\negative\speech\460_460-172359-0098_neg_001.wav,460,0.329918
E:\SIH\ira-wakeword\dataset\negative\speech\460_460-172359-0098_neg_002.wav,460,0.001446
E:\SIH\ira-wakeword\dataset\negative\speech\460_460-172359-0099_neg_005.wav,460,0.098743
E:\SIH\ira-wakeword\dataset\negative\speech\4640_4640-19188-0000_neg_001.wav,4640,0.253551
E:\SIH\ira-wakeword\dataset\negative\speech\4640_4640-19188-0001_neg_000.wav,4640,0.939422
E:\SIH\ira-wakeword\dataset\negative\speech\4640_4640-19188-0001_neg_003.wav,4640,0.099227
E:\SIH\ira-wakeword\dataset\negative\speech\4640_4640-19188-0001_neg_004.wav,4640,0.073957
E:\SIH\ira-wakeword\dataset\negative\speech\4640_4640-19188-0002_neg_000.wav,4640,0.042972
E:\SIH\ira-wakeword\dataset\negative\speech\4640_4640-19188-0002_neg_002.wav,4640,0.496113
E:\SIH\ira-wakeword\dataset\negative\speech\4640_4640-19188-0002_neg_005.wav,4640,0.003284
E:\SIH\ira-wakeword\dataset\negative\speech\4640_4640-19188-0003_neg_000.wav,4640,0.000642
E:\SIH\ira-wakeword\dataset\negative\speech\4640_4640-19188-0005_neg_005.wav,4640,0.005579
E:\SIH\ira-wakeword\dataset\negative\speech\4640_4640-19188-0005_neg_009.wav,4640,0.010687
E:\SIH\ira-wakeword\dataset\negative\speech\4640_4640-19188-0005_neg_011.wav,4640,0.048344
E:\SIH\ira-wakeword\dataset\negative\speech\4640_4640-19188-0005_neg_013.wav,4640,0.001924
E:\SIH\ira-wakeword\dataset\negative\speech\4640_4640-19188-0006_neg_000.wav,4640,0.358564
E:\SIH\ira-wakeword\dataset\negative\speech\4640_4640-19188-0006_neg_003.wav,4640,0.022621
E:\SIH\ira-wakeword\dataset\negative\speech\4640_4640-19188-0007_neg_002.wav,4640,0.031989
E:\SIH\ira-wakeword\dataset\negative\speech\4640_4640-19188-0007_neg_007.wav,4640,0.003711
E:\SIH\ira-wakeword\dataset\negative\speech\4640_4640-19188-0007_neg_008.wav,4640,0.005597
E:\SIH\ira-wakeword\dataset\negative\speech\4640_4640-19188-0007_neg_012.wav,4640,0.428917
E:\SIH\ira-wakeword\dataset\negative\speech\4640_4640-19188-0008_neg_004.wav,4640,0.014638
E:\SIH\ira-wakeword\dataset\negative\speech\4640_4640-19188-0009_neg_002.wav,4640,0.082767
E:\SIH\ira-wakeword\dataset\negative\speech\4640_4640-19188-0009_neg_003.wav,4640,0.019391
E:\SIH\ira-wakeword\dataset\negative\speech\4640_4640-19188-0009_neg_004.wav,4640,0.021841
E:\SIH\ira-wakeword\dataset\negative\speech\4640_4640-19188-0009_neg_005.wav,4640,0.151472
E:\SIH\ira-wakeword\dataset\negative\speech\4640_4640-19188-0009_neg_006.wav,4640,0.018788
E:\SIH\ira-wakeword\dataset\negative\speech\4640_4640-19188-0009_neg_011.wav,4640,0.059930
E:\SIH\ira-wakeword\dataset\negative\speech\4640_4640-19188-0010_neg_000.wav,4640,0.045874
E:\SIH\ira-wakeword\dataset\negative\speech\4640_4640-19188-0010_neg_002.wav,4640,0.006693
E:\SIH\ira-wakeword\dataset\negative\speech\4640_4640-19188-0010_neg_003.wav,4640,0.018992
E:\SIH\ira-wakeword\dataset\negative\speech\4640_4640-19188-0010_neg_009.wav,4640,0.004793
E:\SIH\ira-wakeword\dataset\negative\speech\4640_4640-19188-0011_neg_001.wav,4640,0.046261
E:\SIH\ira-wakeword\dataset\negative\speech\4640_4640-19188-0011_neg_011.wav,4640,0.016473
E:\SIH\ira-wakeword\dataset\negative\speech\4640_4640-19188-0011_neg_012.wav,4640,0.226124
E:\SIH\ira-wakeword\dataset\negative\speech\4640_4640-19188-0012_neg_000.wav,4640,0.616609
E:\SIH\ira-wakeword\dataset\negative\speech\4640_4640-19188-0012_neg_001.wav,4640,0.959892
E:\SIH\ira-wakeword\dataset\negative\speech\4640_4640-19188-0012_neg_003.wav,4640,0.964660
E:\SIH\ira-wakeword\dataset\negative\speech\4640_4640-19188-0013_neg_004.wav,4640,0.010188
E:\SIH\ira-wakeword\dataset\negative\speech\4640_4640-19188-0013_neg_005.wav,4640,0.000459
E:\SIH\ira-wakeword\dataset\negative\speech\4640_4640-19188-0013_neg_007.wav,4640,0.102742
E:\SIH\ira-wakeword\dataset\negative\speech\4640_4640-19188-0013_neg_008.wav,4640,0.016993
E:\SIH\ira-wakeword\dataset\negative\speech\4640_4640-19188-0014_neg_003.wav,4640,0.028573
E:\SIH\ira-wakeword\dataset\negative\speech\4640_4640-19188-0014_neg_009.wav,4640,0.099419
E:\SIH\ira-wakeword\dataset\negative\speech\4640_4640-19188-0014_neg_010.wav,4640,0.140600
E:\SIH\ira-wakeword\dataset\negative\speech\4640_4640-19188-0014_neg_012.wav,4640,0.028562
E:\SIH\ira-wakeword\dataset\negative\speech\4640_4640-19188-0015_neg_000.wav,4640,0.094956
E:\SIH\ira-wakeword\dataset\negative\speech\4640_4640-19188-0015_neg_008.wav,4640,0.003610
E:\SIH\ira-wakeword\dataset\negative\speech\4640_4640-19188-0015_neg_010.wav,4640,0.729814
E:\SIH\ira-wakeword\dataset\negative\speech\4640_4640-19188-0016_neg_001.wav,4640,0.023192
E:\SIH\ira-wakeword\dataset\negative\speech\4640_4640-19188-0016_neg_005.wav,4640,0.002961
E:\SIH\ira-wakeword\dataset\negative\speech\4640_4640-19188-0016_neg_010.wav,4640,0.006820
E:\SIH\ira-wakeword\dataset\negative\speech\4640_4640-19188-0017_neg_006.wav,4640,0.008855
E:\SIH\ira-wakeword\dataset\negative\speech\4640_4640-19188-0017_neg_008.wav,4640,0.002920
E:\SIH\ira-wakeword\dataset\negative\speech\4640_4640-19188-0017_neg_009.wav,4640,0.004920
E:\SIH\ira-wakeword\dataset\negative\speech\4640_4640-19188-0017_neg_013.wav,4640,0.034933
E:\SIH\ira-wakeword\dataset\negative\speech\4640_4640-19188-0017_neg_014.wav,4640,0.669429
E:\SIH\ira-wakeword\dataset\negative\speech\4640_4640-19188-0018_neg_003.wav,4640,0.001144
E:\SIH\ira-wakeword\dataset\negative\speech\4640_4640-19188-0018_neg_005.wav,4640,0.126187
E:\SIH\ira-wakeword\dataset\negative\speech\4640_4640-19188-0018_neg_006.wav,4640,0.001164
E:\SIH\ira-wakeword\dataset\negative\speech\4640_4640-19188-0018_neg_008.wav,4640,0.024688
E:\SIH\ira-wakeword\dataset\negative\speech\4640_4640-19188-0018_neg_011.wav,4640,0.266215
E:\SIH\ira-wakeword\dataset\negative\speech\4640_4640-19188-0018_neg_012.wav,4640,0.021400
E:\SIH\ira-wakeword\dataset\negative\speech\4640_4640-19188-0019_neg_000.wav,4640,0.014669
E:\SIH\ira-wakeword\dataset\negative\speech\4640_4640-19188-0019_neg_003.wav,4640,0.061344
E:\SIH\ira-wakeword\dataset\negative\speech\4640_4640-19188-0019_neg_004.wav,4640,0.008327
E:\SIH\ira-wakeword\dataset\negative\speech\4640_4640-19188-0019_neg_012.wav,4640,0.009600
E:\SIH\ira-wakeword\dataset\negative\speech\4640_4640-19188-0020_neg_001.wav,4640,0.001185
E:\SIH\ira-wakeword\dataset\negative\speech\4640_4640-19188-0020_neg_009.wav,4640,0.246212
E:\SIH\ira-wakeword\dataset\negative\speech\4640_4640-19188-0021_neg_000.wav,4640,0.023915
E:\SIH\ira-wakeword\dataset\negative\speech\4640_4640-19188-0021_neg_005.wav,4640,0.516957
E:\SIH\ira-wakeword\dataset\negative\speech\4640_4640-19188-0021_neg_007.wav,4640,0.020004
E:\SIH\ira-wakeword\dataset\negative\speech\4640_4640-19188-0021_neg_008.wav,4640,0.267187
E:\SIH\ira-wakeword\dataset\negative\speech\4640_4640-19188-0021_neg_010.wav,4640,0.104756
E:\SIH\ira-wakeword\dataset\negative\speech\4640_4640-19188-0021_neg_011.wav,4640,0.020337
E:\SIH\ira-wakeword\dataset\negative\speech\4640_4640-19188-0022_neg_003.wav,4640,0.012197
E:\SIH\ira-wakeword\dataset\negative\speech\4640_4640-19188-0022_neg_005.wav,4640,0.010383
E:\SIH\ira-wakeword\dataset\negative\speech\4640_4640-19188-0023_neg_000.wav,4640,0.025135
E:\SIH\ira-wakeword\dataset\negative\speech\4640_4640-19188-0023_neg_003.wav,4640,0.008822
E:\SIH\ira-wakeword\dataset\negative\speech\4640_4640-19188-0023_neg_004.wav,4640,0.010367
E:\SIH\ira-wakeword\dataset\negative\speech\4640_4640-19188-0023_neg_008.wav,4640,0.074287
E:\SIH\ira-wakeword\dataset\negative\speech\4640_4640-19188-0023_neg_009.wav,4640,0.027686
E:\SIH\ira-wakeword\dataset\negative\speech\4640_4640-19188-0024_neg_003.wav,4640,0.013978
E:\SIH\ira-wakeword\dataset\negative\speech\4640_4640-19188-0024_neg_009.wav,4640,0.642413
E:\SIH\ira-wakeword\dataset\negative\speech\4640_4640-19188-0024_neg_010.wav,4640,0.003470
E:\SIH\ira-wakeword\dataset\negative\speech\4640_4640-19188-0024_neg_011.wav,4640,0.031772
E:\SIH\ira-wakeword\dataset\negative\speech\4640_4640-19188-0024_neg_014.wav,4640,0.600064
E:\SIH\ira-wakeword\dataset\negative\speech\4640_4640-19188-0025_neg_003.wav,4640,0.012357
E:\SIH\ira-wakeword\dataset\negative\speech\4640_4640-19188-0025_neg_004.wav,4640,0.200691
E:\SIH\ira-wakeword\dataset\negative\speech\4640_4640-19188-0025_neg_005.wav,4640,0.188084
E:\SIH\ira-wakeword\dataset\negative\speech\4640_4640-19188-0025_neg_007.wav,4640,0.240874
E:\SIH\ira-wakeword\dataset\negative\speech\4640_4640-19188-0025_neg_011.wav,4640,0.101719
E:\SIH\ira-wakeword\dataset\negative\speech\4640_4640-19188-0026_neg_003.wav,4640,0.002814
E:\SIH\ira-wakeword\dataset\negative\speech\4640_4640-19188-0026_neg_006.wav,4640,0.000796
E:\SIH\ira-wakeword\dataset\negative\speech\4640_4640-19188-0026_neg_009.wav,4640,0.004964
E:\SIH\ira-wakeword\dataset\negative\speech\4640_4640-19188-0027_neg_001.wav,4640,0.006859
E:\SIH\ira-wakeword\dataset\negative\speech\4640_4640-19188-0027_neg_004.wav,4640,0.024129
E:\SIH\ira-wakeword\dataset\negative\speech\4640_4640-19188-0027_neg_005.wav,4640,0.019632
E:\SIH\ira-wakeword\dataset\negative\speech\4640_4640-19188-0027_neg_006.wav,4640,0.284294
E:\SIH\ira-wakeword\dataset\negative\speech\4640_4640-19188-0027_neg_007.wav,4640,0.007930
E:\SIH\ira-wakeword\dataset\negative\speech\4640_4640-19188-0027_neg_008.wav,4640,0.028759
E:\SIH\ira-wakeword\dataset\negative\speech\4640_4640-19188-0027_neg_012.wav,4640,0.016048
E:\SIH\ira-wakeword\dataset\negative\speech\4640_4640-19188-0028_neg_003.wav,4640,0.000320
E:\SIH\ira-wakeword\dataset\negative\speech\4640_4640-19188-0028_neg_004.wav,4640,0.094306
E:\SIH\ira-wakeword\dataset\negative\speech\4640_4640-19188-0028_neg_005.wav,4640,0.006105
E:\SIH\ira-wakeword\dataset\negative\speech\4640_4640-19188-0028_neg_007.wav,4640,0.674340
E:\SIH\ira-wakeword\dataset\negative\speech\4640_4640-19188-0028_neg_008.wav,4640,0.014665
E:\SIH\ira-wakeword\dataset\negative\speech\4640_4640-19188-0028_neg_010.wav,4640,0.021713
E:\SIH\ira-wakeword\dataset\negative\speech\4640_4640-19188-0028_neg_012.wav,4640,0.008919
E:\SIH\ira-wakeword\dataset\negative\speech\4640_4640-19188-0029_neg_000.wav,4640,0.014540
E:\SIH\ira-wakeword\dataset\negative\speech\4640_4640-19188-0029_neg_002.wav,4640,0.217493
E:\SIH\ira-wakeword\dataset\negative\speech\4640_4640-19188-0029_neg_004.wav,4640,0.226217
E:\SIH\ira-wakeword\dataset\negative\speech\4640_4640-19188-0029_neg_007.wav,4640,0.065905
E:\SIH\ira-wakeword\dataset\negative\speech\4640_4640-19188-0030_neg_002.wav,4640,0.023889
E:\SIH\ira-wakeword\dataset\negative\speech\4640_4640-19188-0030_neg_004.wav,4640,0.020817
E:\SIH\ira-wakeword\dataset\negative\speech\4640_4640-19188-0030_neg_005.wav,4640,0.004982
E:\SIH\ira-wakeword\dataset\negative\speech\4640_4640-19188-0031_neg_002.wav,4640,0.028530
E:\SIH\ira-wakeword\dataset\negative\speech\4640_4640-19188-0031_neg_005.wav,4640,0.423171
E:\SIH\ira-wakeword\dataset\negative\speech\4640_4640-19188-0031_neg_006.wav,4640,0.741437
E:\SIH\ira-wakeword\dataset\negative\speech\4640_4640-19188-0031_neg_008.wav,4640,0.004865
E:\SIH\ira-wakeword\dataset\negative\speech\4640_4640-19188-0033_neg_000.wav,4640,0.005204
E:\SIH\ira-wakeword\dataset\negative\speech\4640_4640-19188-0033_neg_004.wav,4640,0.031518
E:\SIH\ira-wakeword\dataset\negative\speech\4640_4640-19188-0033_neg_006.wav,4640,0.086678
E:\SIH\ira-wakeword\dataset\negative\speech\4640_4640-19188-0033_neg_007.wav,4640,0.518867
E:\SIH\ira-wakeword\dataset\negative\speech\4640_4640-19188-0033_neg_009.wav,4640,0.022247
E:\SIH\ira-wakeword\dataset\negative\speech\4640_4640-19188-0034_neg_000.wav,4640,0.071319
E:\SIH\ira-wakeword\dataset\negative\speech\4640_4640-19188-0034_neg_002.wav,4640,0.000327
E:\SIH\ira-wakeword\dataset\negative\speech\4640_4640-19188-0034_neg_006.wav,4640,0.177742
E:\SIH\ira-wakeword\dataset\negative\speech\4640_4640-19188-0034_neg_008.wav,4640,0.032694
E:\SIH\ira-wakeword\dataset\negative\speech\4640_4640-19188-0034_neg_009.wav,4640,0.041222
E:\SIH\ira-wakeword\dataset\negative\speech\4640_4640-19188-0035_neg_001.wav,4640,0.014215
E:\SIH\ira-wakeword\dataset\negative\speech\4640_4640-19188-0035_neg_008.wav,4640,0.252744
E:\SIH\ira-wakeword\dataset\negative\speech\4640_4640-19188-0036_neg_000.wav,4640,0.013600
E:\SIH\ira-wakeword\dataset\negative\speech\4640_4640-19188-0036_neg_002.wav,4640,0.007791
E:\SIH\ira-wakeword\dataset\negative\speech\4640_4640-19188-0036_neg_003.wav,4640,0.059189
E:\SIH\ira-wakeword\dataset\negative\speech\4640_4640-19188-0037_neg_002.wav,4640,0.165476
E:\SIH\ira-wakeword\dataset\negative\speech\4640_4640-19188-0037_neg_006.wav,4640,0.004908
E:\SIH\ira-wakeword\dataset\negative\speech\4640_4640-19188-0037_neg_010.wav,4640,0.003320
E:\SIH\ira-wakeword\dataset\negative\speech\4640_4640-19188-0037_neg_011.wav,4640,0.001703
E:\SIH\ira-wakeword\dataset\negative\speech\4640_4640-19188-0038_neg_001.wav,4640,0.345140
E:\SIH\ira-wakeword\dataset\negative\speech\4640_4640-19188-0039_neg_002.wav,4640,0.018322
E:\SIH\ira-wakeword\dataset\negative\speech\4640_4640-19188-0039_neg_004.wav,4640,0.007186
E:\SIH\ira-wakeword\dataset\negative\speech\4640_4640-19188-0039_neg_005.wav,4640,0.132772
E:\SIH\ira-wakeword\dataset\negative\speech\4640_4640-19188-0039_neg_009.wav,4640,0.024626
E:\SIH\ira-wakeword\dataset\negative\speech\4640_4640-19188-0039_neg_011.wav,4640,0.003511
E:\SIH\ira-wakeword\dataset\negative\speech\4640_4640-19188-0040_neg_003.wav,4640,0.015920
E:\SIH\ira-wakeword\dataset\negative\speech\4680_4680-16042-0000_neg_000.wav,4680,0.001430
E:\SIH\ira-wakeword\dataset\negative\speech\4680_4680-16042-0000_neg_001.wav,4680,0.004302
E:\SIH\ira-wakeword\dataset\negative\speech\4680_4680-16042-0000_neg_002.wav,4680,0.042753
E:\SIH\ira-wakeword\dataset\negative\speech\4680_4680-16042-0001_neg_002.wav,4680,0.119567
E:\SIH\ira-wakeword\dataset\negative\speech\4680_4680-16042-0001_neg_003.wav,4680,0.000109
E:\SIH\ira-wakeword\dataset\negative\speech\4680_4680-16042-0001_neg_004.wav,4680,0.747024
E:\SIH\ira-wakeword\dataset\negative\speech\4680_4680-16042-0002_neg_000.wav,4680,0.001095
E:\SIH\ira-wakeword\dataset\negative\speech\4680_4680-16042-0002_neg_005.wav,4680,0.003237
E:\SIH\ira-wakeword\dataset\negative\speech\4680_4680-16042-0002_neg_007.wav,4680,0.000331
E:\SIH\ira-wakeword\dataset\negative\speech\4680_4680-16042-0003_neg_004.wav,4680,0.064578
E:\SIH\ira-wakeword\dataset\negative\speech\4680_4680-16042-0003_neg_006.wav,4680,0.010777
E:\SIH\ira-wakeword\dataset\negative\speech\4680_4680-16042-0003_neg_007.wav,4680,0.055958
E:\SIH\ira-wakeword\dataset\negative\speech\4680_4680-16042-0003_neg_012.wav,4680,0.001781
E:\SIH\ira-wakeword\dataset\negative\speech\4680_4680-16042-0005_neg_000.wav,4680,0.028087
E:\SIH\ira-wakeword\dataset\negative\speech\4680_4680-16042-0005_neg_007.wav,4680,0.026573
E:\SIH\ira-wakeword\dataset\negative\speech\4680_4680-16042-0005_neg_010.wav,4680,0.001919
E:\SIH\ira-wakeword\dataset\negative\speech\4680_4680-16042-0005_neg_012.wav,4680,0.005750
E:\SIH\ira-wakeword\dataset\negative\speech\4680_4680-16042-0006_neg_003.wav,4680,0.007941
E:\SIH\ira-wakeword\dataset\negative\speech\4680_4680-16042-0006_neg_005.wav,4680,0.406590
E:\SIH\ira-wakeword\dataset\negative\speech\4680_4680-16042-0007_neg_000.wav,4680,0.000292
E:\SIH\ira-wakeword\dataset\negative\speech\4680_4680-16042-0007_neg_005.wav,4680,0.012860
E:\SIH\ira-wakeword\dataset\negative\speech\4680_4680-16042-0007_neg_007.wav,4680,0.016330
E:\SIH\ira-wakeword\dataset\negative\speech\4680_4680-16042-0007_neg_008.wav,4680,0.004068
E:\SIH\ira-wakeword\dataset\negative\speech\4680_4680-16042-0008_neg_004.wav,4680,0.007044
E:\SIH\ira-wakeword\dataset\negative\speech\4680_4680-16042-0008_neg_005.wav,4680,0.475491
E:\SIH\ira-wakeword\dataset\negative\speech\4680_4680-16042-0008_neg_010.wav,4680,0.029230
E:\SIH\ira-wakeword\dataset\negative\speech\4680_4680-16042-0008_neg_011.wav,4680,0.100120
E:\SIH\ira-wakeword\dataset\negative\speech\4680_4680-16042-0009_neg_000.wav,4680,0.002712
E:\SIH\ira-wakeword\dataset\negative\speech\4680_4680-16042-0009_neg_001.wav,4680,0.004200
E:\SIH\ira-wakeword\dataset\negative\speech\4680_4680-16042-0009_neg_002.wav,4680,0.048318
E:\SIH\ira-wakeword\dataset\negative\speech\4680_4680-16042-0009_neg_006.wav,4680,0.018339
E:\SIH\ira-wakeword\dataset\negative\speech\4680_4680-16042-0009_neg_009.wav,4680,0.003196
E:\SIH\ira-wakeword\dataset\negative\speech\4680_4680-16042-0009_neg_013.wav,4680,0.000594
E:\SIH\ira-wakeword\dataset\negative\speech\4680_4680-16042-0010_neg_004.wav,4680,0.932040
E:\SIH\ira-wakeword\dataset\negative\speech\4680_4680-16042-0010_neg_008.wav,4680,0.008699
E:\SIH\ira-wakeword\dataset\negative\speech\4680_4680-16042-0010_neg_009.wav,4680,0.010248
E:\SIH\ira-wakeword\dataset\negative\speech\4680_4680-16042-0010_neg_013.wav,4680,0.030266
E:\SIH\ira-wakeword\dataset\negative\speech\4680_4680-16042-0011_neg_002.wav,4680,0.821474
E:\SIH\ira-wakeword\dataset\negative\speech\4680_4680-16042-0011_neg_005.wav,4680,0.036446
E:\SIH\ira-wakeword\dataset\negative\speech\4680_4680-16042-0011_neg_007.wav,4680,0.010200
E:\SIH\ira-wakeword\dataset\negative\speech\4680_4680-16042-0011_neg_010.wav,4680,0.009812
E:\SIH\ira-wakeword\dataset\negative\speech\4680_4680-16042-0012_neg_000.wav,4680,0.006478
E:\SIH\ira-wakeword\dataset\negative\speech\4680_4680-16042-0012_neg_002.wav,4680,0.001652
E:\SIH\ira-wakeword\dataset\negative\speech\4680_4680-16042-0012_neg_004.wav,4680,0.002228
E:\SIH\ira-wakeword\dataset\negative\speech\4680_4680-16042-0012_neg_006.wav,4680,0.038455
E:\SIH\ira-wakeword\dataset\negative\speech\4680_4680-16042-0012_neg_007.wav,4680,0.073940
E:\SIH\ira-wakeword\dataset\negative\speech\4680_4680-16042-0012_neg_009.wav,4680,0.264631
E:\SIH\ira-wakeword\dataset\negative\speech\4680_4680-16042-0013_neg_001.wav,4680,0.009851
E:\SIH\ira-wakeword\dataset\negative\speech\4680_4680-16042-0013_neg_004.wav,4680,0.009729
E:\SIH\ira-wakeword\dataset\negative\speech\4680_4680-16042-0014_neg_001.wav,4680,0.000956
E:\SIH\ira-wakeword\dataset\negative\speech\4680_4680-16042-0014_neg_003.wav,4680,0.015602
E:\SIH\ira-wakeword\dataset\negative\speech\4680_4680-16042-0014_neg_008.wav,4680,0.338561
E:\SIH\ira-wakeword\dataset\negative\speech\4680_4680-16042-0014_neg_009.wav,4680,0.001400
E:\SIH\ira-wakeword\dataset\negative\speech\4680_4680-16042-0014_neg_013.wav,4680,0.009196
E:\SIH\ira-wakeword\dataset\negative\speech\4680_4680-16042-0015_neg_004.wav,4680,0.435284
E:\SIH\ira-wakeword\dataset\negative\speech\4680_4680-16042-0015_neg_006.wav,4680,0.026268
E:\SIH\ira-wakeword\dataset\negative\speech\4680_4680-16042-0015_neg_008.wav,4680,0.194320
E:\SIH\ira-wakeword\dataset\negative\speech\4680_4680-16042-0016_neg_004.wav,4680,0.835670
E:\SIH\ira-wakeword\dataset\negative\speech\4680_4680-16042-0016_neg_008.wav,4680,0.024403
E:\SIH\ira-wakeword\dataset\negative\speech\4680_4680-16042-0017_neg_004.wav,4680,0.015644
E:\SIH\ira-wakeword\dataset\negative\speech\4680_4680-16042-0017_neg_011.wav,4680,0.006008
E:\SIH\ira-wakeword\dataset\negative\speech\4680_4680-16042-0017_neg_013.wav,4680,0.002453
E:\SIH\ira-wakeword\dataset\negative\speech\4680_4680-16042-0018_neg_001.wav,4680,0.054059
E:\SIH\ira-wakeword\dataset\negative\speech\4680_4680-16042-0018_neg_003.wav,4680,0.011216
E:\SIH\ira-wakeword\dataset\negative\speech\4680_4680-16042-0018_neg_006.wav,4680,0.329632
E:\SIH\ira-wakeword\dataset\negative\speech\4680_4680-16042-0018_neg_008.wav,4680,0.011197
E:\SIH\ira-wakeword\dataset\negative\speech\4680_4680-16042-0018_neg_009.wav,4680,0.050221
E:\SIH\ira-wakeword\dataset\negative\speech\4680_4680-16042-0018_neg_011.wav,4680,0.006543
E:\SIH\ira-wakeword\dataset\negative\speech\4680_4680-16042-0019_neg_000.wav,4680,0.013155
E:\SIH\ira-wakeword\dataset\negative\speech\4680_4680-16042-0019_neg_003.wav,4680,0.555347
E:\SIH\ira-wakeword\dataset\negative\speech\4680_4680-16042-0019_neg_006.wav,4680,0.003067
E:\SIH\ira-wakeword\dataset\negative\speech\4680_4680-16042-0019_neg_012.wav,4680,0.964856
E:\SIH\ira-wakeword\dataset\negative\speech\4680_4680-16042-0020_neg_000.wav,4680,0.290077
E:\SIH\ira-wakeword\dataset\negative\speech\4680_4680-16042-0020_neg_001.wav,4680,0.008747
E:\SIH\ira-wakeword\dataset\negative\speech\4680_4680-16042-0020_neg_002.wav,4680,0.678396
E:\SIH\ira-wakeword\dataset\negative\speech\4680_4680-16042-0020_neg_009.wav,4680,0.000664
E:\SIH\ira-wakeword\dataset\negative\speech\4680_4680-16042-0021_neg_003.wav,4680,0.667633
E:\SIH\ira-wakeword\dataset\negative\speech\4680_4680-16042-0021_neg_010.wav,4680,0.004073
E:\SIH\ira-wakeword\dataset\negative\speech\4680_4680-16042-0021_neg_012.wav,4680,0.054447
E:\SIH\ira-wakeword\dataset\negative\speech\4680_4680-16042-0022_neg_001.wav,4680,0.011327
E:\SIH\ira-wakeword\dataset\negative\speech\4680_4680-16042-0022_neg_005.wav,4680,0.078835
E:\SIH\ira-wakeword\dataset\negative\speech\4680_4680-16042-0022_neg_006.wav,4680,0.961255
E:\SIH\ira-wakeword\dataset\negative\speech\4680_4680-16042-0022_neg_007.wav,4680,0.873280
E:\SIH\ira-wakeword\dataset\negative\speech\4680_4680-16042-0022_neg_011.wav,4680,0.933851
E:\SIH\ira-wakeword\dataset\negative\speech\4680_4680-16042-0022_neg_012.wav,4680,0.026898
E:\SIH\ira-wakeword\dataset\negative\speech\4680_4680-16042-0023_neg_000.wav,4680,0.154216
E:\SIH\ira-wakeword\dataset\negative\speech\4680_4680-16042-0023_neg_006.wav,4680,0.061641
E:\SIH\ira-wakeword\dataset\negative\speech\4680_4680-16042-0023_neg_007.wav,4680,0.023898
E:\SIH\ira-wakeword\dataset\negative\speech\4680_4680-16042-0023_neg_008.wav,4680,0.050317
E:\SIH\ira-wakeword\dataset\negative\speech\4680_4680-16042-0024_neg_001.wav,4680,0.059689
E:\SIH\ira-wakeword\dataset\negative\speech\4680_4680-16042-0024_neg_003.wav,4680,0.035947
E:\SIH\ira-wakeword\dataset\negative\speech\4680_4680-16042-0024_neg_005.wav,4680,0.021199
E:\SIH\ira-wakeword\dataset\negative\speech\4680_4680-16042-0024_neg_006.wav,4680,0.012134
E:\SIH\ira-wakeword\dataset\negative\speech\4680_4680-16042-0024_neg_010.wav,4680,0.000232
E:\SIH\ira-wakeword\dataset\negative\speech\4680_4680-16042-0025_neg_001.wav,4680,0.011244
E:\SIH\ira-wakeword\dataset\negative\speech\4680_4680-16042-0025_neg_002.wav,4680,0.011888
E:\SIH\ira-wakeword\dataset\negative\speech\4680_4680-16042-0025_neg_010.wav,4680,0.011404
E:\SIH\ira-wakeword\dataset\negative\speech\4680_4680-16042-0026_neg_005.wav,4680,0.008383
E:\SIH\ira-wakeword\dataset\negative\speech\4680_4680-16042-0026_neg_007.wav,4680,0.003899
E:\SIH\ira-wakeword\dataset\negative\speech\4680_4680-16042-0026_neg_008.wav,4680,0.001312
E:\SIH\ira-wakeword\dataset\negative\speech\4680_4680-16042-0026_neg_010.wav,4680,0.017729
E:\SIH\ira-wakeword\dataset\negative\speech\4680_4680-16042-0026_neg_011.wav,4680,0.454817
E:\SIH\ira-wakeword\dataset\negative\speech\4680_4680-16042-0027_neg_002.wav,4680,0.012555
E:\SIH\ira-wakeword\dataset\negative\speech\4680_4680-16042-0028_neg_005.wav,4680,0.014294
E:\SIH\ira-wakeword\dataset\negative\speech\4680_4680-16042-0028_neg_007.wav,4680,0.010215
E:\SIH\ira-wakeword\dataset\negative\speech\4680_4680-16042-0029_neg_002.wav,4680,0.007433
E:\SIH\ira-wakeword\dataset\negative\speech\4680_4680-16042-0029_neg_004.wav,4680,0.448159
E:\SIH\ira-wakeword\dataset\negative\speech\4680_4680-16042-0029_neg_006.wav,4680,0.000842
E:\SIH\ira-wakeword\dataset\negative\speech\4680_4680-16042-0031_neg_002.wav,4680,0.015808
E:\SIH\ira-wakeword\dataset\negative\speech\4680_4680-16042-0031_neg_009.wav,4680,0.001745
E:\SIH\ira-wakeword\dataset\negative\speech\4680_4680-16042-0031_neg_010.wav,4680,0.001840
E:\SIH\ira-wakeword\dataset\negative\speech\4680_4680-16042-0031_neg_011.wav,4680,0.000184
E:\SIH\ira-wakeword\dataset\negative\speech\4680_4680-16042-0031_neg_014.wav,4680,0.993275
E:\SIH\ira-wakeword\dataset\negative\speech\4680_4680-16042-0032_neg_005.wav,4680,0.069991
E:\SIH\ira-wakeword\dataset\negative\speech\4680_4680-16042-0032_neg_011.wav,4680,0.101753
E:\SIH\ira-wakeword\dataset\negative\speech\4680_4680-16042-0032_neg_012.wav,4680,0.050873
E:\SIH\ira-wakeword\dataset\negative\speech\4680_4680-16042-0033_neg_003.wav,4680,0.000457
E:\SIH\ira-wakeword\dataset\negative\speech\4680_4680-16042-0033_neg_005.wav,4680,0.486286
E:\SIH\ira-wakeword\dataset\negative\speech\4680_4680-16042-0033_neg_006.wav,4680,0.000551
E:\SIH\ira-wakeword\dataset\negative\speech\4680_4680-16042-0033_neg_008.wav,4680,0.646240
E:\SIH\ira-wakeword\dataset\negative\speech\4680_4680-16042-0034_neg_000.wav,4680,0.019404
E:\SIH\ira-wakeword\dataset\negative\speech\4680_4680-16042-0034_neg_004.wav,4680,0.004187
E:\SIH\ira-wakeword\dataset\negative\speech\4680_4680-16042-0034_neg_011.wav,4680,0.047499
E:\SIH\ira-wakeword\dataset\negative\speech\4680_4680-16042-0035_neg_005.wav,4680,0.023365
E:\SIH\ira-wakeword\dataset\negative\speech\4680_4680-16042-0035_neg_008.wav,4680,0.211596
E:\SIH\ira-wakeword\dataset\negative\speech\4680_4680-16042-0035_neg_011.wav,4680,0.369917
E:\SIH\ira-wakeword\dataset\negative\speech\4680_4680-16042-0036_neg_002.wav,4680,0.003473
E:\SIH\ira-wakeword\dataset\negative\speech\4680_4680-16042-0036_neg_003.wav,4680,0.268213
E:\SIH\ira-wakeword\dataset\negative\speech\4680_4680-16042-0036_neg_007.wav,4680,0.004132
E:\SIH\ira-wakeword\dataset\negative\speech\4680_4680-16042-0036_neg_008.wav,4680,0.008529
E:\SIH\ira-wakeword\dataset\negative\speech\4680_4680-16042-0036_neg_010.wav,4680,0.001373
E:\SIH\ira-wakeword\dataset\negative\speech\4680_4680-16042-0036_neg_011.wav,4680,0.004853
E:\SIH\ira-wakeword\dataset\negative\speech\4680_4680-16042-0036_neg_012.wav,4680,0.008675
E:\SIH\ira-wakeword\dataset\negative\speech\4680_4680-16042-0037_neg_003.wav,4680,0.732596
E:\SIH\ira-wakeword\dataset\negative\speech\4680_4680-16042-0037_neg_009.wav,4680,0.139661
E:\SIH\ira-wakeword\dataset\negative\speech\4680_4680-16042-0037_neg_013.wav,4680,0.006506
E:\SIH\ira-wakeword\dataset\negative\speech\4680_4680-16042-0038_neg_006.wav,4680,0.000577
E:\SIH\ira-wakeword\dataset\negative\speech\4680_4680-16042-0038_neg_008.wav,4680,0.011087
E:\SIH\ira-wakeword\dataset\negative\speech\4680_4680-16042-0039_neg_000.wav,4680,0.014299
E:\SIH\ira-wakeword\dataset\negative\speech\4680_4680-16042-0039_neg_001.wav,4680,0.317343
E:\SIH\ira-wakeword\dataset\negative\speech\4680_4680-16042-0039_neg_009.wav,4680,0.012334
E:\SIH\ira-wakeword\dataset\negative\speech\4680_4680-16042-0039_neg_010.wav,4680,0.001428
E:\SIH\ira-wakeword\dataset\negative\speech\4680_4680-16042-0039_neg_012.wav,4680,0.000925
E:\SIH\ira-wakeword\dataset\negative\speech\6272_6272-70171-0000_neg_003.wav,6272,0.207299
E:\SIH\ira-wakeword\dataset\negative\speech\6272_6272-70171-0000_neg_005.wav,6272,0.135688
E:\SIH\ira-wakeword\dataset\negative\speech\6272_6272-70171-0000_neg_009.wav,6272,0.254363
E:\SIH\ira-wakeword\dataset\negative\speech\6272_6272-70171-0000_neg_011.wav,6272,0.006428
E:\SIH\ira-wakeword\dataset\negative\speech\6272_6272-70171-0000_neg_012.wav,6272,0.340881
E:\SIH\ira-wakeword\dataset\negative\speech\6272_6272-70171-0001_neg_003.wav,6272,0.030487
E:\SIH\ira-wakeword\dataset\negative\speech\6272_6272-70171-0001_neg_006.wav,6272,0.097875
E:\SIH\ira-wakeword\dataset\negative\speech\6272_6272-70171-0002_neg_003.wav,6272,0.017967
E:\SIH\ira-wakeword\dataset\negative\speech\6272_6272-70171-0002_neg_004.wav,6272,0.066497
E:\SIH\ira-wakeword\dataset\negative\speech\6272_6272-70171-0002_neg_006.wav,6272,0.006618
E:\SIH\ira-wakeword\dataset\negative\speech\6272_6272-70171-0002_neg_007.wav,6272,0.024883
E:\SIH\ira-wakeword\dataset\negative\speech\6272_6272-70171-0002_neg_008.wav,6272,0.003609
E:\SIH\ira-wakeword\dataset\negative\speech\6272_6272-70171-0003_neg_002.wav,6272,0.012046
E:\SIH\ira-wakeword\dataset\negative\speech\6272_6272-70171-0003_neg_005.wav,6272,0.146591
E:\SIH\ira-wakeword\dataset\negative\speech\6272_6272-70171-0003_neg_009.wav,6272,0.011764
E:\SIH\ira-wakeword\dataset\negative\speech\6272_6272-70171-0003_neg_010.wav,6272,0.849599
E:\SIH\ira-wakeword\dataset\negative\speech\6272_6272-70171-0004_neg_005.wav,6272,0.002369
E:\SIH\ira-wakeword\dataset\negative\speech\6272_6272-70171-0004_neg_007.wav,6272,0.051306
E:\SIH\ira-wakeword\dataset\negative\speech\6272_6272-70171-0005_neg_002.wav,6272,0.552593
E:\SIH\ira-wakeword\dataset\negative\speech\6272_6272-70171-0005_neg_007.wav,6272,0.396466
E:\SIH\ira-wakeword\dataset\negative\speech\6272_6272-70171-0005_neg_011.wav,6272,0.372257
E:\SIH\ira-wakeword\dataset\negative\speech\6272_6272-70171-0005_neg_012.wav,6272,0.015724
E:\SIH\ira-wakeword\dataset\negative\speech\6272_6272-70171-0006_neg_002.wav,6272,0.040834
E:\SIH\ira-wakeword\dataset\negative\speech\6272_6272-70171-0006_neg_003.wav,6272,0.035993
E:\SIH\ira-wakeword\dataset\negative\speech\6272_6272-70171-0006_neg_004.wav,6272,0.002950
E:\SIH\ira-wakeword\dataset\negative\speech\6272_6272-70171-0006_neg_007.wav,6272,0.007329
E:\SIH\ira-wakeword\dataset\negative\speech\6272_6272-70171-0006_neg_010.wav,6272,0.741525
E:\SIH\ira-wakeword\dataset\negative\speech\6272_6272-70171-0006_neg_011.wav,6272,0.001954
E:\SIH\ira-wakeword\dataset\negative\speech\6272_6272-70171-0007_neg_000.wav,6272,0.115678
E:\SIH\ira-wakeword\dataset\negative\speech\6272_6272-70171-0007_neg_005.wav,6272,0.394230
E:\SIH\ira-wakeword\dataset\negative\speech\6272_6272-70171-0007_neg_011.wav,6272,0.008062
E:\SIH\ira-wakeword\dataset\negative\speech\6272_6272-70171-0007_neg_012.wav,6272,0.331370
E:\SIH\ira-wakeword\dataset\negative\speech\6272_6272-70171-0008_neg_008.wav,6272,0.026275
E:\SIH\ira-wakeword\dataset\negative\speech\6272_6272-70171-0008_neg_009.wav,6272,0.553614
E:\SIH\ira-wakeword\dataset\negative\speech\6272_6272-70171-0008_neg_014.wav,6272,0.020239
E:\SIH\ira-wakeword\dataset\negative\speech\6272_6272-70171-0009_neg_004.wav,6272,0.008980
E:\SIH\ira-wakeword\dataset\negative\speech\6272_6272-70171-0009_neg_006.wav,6272,0.366680
E:\SIH\ira-wakeword\dataset\negative\speech\6272_6272-70171-0009_neg_012.wav,6272,0.224509
E:\SIH\ira-wakeword\dataset\negative\speech\6272_6272-70171-0010_neg_001.wav,6272,0.081280
E:\SIH\ira-wakeword\dataset\negative\speech\6272_6272-70171-0011_neg_000.wav,6272,0.013992
E:\SIH\ira-wakeword\dataset\negative\speech\6272_6272-70171-0011_neg_004.wav,6272,0.036149
E:\SIH\ira-wakeword\dataset\negative\speech\6272_6272-70171-0012_neg_000.wav,6272,0.001634
E:\SIH\ira-wakeword\dataset\negative\speech\6272_6272-70171-0012_neg_006.wav,6272,0.905928
E:\SIH\ira-wakeword\dataset\negative\speech\6272_6272-70171-0012_neg_007.wav,6272,0.126759
E:\SIH\ira-wakeword\dataset\negative\speech\6272_6272-70171-0012_neg_008.wav,6272,0.006908
E:\SIH\ira-wakeword\dataset\negative\speech\6272_6272-70171-0013_neg_008.wav,6272,0.711313
E:\SIH\ira-wakeword\dataset\negative\speech\6272_6272-70171-0013_neg_010.wav,6272,0.118992
E:\SIH\ira-wakeword\dataset\negative\speech\6272_6272-70171-0014_neg_002.wav,6272,0.004753
E:\SIH\ira-wakeword\dataset\negative\speech\6272_6272-70171-0014_neg_004.wav,6272,0.143599
E:\SIH\ira-wakeword\dataset\negative\speech\6272_6272-70171-0014_neg_005.wav,6272,0.001483
E:\SIH\ira-wakeword\dataset\negative\speech\6272_6272-70171-0014_neg_011.wav,6272,0.131813
E:\SIH\ira-wakeword\dataset\negative\speech\6272_6272-70171-0015_neg_002.wav,6272,0.002541
E:\SIH\ira-wakeword\dataset\negative\speech\6272_6272-70171-0015_neg_005.wav,6272,0.090738
E:\SIH\ira-wakeword\dataset\negative\speech\6272_6272-70171-0016_neg_001.wav,6272,0.801581
E:\SIH\ira-wakeword\dataset\negative\speech\6272_6272-70171-0016_neg_002.wav,6272,0.045168
E:\SIH\ira-wakeword\dataset\negative\speech\6272_6272-70171-0016_neg_005.wav,6272,0.004196
E:\SIH\ira-wakeword\dataset\negative\speech\6272_6272-70171-0016_neg_006.wav,6272,0.002149
E:\SIH\ira-wakeword\dataset\negative\speech\6272_6272-70171-0016_neg_013.wav,6272,0.914689
E:\SIH\ira-wakeword\dataset\negative\speech\6272_6272-70171-0017_neg_000.wav,6272,0.070242
E:\SIH\ira-wakeword\dataset\negative\speech\6272_6272-70171-0017_neg_001.wav,6272,0.185302
E:\SIH\ira-wakeword\dataset\negative\speech\6272_6272-70171-0017_neg_002.wav,6272,0.503560
E:\SIH\ira-wakeword\dataset\negative\speech\6272_6272-70171-0017_neg_003.wav,6272,0.004159
E:\SIH\ira-wakeword\dataset\negative\speech\6272_6272-70171-0017_neg_006.wav,6272,0.310782
E:\SIH\ira-wakeword\dataset\negative\speech\6272_6272-70171-0017_neg_007.wav,6272,0.164349
E:\SIH\ira-wakeword\dataset\negative\speech\6272_6272-70171-0017_neg_009.wav,6272,0.019187
E:\SIH\ira-wakeword\dataset\negative\speech\6272_6272-70171-0018_neg_000.wav,6272,0.022930
E:\SIH\ira-wakeword\dataset\negative\speech\6272_6272-70171-0018_neg_006.wav,6272,0.012225
E:\SIH\ira-wakeword\dataset\negative\speech\6272_6272-70171-0019_neg_000.wav,6272,0.055926
E:\SIH\ira-wakeword\dataset\negative\speech\6272_6272-70171-0019_neg_001.wav,6272,0.331468
E:\SIH\ira-wakeword\dataset\negative\speech\6272_6272-70171-0019_neg_002.wav,6272,0.041886
E:\SIH\ira-wakeword\dataset\negative\speech\6272_6272-70171-0019_neg_010.wav,6272,0.308671
E:\SIH\ira-wakeword\dataset\negative\speech\6272_6272-70171-0020_neg_004.wav,6272,0.006716
E:\SIH\ira-wakeword\dataset\negative\speech\6272_6272-70171-0020_neg_006.wav,6272,0.023586
E:\SIH\ira-wakeword\dataset\negative\speech\6272_6272-70171-0021_neg_000.wav,6272,0.004741
E:\SIH\ira-wakeword\dataset\negative\speech\6272_6272-70171-0021_neg_001.wav,6272,0.025575
E:\SIH\ira-wakeword\dataset\negative\speech\6272_6272-70171-0022_neg_000.wav,6272,0.007715
E:\SIH\ira-wakeword\dataset\negative\speech\6272_6272-70171-0022_neg_004.wav,6272,0.419735
E:\SIH\ira-wakeword\dataset\negative\speech\6272_6272-70171-0023_neg_000.wav,6272,0.018240
E:\SIH\ira-wakeword\dataset\negative\speech\6272_6272-70171-0023_neg_002.wav,6272,0.099999
E:\SIH\ira-wakeword\dataset\negative\speech\6272_6272-70171-0023_neg_009.wav,6272,0.156623
E:\SIH\ira-wakeword\dataset\negative\speech\6272_6272-70171-0024_neg_013.wav,6272,0.938773
E:\SIH\ira-wakeword\dataset\negative\speech\6272_6272-70171-0025_neg_004.wav,6272,0.000269
E:\SIH\ira-wakeword\dataset\negative\speech\6272_6272-70171-0025_neg_005.wav,6272,0.931639
E:\SIH\ira-wakeword\dataset\negative\speech\6272_6272-70171-0025_neg_013.wav,6272,0.012115
E:\SIH\ira-wakeword\dataset\negative\speech\6272_6272-70171-0025_neg_014.wav,6272,0.008448
E:\SIH\ira-wakeword\dataset\negative\speech\6272_6272-70171-0026_neg_000.wav,6272,0.116702
E:\SIH\ira-wakeword\dataset\negative\speech\6272_6272-70171-0026_neg_008.wav,6272,0.030446
E:\SIH\ira-wakeword\dataset\negative\speech\6272_6272-70171-0026_neg_010.wav,6272,0.086617
E:\SIH\ira-wakeword\dataset\negative\speech\6272_6272-70171-0026_neg_011.wav,6272,0.206973
E:\SIH\ira-wakeword\dataset\negative\speech\6272_6272-70171-0027_neg_000.wav,6272,0.139733
E:\SIH\ira-wakeword\dataset\negative\speech\6272_6272-70171-0027_neg_001.wav,6272,0.110794
E:\SIH\ira-wakeword\dataset\negative\speech\6272_6272-70171-0027_neg_002.wav,6272,0.006479
E:\SIH\ira-wakeword\dataset\negative\speech\6272_6272-70171-0027_neg_006.wav,6272,0.002108
E:\SIH\ira-wakeword\dataset\negative\speech\6272_6272-70171-0027_neg_007.wav,6272,0.003243
E:\SIH\ira-wakeword\dataset\negative\speech\6272_6272-70171-0028_neg_000.wav,6272,0.003352
E:\SIH\ira-wakeword\dataset\negative\speech\6272_6272-70171-0028_neg_006.wav,6272,0.229302
E:\SIH\ira-wakeword\dataset\negative\speech\6272_6272-70171-0029_neg_000.wav,6272,0.010871
E:\SIH\ira-wakeword\dataset\negative\speech\6272_6272-70171-0029_neg_002.wav,6272,0.052917
E:\SIH\ira-wakeword\dataset\negative\speech\6272_6272-70171-0029_neg_003.wav,6272,0.006554
E:\SIH\ira-wakeword\dataset\negative\speech\6272_6272-70171-0029_neg_004.wav,6272,0.019120
E:\SIH\ira-wakeword\dataset\negative\speech\6272_6272-70171-0029_neg_008.wav,6272,0.008536
E:\SIH\ira-wakeword\dataset\negative\speech\6272_6272-70171-0029_neg_010.wav,6272,0.016963
E:\SIH\ira-wakeword\dataset\negative\speech\6272_6272-70171-0029_neg_011.wav,6272,0.034835
E:\SIH\ira-wakeword\dataset\negative\speech\6272_6272-70171-0029_neg_012.wav,6272,0.017824
E:\SIH\ira-wakeword\dataset\negative\speech\6272_6272-70171-0029_neg_013.wav,6272,0.032509
E:\SIH\ira-wakeword\dataset\negative\speech\6272_6272-70171-0030_neg_002.wav,6272,0.033028
E:\SIH\ira-wakeword\dataset\negative\speech\6272_6272-70171-0030_neg_008.wav,6272,0.014041
E:\SIH\ira-wakeword\dataset\negative\speech\6272_6272-70171-0030_neg_010.wav,6272,0.002449
E:\SIH\ira-wakeword\dataset\negative\speech\6272_6272-70171-0031_neg_000.wav,6272,0.003878
E:\SIH\ira-wakeword\dataset\negative\speech\6272_6272-70171-0032_neg_004.wav,6272,0.022970
E:\SIH\ira-wakeword\dataset\negative\speech\6272_6272-70171-0032_neg_005.wav,6272,0.082942
E:\SIH\ira-wakeword\dataset\negative\speech\6272_6272-70171-0032_neg_009.wav,6272,0.099768
E:\SIH\ira-wakeword\dataset\negative\speech\6272_6272-70171-0032_neg_010.wav,6272,0.395519
E:\SIH\ira-wakeword\dataset\negative\speech\6272_6272-70171-0032_neg_012.wav,6272,0.004347
E:\SIH\ira-wakeword\dataset\negative\speech\6272_6272-70171-0033_neg_000.wav,6272,0.001473
E:\SIH\ira-wakeword\dataset\negative\speech\6272_6272-70171-0033_neg_008.wav,6272,0.008915
E:\SIH\ira-wakeword\dataset\negative\speech\6272_6272-70171-0033_neg_009.wav,6272,0.847274
E:\SIH\ira-wakeword\dataset\negative\speech\6272_6272-70171-0033_neg_011.wav,6272,0.032704
E:\SIH\ira-wakeword\dataset\negative\speech\6272_6272-70171-0033_neg_012.wav,6272,0.113833
E:\SIH\ira-wakeword\dataset\negative\speech\6272_6272-70171-0034_neg_002.wav,6272,0.023162
E:\SIH\ira-wakeword\dataset\negative\speech\6272_6272-70171-0034_neg_003.wav,6272,0.900649
E:\SIH\ira-wakeword\dataset\negative\speech\6272_6272-70171-0034_neg_005.wav,6272,0.696782
E:\SIH\ira-wakeword\dataset\negative\speech\6272_6272-70171-0034_neg_013.wav,6272,0.453993
E:\SIH\ira-wakeword\dataset\negative\speech\6272_6272-70171-0035_neg_002.wav,6272,0.177417
E:\SIH\ira-wakeword\dataset\negative\speech\6272_6272-70171-0035_neg_005.wav,6272,0.081005
E:\SIH\ira-wakeword\dataset\negative\speech\6272_6272-70171-0035_neg_006.wav,6272,0.362843
E:\SIH\ira-wakeword\dataset\negative\speech\6272_6272-70171-0035_neg_007.wav,6272,0.023676
E:\SIH\ira-wakeword\dataset\negative\speech\6272_6272-70171-0036_neg_006.wav,6272,0.007182
E:\SIH\ira-wakeword\dataset\negative\speech\6272_6272-70171-0036_neg_010.wav,6272,0.195327
E:\SIH\ira-wakeword\dataset\negative\speech\6272_6272-70171-0036_neg_012.wav,6272,0.108968
E:\SIH\ira-wakeword\dataset\negative\speech\6272_6272-70171-0037_neg_004.wav,6272,0.009875
E:\SIH\ira-wakeword\dataset\negative\speech\6272_6272-70171-0037_neg_008.wav,6272,0.009362
E:\SIH\ira-wakeword\dataset\negative\speech\6272_6272-70171-0038_neg_001.wav,6272,0.144120
E:\SIH\ira-wakeword\dataset\negative\speech\6272_6272-70171-0038_neg_007.wav,6272,0.007275
E:\SIH\ira-wakeword\dataset\negative\speech\6272_6272-70171-0038_neg_010.wav,6272,0.005334
E:\SIH\ira-wakeword\dataset\negative\speech\6272_6272-70171-0039_neg_009.wav,6272,0.877643
E:\SIH\ira-wakeword\dataset\negative\speech\6272_6272-70171-0039_neg_010.wav,6272,0.002378
E:\SIH\ira-wakeword\dataset\negative\speech\6272_6272-70171-0039_neg_011.wav,6272,0.009588
E:\SIH\ira-wakeword\dataset\negative\speech\6272_6272-70171-0040_neg_000.wav,6272,0.067244
E:\SIH\ira-wakeword\dataset\negative\speech\6272_6272-70171-0040_neg_005.wav,6272,0.339093
E:\SIH\ira-wakeword\dataset\negative\speech\6272_6272-70171-0040_neg_008.wav,6272,0.003024
E:\SIH\ira-wakeword\dataset\negative\speech\6272_6272-70171-0041_neg_000.wav,6272,0.004540
E:\SIH\ira-wakeword\dataset\negative\speech\6272_6272-70171-0041_neg_010.wav,6272,0.053129
E:\SIH\ira-wakeword\dataset\negative\speech\669_669-129074-0000_neg_004.wav,669,0.608358
E:\SIH\ira-wakeword\dataset\negative\speech\669_669-129074-0000_neg_008.wav,669,0.001587
E:\SIH\ira-wakeword\dataset\negative\speech\669_669-129074-0000_neg_009.wav,669,0.225924
E:\SIH\ira-wakeword\dataset\negative\speech\669_669-129074-0000_neg_012.wav,669,0.001114
E:\SIH\ira-wakeword\dataset\negative\speech\669_669-129074-0000_neg_014.wav,669,0.404859
E:\SIH\ira-wakeword\dataset\negative\speech\669_669-129074-0001_neg_003.wav,669,0.265562
E:\SIH\ira-wakeword\dataset\negative\speech\669_669-129074-0001_neg_005.wav,669,0.731835
E:\SIH\ira-wakeword\dataset\negative\speech\669_669-129074-0002_neg_001.wav,669,0.009508
E:\SIH\ira-wakeword\dataset\negative\speech\669_669-129074-0002_neg_004.wav,669,0.034437
E:\SIH\ira-wakeword\dataset\negative\speech\669_669-129074-0002_neg_011.wav,669,0.286454
E:\SIH\ira-wakeword\dataset\negative\speech\669_669-129074-0003_neg_000.wav,669,0.088373
E:\SIH\ira-wakeword\dataset\negative\speech\669_669-129074-0003_neg_001.wav,669,0.008519
E:\SIH\ira-wakeword\dataset\negative\speech\669_669-129074-0003_neg_003.wav,669,0.000977
E:\SIH\ira-wakeword\dataset\negative\speech\669_669-129074-0003_neg_004.wav,669,0.056212
E:\SIH\ira-wakeword\dataset\negative\speech\669_669-129074-0003_neg_006.wav,669,0.030301
E:\SIH\ira-wakeword\dataset\negative\speech\669_669-129074-0003_neg_010.wav,669,0.029116
E:\SIH\ira-wakeword\dataset\negative\speech\669_669-129074-0005_neg_005.wav,669,0.002249
E:\SIH\ira-wakeword\dataset\negative\speech\669_669-129074-0005_neg_010.wav,669,0.014378
E:\SIH\ira-wakeword\dataset\negative\speech\669_669-129074-0006_neg_001.wav,669,0.014330
E:\SIH\ira-wakeword\dataset\negative\speech\669_669-129074-0006_neg_002.wav,669,0.007341
E:\SIH\ira-wakeword\dataset\negative\speech\669_669-129074-0006_neg_003.wav,669,0.385286
E:\SIH\ira-wakeword\dataset\negative\speech\669_669-129074-0006_neg_004.wav,669,0.099710
E:\SIH\ira-wakeword\dataset\negative\speech\669_669-129074-0006_neg_006.wav,669,0.006946
E:\SIH\ira-wakeword\dataset\negative\speech\669_669-129074-0006_neg_010.wav,669,0.026402
E:\SIH\ira-wakeword\dataset\negative\speech\669_669-129074-0007_neg_000.wav,669,0.047158
E:\SIH\ira-wakeword\dataset\negative\speech\669_669-129074-0007_neg_004.wav,669,0.001414
E:\SIH\ira-wakeword\dataset\negative\speech\669_669-129074-0007_neg_006.wav,669,0.084165
E:\SIH\ira-wakeword\dataset\negative\speech\669_669-129074-0007_neg_008.wav,669,0.040115
E:\SIH\ira-wakeword\dataset\negative\speech\669_669-129074-0007_neg_010.wav,669,0.012131
E:\SIH\ira-wakeword\dataset\negative\speech\669_669-129074-0007_neg_015.wav,669,0.041418
E:\SIH\ira-wakeword\dataset\negative\speech\669_669-129074-0008_neg_000.wav,669,0.486466
E:\SIH\ira-wakeword\dataset\negative\speech\669_669-129074-0008_neg_002.wav,669,0.153102
E:\SIH\ira-wakeword\dataset\negative\speech\669_669-129074-0008_neg_006.wav,669,0.070405
E:\SIH\ira-wakeword\dataset\negative\speech\669_669-129074-0008_neg_009.wav,669,0.173413
E:\SIH\ira-wakeword\dataset\negative\speech\669_669-129074-0008_neg_012.wav,669,0.047837
E:\SIH\ira-wakeword\dataset\negative\speech\669_669-129074-0008_neg_013.wav,669,0.062961
E:\SIH\ira-wakeword\dataset\negative\speech\669_669-129074-0008_neg_014.wav,669,0.429683
E:\SIH\ira-wakeword\dataset\negative\speech\669_669-129074-0008_neg_015.wav,669,0.692459
E:\SIH\ira-wakeword\dataset\negative\speech\669_669-129074-0009_neg_001.wav,669,0.010068
E:\SIH\ira-wakeword\dataset\negative\speech\669_669-129074-0009_neg_002.wav,669,0.021957
E:\SIH\ira-wakeword\dataset\negative\speech\669_669-129074-0010_neg_000.wav,669,0.095822
E:\SIH\ira-wakeword\dataset\negative\speech\669_669-129074-0010_neg_002.wav,669,0.002717
E:\SIH\ira-wakeword\dataset\negative\speech\669_669-129074-0010_neg_005.wav,669,0.003853
E:\SIH\ira-wakeword\dataset\negative\speech\669_669-129074-0010_neg_011.wav,669,0.018943
E:\SIH\ira-wakeword\dataset\negative\speech\669_669-129074-0010_neg_012.wav,669,0.029928
E:\SIH\ira-wakeword\dataset\negative\speech\669_669-129074-0011_neg_000.wav,669,0.191969
E:\SIH\ira-wakeword\dataset\negative\speech\669_669-129074-0011_neg_004.wav,669,0.022826
E:\SIH\ira-wakeword\dataset\negative\speech\669_669-129074-0011_neg_005.wav,669,0.005542
E:\SIH\ira-wakeword\dataset\negative\speech\669_669-129074-0011_neg_007.wav,669,0.027877
E:\SIH\ira-wakeword\dataset\negative\speech\669_669-129074-0012_neg_000.wav,669,0.011068
E:\SIH\ira-wakeword\dataset\negative\speech\669_669-129074-0012_neg_003.wav,669,0.089924
E:\SIH\ira-wakeword\dataset\negative\speech\669_669-129074-0012_neg_005.wav,669,0.002720
E:\SIH\ira-wakeword\dataset\negative\speech\669_669-129074-0012_neg_006.wav,669,0.014404
E:\SIH\ira-wakeword\dataset\negative\speech\669_669-129074-0012_neg_009.wav,669,0.008056
E:\SIH\ira-wakeword\dataset\negative\speech\669_669-129074-0012_neg_010.wav,669,0.063026
E:\SIH\ira-wakeword\dataset\negative\speech\669_669-129074-0012_neg_012.wav,669,0.101669
E:\SIH\ira-wakeword\dataset\negative\speech\669_669-129074-0013_neg_003.wav,669,0.018221
E:\SIH\ira-wakeword\dataset\negative\speech\669_669-129074-0013_neg_005.wav,669,0.095471
E:\SIH\ira-wakeword\dataset\negative\speech\669_669-129074-0013_neg_006.wav,669,0.171697
E:\SIH\ira-wakeword\dataset\negative\speech\669_669-129074-0013_neg_007.wav,669,0.015056
E:\SIH\ira-wakeword\dataset\negative\speech\669_669-129074-0013_neg_008.wav,669,0.357757
E:\SIH\ira-wakeword\dataset\negative\speech\669_669-129074-0013_neg_009.wav,669,0.011297
E:\SIH\ira-wakeword\dataset\negative\speech\669_669-129074-0013_neg_011.wav,669,0.026189
E:\SIH\ira-wakeword\dataset\negative\speech\669_669-129074-0013_neg_012.wav,669,0.014354
E:\SIH\ira-wakeword\dataset\negative\speech\669_669-129074-0014_neg_001.wav,669,0.048803
E:\SIH\ira-wakeword\dataset\negative\speech\669_669-129074-0014_neg_004.wav,669,0.447099
E:\SIH\ira-wakeword\dataset\negative\speech\669_669-129074-0014_neg_005.wav,669,0.016678
E:\SIH\ira-wakeword\dataset\negative\speech\669_669-129074-0014_neg_009.wav,669,0.291848
E:\SIH\ira-wakeword\dataset\negative\speech\669_669-129074-0015_neg_000.wav,669,0.010660
E:\SIH\ira-wakeword\dataset\negative\speech\669_669-129074-0015_neg_002.wav,669,0.007744
E:\SIH\ira-wakeword\dataset\negative\speech\669_669-129074-0015_neg_004.wav,669,0.001629
E:\SIH\ira-wakeword\dataset\negative\speech\669_669-129074-0015_neg_007.wav,669,0.151849
E:\SIH\ira-wakeword\dataset\negative\speech\669_669-129074-0015_neg_011.wav,669,0.012066
E:\SIH\ira-wakeword\dataset\negative\speech\669_669-129074-0015_neg_014.wav,669,0.397113
E:\SIH\ira-wakeword\dataset\negative\speech\669_669-129074-0016_neg_005.wav,669,0.008666
E:\SIH\ira-wakeword\dataset\negative\speech\669_669-129074-0016_neg_008.wav,669,0.043659
E:\SIH\ira-wakeword\dataset\negative\speech\669_669-129074-0016_neg_009.wav,669,0.056734
E:\SIH\ira-wakeword\dataset\negative\speech\669_669-129074-0016_neg_012.wav,669,0.011843
E:\SIH\ira-wakeword\dataset\negative\speech\669_669-129074-0017_neg_001.wav,669,0.019880
E:\SIH\ira-wakeword\dataset\negative\speech\669_669-129074-0017_neg_004.wav,669,0.003646
E:\SIH\ira-wakeword\dataset\negative\speech\669_669-129074-0017_neg_008.wav,669,0.010543
E:\SIH\ira-wakeword\dataset\negative\speech\669_669-129074-0017_neg_009.wav,669,0.019465
E:\SIH\ira-wakeword\dataset\negative\speech\669_669-129074-0017_neg_010.wav,669,0.019809
E:\SIH\ira-wakeword\dataset\negative\speech\669_669-129074-0017_neg_012.wav,669,0.216935
E:\SIH\ira-wakeword\dataset\negative\speech\669_669-129074-0017_neg_013.wav,669,0.120323
E:\SIH\ira-wakeword\dataset\negative\speech\669_669-129074-0018_neg_002.wav,669,0.858981
E:\SIH\ira-wakeword\dataset\negative\speech\669_669-129074-0019_neg_001.wav,669,0.105632
E:\SIH\ira-wakeword\dataset\negative\speech\669_669-129074-0019_neg_002.wav,669,0.008234
E:\SIH\ira-wakeword\dataset\negative\speech\669_669-129074-0019_neg_003.wav,669,0.020310
E:\SIH\ira-wakeword\dataset\negative\speech\669_669-129074-0019_neg_004.wav,669,0.021118
E:\SIH\ira-wakeword\dataset\negative\speech\669_669-129074-0019_neg_006.wav,669,0.014442
E:\SIH\ira-wakeword\dataset\negative\speech\669_669-129074-0019_neg_007.wav,669,0.522228
E:\SIH\ira-wakeword\dataset\negative\speech\669_669-129074-0019_neg_009.wav,669,0.146838
E:\SIH\ira-wakeword\dataset\negative\speech\669_669-129074-0019_neg_011.wav,669,0.292173
E:\SIH\ira-wakeword\dataset\negative\speech\669_669-129074-0019_neg_012.wav,669,0.086399
E:\SIH\ira-wakeword\dataset\negative\speech\669_669-129074-0019_neg_013.wav,669,0.017193
E:\SIH\ira-wakeword\dataset\negative\speech\669_669-129074-0020_neg_004.wav,669,0.003055
E:\SIH\ira-wakeword\dataset\negative\speech\669_669-129074-0020_neg_007.wav,669,0.128240
E:\SIH\ira-wakeword\dataset\negative\speech\669_669-129074-0020_neg_008.wav,669,0.094058
E:\SIH\ira-wakeword\dataset\negative\speech\669_669-129074-0021_neg_002.wav,669,0.027252
E:\SIH\ira-wakeword\dataset\negative\speech\669_669-129074-0021_neg_003.wav,669,0.015906
E:\SIH\ira-wakeword\dataset\negative\speech\669_669-129074-0021_neg_007.wav,669,0.039823
E:\SIH\ira-wakeword\dataset\negative\speech\669_669-129074-0021_neg_008.wav,669,0.003004
E:\SIH\ira-wakeword\dataset\negative\speech\669_669-129074-0021_neg_009.wav,669,0.022508
E:\SIH\ira-wakeword\dataset\negative\speech\669_669-129074-0021_neg_010.wav,669,0.615864
E:\SIH\ira-wakeword\dataset\negative\speech\669_669-129074-0021_neg_012.wav,669,0.048949
E:\SIH\ira-wakeword\dataset\negative\speech\669_669-129074-0021_neg_013.wav,669,0.056455
E:\SIH\ira-wakeword\dataset\negative\speech\669_669-129074-0021_neg_014.wav,669,0.464440
E:\SIH\ira-wakeword\dataset\negative\speech\669_669-129074-0022_neg_002.wav,669,0.050904
E:\SIH\ira-wakeword\dataset\negative\speech\669_669-129074-0022_neg_003.wav,669,0.004398
E:\SIH\ira-wakeword\dataset\negative\speech\669_669-129074-0022_neg_005.wav,669,0.028064
E:\SIH\ira-wakeword\dataset\negative\speech\669_669-129074-0022_neg_006.wav,669,0.031251
E:\SIH\ira-wakeword\dataset\negative\speech\669_669-129074-0022_neg_007.wav,669,0.001157
E:\SIH\ira-wakeword\dataset\negative\speech\669_669-129074-0023_neg_001.wav,669,0.072253
E:\SIH\ira-wakeword\dataset\negative\speech\669_669-129074-0024_neg_001.wav,669,0.062049
E:\SIH\ira-wakeword\dataset\negative\speech\669_669-129074-0024_neg_002.wav,669,0.026774
E:\SIH\ira-wakeword\dataset\negative\speech\669_669-129074-0024_neg_006.wav,669,0.097054
E:\SIH\ira-wakeword\dataset\negative\speech\669_669-129074-0025_neg_003.wav,669,0.003888
E:\SIH\ira-wakeword\dataset\negative\speech\669_669-129074-0026_neg_004.wav,669,0.180958
E:\SIH\ira-wakeword\dataset\negative\speech\669_669-129074-0026_neg_010.wav,669,0.192101
E:\SIH\ira-wakeword\dataset\negative\speech\669_669-129074-0026_neg_013.wav,669,0.001646
E:\SIH\ira-wakeword\dataset\negative\speech\669_669-129074-0027_neg_001.wav,669,0.418162
E:\SIH\ira-wakeword\dataset\negative\speech\669_669-129074-0027_neg_005.wav,669,0.066262
E:\SIH\ira-wakeword\dataset\negative\speech\669_669-129074-0027_neg_007.wav,669,0.015217
E:\SIH\ira-wakeword\dataset\negative\speech\669_669-129074-0027_neg_012.wav,669,0.092218
E:\SIH\ira-wakeword\dataset\negative\speech\669_669-129074-0027_neg_013.wav,669,0.013130
E:\SIH\ira-wakeword\dataset\negative\speech\669_669-129074-0027_neg_014.wav,669,0.027828
E:\SIH\ira-wakeword\dataset\negative\speech\669_669-129074-0028_neg_001.wav,669,0.037176
E:\SIH\ira-wakeword\dataset\negative\speech\669_669-129074-0028_neg_003.wav,669,0.069510
E:\SIH\ira-wakeword\dataset\negative\speech\669_669-129074-0028_neg_005.wav,669,0.048270
E:\SIH\ira-wakeword\dataset\negative\speech\669_669-129074-0028_neg_008.wav,669,0.387688
E:\SIH\ira-wakeword\dataset\negative\speech\669_669-129074-0028_neg_009.wav,669,0.002700
E:\SIH\ira-wakeword\dataset\negative\speech\669_669-129074-0028_neg_010.wav,669,0.053442
E:\SIH\ira-wakeword\dataset\negative\speech\669_669-129074-0028_neg_011.wav,669,0.000220
E:\SIH\ira-wakeword\dataset\negative\speech\669_669-129074-0028_neg_014.wav,669,0.272127
E:\SIH\ira-wakeword\dataset\negative\speech\669_669-129074-0029_neg_001.wav,669,0.003359
E:\SIH\ira-wakeword\dataset\negative\speech\669_669-129074-0029_neg_005.wav,669,0.035066
E:\SIH\ira-wakeword\dataset\negative\speech\669_669-129074-0029_neg_009.wav,669,0.075265
E:\SIH\ira-wakeword\dataset\negative\speech\669_669-129074-0029_neg_010.wav,669,0.480572
E:\SIH\ira-wakeword\dataset\negative\speech\669_669-129074-0029_neg_012.wav,669,0.016167
E:\SIH\ira-wakeword\dataset\negative\speech\669_669-129074-0031_neg_000.wav,669,0.046644
E:\SIH\ira-wakeword\dataset\negative\speech\669_669-129074-0031_neg_002.wav,669,0.002531
E:\SIH\ira-wakeword\dataset\negative\speech\669_669-129074-0031_neg_003.wav,669,0.024829
E:\SIH\ira-wakeword\dataset\negative\speech\7312_7312-92432-0000_neg_000.wav,7312,0.634753
E:\SIH\ira-wakeword\dataset\negative\speech\7312_7312-92432-0000_neg_003.wav,7312,0.989616
E:\SIH\ira-wakeword\dataset\negative\speech\7312_7312-92432-0001_neg_001.wav,7312,0.018448
E:\SIH\ira-wakeword\dataset\negative\speech\7312_7312-92432-0001_neg_002.wav,7312,0.280084
E:\SIH\ira-wakeword\dataset\negative\speech\7312_7312-92432-0002_neg_000.wav,7312,0.101560
E:\SIH\ira-wakeword\dataset\negative\speech\7312_7312-92432-0002_neg_001.wav,7312,0.001674
E:\SIH\ira-wakeword\dataset\negative\speech\7312_7312-92432-0002_neg_002.wav,7312,0.439096
E:\SIH\ira-wakeword\dataset\negative\speech\7312_7312-92432-0002_neg_003.wav,7312,0.608873
E:\SIH\ira-wakeword\dataset\negative\speech\7312_7312-92432-0002_neg_005.wav,7312,0.020834
E:\SIH\ira-wakeword\dataset\negative\speech\7312_7312-92432-0002_neg_007.wav,7312,0.000359
E:\SIH\ira-wakeword\dataset\negative\speech\7312_7312-92432-0002_neg_008.wav,7312,0.284761
E:\SIH\ira-wakeword\dataset\negative\speech\7312_7312-92432-0002_neg_009.wav,7312,0.025870
E:\SIH\ira-wakeword\dataset\negative\speech\7312_7312-92432-0003_neg_004.wav,7312,0.009596
E:\SIH\ira-wakeword\dataset\negative\speech\7312_7312-92432-0003_neg_005.wav,7312,0.078491
E:\SIH\ira-wakeword\dataset\negative\speech\7312_7312-92432-0003_neg_007.wav,7312,0.006323
E:\SIH\ira-wakeword\dataset\negative\speech\7312_7312-92432-0003_neg_008.wav,7312,0.003716
E:\SIH\ira-wakeword\dataset\negative\speech\7312_7312-92432-0003_neg_010.wav,7312,0.001811
E:\SIH\ira-wakeword\dataset\negative\speech\7312_7312-92432-0003_neg_012.wav,7312,0.030880
E:\SIH\ira-wakeword\dataset\negative\speech\7312_7312-92432-0004_neg_003.wav,7312,0.335665
E:\SIH\ira-wakeword\dataset\negative\speech\7312_7312-92432-0004_neg_010.wav,7312,0.080440
E:\SIH\ira-wakeword\dataset\negative\speech\7312_7312-92432-0004_neg_011.wav,7312,0.030792
E:\SIH\ira-wakeword\dataset\negative\speech\7312_7312-92432-0004_neg_012.wav,7312,0.044149
E:\SIH\ira-wakeword\dataset\negative\speech\7312_7312-92432-0005_neg_003.wav,7312,0.321130
E:\SIH\ira-wakeword\dataset\negative\speech\7312_7312-92432-0005_neg_004.wav,7312,0.089017
E:\SIH\ira-wakeword\dataset\negative\speech\7312_7312-92432-0005_neg_007.wav,7312,0.002817
E:\SIH\ira-wakeword\dataset\negative\speech\7312_7312-92432-0005_neg_013.wav,7312,0.019860
E:\SIH\ira-wakeword\dataset\negative\speech\7312_7312-92432-0005_neg_014.wav,7312,0.002366
E:\SIH\ira-wakeword\dataset\negative\speech\7312_7312-92432-0006_neg_000.wav,7312,0.701141
E:\SIH\ira-wakeword\dataset\negative\speech\7312_7312-92432-0006_neg_010.wav,7312,0.171705
E:\SIH\ira-wakeword\dataset\negative\speech\7312_7312-92432-0007_neg_000.wav,7312,0.005595
E:\SIH\ira-wakeword\dataset\negative\speech\7312_7312-92432-0007_neg_001.wav,7312,0.015721
E:\SIH\ira-wakeword\dataset\negative\speech\7312_7312-92432-0007_neg_004.wav,7312,0.007763
E:\SIH\ira-wakeword\dataset\negative\speech\7312_7312-92432-0007_neg_006.wav,7312,0.276492
E:\SIH\ira-wakeword\dataset\negative\speech\7312_7312-92432-0007_neg_008.wav,7312,0.019331
E:\SIH\ira-wakeword\dataset\negative\speech\7312_7312-92432-0007_neg_011.wav,7312,0.001705
E:\SIH\ira-wakeword\dataset\negative\speech\7312_7312-92432-0007_neg_012.wav,7312,0.847540
E:\SIH\ira-wakeword\dataset\negative\speech\7312_7312-92432-0007_neg_013.wav,7312,0.002377
E:\SIH\ira-wakeword\dataset\negative\speech\7312_7312-92432-0008_neg_002.wav,7312,0.001293
E:\SIH\ira-wakeword\dataset\negative\speech\7312_7312-92432-0008_neg_003.wav,7312,0.057215
E:\SIH\ira-wakeword\dataset\negative\speech\7312_7312-92432-0008_neg_004.wav,7312,0.001617
E:\SIH\ira-wakeword\dataset\negative\speech\7312_7312-92432-0008_neg_005.wav,7312,0.011830
E:\SIH\ira-wakeword\dataset\negative\speech\7312_7312-92432-0008_neg_006.wav,7312,0.000257
E:\SIH\ira-wakeword\dataset\negative\speech\7312_7312-92432-0008_neg_009.wav,7312,0.019057
E:\SIH\ira-wakeword\dataset\negative\speech\7312_7312-92432-0008_neg_010.wav,7312,0.060706
E:\SIH\ira-wakeword\dataset\negative\speech\7312_7312-92432-0009_neg_000.wav,7312,0.046980
E:\SIH\ira-wakeword\dataset\negative\speech\7312_7312-92432-0009_neg_001.wav,7312,0.009432
E:\SIH\ira-wakeword\dataset\negative\speech\7312_7312-92432-0009_neg_002.wav,7312,0.002686
E:\SIH\ira-wakeword\dataset\negative\speech\7312_7312-92432-0009_neg_003.wav,7312,0.777722
E:\SIH\ira-wakeword\dataset\negative\speech\7312_7312-92432-0010_neg_001.wav,7312,0.037063
E:\SIH\ira-wakeword\dataset\negative\speech\7312_7312-92432-0010_neg_004.wav,7312,0.000484
E:\SIH\ira-wakeword\dataset\negative\speech\7312_7312-92432-0010_neg_005.wav,7312,0.026583
E:\SIH\ira-wakeword\dataset\negative\speech\7312_7312-92432-0010_neg_006.wav,7312,0.019298
E:\SIH\ira-wakeword\dataset\negative\speech\7312_7312-92432-0010_neg_011.wav,7312,0.000292
E:\SIH\ira-wakeword\dataset\negative\speech\7312_7312-92432-0011_neg_000.wav,7312,0.315704
E:\SIH\ira-wakeword\dataset\negative\speech\7312_7312-92432-0011_neg_001.wav,7312,0.004631
E:\SIH\ira-wakeword\dataset\negative\speech\7312_7312-92432-0011_neg_003.wav,7312,0.069894
E:\SIH\ira-wakeword\dataset\negative\speech\7312_7312-92432-0011_neg_006.wav,7312,0.075427
E:\SIH\ira-wakeword\dataset\negative\speech\7312_7312-92432-0011_neg_008.wav,7312,0.036428
E:\SIH\ira-wakeword\dataset\negative\speech\7312_7312-92432-0011_neg_009.wav,7312,0.048152
E:\SIH\ira-wakeword\dataset\negative\speech\7312_7312-92432-0011_neg_011.wav,7312,0.002220
E:\SIH\ira-wakeword\dataset\negative\speech\7312_7312-92432-0012_neg_000.wav,7312,0.001584
E:\SIH\ira-wakeword\dataset\negative\speech\7312_7312-92432-0012_neg_001.wav,7312,0.002242
E:\SIH\ira-wakeword\dataset\negative\speech\7312_7312-92432-0012_neg_003.wav,7312,0.082442
E:\SIH\ira-wakeword\dataset\negative\speech\7312_7312-92432-0012_neg_006.wav,7312,0.003924
E:\SIH\ira-wakeword\dataset\negative\speech\7312_7312-92432-0012_neg_008.wav,7312,0.066270
E:\SIH\ira-wakeword\dataset\negative\speech\7312_7312-92432-0012_neg_010.wav,7312,0.096755
E:\SIH\ira-wakeword\dataset\negative\speech\7312_7312-92432-0012_neg_012.wav,7312,0.027577
E:\SIH\ira-wakeword\dataset\negative\speech\7312_7312-92432-0013_neg_001.wav,7312,0.168554
E:\SIH\ira-wakeword\dataset\negative\speech\7312_7312-92432-0013_neg_002.wav,7312,0.005329
E:\SIH\ira-wakeword\dataset\negative\speech\7312_7312-92432-0013_neg_003.wav,7312,0.009333
E:\SIH\ira-wakeword\dataset\negative\speech\7312_7312-92432-0013_neg_004.wav,7312,0.042238
E:\SIH\ira-wakeword\dataset\negative\speech\7312_7312-92432-0013_neg_007.wav,7312,0.124004
E:\SIH\ira-wakeword\dataset\negative\speech\7312_7312-92432-0013_neg_014.wav,7312,0.029434
E:\SIH\ira-wakeword\dataset\negative\speech\7312_7312-92432-0013_neg_015.wav,7312,0.117401
E:\SIH\ira-wakeword\dataset\negative\speech\7312_7312-92432-0014_neg_002.wav,7312,0.019503
E:\SIH\ira-wakeword\dataset\negative\speech\7312_7312-92432-0015_neg_000.wav,7312,0.483607
E:\SIH\ira-wakeword\dataset\negative\speech\7312_7312-92432-0015_neg_002.wav,7312,0.084078
E:\SIH\ira-wakeword\dataset\negative\speech\7312_7312-92432-0015_neg_003.wav,7312,0.001931
E:\SIH\ira-wakeword\dataset\negative\speech\7312_7312-92432-0015_neg_004.wav,7312,0.005378
E:\SIH\ira-wakeword\dataset\negative\speech\7312_7312-92432-0015_neg_005.wav,7312,0.333859
E:\SIH\ira-wakeword\dataset\negative\speech\7312_7312-92432-0015_neg_007.wav,7312,0.016103
E:\SIH\ira-wakeword\dataset\negative\speech\7312_7312-92432-0015_neg_008.wav,7312,0.367241
E:\SIH\ira-wakeword\dataset\negative\speech\7312_7312-92432-0015_neg_009.wav,7312,0.001237
E:\SIH\ira-wakeword\dataset\negative\speech\7312_7312-92432-0015_neg_010.wav,7312,0.870060
E:\SIH\ira-wakeword\dataset\negative\speech\7312_7312-92432-0015_neg_011.wav,7312,0.127348
E:\SIH\ira-wakeword\dataset\negative\speech\7312_7312-92432-0015_neg_012.wav,7312,0.022250
E:\SIH\ira-wakeword\dataset\negative\speech\7312_7312-92432-0016_neg_001.wav,7312,0.000433
E:\SIH\ira-wakeword\dataset\negative\speech\7312_7312-92432-0016_neg_002.wav,7312,0.053928
E:\SIH\ira-wakeword\dataset\negative\speech\7312_7312-92432-0016_neg_003.wav,7312,0.377529
E:\SIH\ira-wakeword\dataset\negative\speech\7312_7312-92432-0016_neg_004.wav,7312,0.016388
E:\SIH\ira-wakeword\dataset\negative\speech\7312_7312-92432-0016_neg_005.wav,7312,0.004596
E:\SIH\ira-wakeword\dataset\negative\speech\7312_7312-92432-0016_neg_006.wav,7312,0.192649
E:\SIH\ira-wakeword\dataset\negative\speech\7312_7312-92432-0016_neg_008.wav,7312,0.005178
E:\SIH\ira-wakeword\dataset\negative\speech\7312_7312-92432-0016_neg_009.wav,7312,0.317306
E:\SIH\ira-wakeword\dataset\negative\speech\7312_7312-92432-0017_neg_001.wav,7312,0.004449
E:\SIH\ira-wakeword\dataset\negative\speech\7312_7312-92432-0017_neg_004.wav,7312,0.088249
E:\SIH\ira-wakeword\dataset\negative\speech\7312_7312-92432-0017_neg_005.wav,7312,0.844631
E:\SIH\ira-wakeword\dataset\negative\speech\7312_7312-92432-0017_neg_007.wav,7312,0.003633
E:\SIH\ira-wakeword\dataset\negative\speech\7312_7312-92432-0017_neg_010.wav,7312,0.698207
E:\SIH\ira-wakeword\dataset\negative\speech\7312_7312-92432-0017_neg_013.wav,7312,0.628312
E:\SIH\ira-wakeword\dataset\negative\speech\7312_7312-92432-0018_neg_005.wav,7312,0.013796
E:\SIH\ira-wakeword\dataset\negative\speech\7312_7312-92432-0018_neg_007.wav,7312,0.089532
E:\SIH\ira-wakeword\dataset\negative\speech\7312_7312-92432-0019_neg_003.wav,7312,0.084563
E:\SIH\ira-wakeword\dataset\negative\speech\7312_7312-92432-0019_neg_004.wav,7312,0.046901
E:\SIH\ira-wakeword\dataset\negative\speech\7312_7312-92432-0019_neg_005.wav,7312,0.005213
E:\SIH\ira-wakeword\dataset\negative\speech\7312_7312-92432-0019_neg_006.wav,7312,0.007371
E:\SIH\ira-wakeword\dataset\negative\speech\7312_7312-92432-0019_neg_008.wav,7312,0.033796
E:\SIH\ira-wakeword\dataset\negative\speech\7312_7312-92432-0019_neg_009.wav,7312,0.181843
E:\SIH\ira-wakeword\dataset\negative\speech\7312_7312-92432-0019_neg_011.wav,7312,0.041069
E:\SIH\ira-wakeword\dataset\negative\speech\7312_7312-92432-0020_neg_000.wav,7312,0.072794
E:\SIH\ira-wakeword\dataset\negative\speech\7312_7312-92432-0020_neg_002.wav,7312,0.039373
E:\SIH\ira-wakeword\dataset\negative\speech\7312_7312-92432-0020_neg_003.wav,7312,0.003118
E:\SIH\ira-wakeword\dataset\negative\speech\7312_7312-92432-0020_neg_004.wav,7312,0.011956
E:\SIH\ira-wakeword\dataset\negative\speech\7312_7312-92432-0020_neg_005.wav,7312,0.080357
E:\SIH\ira-wakeword\dataset\negative\speech\7312_7312-92432-0020_neg_008.wav,7312,0.016550
E:\SIH\ira-wakeword\dataset\negative\speech\7312_7312-92432-0020_neg_012.wav,7312,0.034006
E:\SIH\ira-wakeword\dataset\negative\speech\7312_7312-92432-0021_neg_001.wav,7312,0.019451
E:\SIH\ira-wakeword\dataset\negative\speech\7312_7312-92432-0021_neg_003.wav,7312,0.005559
E:\SIH\ira-wakeword\dataset\negative\speech\7312_7312-92432-0021_neg_006.wav,7312,0.031499
E:\SIH\ira-wakeword\dataset\negative\speech\7312_7312-92432-0021_neg_007.wav,7312,0.044832
E:\SIH\ira-wakeword\dataset\negative\speech\7312_7312-92432-0021_neg_008.wav,7312,0.005766
E:\SIH\ira-wakeword\dataset\negative\speech\7312_7312-92432-0021_neg_010.wav,7312,0.001397
E:\SIH\ira-wakeword\dataset\negative\speech\7312_7312-92432-0022_neg_004.wav,7312,0.008846
E:\SIH\ira-wakeword\dataset\negative\speech\7312_7312-92432-0022_neg_005.wav,7312,0.844432
E:\SIH\ira-wakeword\dataset\negative\speech\7312_7312-92432-0022_neg_006.wav,7312,0.009584
E:\SIH\ira-wakeword\dataset\negative\speech\7312_7312-92432-0022_neg_010.wav,7312,0.000687
E:\SIH\ira-wakeword\dataset\negative\speech\7312_7312-92432-0023_neg_002.wav,7312,0.029905
E:\SIH\ira-wakeword\dataset\negative\speech\7312_7312-92432-0023_neg_006.wav,7312,0.722867
E:\SIH\ira-wakeword\dataset\negative\speech\7312_7312-92432-0023_neg_009.wav,7312,0.004299
E:\SIH\ira-wakeword\dataset\negative\speech\7312_7312-92432-0024_neg_002.wav,7312,0.243415
E:\SIH\ira-wakeword\dataset\negative\speech\7312_7312-92432-0024_neg_003.wav,7312,0.032003
E:\SIH\ira-wakeword\dataset\negative\speech\7312_7312-92432-0024_neg_004.wav,7312,0.004400
E:\SIH\ira-wakeword\dataset\negative\speech\7312_7312-92432-0024_neg_007.wav,7312,0.084196
E:\SIH\ira-wakeword\dataset\negative\speech\7312_7312-92432-0024_neg_008.wav,7312,0.008382
E:\SIH\ira-wakeword\dataset\negative\speech\7312_7312-92432-0024_neg_010.wav,7312,0.006928
E:\SIH\ira-wakeword\dataset\negative\speech\7312_7312-92432-0024_neg_011.wav,7312,0.035207
E:\SIH\ira-wakeword\dataset\negative\speech\7312_7312-92432-0024_neg_012.wav,7312,0.003241
E:\SIH\ira-wakeword\dataset\negative\speech\7312_7312-92432-0025_neg_000.wav,7312,0.052736
E:\SIH\ira-wakeword\dataset\negative\speech\7312_7312-92432-0025_neg_004.wav,7312,0.306977
E:\SIH\ira-wakeword\dataset\negative\speech\7312_7312-92432-0025_neg_006.wav,7312,0.125862
E:\SIH\ira-wakeword\dataset\negative\speech\7312_7312-92432-0025_neg_007.wav,7312,0.381321
E:\SIH\ira-wakeword\dataset\negative\speech\7312_7312-92432-0025_neg_011.wav,7312,0.021086
E:\SIH\ira-wakeword\dataset\negative\speech\7367_7367-86737-0002_neg_009.wav,7367,0.015733
E:\SIH\ira-wakeword\dataset\negative\speech\7367_7367-86737-0002_neg_012.wav,7367,0.389223
E:\SIH\ira-wakeword\dataset\negative\speech\7367_7367-86737-0003_neg_005.wav,7367,0.031847
E:\SIH\ira-wakeword\dataset\negative\speech\7367_7367-86737-0004_neg_001.wav,7367,0.004735
E:\SIH\ira-wakeword\dataset\negative\speech\7367_7367-86737-0004_neg_009.wav,7367,0.071600
E:\SIH\ira-wakeword\dataset\negative\speech\7367_7367-86737-0005_neg_000.wav,7367,0.340755
E:\SIH\ira-wakeword\dataset\negative\speech\7367_7367-86737-0006_neg_001.wav,7367,0.369145
E:\SIH\ira-wakeword\dataset\negative\speech\7367_7367-86737-0007_neg_000.wav,7367,0.673444
E:\SIH\ira-wakeword\dataset\negative\speech\7367_7367-86737-0007_neg_004.wav,7367,0.314553
E:\SIH\ira-wakeword\dataset\negative\speech\7367_7367-86737-0009_neg_004.wav,7367,0.239014
E:\SIH\ira-wakeword\dataset\negative\speech\7367_7367-86737-0010_neg_004.wav,7367,0.102080
E:\SIH\ira-wakeword\dataset\negative\speech\7367_7367-86737-0011_neg_001.wav,7367,0.970564
E:\SIH\ira-wakeword\dataset\negative\speech\7367_7367-86737-0012_neg_001.wav,7367,0.137498
E:\SIH\ira-wakeword\dataset\negative\speech\7367_7367-86737-0012_neg_011.wav,7367,0.260482
E:\SIH\ira-wakeword\dataset\negative\speech\7367_7367-86737-0013_neg_003.wav,7367,0.563398
E:\SIH\ira-wakeword\dataset\negative\speech\7367_7367-86737-0013_neg_004.wav,7367,0.137702
E:\SIH\ira-wakeword\dataset\negative\speech\7367_7367-86737-0013_neg_006.wav,7367,0.036696
E:\SIH\ira-wakeword\dataset\negative\speech\7367_7367-86737-0014_neg_000.wav,7367,0.154875
E:\SIH\ira-wakeword\dataset\negative\speech\7367_7367-86737-0014_neg_003.wav,7367,0.119919
E:\SIH\ira-wakeword\dataset\negative\speech\7367_7367-86737-0014_neg_006.wav,7367,0.062197
E:\SIH\ira-wakeword\dataset\negative\speech\7367_7367-86737-0014_neg_007.wav,7367,0.546517
E:\SIH\ira-wakeword\dataset\negative\speech\7367_7367-86737-0015_neg_006.wav,7367,0.206586
E:\SIH\ira-wakeword\dataset\negative\speech\7367_7367-86737-0015_neg_010.wav,7367,0.190678
E:\SIH\ira-wakeword\dataset\negative\speech\7367_7367-86737-0016_neg_000.wav,7367,0.109179
E:\SIH\ira-wakeword\dataset\negative\speech\7367_7367-86737-0016_neg_006.wav,7367,0.884983
E:\SIH\ira-wakeword\dataset\negative\speech\7367_7367-86737-0016_neg_007.wav,7367,0.080428
E:\SIH\ira-wakeword\dataset\negative\speech\7367_7367-86737-0017_neg_001.wav,7367,0.030053
E:\SIH\ira-wakeword\dataset\negative\speech\7367_7367-86737-0018_neg_002.wav,7367,0.346311
E:\SIH\ira-wakeword\dataset\negative\speech\7367_7367-86737-0018_neg_008.wav,7367,0.018668
E:\SIH\ira-wakeword\dataset\negative\speech\7367_7367-86737-0019_neg_005.wav,7367,0.004664
E:\SIH\ira-wakeword\dataset\negative\speech\7367_7367-86737-0021_neg_000.wav,7367,0.020827
E:\SIH\ira-wakeword\dataset\negative\speech\7367_7367-86737-0025_neg_006.wav,7367,0.369021
E:\SIH\ira-wakeword\dataset\negative\speech\7367_7367-86737-0026_neg_007.wav,7367,0.007699
E:\SIH\ira-wakeword\dataset\negative\speech\7367_7367-86737-0027_neg_002.wav,7367,0.172932
E:\SIH\ira-wakeword\dataset\negative\speech\7367_7367-86737-0027_neg_009.wav,7367,0.037720
E:\SIH\ira-wakeword\dataset\negative\speech\7367_7367-86737-0028_neg_004.wav,7367,0.092006
E:\SIH\ira-wakeword\dataset\negative\speech\7367_7367-86737-0029_neg_008.wav,7367,0.029459
E:\SIH\ira-wakeword\dataset\negative\speech\7367_7367-86737-0029_neg_013.wav,7367,0.030158
E:\SIH\ira-wakeword\dataset\negative\speech\7367_7367-86737-0030_neg_004.wav,7367,0.262614
E:\SIH\ira-wakeword\dataset\negative\speech\7367_7367-86737-0030_neg_010.wav,7367,0.006936
E:\SIH\ira-wakeword\dataset\negative\speech\7367_7367-86737-0031_neg_007.wav,7367,0.005773
E:\SIH\ira-wakeword\dataset\negative\speech\7367_7367-86737-0032_neg_004.wav,7367,0.151573
E:\SIH\ira-wakeword\dataset\negative\speech\7367_7367-86737-0032_neg_013.wav,7367,0.282743
E:\SIH\ira-wakeword\dataset\negative\speech\7367_7367-86737-0035_neg_001.wav,7367,0.129546
E:\SIH\ira-wakeword\dataset\negative\speech\7367_7367-86737-0036_neg_013.wav,7367,0.007831
E:\SIH\ira-wakeword\dataset\negative\speech\7367_7367-86737-0036_neg_014.wav,7367,0.021032
E:\SIH\ira-wakeword\dataset\negative\speech\7367_7367-86737-0037_neg_010.wav,7367,0.113334
E:\SIH\ira-wakeword\dataset\negative\speech\7367_7367-86737-0037_neg_012.wav,7367,0.007385
E:\SIH\ira-wakeword\dataset\negative\speech\7367_7367-86737-0039_neg_008.wav,7367,0.008335
E:\SIH\ira-wakeword\dataset\negative\speech\7367_7367-86737-0039_neg_010.wav,7367,0.007523
E:\SIH\ira-wakeword\dataset\negative\speech\7367_7367-86737-0039_neg_011.wav,7367,0.705793
E:\SIH\ira-wakeword\dataset\negative\speech\7367_7367-86737-0040_neg_000.wav,7367,0.875434
E:\SIH\ira-wakeword\dataset\negative\speech\7367_7367-86737-0041_neg_003.wav,7367,0.106975
E:\SIH\ira-wakeword\dataset\negative\speech\7367_7367-86737-0041_neg_011.wav,7367,0.302311
E:\SIH\ira-wakeword\dataset\negative\speech\7367_7367-86737-0042_neg_005.wav,7367,0.244281
E:\SIH\ira-wakeword\dataset\negative\speech\7367_7367-86737-0043_neg_002.wav,7367,0.461627
E:\SIH\ira-wakeword\dataset\negative\speech\7367_7367-86737-0044_neg_007.wav,7367,0.259642
E:\SIH\ira-wakeword\dataset\negative\speech\7367_7367-86737-0045_neg_000.wav,7367,0.118580
E:\SIH\ira-wakeword\dataset\negative\speech\7367_7367-86737-0045_neg_003.wav,7367,0.099497
E:\SIH\ira-wakeword\dataset\negative\speech\7367_7367-86737-0046_neg_003.wav,7367,0.128270
E:\SIH\ira-wakeword\dataset\negative\speech\7367_7367-86737-0046_neg_007.wav,7367,0.324894
E:\SIH\ira-wakeword\dataset\negative\speech\7367_7367-86737-0047_neg_003.wav,7367,0.014507
E:\SIH\ira-wakeword\dataset\negative\speech\7367_7367-86737-0047_neg_008.wav,7367,0.326440
E:\SIH\ira-wakeword\dataset\negative\speech\7367_7367-86737-0051_neg_001.wav,7367,0.843045
E:\SIH\ira-wakeword\dataset\negative\speech\7367_7367-86737-0051_neg_005.wav,7367,0.018190
E:\SIH\ira-wakeword\dataset\negative\speech\7367_7367-86737-0053_neg_002.wav,7367,0.082222
E:\SIH\ira-wakeword\dataset\negative\speech\7367_7367-86737-0053_neg_007.wav,7367,0.666968
E:\SIH\ira-wakeword\dataset\negative\speech\7367_7367-86737-0054_neg_000.wav,7367,0.022073
E:\SIH\ira-wakeword\dataset\negative\speech\7367_7367-86737-0054_neg_007.wav,7367,0.020727
E:\SIH\ira-wakeword\dataset\negative\speech\7367_7367-86737-0055_neg_009.wav,7367,0.160459
E:\SIH\ira-wakeword\dataset\negative\speech\7367_7367-86737-0056_neg_001.wav,7367,0.684330
E:\SIH\ira-wakeword\dataset\negative\speech\7367_7367-86737-0057_neg_010.wav,7367,0.105876
E:\SIH\ira-wakeword\dataset\negative\speech\7367_7367-86737-0058_neg_012.wav,7367,0.000682
E:\SIH\ira-wakeword\dataset\negative\speech\7367_7367-86737-0059_neg_005.wav,7367,0.006910
E:\SIH\ira-wakeword\dataset\negative\speech\7367_7367-86737-0060_neg_010.wav,7367,0.452632
E:\SIH\ira-wakeword\dataset\negative\speech\7367_7367-86737-0061_neg_002.wav,7367,0.017546
E:\SIH\ira-wakeword\dataset\negative\speech\7367_7367-86737-0062_neg_012.wav,7367,0.140328
E:\SIH\ira-wakeword\dataset\negative\speech\7367_7367-86737-0064_neg_003.wav,7367,0.050050
E:\SIH\ira-wakeword\dataset\negative\speech\7367_7367-86737-0065_neg_008.wav,7367,0.411111
E:\SIH\ira-wakeword\dataset\negative\speech\7367_7367-86737-0069_neg_014.wav,7367,0.905982
E:\SIH\ira-wakeword\dataset\negative\speech\7367_7367-86737-0073_neg_001.wav,7367,0.049566
E:\SIH\ira-wakeword\dataset\negative\speech\7367_7367-86737-0073_neg_002.wav,7367,0.009136
E:\SIH\ira-wakeword\dataset\negative\speech\7367_7367-86737-0073_neg_010.wav,7367,0.413542
E:\SIH\ira-wakeword\dataset\negative\speech\7367_7367-86737-0074_neg_007.wav,7367,0.013745
E:\SIH\ira-wakeword\dataset\negative\speech\7367_7367-86737-0075_neg_007.wav,7367,0.816576
E:\SIH\ira-wakeword\dataset\negative\speech\7367_7367-86737-0075_neg_008.wav,7367,0.370086
E:\SIH\ira-wakeword\dataset\negative\speech\7367_7367-86737-0076_neg_006.wav,7367,0.000268
E:\SIH\ira-wakeword\dataset\negative\speech\7367_7367-86737-0076_neg_009.wav,7367,0.003491
E:\SIH\ira-wakeword\dataset\negative\speech\7367_7367-86737-0078_neg_005.wav,7367,0.002439
E:\SIH\ira-wakeword\dataset\negative\speech\7367_7367-86737-0078_neg_011.wav,7367,0.041681
E:\SIH\ira-wakeword\dataset\negative\speech\7367_7367-86737-0079_neg_005.wav,7367,0.452934
E:\SIH\ira-wakeword\dataset\negative\speech\7367_7367-86737-0079_neg_006.wav,7367,0.018378
E:\SIH\ira-wakeword\dataset\negative\speech\7367_7367-86737-0080_neg_004.wav,7367,0.021133
E:\SIH\ira-wakeword\dataset\negative\speech\7367_7367-86737-0081_neg_005.wav,7367,0.472568
E:\SIH\ira-wakeword\dataset\negative\speech\7367_7367-86737-0081_neg_009.wav,7367,0.157392
E:\SIH\ira-wakeword\dataset\negative\speech\7367_7367-86737-0082_neg_000.wav,7367,0.009028
E:\SIH\ira-wakeword\dataset\negative\speech\7367_7367-86737-0082_neg_003.wav,7367,0.015094
E:\SIH\ira-wakeword\dataset\negative\speech\7367_7367-86737-0083_neg_003.wav,7367,0.023490
E:\SIH\ira-wakeword\dataset\negative\speech\7367_7367-86737-0085_neg_001.wav,7367,0.004455
E:\SIH\ira-wakeword\dataset\negative\speech\7367_7367-86737-0085_neg_011.wav,7367,0.003491
E:\SIH\ira-wakeword\dataset\negative\speech\7367_7367-86737-0086_neg_001.wav,7367,0.084752
E:\SIH\ira-wakeword\dataset\negative\speech\7367_7367-86737-0087_neg_013.wav,7367,0.321632
E:\SIH\ira-wakeword\dataset\negative\speech\7367_7367-86737-0088_neg_002.wav,7367,0.175949
E:\SIH\ira-wakeword\dataset\negative\speech\7367_7367-86737-0088_neg_012.wav,7367,0.033138
E:\SIH\ira-wakeword\dataset\negative\speech\7367_7367-86737-0089_neg_004.wav,7367,0.601578
E:\SIH\ira-wakeword\dataset\negative\speech\7367_7367-86737-0089_neg_008.wav,7367,0.635292
E:\SIH\ira-wakeword\dataset\negative\speech\7367_7367-86737-0089_neg_009.wav,7367,0.006204
E:\SIH\ira-wakeword\dataset\negative\speech\7367_7367-86737-0091_neg_004.wav,7367,0.024282
E:\SIH\ira-wakeword\dataset\negative\speech\7367_7367-86737-0091_neg_008.wav,7367,0.000804
E:\SIH\ira-wakeword\dataset\negative\speech\7367_7367-86737-0092_neg_001.wav,7367,0.131564
E:\SIH\ira-wakeword\dataset\negative\speech\7367_7367-86737-0092_neg_005.wav,7367,0.062971
E:\SIH\ira-wakeword\dataset\negative\speech\7367_7367-86737-0094_neg_010.wav,7367,0.024754
E:\SIH\ira-wakeword\dataset\negative\speech\7367_7367-86737-0096_neg_001.wav,7367,0.464857
E:\SIH\ira-wakeword\dataset\negative\speech\7367_7367-86737-0096_neg_002.wav,7367,0.170356
E:\SIH\ira-wakeword\dataset\negative\speech\7367_7367-86737-0096_neg_009.wav,7367,0.025806
E:\SIH\ira-wakeword\dataset\negative\speech\7367_7367-86737-0097_neg_002.wav,7367,0.002104
E:\SIH\ira-wakeword\dataset\negative\speech\7367_7367-86737-0097_neg_008.wav,7367,0.162752
E:\SIH\ira-wakeword\dataset\negative\speech\7367_7367-86737-0097_neg_011.wav,7367,0.099904
E:\SIH\ira-wakeword\dataset\negative\speech\7367_7367-86737-0100_neg_010.wav,7367,0.025188
E:\SIH\ira-wakeword\dataset\negative\speech\7367_7367-86737-0101_neg_000.wav,7367,0.548194
E:\SIH\ira-wakeword\dataset\negative\speech\7367_7367-86737-0101_neg_007.wav,7367,0.022298
E:\SIH\ira-wakeword\dataset\negative\speech\7367_7367-86737-0101_neg_010.wav,7367,0.298357
E:\SIH\ira-wakeword\dataset\negative\speech\7367_7367-86737-0101_neg_012.wav,7367,0.837059
E:\SIH\ira-wakeword\dataset\negative\speech\7367_7367-86737-0102_neg_005.wav,7367,0.108526
E:\SIH\ira-wakeword\dataset\negative\speech\7367_7367-86737-0103_neg_006.wav,7367,0.103500
E:\SIH\ira-wakeword\dataset\negative\speech\7367_7367-86737-0103_neg_009.wav,7367,0.012009
E:\SIH\ira-wakeword\dataset\negative\speech\7367_7367-86737-0104_neg_008.wav,7367,0.047228
E:\SIH\ira-wakeword\dataset\negative\speech\7367_7367-86737-0104_neg_010.wav,7367,0.015667
E:\SIH\ira-wakeword\dataset\negative\speech\7367_7367-86737-0104_neg_013.wav,7367,0.076160
E:\SIH\ira-wakeword\dataset\negative\speech\7367_7367-86737-0107_neg_005.wav,7367,0.195071
E:\SIH\ira-wakeword\dataset\negative\speech\7367_7367-86737-0107_neg_014.wav,7367,0.076203
E:\SIH\ira-wakeword\dataset\negative\speech\7367_7367-86737-0109_neg_009.wav,7367,0.604805
E:\SIH\ira-wakeword\dataset\negative\speech\7367_7367-86737-0110_neg_006.wav,7367,0.125465
E:\SIH\ira-wakeword\dataset\negative\speech\7367_7367-86737-0110_neg_010.wav,7367,0.027826
E:\SIH\ira-wakeword\dataset\negative\speech\7367_7367-86737-0112_neg_001.wav,7367,0.039823
E:\SIH\ira-wakeword\dataset\negative\speech\7367_7367-86737-0112_neg_004.wav,7367,0.252689
E:\SIH\ira-wakeword\dataset\negative\speech\7367_7367-86737-0114_neg_004.wav,7367,0.194290
E:\SIH\ira-wakeword\dataset\negative\speech\7367_7367-86737-0116_neg_005.wav,7367,0.025337
E:\SIH\ira-wakeword\dataset\negative\speech\7367_7367-86737-0116_neg_008.wav,7367,0.029606
E:\SIH\ira-wakeword\dataset\negative\speech\7367_7367-86737-0116_neg_011.wav,7367,0.039708
E:\SIH\ira-wakeword\dataset\negative\speech\7367_7367-86737-0117_neg_007.wav,7367,0.029339
E:\SIH\ira-wakeword\dataset\negative\speech\7367_7367-86737-0118_neg_007.wav,7367,0.233601
E:\SIH\ira-wakeword\dataset\negative\speech\7859_7859-102519-0000_neg_007.wav,7859,0.250996
E:\SIH\ira-wakeword\dataset\negative\speech\7859_7859-102519-0001_neg_000.wav,7859,0.968445
E:\SIH\ira-wakeword\dataset\negative\speech\7859_7859-102519-0001_neg_003.wav,7859,0.028897
E:\SIH\ira-wakeword\dataset\negative\speech\7859_7859-102519-0001_neg_005.wav,7859,0.170593
E:\SIH\ira-wakeword\dataset\negative\speech\7859_7859-102519-0001_neg_008.wav,7859,0.054232
E:\SIH\ira-wakeword\dataset\negative\speech\7859_7859-102519-0002_neg_000.wav,7859,0.740426
E:\SIH\ira-wakeword\dataset\negative\speech\7859_7859-102519-0002_neg_003.wav,7859,0.001917
E:\SIH\ira-wakeword\dataset\negative\speech\7859_7859-102519-0002_neg_005.wav,7859,0.592610
E:\SIH\ira-wakeword\dataset\negative\speech\7859_7859-102519-0002_neg_011.wav,7859,0.005728
E:\SIH\ira-wakeword\dataset\negative\speech\7859_7859-102519-0003_neg_000.wav,7859,0.043537
E:\SIH\ira-wakeword\dataset\negative\speech\7859_7859-102519-0003_neg_002.wav,7859,0.049571
E:\SIH\ira-wakeword\dataset\negative\speech\7859_7859-102519-0003_neg_005.wav,7859,0.067363
E:\SIH\ira-wakeword\dataset\negative\speech\7859_7859-102519-0004_neg_004.wav,7859,0.281438
E:\SIH\ira-wakeword\dataset\negative\speech\7859_7859-102519-0004_neg_005.wav,7859,0.010865
E:\SIH\ira-wakeword\dataset\negative\speech\7859_7859-102519-0004_neg_007.wav,7859,0.020230
E:\SIH\ira-wakeword\dataset\negative\speech\7859_7859-102519-0004_neg_009.wav,7859,0.013230
E:\SIH\ira-wakeword\dataset\negative\speech\7859_7859-102519-0005_neg_000.wav,7859,0.252370
E:\SIH\ira-wakeword\dataset\negative\speech\7859_7859-102519-0005_neg_001.wav,7859,0.002802
E:\SIH\ira-wakeword\dataset\negative\speech\7859_7859-102519-0005_neg_004.wav,7859,0.031186
E:\SIH\ira-wakeword\dataset\negative\speech\7859_7859-102519-0006_neg_000.wav,7859,0.195904
E:\SIH\ira-wakeword\dataset\negative\speech\7859_7859-102519-0006_neg_002.wav,7859,0.270871
E:\SIH\ira-wakeword\dataset\negative\speech\7859_7859-102519-0006_neg_012.wav,7859,0.020185
E:\SIH\ira-wakeword\dataset\negative\speech\7859_7859-102519-0006_neg_013.wav,7859,0.073657
E:\SIH\ira-wakeword\dataset\negative\speech\7859_7859-102519-0007_neg_003.wav,7859,0.005667
E:\SIH\ira-wakeword\dataset\negative\speech\7859_7859-102519-0008_neg_008.wav,7859,0.006378
E:\SIH\ira-wakeword\dataset\negative\speech\7859_7859-102519-0008_neg_012.wav,7859,0.006463
E:\SIH\ira-wakeword\dataset\negative\speech\7859_7859-102519-0009_neg_003.wav,7859,0.106171
E:\SIH\ira-wakeword\dataset\negative\speech\7859_7859-102519-0009_neg_007.wav,7859,0.014665
E:\SIH\ira-wakeword\dataset\negative\speech\7859_7859-102519-0009_neg_009.wav,7859,0.010293
E:\SIH\ira-wakeword\dataset\negative\speech\7859_7859-102519-0010_neg_007.wav,7859,0.177432
E:\SIH\ira-wakeword\dataset\negative\speech\7859_7859-102519-0011_neg_005.wav,7859,0.063908
E:\SIH\ira-wakeword\dataset\negative\speech\7859_7859-102519-0011_neg_007.wav,7859,0.068039
E:\SIH\ira-wakeword\dataset\negative\speech\7859_7859-102519-0011_neg_009.wav,7859,0.239820
E:\SIH\ira-wakeword\dataset\negative\speech\7859_7859-102519-0012_neg_001.wav,7859,0.438839
E:\SIH\ira-wakeword\dataset\negative\speech\7859_7859-102519-0012_neg_005.wav,7859,0.001736
E:\SIH\ira-wakeword\dataset\negative\speech\7859_7859-102519-0012_neg_010.wav,7859,0.002804
E:\SIH\ira-wakeword\dataset\negative\speech\7859_7859-102519-0012_neg_011.wav,7859,0.148764
E:\SIH\ira-wakeword\dataset\negative\speech\7859_7859-102519-0013_neg_001.wav,7859,0.015011
E:\SIH\ira-wakeword\dataset\negative\speech\7859_7859-102519-0014_neg_000.wav,7859,0.270292
E:\SIH\ira-wakeword\dataset\negative\speech\7859_7859-102519-0014_neg_001.wav,7859,0.074808
E:\SIH\ira-wakeword\dataset\negative\speech\7859_7859-102519-0014_neg_002.wav,7859,0.053426
E:\SIH\ira-wakeword\dataset\negative\speech\7859_7859-102519-0014_neg_003.wav,7859,0.077960
E:\SIH\ira-wakeword\dataset\negative\speech\7859_7859-102519-0014_neg_006.wav,7859,0.067876
E:\SIH\ira-wakeword\dataset\negative\speech\7859_7859-102519-0015_neg_003.wav,7859,0.005010
E:\SIH\ira-wakeword\dataset\negative\speech\7859_7859-102519-0016_neg_005.wav,7859,0.115483
E:\SIH\ira-wakeword\dataset\negative\speech\7859_7859-102519-0016_neg_006.wav,7859,0.016048
E:\SIH\ira-wakeword\dataset\negative\speech\7859_7859-102519-0017_neg_003.wav,7859,0.010495
E:\SIH\ira-wakeword\dataset\negative\speech\7859_7859-102519-0017_neg_005.wav,7859,0.001085
E:\SIH\ira-wakeword\dataset\negative\speech\7859_7859-102519-0017_neg_010.wav,7859,0.073763
E:\SIH\ira-wakeword\dataset\negative\speech\7859_7859-102519-0017_neg_011.wav,7859,0.315516
E:\SIH\ira-wakeword\dataset\negative\speech\7859_7859-102519-0018_neg_006.wav,7859,0.006975
E:\SIH\ira-wakeword\dataset\negative\speech\7859_7859-102519-0018_neg_007.wav,7859,0.044258
E:\SIH\ira-wakeword\dataset\negative\speech\7859_7859-102519-0019_neg_000.wav,7859,0.032343
E:\SIH\ira-wakeword\dataset\negative\speech\7859_7859-102519-0020_neg_002.wav,7859,0.076271
E:\SIH\ira-wakeword\dataset\negative\speech\7859_7859-102519-0022_neg_000.wav,7859,0.012693
E:\SIH\ira-wakeword\dataset\negative\speech\7859_7859-102519-0022_neg_005.wav,7859,0.013247
E:\SIH\ira-wakeword\dataset\negative\speech\7859_7859-102519-0024_neg_005.wav,7859,0.633122
E:\SIH\ira-wakeword\dataset\negative\speech\7859_7859-102519-0024_neg_011.wav,7859,0.016144
E:\SIH\ira-wakeword\dataset\negative\speech\7859_7859-102519-0025_neg_000.wav,7859,0.125102
E:\SIH\ira-wakeword\dataset\negative\speech\7859_7859-102519-0025_neg_005.wav,7859,0.009540
E:\SIH\ira-wakeword\dataset\negative\speech\7859_7859-102519-0025_neg_006.wav,7859,0.033525
E:\SIH\ira-wakeword\dataset\negative\speech\7859_7859-102519-0025_neg_010.wav,7859,0.006237
E:\SIH\ira-wakeword\dataset\negative\speech\7859_7859-102519-0027_neg_002.wav,7859,0.246060
E:\SIH\ira-wakeword\dataset\negative\speech\7859_7859-102519-0027_neg_007.wav,7859,0.036206
E:\SIH\ira-wakeword\dataset\negative\speech\7859_7859-102519-0028_neg_003.wav,7859,0.013873
E:\SIH\ira-wakeword\dataset\negative\speech\7859_7859-102519-0028_neg_010.wav,7859,0.001514
E:\SIH\ira-wakeword\dataset\negative\speech\7859_7859-102519-0029_neg_002.wav,7859,0.041714
E:\SIH\ira-wakeword\dataset\negative\speech\7859_7859-102519-0029_neg_007.wav,7859,0.158265
E:\SIH\ira-wakeword\dataset\negative\speech\7859_7859-102519-0029_neg_008.wav,7859,0.123398
E:\SIH\ira-wakeword\dataset\negative\speech\7859_7859-102519-0029_neg_010.wav,7859,0.115439
E:\SIH\ira-wakeword\dataset\negative\speech\7859_7859-102519-0029_neg_012.wav,7859,0.000377
E:\SIH\ira-wakeword\dataset\negative\speech\7859_7859-102519-0031_neg_001.wav,7859,0.031242
E:\SIH\ira-wakeword\dataset\negative\speech\7859_7859-102519-0031_neg_005.wav,7859,0.624960
E:\SIH\ira-wakeword\dataset\negative\speech\7859_7859-102519-0031_neg_007.wav,7859,0.028051
E:\SIH\ira-wakeword\dataset\negative\speech\7859_7859-102519-0031_neg_009.wav,7859,0.264103
E:\SIH\ira-wakeword\dataset\negative\speech\7859_7859-102519-0032_neg_003.wav,7859,0.004219
E:\SIH\ira-wakeword\dataset\negative\speech\7859_7859-102519-0034_neg_000.wav,7859,0.017196
E:\SIH\ira-wakeword\dataset\negative\speech\7859_7859-102519-0034_neg_001.wav,7859,0.021867
E:\SIH\ira-wakeword\dataset\negative\speech\7859_7859-102519-0034_neg_005.wav,7859,0.014631
E:\SIH\ira-wakeword\dataset\negative\speech\7859_7859-102519-0034_neg_009.wav,7859,0.281944
E:\SIH\ira-wakeword\dataset\negative\speech\7859_7859-102519-0034_neg_011.wav,7859,0.016670
E:\SIH\ira-wakeword\dataset\negative\speech\7859_7859-102519-0035_neg_004.wav,7859,0.042299
E:\SIH\ira-wakeword\dataset\negative\speech\7859_7859-102519-0035_neg_006.wav,7859,0.138552
E:\SIH\ira-wakeword\dataset\negative\speech\7859_7859-102519-0035_neg_007.wav,7859,0.016064
E:\SIH\ira-wakeword\dataset\negative\speech\7859_7859-102519-0035_neg_009.wav,7859,0.029135
E:\SIH\ira-wakeword\dataset\negative\speech\7859_7859-102519-0036_neg_003.wav,7859,0.023814
E:\SIH\ira-wakeword\dataset\negative\speech\7859_7859-102519-0036_neg_008.wav,7859,0.062565
E:\SIH\ira-wakeword\dataset\negative\speech\7859_7859-102519-0036_neg_009.wav,7859,0.323300
E:\SIH\ira-wakeword\dataset\negative\speech\7859_7859-102519-0037_neg_004.wav,7859,0.031087
E:\SIH\ira-wakeword\dataset\negative\speech\7859_7859-102519-0037_neg_005.wav,7859,0.049578
E:\SIH\ira-wakeword\dataset\negative\speech\7859_7859-102519-0037_neg_007.wav,7859,0.074272
E:\SIH\ira-wakeword\dataset\negative\speech\7859_7859-102519-0037_neg_008.wav,7859,0.008382
E:\SIH\ira-wakeword\dataset\negative\speech\7859_7859-102519-0037_neg_010.wav,7859,0.757217
E:\SIH\ira-wakeword\dataset\negative\speech\7859_7859-102519-0037_neg_013.wav,7859,0.110697
E:\SIH\ira-wakeword\dataset\negative\speech\7859_7859-102519-0038_neg_010.wav,7859,0.323140
E:\SIH\ira-wakeword\dataset\negative\speech\7859_7859-102519-0038_neg_011.wav,7859,0.194249
E:\SIH\ira-wakeword\dataset\negative\speech\7859_7859-102519-0038_neg_013.wav,7859,0.038742
E:\SIH\ira-wakeword\dataset\negative\speech\7859_7859-102519-0038_neg_014.wav,7859,0.005502
E:\SIH\ira-wakeword\dataset\negative\speech\7859_7859-102519-0039_neg_002.wav,7859,0.017353
E:\SIH\ira-wakeword\dataset\negative\speech\7859_7859-102519-0039_neg_011.wav,7859,0.064845
E:\SIH\ira-wakeword\dataset\negative\speech\7859_7859-102519-0040_neg_005.wav,7859,0.222259
E:\SIH\ira-wakeword\dataset\negative\speech\7859_7859-102519-0041_neg_002.wav,7859,0.001168
E:\SIH\ira-wakeword\dataset\negative\speech\7859_7859-102519-0041_neg_005.wav,7859,0.006551
E:\SIH\ira-wakeword\dataset\negative\speech\7859_7859-102519-0042_neg_010.wav,7859,0.004483
E:\SIH\ira-wakeword\dataset\negative\speech\7859_7859-102519-0042_neg_013.wav,7859,0.263739
E:\SIH\ira-wakeword\dataset\negative\speech\7859_7859-102519-0043_neg_000.wav,7859,0.080952
E:\SIH\ira-wakeword\dataset\negative\speech\7859_7859-102519-0043_neg_005.wav,7859,0.082192
E:\SIH\ira-wakeword\dataset\negative\speech\7859_7859-102519-0043_neg_006.wav,7859,0.006317
E:\SIH\ira-wakeword\dataset\negative\speech\7859_7859-102519-0043_neg_008.wav,7859,0.000569
E:\SIH\ira-wakeword\dataset\negative\speech\7859_7859-102519-0044_neg_002.wav,7859,0.267276
E:\SIH\ira-wakeword\dataset\negative\speech\7859_7859-102519-0044_neg_008.wav,7859,0.012829
E:\SIH\ira-wakeword\dataset\negative\speech\7859_7859-102519-0044_neg_009.wav,7859,0.032762
E:\SIH\ira-wakeword\dataset\negative\speech\7859_7859-102519-0044_neg_012.wav,7859,0.055317
E:\SIH\ira-wakeword\dataset\negative\speech\7859_7859-102519-0045_neg_003.wav,7859,0.137770
E:\SIH\ira-wakeword\dataset\negative\speech\7859_7859-102519-0045_neg_005.wav,7859,0.256650
E:\SIH\ira-wakeword\dataset\negative\speech\7859_7859-102519-0045_neg_009.wav,7859,0.046552
E:\SIH\ira-wakeword\dataset\negative\speech\7859_7859-102519-0046_neg_003.wav,7859,0.025042
E:\SIH\ira-wakeword\dataset\negative\speech\7859_7859-102519-0046_neg_007.wav,7859,0.034687
E:\SIH\ira-wakeword\dataset\negative\speech\7859_7859-102519-0046_neg_011.wav,7859,0.004317
E:\SIH\ira-wakeword\dataset\negative\speech\7859_7859-102519-0048_neg_000.wav,7859,0.006323
E:\SIH\ira-wakeword\dataset\negative\speech\7859_7859-102519-0048_neg_006.wav,7859,0.094716
E:\SIH\ira-wakeword\dataset\negative\speech\7859_7859-102519-0048_neg_007.wav,7859,0.002308
E:\SIH\ira-wakeword\dataset\negative\speech\7859_7859-102519-0048_neg_009.wav,7859,0.010088
E:\SIH\ira-wakeword\dataset\negative\speech\7859_7859-102519-0049_neg_008.wav,7859,0.011929
E:\SIH\ira-wakeword\dataset\negative\speech\7859_7859-102519-0050_neg_004.wav,7859,0.007135
E:\SIH\ira-wakeword\dataset\negative\speech\7859_7859-102519-0050_neg_007.wav,7859,0.034943
E:\SIH\ira-wakeword\dataset\negative\speech\7859_7859-102519-0050_neg_011.wav,7859,0.009213
E:\SIH\ira-wakeword\dataset\negative\speech\7859_7859-102519-0050_neg_014.wav,7859,0.009846
E:\SIH\ira-wakeword\dataset\negative\speech\7859_7859-102519-0052_neg_000.wav,7859,0.001589
E:\SIH\ira-wakeword\dataset\negative\speech\7859_7859-102519-0053_neg_001.wav,7859,0.555302
E:\SIH\ira-wakeword\dataset\negative\speech\7859_7859-102519-0054_neg_000.wav,7859,0.273891
E:\SIH\ira-wakeword\dataset\negative\speech\7859_7859-102519-0054_neg_004.wav,7859,0.027403
E:\SIH\ira-wakeword\dataset\negative\speech\7859_7859-102519-0054_neg_008.wav,7859,0.344446
E:\SIH\ira-wakeword\dataset\negative\speech\7859_7859-102519-0055_neg_000.wav,7859,0.710250
E:\SIH\ira-wakeword\dataset\negative\speech\7859_7859-102519-0055_neg_002.wav,7859,0.010577
E:\SIH\ira-wakeword\dataset\negative\speech\7859_7859-102519-0055_neg_004.wav,7859,0.744703
E:\SIH\ira-wakeword\dataset\negative\speech\7859_7859-102519-0056_neg_000.wav,7859,0.080550
E:\SIH\ira-wakeword\dataset\negative\speech\7859_7859-102519-0056_neg_001.wav,7859,0.038785
E:\SIH\ira-wakeword\dataset\negative\speech\7859_7859-102519-0056_neg_002.wav,7859,0.149699
E:\SIH\ira-wakeword\dataset\negative\speech\7859_7859-102519-0056_neg_009.wav,7859,0.150175
E:\SIH\ira-wakeword\dataset\negative\speech\7859_7859-102519-0056_neg_010.wav,7859,0.117673
E:\SIH\ira-wakeword\dataset\negative\speech\7859_7859-102519-0056_neg_013.wav,7859,0.065692
E:\SIH\ira-wakeword\dataset\negative\speech\8629_8629-261139-0001_neg_004.wav,8629,0.001643
E:\SIH\ira-wakeword\dataset\negative\speech\8629_8629-261139-0001_neg_005.wav,8629,0.042311
E:\SIH\ira-wakeword\dataset\negative\speech\8629_8629-261139-0001_neg_009.wav,8629,0.005842
E:\SIH\ira-wakeword\dataset\negative\speech\8629_8629-261139-0001_neg_011.wav,8629,0.416165
E:\SIH\ira-wakeword\dataset\negative\speech\8629_8629-261139-0003_neg_001.wav,8629,0.460866
E:\SIH\ira-wakeword\dataset\negative\speech\8629_8629-261139-0003_neg_010.wav,8629,0.168132
E:\SIH\ira-wakeword\dataset\negative\speech\8629_8629-261139-0004_neg_002.wav,8629,0.019094
E:\SIH\ira-wakeword\dataset\negative\speech\8629_8629-261139-0005_neg_010.wav,8629,0.018039
E:\SIH\ira-wakeword\dataset\negative\speech\8629_8629-261139-0006_neg_000.wav,8629,0.278810
E:\SIH\ira-wakeword\dataset\negative\speech\8629_8629-261139-0006_neg_010.wav,8629,0.013001
E:\SIH\ira-wakeword\dataset\negative\speech\8629_8629-261139-0008_neg_002.wav,8629,0.004385
E:\SIH\ira-wakeword\dataset\negative\speech\8629_8629-261139-0008_neg_011.wav,8629,0.095037
E:\SIH\ira-wakeword\dataset\negative\speech\8629_8629-261139-0009_neg_011.wav,8629,0.060962
E:\SIH\ira-wakeword\dataset\negative\speech\8629_8629-261139-0010_neg_003.wav,8629,0.021438
E:\SIH\ira-wakeword\dataset\negative\speech\8629_8629-261139-0010_neg_008.wav,8629,0.007590
E:\SIH\ira-wakeword\dataset\negative\speech\8629_8629-261139-0011_neg_006.wav,8629,0.206991
E:\SIH\ira-wakeword\dataset\negative\speech\8629_8629-261139-0011_neg_011.wav,8629,0.071564
E:\SIH\ira-wakeword\dataset\negative\speech\8629_8629-261139-0012_neg_007.wav,8629,0.100031
E:\SIH\ira-wakeword\dataset\negative\speech\8629_8629-261139-0013_neg_000.wav,8629,0.033710
E:\SIH\ira-wakeword\dataset\negative\speech\8629_8629-261139-0013_neg_003.wav,8629,0.088519
E:\SIH\ira-wakeword\dataset\negative\speech\8629_8629-261139-0013_neg_006.wav,8629,0.002634
E:\SIH\ira-wakeword\dataset\negative\speech\8629_8629-261139-0013_neg_008.wav,8629,0.025631
E:\SIH\ira-wakeword\dataset\negative\speech\8629_8629-261139-0013_neg_014.wav,8629,0.877470
E:\SIH\ira-wakeword\dataset\negative\speech\8629_8629-261139-0014_neg_010.wav,8629,0.541804
E:\SIH\ira-wakeword\dataset\negative\speech\8629_8629-261139-0014_neg_011.wav,8629,0.051429
E:\SIH\ira-wakeword\dataset\negative\speech\8629_8629-261139-0015_neg_001.wav,8629,0.011282
E:\SIH\ira-wakeword\dataset\negative\speech\8629_8629-261139-0015_neg_006.wav,8629,0.006681
E:\SIH\ira-wakeword\dataset\negative\speech\8629_8629-261139-0015_neg_009.wav,8629,0.040026
E:\SIH\ira-wakeword\dataset\negative\speech\8629_8629-261139-0016_neg_001.wav,8629,0.001726
E:\SIH\ira-wakeword\dataset\negative\speech\8629_8629-261139-0016_neg_005.wav,8629,0.015091
E:\SIH\ira-wakeword\dataset\negative\speech\8629_8629-261139-0016_neg_009.wav,8629,0.190097
E:\SIH\ira-wakeword\dataset\negative\speech\8629_8629-261139-0017_neg_002.wav,8629,0.150967
E:\SIH\ira-wakeword\dataset\negative\speech\8629_8629-261139-0017_neg_012.wav,8629,0.050756
E:\SIH\ira-wakeword\dataset\negative\speech\8629_8629-261139-0017_neg_014.wav,8629,0.337187
E:\SIH\ira-wakeword\dataset\negative\speech\8629_8629-261139-0018_neg_006.wav,8629,0.757529
E:\SIH\ira-wakeword\dataset\negative\speech\8629_8629-261139-0018_neg_009.wav,8629,0.084234
E:\SIH\ira-wakeword\dataset\negative\speech\8629_8629-261139-0018_neg_010.wav,8629,0.013555
E:\SIH\ira-wakeword\dataset\negative\speech\8629_8629-261139-0018_neg_012.wav,8629,0.010017
E:\SIH\ira-wakeword\dataset\negative\speech\8629_8629-261139-0020_neg_005.wav,8629,0.949674
E:\SIH\ira-wakeword\dataset\negative\speech\8629_8629-261139-0020_neg_006.wav,8629,0.172191
E:\SIH\ira-wakeword\dataset\negative\speech\8629_8629-261139-0020_neg_013.wav,8629,0.176236
E:\SIH\ira-wakeword\dataset\negative\speech\8629_8629-261139-0021_neg_000.wav,8629,0.090762
E:\SIH\ira-wakeword\dataset\negative\speech\8629_8629-261139-0021_neg_005.wav,8629,0.002678
E:\SIH\ira-wakeword\dataset\negative\speech\8629_8629-261139-0021_neg_006.wav,8629,0.023002
E:\SIH\ira-wakeword\dataset\negative\speech\8629_8629-261139-0021_neg_007.wav,8629,0.144956
E:\SIH\ira-wakeword\dataset\negative\speech\8629_8629-261139-0021_neg_009.wav,8629,0.016913
E:\SIH\ira-wakeword\dataset\negative\speech\8629_8629-261139-0021_neg_012.wav,8629,0.024450
E:\SIH\ira-wakeword\dataset\negative\speech\8629_8629-261139-0022_neg_006.wav,8629,0.022489
E:\SIH\ira-wakeword\dataset\negative\speech\8629_8629-261139-0022_neg_007.wav,8629,0.087099
E:\SIH\ira-wakeword\dataset\negative\speech\8629_8629-261139-0022_neg_008.wav,8629,0.283153
E:\SIH\ira-wakeword\dataset\negative\speech\8629_8629-261139-0023_neg_002.wav,8629,0.451594
E:\SIH\ira-wakeword\dataset\negative\speech\8629_8629-261139-0023_neg_004.wav,8629,0.017758
E:\SIH\ira-wakeword\dataset\negative\speech\8629_8629-261139-0024_neg_002.wav,8629,0.821397
E:\SIH\ira-wakeword\dataset\negative\speech\8629_8629-261139-0024_neg_003.wav,8629,0.006723
E:\SIH\ira-wakeword\dataset\negative\speech\8629_8629-261139-0025_neg_004.wav,8629,0.038181
E:\SIH\ira-wakeword\dataset\negative\speech\8629_8629-261139-0026_neg_006.wav,8629,0.415693
E:\SIH\ira-wakeword\dataset\negative\speech\8629_8629-261139-0026_neg_011.wav,8629,0.723296
E:\SIH\ira-wakeword\dataset\negative\speech\8629_8629-261139-0026_neg_012.wav,8629,0.011011
E:\SIH\ira-wakeword\dataset\negative\speech\8629_8629-261139-0027_neg_000.wav,8629,0.058102
E:\SIH\ira-wakeword\dataset\negative\speech\8629_8629-261139-0027_neg_001.wav,8629,0.027324
E:\SIH\ira-wakeword\dataset\negative\speech\8629_8629-261139-0027_neg_010.wav,8629,0.326590
E:\SIH\ira-wakeword\dataset\negative\speech\8629_8629-261139-0028_neg_003.wav,8629,0.149524
E:\SIH\ira-wakeword\dataset\negative\speech\8629_8629-261139-0028_neg_004.wav,8629,0.153626
E:\SIH\ira-wakeword\dataset\negative\speech\8629_8629-261139-0029_neg_001.wav,8629,0.010864
E:\SIH\ira-wakeword\dataset\negative\speech\8629_8629-261139-0029_neg_004.wav,8629,0.020906
E:\SIH\ira-wakeword\dataset\negative\speech\8629_8629-261139-0029_neg_013.wav,8629,0.148854
E:\SIH\ira-wakeword\dataset\negative\speech\8629_8629-261139-0030_neg_000.wav,8629,0.027129
E:\SIH\ira-wakeword\dataset\negative\speech\8629_8629-261139-0030_neg_002.wav,8629,0.003335
E:\SIH\ira-wakeword\dataset\negative\speech\8629_8629-261139-0031_neg_001.wav,8629,0.250129
E:\SIH\ira-wakeword\dataset\negative\speech\8629_8629-261139-0032_neg_000.wav,8629,0.637183
E:\SIH\ira-wakeword\dataset\negative\speech\8629_8629-261139-0032_neg_003.wav,8629,0.002896
E:\SIH\ira-wakeword\dataset\negative\speech\8629_8629-261139-0032_neg_008.wav,8629,0.048808
E:\SIH\ira-wakeword\dataset\negative\speech\8629_8629-261139-0032_neg_009.wav,8629,0.010146
E:\SIH\ira-wakeword\dataset\negative\speech\8629_8629-261139-0033_neg_001.wav,8629,0.071881
E:\SIH\ira-wakeword\dataset\negative\speech\8629_8629-261139-0033_neg_005.wav,8629,0.058901
E:\SIH\ira-wakeword\dataset\negative\speech\8629_8629-261139-0033_neg_006.wav,8629,0.550483
E:\SIH\ira-wakeword\dataset\negative\speech\8629_8629-261139-0034_neg_010.wav,8629,0.058095
E:\SIH\ira-wakeword\dataset\negative\speech\8629_8629-261139-0034_neg_014.wav,8629,0.013621
E:\SIH\ira-wakeword\dataset\negative\speech\8629_8629-261139-0035_neg_005.wav,8629,0.057868
E:\SIH\ira-wakeword\dataset\negative\speech\8629_8629-261139-0036_neg_003.wav,8629,0.102806
E:\SIH\ira-wakeword\dataset\negative\speech\8629_8629-261139-0037_neg_001.wav,8629,0.318382
E:\SIH\ira-wakeword\dataset\negative\speech\8629_8629-261139-0038_neg_001.wav,8629,0.385874
E:\SIH\ira-wakeword\dataset\negative\speech\8629_8629-261139-0038_neg_006.wav,8629,0.557574
E:\SIH\ira-wakeword\dataset\negative\speech\8629_8629-261139-0041_neg_001.wav,8629,0.062549
E:\SIH\ira-wakeword\dataset\negative\speech\8629_8629-261139-0042_neg_001.wav,8629,0.025813
E:\SIH\ira-wakeword\dataset\negative\speech\8629_8629-261139-0042_neg_005.wav,8629,0.017409
E:\SIH\ira-wakeword\dataset\negative\speech\8629_8629-261139-0042_neg_006.wav,8629,0.851034
E:\SIH\ira-wakeword\dataset\negative\speech\8629_8629-261139-0042_neg_011.wav,8629,0.080332
E:\SIH\ira-wakeword\dataset\negative\speech\8629_8629-261139-0043_neg_009.wav,8629,0.148437
E:\SIH\ira-wakeword\dataset\negative\speech\8629_8629-261139-0043_neg_010.wav,8629,0.001394
E:\SIH\ira-wakeword\dataset\negative\speech\8629_8629-261139-0043_neg_012.wav,8629,0.069072
E:\SIH\ira-wakeword\dataset\negative\speech\8629_8629-261139-0043_neg_013.wav,8629,0.988452
E:\SIH\ira-wakeword\dataset\negative\speech\8629_8629-261139-0044_neg_000.wav,8629,0.002678
E:\SIH\ira-wakeword\dataset\negative\speech\8629_8629-261139-0044_neg_012.wav,8629,0.010710
E:\SIH\ira-wakeword\dataset\negative\speech\8629_8629-261139-0045_neg_001.wav,8629,0.046901
E:\SIH\ira-wakeword\dataset\negative\speech\8629_8629-261139-0045_neg_010.wav,8629,0.070818
E:\SIH\ira-wakeword\dataset\negative\speech\8629_8629-261139-0047_neg_001.wav,8629,0.000603
E:\SIH\ira-wakeword\dataset\negative\speech\8629_8629-261139-0047_neg_007.wav,8629,0.192403
E:\SIH\ira-wakeword\dataset\negative\speech\8629_8629-261139-0047_neg_009.wav,8629,0.023308
E:\SIH\ira-wakeword\dataset\negative\speech\8629_8629-261139-0047_neg_013.wav,8629,0.011693
E:\SIH\ira-wakeword\dataset\negative\speech\8629_8629-261139-0048_neg_007.wav,8629,0.330983
E:\SIH\ira-wakeword\dataset\negative\speech\8629_8629-261139-0050_neg_002.wav,8629,0.039193
E:\SIH\ira-wakeword\dataset\negative\speech\8629_8629-261139-0050_neg_003.wav,8629,0.025898
E:\SIH\ira-wakeword\dataset\negative\speech\8629_8629-261139-0050_neg_008.wav,8629,0.111926
E:\SIH\ira-wakeword\dataset\negative\speech\8629_8629-261139-0050_neg_010.wav,8629,0.153169
E:\SIH\ira-wakeword\dataset\negative\speech\8629_8629-261139-0051_neg_000.wav,8629,0.014256
E:\SIH\ira-wakeword\dataset\negative\speech\8629_8629-261139-0051_neg_007.wav,8629,0.228533
E:\SIH\ira-wakeword\dataset\negative\speech\8629_8629-261139-0051_neg_012.wav,8629,0.031393
E:\SIH\ira-wakeword\dataset\negative\speech\8629_8629-261139-0051_neg_013.wav,8629,0.315673
E:\SIH\ira-wakeword\dataset\negative\speech\8629_8629-261139-0052_neg_006.wav,8629,0.110797
E:\SIH\ira-wakeword\dataset\negative\speech\8629_8629-261139-0052_neg_011.wav,8629,0.324593
E:\SIH\ira-wakeword\dataset\negative\speech\8629_8629-261139-0053_neg_002.wav,8629,0.013094
E:\SIH\ira-wakeword\dataset\negative\speech\8629_8629-261139-0053_neg_007.wav,8629,0.354612
E:\SIH\ira-wakeword\dataset\negative\speech\8629_8629-261139-0054_neg_003.wav,8629,0.018224
E:\SIH\ira-wakeword\dataset\negative\speech\8629_8629-261139-0055_neg_003.wav,8629,0.028095
E:\SIH\ira-wakeword\dataset\negative\speech\8629_8629-261139-0057_neg_001.wav,8629,0.103786
E:\SIH\ira-wakeword\dataset\negative\speech\8629_8629-261139-0057_neg_002.wav,8629,0.001003
E:\SIH\ira-wakeword\dataset\negative\speech\8629_8629-261139-0057_neg_010.wav,8629,0.001920
E:\SIH\ira-wakeword\dataset\negative\speech\8629_8629-261139-0057_neg_011.wav,8629,0.250844
E:\SIH\ira-wakeword\dataset\negative\speech\8629_8629-261139-0059_neg_002.wav,8629,0.121568
E:\SIH\ira-wakeword\dataset\negative\speech\8629_8629-261139-0059_neg_006.wav,8629,0.028338
E:\SIH\ira-wakeword\dataset\negative\speech\8629_8629-261139-0059_neg_009.wav,8629,0.411936
E:\SIH\ira-wakeword\dataset\negative\speech\8629_8629-261139-0061_neg_000.wav,8629,0.114870
E:\SIH\ira-wakeword\dataset\negative\speech\8629_8629-261139-0061_neg_007.wav,8629,0.001441
E:\SIH\ira-wakeword\dataset\negative\speech\8629_8629-261139-0061_neg_010.wav,8629,0.295616
E:\SIH\ira-wakeword\dataset\negative\speech\8629_8629-261139-0063_neg_003.wav,8629,0.866335
E:\SIH\ira-wakeword\dataset\negative\speech\8629_8629-261139-0063_neg_009.wav,8629,0.147480
E:\SIH\ira-wakeword\dataset\negative\speech\8629_8629-261139-0065_neg_002.wav,8629,0.496344
E:\SIH\ira-wakeword\dataset\negative\speech\8629_8629-261139-0065_neg_009.wav,8629,0.156268
E:\SIH\ira-wakeword\dataset\negative\speech\8629_8629-261139-0065_neg_013.wav,8629,0.153941
E:\SIH\ira-wakeword\dataset\negative\speech\8629_8629-261139-0066_neg_011.wav,8629,0.306302
E:\SIH\ira-wakeword\dataset\negative\speech\8629_8629-261139-0067_neg_001.wav,8629,0.004132
E:\SIH\ira-wakeword\dataset\negative\speech\8629_8629-261139-0068_neg_007.wav,8629,0.019479
E:\SIH\ira-wakeword\dataset\negative\speech\8629_8629-261139-0068_neg_008.wav,8629,0.084380
E:\SIH\ira-wakeword\dataset\negative\speech\8629_8629-261139-0068_neg_014.wav,8629,0.060723
E:\SIH\ira-wakeword\dataset\negative\speech\8629_8629-261139-0069_neg_003.wav,8629,0.006353
E:\SIH\ira-wakeword\dataset\negative\speech\8629_8629-261139-0070_neg_002.wav,8629,0.089665
E:\SIH\ira-wakeword\dataset\negative\speech\8629_8629-261139-0071_neg_000.wav,8629,0.006201
E:\SIH\ira-wakeword\dataset\negative\speech\8629_8629-261139-0071_neg_002.wav,8629,0.500556
E:\SIH\ira-wakeword\dataset\negative\speech\8629_8629-261139-0072_neg_005.wav,8629,0.252358
E:\SIH\ira-wakeword\dataset\negative\speech\8629_8629-261139-0072_neg_012.wav,8629,0.103030
E:\SIH\ira-wakeword\dataset\negative\speech\8629_8629-261139-0074_neg_002.wav,8629,0.702879
