name,path,bytes,readable,format,subtype,samplerate,channels,frames,duration,rms,peak,audio_sha1,byte_sha1,error
ira_0001.wav,D:\SIH\ira-wakeword\ira words\ira words\ira_0001.wav,31230,True,WAV,PCM_16,16000,1,15576,0.9735,0.21461288330130615,0.999969482421875,44d00aa6e7e3b5ec6a28f6d9820d3909b416dc4d,514eca1ca66671af13bd48ead8e3b1800b25e441,
ira_0002.wav,D:\SIH\ira-wakeword\ira words\ira words\ira_0002.wav,30590,True,WAV,PCM_16,16000,1,15256,0.9535,0.16633242996461575,0.997161865234375,c03bbc4864fa5a91dcadf316e3a338833dcdf8cd,34450b1b69b9e56fe33c4bbf91649c17936dc142,
ira_0003.wav,D:\SIH\ira-wakeword\ira words\ira words\ira_0003.wav,42750,True,WAV,PCM_16,16000,1,21336,1.3335,0.17865708612780004,0.999969482421875,6820f5d97710c2a67769d7d18b1ee3eb76b52bce,19cab19c7fb6a8a7136b916b0bc8e0350fb16d3b,
ira_0004.wav,D:\SIH\ira-wakeword\ira words\ira words\ira_0004.wav,40190,True,WAV,PCM_16,16000,1,20056,1.2535,0.1858606811285812,0.999969482421875,5f1cadaadc7dbbe8364d3725efed047852898ee1,2cb16aeda0eb71118c6ce9a90a47b9493003f873,
ira_0005.wav,D:\SIH\ira-wakeword\ira words\ira words\ira_0005.wav,44670,True,WAV,PCM_16,16000,1,22296,1.3935,0.18205911135367123,0.999969482421875,f0421e5c0ed2b0ca2812c40653c242a6b9cb6be4,5636b2683f1ad3a99b7e86de796b5305c5183050,
ira_0006.wav,D:\SIH\ira-wakeword\ira words\ira words\ira_0006.wav,32510,True,WAV,PCM_16,16000,1,16216,1.0135,0.19088964598264138,0.999969482421875,c346f24a14bc1626adee18bba882f7f100f93832,f988f7fd49eae7105405662070b5716807799147,
ira_0007.wav,D:\SIH\ira-wakeword\ira words\ira words\ira_0007.wav,28670,True,WAV,PCM_16,16000,1,14296,0.8935,0.18923183357631357,0.999969482421875,cf70b7c624cfad9d4b6fec928a66b4d84766377e,306e3763c790480eff217350f697407d9f75bfe0,
ira_0008.wav,D:\SIH\ira-wakeword\ira words\ira words\ira_0008.wav,44670,True,WAV,PCM_16,16000,1,22296,1.3935,0.17749773879452288,0.999969482421875,54b7c0a451ee7674f3e81ef59bf47650a0a6511b,7d0bed3ee99903f3e61fb4e743d08a2d336f4f41,
ira_0009.wav,D:\SIH\ira-wakeword\ira words\ira words\ira_0009.wav,49790,True,WAV,PCM_16,16000,1,24856,1.5535,0.14206113792844272,0.999969482421875,74d9fa3a4d5d4ef5ded98f2d35ea554d12d42db8,c395e11410e65cb1bbe29a3b8f2d82e243df351f,
ira_0010.wav,D:\SIH\ira-wakeword\ira words\ira words\ira_0010.wav,45950,True,WAV,PCM_16,16000,1,22936,1.4335,0.16018190830810572,1.0,69a39c4acdbaf56b7c2cf148ac309d74a2603fc7,dfd3e057279fa186e1c0ebf27685123ef6391cef,
ira_0011.wav,D:\SIH\ira-wakeword\ira words\ira words\ira_0011.wav,30590,True,WAV,PCM_16,16000,1,15256,0.9535,0.20723557547258487,0.999969482421875,ac0e1c00297a5bb7c5e1d35028d7fb012f7c2efc,b0b3337a1e65f908329b7ac56b1093ce555871e1,
ira_0012.wav,D:\SIH\ira-wakeword\ira words\ira words\ira_0012.wav,39550,True,WAV,PCM_16,16000,1,19736,1.2335,0.1706281029504316,0.999969482421875,b188cbdcf4fd74c2f6738c539fa8258d1833eb29,c9d11027ba62767051480fce1a6fba30aa57c804,
ira_0013.wav,D:\SIH\ira-wakeword\ira words\ira words\ira_0013.wav,42750,True,WAV,PCM_16,16000,1,21336,1.3335,0.1757500024864971,0.999969482421875,bc454c323a5a5fae467b1fa60f1beab112269d46,26dbacee43d0c36e8435502f53cbb2d8eceb043b,
ira_0014.wav,D:\SIH\ira-wakeword\ira words\ira words\ira_0014.wav,40830,True,WAV,PCM_16,16000,1,20376,1.2735,0.18081959158089808,0.999969482421875,ed439ab98ee25de6e49cfa7187d1cb3fefdcfddb,0b989fcfe1dd4b1a21835c0b2288b47dd7f4d53b,
ira_0015.wav,D:\SIH\ira-wakeword\ira words\ira words\ira_0015.wav,31870,True,WAV,PCM_16,16000,1,15896,0.9935,0.1926617427977735,0.999969482421875,a5b2c261a2319fb10d76b85f66ab40d9af36eeb7,5a63ae69e3aa0066168b989db72450d22e4c022a,
ira_0016.wav,D:\SIH\ira-wakeword\ira words\ira words\ira_0016.wav,52990,True,WAV,PCM_16,16000,1,26456,1.6535,0.15023208181157213,0.84466552734375,963a02ef3c40c3f648052ade7b7cfb1755322e9c,6ce4efc94b0fb7a61fb6973a52eb09849fd99f6e,
ira_0017.wav,D:\SIH\ira-wakeword\ira words\ira words\ira_0017.wav,47230,True,WAV,PCM_16,16000,1,23576,1.4735,0.14078866563168724,0.93463134765625,3fe4172882c88e7a6e07997fa70dd179c255e89a,5ab1f997514c92dae40766ab526f2f274da8344b,
ira_0018.wav,D:\SIH\ira-wakeword\ira words\ira words\ira_0018.wav,40190,True,WAV,PCM_16,16000,1,20056,1.2535,0.1518916736543176,0.963958740234375,9619448718572b285dbb49f8efd10ae5ceb0ac6a,9e821c41ac49f79f7024c09ff36028f4ceb142ba,
ira_0019.wav,D:\SIH\ira-wakeword\ira words\ira words\ira_0019.wav,46590,True,WAV,PCM_16,16000,1,23256,1.4535,0.15769614816228217,0.97747802734375,e065d3b4c423fa048a9e1fe5bb3e2091d82311ce,ab5b6d7dc3c850e668bc14a7d327cbd2cf7f2f7b,
ira_0020.wav,D:\SIH\ira-wakeword\ira words\ira words\ira_0020.wav,46590,True,WAV,PCM_16,16000,1,23256,1.4535,0.22044055884772637,0.999969482421875,b47c2d5c5256b7cde896b277705f49a8d2b8c6fe,9c44d151bcfee582cd7a59b49af670245cd856f3,
ira_0021.wav,D:\SIH\ira-wakeword\ira words\ira words\ira_0021.wav,52990,True,WAV,PCM_16,16000,1,26456,1.6535,0.18711542976365567,0.999969482421875,5334619098592506cf9151027514c29b03845328,40e7df3f58eb2b529bd55a648c8aa19a587ad637,
ira_0022.wav,D:\SIH\ira-wakeword\ira words\ira words\ira_0022.wav,42750,True,WAV,PCM_16,16000,1,21336,1.3335,0.19946807204485809,0.999969482421875,85746d67b29ba7dee4ad1b63eb57228d47cf38eb,12d3ff4b2c291a50477a779445074abab0aabe3c,
ira_0023.wav,D:\SIH\ira-wakeword\ira words\ira words\ira_0023.wav,44670,True,WAV,PCM_16,16000,1,22296,1.3935,0.20582955720344778,0.999969482421875,7218b5b167c994a38c0516f4faba04ad7834fd4d,bdacf819f796de7486b6cc5c2fddc056d901eca5,
ira_0024.wav,D:\SIH\ira-wakeword\ira words\ira words\ira_0024.wav,39550,True,WAV,PCM_16,16000,1,19736,1.2335,0.18278163482037976,0.999969482421875,33fc4eb9e63babf51056878d86772ee3ab87df44,4583d793721a7123d3b87702d52ba63b6f02e4ed,
ira_0025.wav,D:\SIH\ira-wakeword\ira words\ira words\ira_0025.wav,27390,True,WAV,PCM_16,16000,1,13656,0.8535,0.22578823363817413,1.0,a2b6f405042d4f098509cf66631140778bc2e2bd,553777b689a8fc306abd6db0b1dbd8ac3105362a,
ira_0026.wav,D:\SIH\ira-wakeword\ira words\ira words\ira_0026.wav,36350,True,WAV,PCM_16,16000,1,18136,1.1335,0.2036349831941759,1.0,a7d80aa051607017e78e39a9dfe947624a84d939,8ca431eb8c566d063341449170837862f50e35e1,
ira_0027.wav,D:\SIH\ira-wakeword\ira words\ira words\ira_0027.wav,39550,True,WAV,PCM_16,16000,1,19736,1.2335,0.18055858892651014,1.0,75dfbfbde19f06959e9d8860ac012c561254ee7a,8b9adeca35895fab7fe78a4f01cd903cc755da0d,
ira_0028.wav,D:\SIH\ira-wakeword\ira words\ira words\ira_0028.wav,46590,True,WAV,PCM_16,16000,1,23256,1.4535,0.18464021174710307,0.999969482421875,e872b5db120b9ecad891acccd95ed250b9134891,a1c9c3bb446f0819fd4cab34c4036c5cc7b0fa0c,
ira_0029.wav,D:\SIH\ira-wakeword\ira words\ira words\ira_0029.wav,55550,True,WAV,PCM_16,16000,1,27736,1.7335,0.1649082975796032,0.999969482421875,cc6072a9d5b7093c4fa5d220c4cd68140639664a,73dd946799b2f1b3ff2ce4c346ca91a3af1279ad,
ira_0030.wav,D:\SIH\ira-wakeword\ira words\ira words\ira_0030.wav,35710,True,WAV,PCM_16,16000,1,17816,1.1135,0.1614263623312906,0.999969482421875,a4ea1db1b8e3f093b5019cfae2bda1f282abf8b2,c34deb5b51af607d66df878a2167e8afd8b05523,
ira_0031.wav,D:\SIH\ira-wakeword\ira words\ira words\ira_0031.wav,31870,True,WAV,PCM_16,16000,1,15896,0.9935,0.08873188976861053,0.47161865234375,7f818433765e32ea6826f37bcdd4fe01d30711f2,c57c8079ca731a4da7b32655716036bcb215c111,
ira_0032.wav,D:\SIH\ira-wakeword\ira words\ira words\ira_0032.wav,45950,True,WAV,PCM_16,16000,1,22936,1.4335,0.1592094080149514,0.999969482421875,b7d7f1c2dec139ac0cbd726b4e7c57f3243b5ccd,c388dfd2532ad404b94ea598f2d9e274bd5be2c9,
ira_0033.wav,D:\SIH\ira-wakeword\ira words\ira words\ira_0033.wav,52350,True,WAV,PCM_16,16000,1,26136,1.6335,0.10062946376665749,0.866485595703125,987254bec6860ffebe41e6c847747db2595e80f8,f96ef580fbbb04e213a2b5d270bef848e9d97bf0,
ira_0034.wav,D:\SIH\ira-wakeword\ira words\ira words\ira_0034.wav,35070,True,WAV,PCM_16,16000,1,17496,1.0935,0.14467855773606397,0.888580322265625,7bf5f2ed7ab3c21201f42eccae4998801f9a37ea,cc4846641a947cd52af170d5dc3eebbd0e76181f,
ira_0035.wav,D:\SIH\ira-wakeword\ira words\ira words\ira_0035.wav,40190,True,WAV,PCM_16,16000,1,20056,1.2535,0.13992816742560318,0.939666748046875,5a73a74c1fa18c62b968904666cb90e5f6578fcc,818126adf69fe79ef89cc7db010e4ca294e0fd23,
ira_0036.wav,D:\SIH\ira-wakeword\ira words\ira words\ira_0036.wav,35710,True,WAV,PCM_16,16000,1,17816,1.1135,0.15388511788333878,0.98541259765625,a1dcaffcb9c356c336bfb4b97ff5ac45195403a6,9e3a6d366f8894f577ebbdde8d9cf5e72a14a1bf,
ira_0037.wav,D:\SIH\ira-wakeword\ira words\ira words\ira_0037.wav,43390,True,WAV,PCM_16,16000,1,21656,1.3535,0.11241009037407795,0.765716552734375,2662b96c66db5e80370be235a5315eaf39117fd8,89d97a75994691841f42f739b04b08f6455dee26,
ira_0038.wav,D:\SIH\ira-wakeword\ira words\ira words\ira_0038.wav,41470,True,WAV,PCM_16,16000,1,20696,1.2935,0.1288991566960666,0.999969482421875,6c0eb345aff1822942b387f9f3ce956c0e27dc68,a352cef122419bc68f90e2726d309cacb0847888,
ira_0039.wav,D:\SIH\ira-wakeword\ira words\ira words\ira_0039.wav,32510,True,WAV,PCM_16,16000,1,16216,1.0135,0.17260263281513769,0.999969482421875,89773cae1c04bd3ef16fd1f75fa40dc1dba96a93,e3659ae834ffda180d5fbb5242af486eaf4ee34e,
ira_0040.wav,D:\SIH\ira-wakeword\ira words\ira words\ira_0040.wav,44030,True,WAV,PCM_16,16000,1,21976,1.3735,0.1583817998924232,0.99395751953125,7c4132f9ed0786096a17870665d06d527db8845c,8217a41cb9b90686e46dbaa700de506d75187f9d,
ira_0041.wav,D:\SIH\ira-wakeword\ira words\ira words\ira_0041.wav,21630,True,WAV,PCM_16,16000,1,10776,0.6735,0.2114914359975802,0.999969482421875,3bf97fd65e505cef1a21f4fd6ef1b465542a08e1,474739cf28d9762670b65c9042d6b56a9ad62b29,
ira_0042.wav,D:\SIH\ira-wakeword\ira words\ira words\ira_0042.wav,32510,True,WAV,PCM_16,16000,1,16216,1.0135,0.18938120703366917,0.999969482421875,2cad5f34744a162f8ca43c33350c11632dff5342,e5ed66f20859d6bc13217e37ab1570413d79db97,
ira_0043.wav,D:\SIH\ira-wakeword\ira words\ira words\ira_0043.wav,43390,True,WAV,PCM_16,16000,1,21656,1.3535,0.12233047764423717,0.945465087890625,5fa6331952f89b6627a6e7c5c5b6f0a10275400d,25bda16ebce6e4b3d02640b9fdcfc3de4b4283ea,
ira_0044.wav,D:\SIH\ira-wakeword\ira words\ira words\ira_0044.wav,29310,True,WAV,PCM_16,16000,1,14616,0.9135,0.13144227569068992,0.813262939453125,0aef03c97b9e751c41b3f26121df9f354d75ca33,f3bd05eee13c9fce7747b46f729d2bfe9e980ace,
ira_0045.wav,D:\SIH\ira-wakeword\ira words\ira words\ira_0045.wav,31870,True,WAV,PCM_16,16000,1,15896,0.9935,0.1960347994453487,1.0,ea1cc42accdce23a02ee6a3ceed0d5ff5f1f37cb,4c9d4e0dce27bfe346b2dc5a31c7d1530fcd1eef,
ira_0046.wav,D:\SIH\ira-wakeword\ira words\ira words\ira_0046.wav,66430,True,WAV,PCM_16,16000,1,33176,2.0735,0.10622323777612099,0.999969482421875,11a9569dac9e8c9203e3d50a3c025c00c34278cd,42860d5f0e9d15cb1091b31294278bbffdd2e7af,
ira_0047.wav,D:\SIH\ira-wakeword\ira words\ira words\ira_0047.wav,32510,True,WAV,PCM_16,16000,1,16216,1.0135,0.07581566815484553,0.742401123046875,8414a01a490ad9cacd13b1c66efa68683eb7d003,ad50bf01c31a35bfc266a7cea24516cfb8b7232b,
ira_0048.wav,D:\SIH\ira-wakeword\ira words\ira words\ira_0048.wav,46590,True,WAV,PCM_16,16000,1,23256,1.4535,0.14598269266622188,0.999969482421875,7f69f21a25dde422dc98e3fddea4a8742bd50053,e231d2e489de1ba443e3be4d33fff9f6b2e5d3f9,
ira_0049.wav,D:\SIH\ira-wakeword\ira words\ira words\ira_0049.wav,51070,True,WAV,PCM_16,16000,1,25496,1.5935,0.16193004247496867,0.999969482421875,3dc246159d2acf3dc061caae9b1ce788f74affdb,f6712b6e2dcb7436d80b108737d3452e38ec40f1,
ira_0050.wav,D:\SIH\ira-wakeword\ira words\ira words\ira_0050.wav,31230,True,WAV,PCM_16,16000,1,15576,0.9735,0.16487841354213698,0.999969482421875,d905c1b5bb4fbe58d8aec366ba404328210a7b2e,f6ae879e6afd6e7ab67624f3f25a908bb94e835d,
ira_0051.wav,D:\SIH\ira-wakeword\ira words\ira words\ira_0051.wav,37630,True,WAV,PCM_16,16000,1,18776,1.1735,0.14353668136723774,0.999969482421875,c5e3eebfb30aae72cd681a322a678abbf0b76f99,c837d346a8e8120fad7f19aa9ba732bcc985b394,
ira_0052.wav,D:\SIH\ira-wakeword\ira words\ira words\ira_0052.wav,50430,True,WAV,PCM_16,16000,1,25176,1.5735,0.11031338235846244,0.999969482421875,5499464ad8c627c875bc75b999ff5efbf4599910,96bee362417b9b2efd9de38a68c575abf7e19148,
ira_0053.wav,D:\SIH\ira-wakeword\ira words\ira words\ira_0053.wav,49790,True,WAV,PCM_16,16000,1,24856,1.5535,0.1180756522779836,0.999969482421875,da01c93d1fef1cbd7c6da9ec794cf49e3c4a2cf7,23f58c177c4b5e1999ca22f365d6a3a30b4e6f93,
ira_0054.wav,D:\SIH\ira-wakeword\ira words\ira words\ira_0054.wav,65150,True,WAV,PCM_16,16000,1,32536,2.0335,0.13195712434072587,1.0,735e597b47718c8e5ffeb0b64089bdc4c5c54c2f,1081fccc2aadeb22a8946b1095e72d2a6c14ee82,
ira_0055.wav,D:\SIH\ira-wakeword\ira words\ira words\ira_0055.wav,38270,True,WAV,PCM_16,16000,1,19096,1.1935,0.13991835354851911,0.999969482421875,772a35fd4f9124c049542db6bceaf1356243790b,7df7e1ac9536b137538b29845051eeaca6e96017,
ira_0056.wav,D:\SIH\ira-wakeword\ira words\ira words\ira_0056.wav,36990,True,WAV,PCM_16,16000,1,18456,1.1535,0.15949383503551254,0.999969482421875,8463bbcc3b909362623978255907ebd03afaf867,d3a7a9132f7930755febdb40449c31f55b9c05a0,
ira_0057.wav,D:\SIH\ira-wakeword\ira words\ira words\ira_0057.wav,38270,True,WAV,PCM_16,16000,1,19096,1.1935,0.11463672786561793,0.86822509765625,14bf87a7fceea939dbf4cde50d04429285645ecd,654bbb3ea1658e056b86903b78488b57dbc67b5d,
ira_0058.wav,D:\SIH\ira-wakeword\ira words\ira words\ira_0058.wav,42110,True,WAV,PCM_16,16000,1,21016,1.3135,0.12578654048816437,0.897125244140625,037daa9be9ba311880a178618d5de599d99ff186,1ea84320f5dc7fde181ea0dd83fb2edca717da4a,
ira_0059.wav,D:\SIH\ira-wakeword\ira words\ira words\ira_0059.wav,49150,True,WAV,PCM_16,16000,1,24536,1.5335,0.13938655144773274,1.0,8ef002122b1aebab4f8e367b53ea2fa7f6bbe188,9dae002b502080372a31bdba2ac51b6b6c273420,
ira_0060.wav,D:\SIH\ira-wakeword\ira words\ira words\ira_0060.wav,65790,True,WAV,PCM_16,16000,1,32856,2.0535,0.11736325927613805,0.999969482421875,40a221795b70dc1ed26a0e77247fb16b06e3a925,57a2afb69d937549ece52708eee57921f050cd41,
ira_0061.wav,D:\SIH\ira-wakeword\ira words\ira words\ira_0061.wav,37630,True,WAV,PCM_16,16000,1,18776,1.1735,0.18623850624155258,0.999786376953125,92754f09aa4a24a654db4d323b641738637a9d1e,8416260470acbd935715810a9c90fc55293efb67,
ira_0062.wav,D:\SIH\ira-wakeword\ira words\ira words\ira_0062.wav,44670,True,WAV,PCM_16,16000,1,22296,1.3935,0.05626548351518626,0.379364013671875,1eff5f6eafe04b0150467d43d5dcf7103086478c,e5a75b242ccde367d4739dcd971e5b1127c36b9c,
ira_0063.wav,D:\SIH\ira-wakeword\ira words\ira words\ira_0063.wav,63230,True,WAV,PCM_16,16000,1,31576,1.9735,0.16718754486116216,0.999969482421875,39e0ea569b0a89f2ac85111219db2a81098bf989,a906af8beb5113b0f8c20e9aef8608a9208af5d0,
ira_0064.wav,D:\SIH\ira-wakeword\ira words\ira words\ira_0064.wav,49150,True,WAV,PCM_16,16000,1,24536,1.5335,0.17614665909688684,0.999969482421875,f82c9c7ea1f70ff53fe47ae07d6f1c4663518027,26dbdebcfbfa7e6b76e422cb094e1ed6e4b3866b,
ira_0065.wav,D:\SIH\ira-wakeword\ira words\ira words\ira_0065.wav,43390,True,WAV,PCM_16,16000,1,21656,1.3535,0.21024656297840955,0.999969482421875,89c21fa10ee260ff39f3805f23cd9e729f902c7f,f912f57d064e5b1335530787a0514a7db93205b6,
ira_0066.wav,D:\SIH\ira-wakeword\ira words\ira words\ira_0066.wav,44670,True,WAV,PCM_16,16000,1,22296,1.3935,0.17739561547912855,0.9947509765625,7a9698497584b3492f98db4dec7039bf7f007365,626dcb60631a0a326192f9f1833e1fcee6982cee,
ira_0067.wav,D:\SIH\ira-wakeword\ira words\ira words\ira_0067.wav,38270,True,WAV,PCM_16,16000,1,19096,1.1935,0.21689966935288685,0.999969482421875,a22bb8e28ecfa383527e33b5e2307de1d5665130,b614bd8f504f652f90ef06eb7fd9f75f541b4752,
ira_0068.wav,D:\SIH\ira-wakeword\ira words\ira words\ira_0068.wav,57470,True,WAV,PCM_16,16000,1,28696,1.7935,0.18108420559197783,0.999969482421875,3af4a9ff834dceb04513eb17c7b33d58adaa7755,5c49d1575244ec60c363dc3166cac394774bd265,
ira_0069.wav,D:\SIH\ira-wakeword\ira words\ira words\ira_0069.wav,43390,True,WAV,PCM_16,16000,1,21656,1.3535,0.20402747560972453,0.999969482421875,63f77468edc61ae01f82c8aab8fdb9ea8bde9723,8a4ff5e90a1c9b169cfbf5890066ed9c0c1cc684,
ira_0070.wav,D:\SIH\ira-wakeword\ira words\ira words\ira_0070.wav,49790,True,WAV,PCM_16,16000,1,24856,1.5535,0.14299709538437644,0.99774169921875,8923d60d0658c911c47f9e414d52fba86c8a5a7c,d1fd8fcd89bb6464e7715d465082fad08c87019f,
ira_0071.wav,D:\SIH\ira-wakeword\ira words\ira words\ira_0071.wav,44030,True,WAV,PCM_16,16000,1,21976,1.3735,0.1968163157351986,1.0,3a5dca9c2cb6556bb23bbbd293ff8c69f4849f58,fa511413f44983fcc0d9c3c294cdfa4bbedc4d42,
ira_0072.wav,D:\SIH\ira-wakeword\ira words\ira words\ira_0072.wav,42750,True,WAV,PCM_16,16000,1,21336,1.3335,0.17046818447731482,1.0,c6d6eb4f22f82fd3f9b022e0ff38ec7473764c5f,f17b3c0d13d703d77a327e1131aefab47211d9e2,
ira_0073.wav,D:\SIH\ira-wakeword\ira words\ira words\ira_0073.wav,36990,True,WAV,PCM_16,16000,1,18456,1.1535,0.1951055447860794,1.0,89cc86e3c771671dd0fafa8fff262b9a93db5e49,b8d98ef4b4c7d592b937bb9b72cb22d60bbf95e0,
ira_0074.wav,D:\SIH\ira-wakeword\ira words\ira words\ira_0074.wav,52350,True,WAV,PCM_16,16000,1,26136,1.6335,0.15647345732413992,0.999969482421875,e6782ce6facf44ff530e71e7c35f7eace79a92ee,9d0b875ced9259f1fca678fb3cf4d4b7b853a1c5,
ira_0075.wav,D:\SIH\ira-wakeword\ira words\ira words\ira_0075.wav,31230,True,WAV,PCM_16,16000,1,15576,0.9735,0.2027671911157361,0.999969482421875,d5ad3e5d03d48391d429c6cc216629d75807aad0,8cb0b8be869c856d78620da1106ffd29b747df3b,
ira_0076.wav,D:\SIH\ira-wakeword\ira words\ira words\ira_0076.wav,36350,True,WAV,PCM_16,16000,1,18136,1.1335,0.19990161057292888,1.0,fd31a2091763bd6879e06346e86b999c5f126248,e8250169bf19bfbd2969559fc92b845056dc0ec6,
ira_0077.wav,D:\SIH\ira-wakeword\ira words\ira words\ira_0077.wav,37630,True,WAV,PCM_16,16000,1,18776,1.1735,0.19824598121256193,1.0,588d9269aa0c1365081a399940b416ccfcc5c25d,b90a7a7fa38d47a9bfaff6363e4eb027db7b1eca,
ira_0078.wav,D:\SIH\ira-wakeword\ira words\ira words\ira_0078.wav,44030,True,WAV,PCM_16,16000,1,21976,1.3735,0.19624515339456716,1.0,ba888bb3f83f3c34921f1b7f4827e3c72854c5b7,541a82930a93791795bb3ae6bafe31a81c41db02,
ira_0079.wav,D:\SIH\ira-wakeword\ira words\ira words\ira_0079.wav,45310,True,WAV,PCM_16,16000,1,22616,1.4135,0.17236386485072624,0.999969482421875,450fa6dab7833fdd5a834fdcf445896b3a4ff357,655a3e0223c4f93f5eb06764a5d17cb7cb35c908,
ira_0080.wav,D:\SIH\ira-wakeword\ira words\ira words\ira_0080.wav,40190,True,WAV,PCM_16,16000,1,20056,1.2535,0.13378344862945632,0.999969482421875,5d67c548780e90dac5d76d36ad98efddbf787dc8,87cd4d3ae2270f9d2282e8c3d24782096511de36,
ira_0081.wav,D:\SIH\ira-wakeword\ira words\ira words\ira_0081.wav,33790,True,WAV,PCM_16,16000,1,16856,1.0535,0.16395706496534354,0.999969482421875,f800d6e13b60951cac46e2d510198e3eb29d58e7,e0a8c07a0ca7978a13a9e48851a919d1396c9a09,
ira_0082.wav,D:\SIH\ira-wakeword\ira words\ira words\ira_0082.wav,49790,True,WAV,PCM_16,16000,1,24856,1.5535,0.12040873384531414,0.999969482421875,5416f6035914c17f4a7fe47401e25c66432b5585,d83ace45a0f505abfa9d256d6e770d5e96b7446e,
ira_0083.wav,D:\SIH\ira-wakeword\ira words\ira words\ira_0083.wav,45310,True,WAV,PCM_16,16000,1,22616,1.4135,0.13527046852640556,0.999969482421875,bc1a4fb812c561ad643f5daa60b228ad84745147,7ee956d6c6c725dc195836dcefc62facd8ce3713,
ira_0084.wav,D:\SIH\ira-wakeword\ira words\ira words\ira_0084.wav,33150,True,WAV,PCM_16,16000,1,16536,1.0335,0.16834159909977153,0.999969482421875,52a4af8603cb5be6f0dc4d556c29f6524118655a,0869813fc064320385b77a257c339aa5c4dc99a8,
ira_0085.wav,D:\SIH\ira-wakeword\ira words\ira words\ira_0085.wav,40830,True,WAV,PCM_16,16000,1,20376,1.2735,0.1526005236706647,0.999969482421875,80316396808734881d2509a43c5a45e2c1977264,5c05952dce57b2f0df616a82b9cd7ed848652580,
ira_0086.wav,D:\SIH\ira-wakeword\ira words\ira words\ira_0086.wav,34430,True,WAV,PCM_16,16000,1,17176,1.0735,0.10586485365948685,0.996337890625,3eff50cb67f61615afc96e17e58222a174ccd73a,86b6223019135579db19ccb39f11123ccfa30d34,
ira_0087.wav,D:\SIH\ira-wakeword\ira words\ira words\ira_0087.wav,40190,True,WAV,PCM_16,16000,1,20056,1.2535,0.1445777402570555,1.0,48bbafec6d5282c97701d70d44aa35892ba996ae,3d591805ba0887c41b36369e30e82a383d5aa30a,
ira_0088.wav,D:\SIH\ira-wakeword\ira words\ira words\ira_0088.wav,42110,True,WAV,PCM_16,16000,1,21016,1.3135,0.1279549869699532,0.999969482421875,27bdc465c2c5298f65c304c69525e3bd69134f38,88b29faa758ebf42e3ec3e66fc2cadca8ddb11cf,
ira_0089.wav,D:\SIH\ira-wakeword\ira words\ira words\ira_0089.wav,37630,True,WAV,PCM_16,16000,1,18776,1.1735,0.13898400054543042,0.999969482421875,e8669f299cc345f87bd7bda7e920241767919235,f140530438e116e61e98148b7ad8863342a5edb3,
ira_0090.wav,D:\SIH\ira-wakeword\ira words\ira words\ira_0090.wav,30590,True,WAV,PCM_16,16000,1,15256,0.9535,0.15640923857230077,0.999969482421875,8b6f918f34626f3e170ed94b5354ef5255706f18,99d84845dd5f18d3fdd7ba06c9cfecd3be4fafe4,
ira_0091.wav,D:\SIH\ira-wakeword\ira words\ira words\ira_0091.wav,38270,True,WAV,PCM_16,16000,1,19096,1.1935,0.15488692647977395,0.997100830078125,d3713aff95d73396e82dc89660e24fd615b7ba09,a6f13a60606adcb395955b42e80b6b162c32c5b0,
ira_0092.wav,D:\SIH\ira-wakeword\ira words\ira words\ira_0092.wav,37630,True,WAV,PCM_16,16000,1,18776,1.1735,0.10187000152197696,0.823211669921875,9648cfd4bb68d1c3d735077ec9dbc7c76ecfb1d9,48d958dd061028b19d1dbc1cfa3fd9469bc7d015,
ira_0093.wav,D:\SIH\ira-wakeword\ira words\ira words\ira_0093.wav,35710,True,WAV,PCM_16,16000,1,17816,1.1135,0.14715888750144834,0.999969482421875,caeb314831ce2597379716967d8c5e6389e12aa1,c57bcac34e47349336cfc27906970e45edbfc8d5,
ira_0094.wav,D:\SIH\ira-wakeword\ira words\ira words\ira_0094.wav,38270,True,WAV,PCM_16,16000,1,19096,1.1935,0.0859508060220886,0.780517578125,e98895e39deef99eca67f1e4a63dd16a37c70167,f265a5ac64589e4ee9d37dfafa4296ebbf98e1b8,
ira_0095.wav,D:\SIH\ira-wakeword\ira words\ira words\ira_0095.wav,33790,True,WAV,PCM_16,16000,1,16856,1.0535,0.052767436185329405,0.263458251953125,adff9dc77ff7c9cd7ce8ccbe649e79bf3c266bd8,9ff83568fb6c60f3460fe2bd8cb4fb6fd9370d1a,
ira_0096.wav,D:\SIH\ira-wakeword\ira words\ira words\ira_0096.wav,33150,True,WAV,PCM_16,16000,1,16536,1.0335,0.14831038590138942,0.999969482421875,ff79cb0abe5c926c473534d01f11c5d90f488d6a,971df381e7b14d46a5ecd58b6c3a1fe21cab81b5,
ira_0097.wav,D:\SIH\ira-wakeword\ira words\ira words\ira_0097.wav,42750,True,WAV,PCM_16,16000,1,21336,1.3335,0.16052560597399584,0.999969482421875,a8a8cc20077b8621c06c178b195d0db69ec741c6,f191f0c45fc38b96e862a215eb080c98c95f2d30,
ira_0098.wav,D:\SIH\ira-wakeword\ira words\ira words\ira_0098.wav,40190,True,WAV,PCM_16,16000,1,20056,1.2535,0.1354793477301178,0.989715576171875,f0411349f0bbb5da820e90896d92902cfb9797f1,c20b510d81bbdbd4f5bc2a48cc628a7ccc40f59d,
ira_0099.wav,D:\SIH\ira-wakeword\ira words\ira words\ira_0099.wav,45950,True,WAV,PCM_16,16000,1,22936,1.4335,0.15540704607693784,0.999969482421875,d9d2ff9f9b2f7e0180018c2e0981abdf87ac1fed,1d945e8b939973d36dc8bd91b9bbe82cb8ededb3,
ira_0100.wav,D:\SIH\ira-wakeword\ira words\ira words\ira_0100.wav,31870,True,WAV,PCM_16,16000,1,15896,0.9935,0.16803566792307864,0.999969482421875,e7787e48c502ce99ddc3b4d42dd7e0738eab3c0a,d0136f675c236b7391a1ed2da36f4c739eaa3b20,
ira_0101.wav,D:\SIH\ira-wakeword\ira words\ira words\ira_0101.wav,42750,True,WAV,PCM_16,16000,1,21336,1.3335,0.12467333398210491,0.999969482421875,a3496264e0dda6f2e9007968e7a568f0c551f99d,b9478fedbcfa56ab2d53cd82c842491df0b3f999,
ira_0102.wav,D:\SIH\ira-wakeword\ira words\ira words\ira_0102.wav,34430,True,WAV,PCM_16,16000,1,17176,1.0735,0.14256693486725194,0.999969482421875,f5f0e9758121e4380744338bdd0b98295fc798ed,c60f2764da042ae0cb97fe1c7934f557a9778fdc,
ira_0103.wav,D:\SIH\ira-wakeword\ira words\ira words\ira_0103.wav,38270,True,WAV,PCM_16,16000,1,19096,1.1935,0.14255786194710335,1.0,5c52387edc88049cbed9ba264912d73cef6232b0,07d0c1b2ff801a23a5df3aa6cd7034fd12f12a81,
ira_0104.wav,D:\SIH\ira-wakeword\ira words\ira words\ira_0104.wav,38270,True,WAV,PCM_16,16000,1,19096,1.1935,0.14254770851766654,0.999969482421875,015f1b0bf4761775b4734829b50a6681414db211,295a7508c5889cf13c792ae78bacba5177cb8477,
ira_0105.wav,D:\SIH\ira-wakeword\ira words\ira words\ira_0105.wav,38910,True,WAV,PCM_16,16000,1,19416,1.2135,0.13300378062466872,0.999969482421875,6a7f0e971ceb89d8beb759328a88f14209f838b4,b678e12e8c8a69b475bd8aa92ad3fc6c8786c8e4,
ira_0106.wav,D:\SIH\ira-wakeword\ira words\ira words\ira_0106.wav,46590,True,WAV,PCM_16,16000,1,23256,1.4535,0.11008007733227806,0.999969482421875,c89a29852e99fb67c0b970aeb793a44208f03cf1,136b93fd4027f5979ee3363b42282b483402a322,
ira_0107.wav,D:\SIH\ira-wakeword\ira words\ira words\ira_0107.wav,40830,True,WAV,PCM_16,16000,1,20376,1.2735,0.1338688595118941,0.999969482421875,6880551fdb43020523c6da5e76442965e4feef55,114258ca06f03e61b1ef5d2fe8667d8d52ea8381,
ira_0108.wav,D:\SIH\ira-wakeword\ira words\ira words\ira_0108.wav,47230,True,WAV,PCM_16,16000,1,23576,1.4735,0.1227894662878224,0.999969482421875,55325e761e403db328b8bc86f256efbc7b3e7f26,cdeb13b0acb317b76622a09583f90bd35a414a99,
ira_0109.wav,D:\SIH\ira-wakeword\ira words\ira words\ira_0109.wav,40830,True,WAV,PCM_16,16000,1,20376,1.2735,0.1405763083508669,0.999969482421875,a8bc192202418e4a9d6ecdbda99a3bc4687722b2,d944ffaac615263eb8c4c056a683950caad770c1,
ira_0110.wav,D:\SIH\ira-wakeword\ira words\ira words\ira_0110.wav,37630,True,WAV,PCM_16,16000,1,18776,1.1735,0.11229207277254254,0.999969482421875,bae01a49eb9c1ac2421b5b04b061f229084dc5c3,b22dceded5a97e4f9bf4757db9d6306abdc20584,
ira_0111.wav,D:\SIH\ira-wakeword\ira words\ira words\ira_0111.wav,42110,True,WAV,PCM_16,16000,1,21016,1.3135,0.10849239699816092,0.999969482421875,62b33857227b93f2e0f72b3f839ce8013374d371,290e05d5caaf57416375271aa3abe8baaef1dad5,
ira_0112.wav,D:\SIH\ira-wakeword\ira words\ira words\ira_0112.wav,42750,True,WAV,PCM_16,16000,1,21336,1.3335,0.11897910803941518,0.999969482421875,bb9e98a6949e59cbec41e1ce77a6272c6adcda9b,137d104e13f20765106427b75b33a8dba89d36c4,
ira_0113.wav,D:\SIH\ira-wakeword\ira words\ira words\ira_0113.wav,44670,True,WAV,PCM_16,16000,1,22296,1.3935,0.11220391313260505,0.999969482421875,8b0e4cb2fd7a763cb1991b0b42b43ad22139ce9c,cbf449e09ac06fe3c28252d318b6cdc317ff584c,
ira_0114.wav,D:\SIH\ira-wakeword\ira words\ira words\ira_0114.wav,41470,True,WAV,PCM_16,16000,1,20696,1.2935,0.1309852235012125,0.999969482421875,8c1f55565f6d16a8fbd37deec652223614932514,e863a38935acfbfe0385d3d6db65e81e2b0a78ac,
ira_0115.wav,D:\SIH\ira-wakeword\ira words\ira words\ira_0115.wav,31870,True,WAV,PCM_16,16000,1,15896,0.9935,0.13702560368247746,0.999969482421875,9debf3e73d34b4aec7fba5687067a431165ca8bd,ff331cd1a6494336a545b54b9ef6dd472b98131e,
ira_0116.wav,D:\SIH\ira-wakeword\ira words\ira words\ira_0116.wav,26750,True,WAV,PCM_16,16000,1,13336,0.8335,0.14313620905657415,0.999969482421875,a028025f5fef7f1b34add22f37ecab09660dfe6f,2816266a08380a15b5b09739c9fa9fc1a0f25b81,
ira_0117.wav,D:\SIH\ira-wakeword\ira words\ira words\ira_0117.wav,28670,True,WAV,PCM_16,16000,1,14296,0.8935,0.11357614457532647,0.999969482421875,410f0df96b71ffe05b1584ce6ff143e5fa673c7e,8a5d11b528cc95e65b6f576fd0cff8c3adce4baf,
ira_0118.wav,D:\SIH\ira-wakeword\ira words\ira words\ira_0118.wav,40830,True,WAV,PCM_16,16000,1,20376,1.2735,0.0928439803032102,0.9981689453125,05b4b9ba6d84f924fdcc9108365e9c3affa0f946,18f9141bb88c5e65c86f12f0974d2627f0c5e03d,
ira_0119.wav,D:\SIH\ira-wakeword\ira words\ira words\ira_0119.wav,38270,True,WAV,PCM_16,16000,1,19096,1.1935,0.05510163626270471,0.530609130859375,75cc81f65b7757fbdd97f67de2040ef8b6202dd2,2863e3565f97c19ccca8c7d16ac781749bff7bcc,
ira_0120.wav,D:\SIH\ira-wakeword\ira words\ira words\ira_0120.wav,35710,True,WAV,PCM_16,16000,1,17816,1.1135,0.2006197207095612,0.999969482421875,36bcc662841eaa792b55ba49f20b5b23844f7521,2c6058957230d043305dcfeabb43b9df3d50fc83,
ira_0121.wav,D:\SIH\ira-wakeword\ira words\ira words\ira_0121.wav,33790,True,WAV,PCM_16,16000,1,16856,1.0535,0.21293271140590614,0.999969482421875,01e80974bc584eb0dbc06c0ef46672393cda8aed,d6af173205edb2b2d86bca4da483571829f6b208,
ira_0122.wav,D:\SIH\ira-wakeword\ira words\ira words\ira_0122.wav,31230,True,WAV,PCM_16,16000,1,15576,0.9735,0.20638530744944408,0.999969482421875,89177ad19040e777822fadf85520cf4f20207c1d,6edbdf9dc429a9f94acec23f38bc082a369926f3,
ira_0123.wav,D:\SIH\ira-wakeword\ira words\ira words\ira_0123.wav,38910,True,WAV,PCM_16,16000,1,19416,1.2135,0.18796844785106434,0.999969482421875,a539c853498b84b9c3f91b9785c93f7fc5767820,b826728681103419318edff4d49b59b6cb7c135b,
ira_0124.wav,D:\SIH\ira-wakeword\ira words\ira words\ira_0124.wav,37630,True,WAV,PCM_16,16000,1,18776,1.1735,0.18078862374763474,1.0,7eb6190bb56f903b92c2da6f73f9c3ef3d7ea802,412fdcc79f3dd88685461f4b81e2c5c60e568905,
ira_0125.wav,D:\SIH\ira-wakeword\ira words\ira words\ira_0125.wav,28030,True,WAV,PCM_16,16000,1,13976,0.8735,0.19127239736539442,1.0,f986c347b95e5a7795e721ab7ebf34f46f70a7b4,9a137777f6ff94aae6fd746589df9a149550aa4a,
ira_0126.wav,D:\SIH\ira-wakeword\ira words\ira words\ira_0126.wav,30590,True,WAV,PCM_16,16000,1,15256,0.9535,0.20990728042341247,0.947723388671875,3c376ef346b6af6fb9ebcc565999cdb5f5ef11fb,5bb0e03c513415806432d2d114bc7dbb9b6e0ce4,
ira_0127.wav,D:\SIH\ira-wakeword\ira words\ira words\ira_0127.wav,41470,True,WAV,PCM_16,16000,1,20696,1.2935,0.1637262430623644,1.0,becb81c0adab2fc13af5cd97cb4752ea60925400,3cdd5c5c69a996d33a96e169db9f5efa416e004b,
ira_0128.wav,D:\SIH\ira-wakeword\ira words\ira words\ira_0128.wav,36990,True,WAV,PCM_16,16000,1,18456,1.1535,0.18983884420176406,1.0,7222ad2de88759b9d0734e9bd41ae8e0499211d4,34c83489a1eb28f2769ab0c133758c9ce562312e,
ira_0129.wav,D:\SIH\ira-wakeword\ira words\ira words\ira_0129.wav,47870,True,WAV,PCM_16,16000,1,23896,1.4935,0.18752767918496807,1.0,f2117a234d18437cb5c73ef23c97f3bddf86955d,8d053fd14aa9b3fbeb87c8d9c2f6c2ae0d7b5c42,
ira_0130.wav,D:\SIH\ira-wakeword\ira words\ira words\ira_0130.wav,38910,True,WAV,PCM_16,16000,1,19416,1.2135,0.13166002765832271,0.993865966796875,c92e12701ec0f103fa65cca22140a3e000d3e4e0,64e34d100adc012cfda3566f6a64ed1d44f0d5a6,
ira_0131.wav,D:\SIH\ira-wakeword\ira words\ira words\ira_0131.wav,35070,True,WAV,PCM_16,16000,1,17496,1.0935,0.15839278510753763,0.999969482421875,e0cbf0f1278682f88120590f325405ebf2db9e33,f7ef55f0875856bc7874e1024605f3de533b4343,
ira_0132.wav,D:\SIH\ira-wakeword\ira words\ira words\ira_0132.wav,40830,True,WAV,PCM_16,16000,1,20376,1.2735,0.15729429000863163,0.999969482421875,3c9ee05a7050a879a801c47a3f924c14459a03c4,5c843ef613150e37838d724d7de96f83091f8305,
ira_0133.wav,D:\SIH\ira-wakeword\ira words\ira words\ira_0133.wav,40830,True,WAV,PCM_16,16000,1,20376,1.2735,0.17817976805871785,1.0,db11fd8b1ce9135e214910d14a9e61e79e06201a,77f1ddf285b626087d54f912628186a401b7ac35,
ira_0134.wav,D:\SIH\ira-wakeword\ira words\ira words\ira_0134.wav,33150,True,WAV,PCM_16,16000,1,16536,1.0335,0.17691427773287402,1.0,975ea6ce790f41647a8f46ce2c71610b239ee8e4,0b3487882ee6f05d166691fe3883de0140a615f0,
ira_0135.wav,D:\SIH\ira-wakeword\ira words\ira words\ira_0135.wav,42110,True,WAV,PCM_16,16000,1,21016,1.3135,0.15976146100846098,0.999969482421875,07869ac065aa04f0f5cc41bb1da60e6f755ba427,e2df878734f8194c6a177828440cd7c6cdd1a38d,
ira_0136.wav,D:\SIH\ira-wakeword\ira words\ira words\ira_0136.wav,36990,True,WAV,PCM_16,16000,1,18456,1.1535,0.13660415115328559,0.972412109375,20e6cd9bf07127aab86780f49ca07d6c5f547e78,8709afeacfe67fc256d089432c81e155a3792271,
ira_0137.wav,D:\SIH\ira-wakeword\ira words\ira words\ira_0137.wav,44030,True,WAV,PCM_16,16000,1,21976,1.3735,0.14144451198767702,0.999969482421875,040b00bd8c0da42b51a04b1751efb16c393a1e06,845bc6f13eea26080f5e96bfd90557a171f16651,
ira_0138.wav,D:\SIH\ira-wakeword\ira words\ira words\ira_0138.wav,41470,True,WAV,PCM_16,16000,1,20696,1.2935,0.15311017268713503,1.0,013d132e21215fd595960df5ed1c3efdd0fb0241,d90931019b66a7d7c4fe3265f3482ae413a6becb,
ira_0139.wav,D:\SIH\ira-wakeword\ira words\ira words\ira_0139.wav,31870,True,WAV,PCM_16,16000,1,15896,0.9935,0.13474895545729576,0.88067626953125,d2ab78fde676ea644bed4d01df826084df3449e9,096a99bc3e7e93995fd2ff93af5a10e77e889798,
ira_0140.wav,D:\SIH\ira-wakeword\ira words\ira words\ira_0140.wav,31230,True,WAV,PCM_16,16000,1,15576,0.9735,0.15224151670391925,0.999969482421875,c380994d69647d2d17d140b00874052f0559ee1f,16a20953f9517332d93f846866a108079448fc6a,
ira_0141.wav,D:\SIH\ira-wakeword\ira words\ira words\ira_0141.wav,35710,True,WAV,PCM_16,16000,1,17816,1.1135,0.14589962924939756,0.999969482421875,f702b92a99f710914a212db947fbf75856cf70e6,c49af040b7fcaf4cd350f0d805e995939e37c0e7,
ira_0142.wav,D:\SIH\ira-wakeword\ira words\ira words\ira_0142.wav,37630,True,WAV,PCM_16,16000,1,18776,1.1735,0.12171221265121569,0.999969482421875,db5da72984571840078734b0fe6dd8f3def00b47,b272bbc76b8262e191f6c55e9b17b830a4b849d9,
ira_0143.wav,D:\SIH\ira-wakeword\ira words\ira words\ira_0143.wav,48510,True,WAV,PCM_16,16000,1,24216,1.5135,0.09570496445528846,0.950103759765625,3894f926a02f6b80b550522efaea384abb0e040e,9d53a5ef84d912bfe5196667b8b1a65d7c72d319,
ira_0144.wav,D:\SIH\ira-wakeword\ira words\ira words\ira_0144.wav,39550,True,WAV,PCM_16,16000,1,19736,1.2335,0.1372935919899188,0.999969482421875,e28e0887afd70eb54086c6dba11b4eff147a6b35,af3b7ffbe7cbe0bad42f66c2dcdc6533d8113cd7,
ira_0145.wav,D:\SIH\ira-wakeword\ira words\ira words\ira_0145.wav,32510,True,WAV,PCM_16,16000,1,16216,1.0135,0.10753698975605241,0.94830322265625,45ed3218b0fb701679d236b4bdac15a1498540ab,da240c5bbd2d72f3c5e668b2918f79245f594553,
ira_0146.wav,D:\SIH\ira-wakeword\ira words\ira words\ira_0146.wav,33790,True,WAV,PCM_16,16000,1,16856,1.0535,0.1410248683137081,0.999969482421875,c856c96b5030cbf9797f27d638b52e46cec3b5a5,cfb9817a9e84814d9428dc9f610ae7e9622eaa99,
ira_0147.wav,D:\SIH\ira-wakeword\ira words\ira words\ira_0147.wav,41470,True,WAV,PCM_16,16000,1,20696,1.2935,0.12049824243043238,0.999969482421875,db5c3ac47b4dee94d24af5b90d4e6566fa2dbc27,0fe7264e9e589509b7b6730b0a9b8bb23c9afc8b,
ira_0148.wav,D:\SIH\ira-wakeword\ira words\ira words\ira_0148.wav,40190,True,WAV,PCM_16,16000,1,20056,1.2535,0.02962316733779774,0.275726318359375,4217e49af64e459f188b10e3f2f579c67704b778,353add687cec62269afecfe709effa6109e0a71e,
ira_0149.wav,D:\SIH\ira-wakeword\ira words\ira words\ira_0149.wav,36350,True,WAV,PCM_16,16000,1,18136,1.1335,0.04712805408852934,0.506988525390625,d444e6321aa8517b032f8792ac36701adb141190,6736033462fb392043a369790413ce2db2fb2e5c,
ira_0150.wav,D:\SIH\ira-wakeword\ira words\ira words\ira_0150.wav,36350,True,WAV,PCM_16,16000,1,18136,1.1335,0.1390896693142544,0.999969482421875,b8196d3d4304efb43dddc0ebdf4c200bd29175b9,cd24b51ab2546cfc374ad0f875f799da42bd03ec,
ira_0151.wav,D:\SIH\ira-wakeword\ira words\ira words\ira_0151.wav,31870,True,WAV,PCM_16,16000,1,15896,0.9935,0.14659442046788373,0.999969482421875,e0d83aa238807ae5fa45b2c93d4abf56c007a0c4,14fe059e0cbc61ba61ef04c0c23492dfdcce0df4,
ira_0152.wav,D:\SIH\ira-wakeword\ira words\ira words\ira_0152.wav,41470,True,WAV,PCM_16,16000,1,20696,1.2935,0.12370553041564455,0.999969482421875,6c7e43908b1cfe17fa10062209664de9b80d3360,3e9872d5faef160489f3f41bf1504a2db0ac8fb9,
ira_0153.wav,D:\SIH\ira-wakeword\ira words\ira words\ira_0153.wav,38270,True,WAV,PCM_16,16000,1,19096,1.1935,0.1516603160351744,0.999969482421875,7a0796863c1f8c0d95cd9ef11cf4e3ad4b3680e4,9b183cf995a52635459fc8a114f61c148aeb1f6f,
ira_0154.wav,D:\SIH\ira-wakeword\ira words\ira words\ira_0154.wav,32510,True,WAV,PCM_16,16000,1,16216,1.0135,0.11208943209778169,0.957489013671875,a8f1a113f426bde7f78d9bf7ab7932657826f070,5a6b0437fcbaaad662c2fc72c6e64c73f8c7402d,
ira_0155.wav,D:\SIH\ira-wakeword\ira words\ira words\ira_0155.wav,30590,True,WAV,PCM_16,16000,1,15256,0.9535,0.057192010745459994,0.446868896484375,24c856a687acecfa042c58736a20a7994bd4c07d,49ccbc8ffb7a279c570d7027e544fc0d52fd8e37,
ira_0156.wav,D:\SIH\ira-wakeword\ira words\ira words\ira_0156.wav,35710,True,WAV,PCM_16,16000,1,17816,1.1135,0.057154358407361064,0.41253662109375,cc8f527f4e1b400493b29f7f47318b54674abbd4,f8fa4f9156110e4cc67b93764540dd6a3e56c751,
ira_0157.wav,D:\SIH\ira-wakeword\ira words\ira words\ira_0157.wav,29310,True,WAV,PCM_16,16000,1,14616,0.9135,0.07755672289896494,0.560455322265625,c73cf8a46fa0d4bedc3e99dc30808888af836125,9aeebdc74326e4cfad6403d2ddff17b53f6f5aa6,
ira_0158.wav,D:\SIH\ira-wakeword\ira words\ira words\ira_0158.wav,37630,True,WAV,PCM_16,16000,1,18776,1.1735,0.09029261174924749,0.78912353515625,fd8db5a6c3e1209176513673ad0cba997703f793,aafc1ee06afbf83c6d498adbfac751859717a5cc,
ira_0159.wav,D:\SIH\ira-wakeword\ira words\ira words\ira_0159.wav,38270,True,WAV,PCM_16,16000,1,19096,1.1935,0.08723077806318495,0.75811767578125,6e8c009b3308ac4ac5bbe841529574c3d5f3d4fb,ca059e0b4daf5f5723ec0278097d2923fa6a7220,
ira_0160.wav,D:\SIH\ira-wakeword\ira words\ira words\ira_0160.wav,35070,True,WAV,PCM_16,16000,1,17496,1.0935,0.09370113716295254,0.819366455078125,12afa47551ce8d0acb5dd211c8cdb647d4f7d0fb,194df26906bf33709cba91d407d1812666fa4320,
ira_0161.wav,D:\SIH\ira-wakeword\ira words\ira words\ira_0161.wav,28030,True,WAV,PCM_16,16000,1,13976,0.8735,0.16269349840929234,0.999969482421875,c4a12e445752c6e69c2e38d0868c5049b4e0619d,8efa8708b455771687097f8d49b504d65f4ee579,
ira_0162.wav,D:\SIH\ira-wakeword\ira words\ira words\ira_0162.wav,35070,True,WAV,PCM_16,16000,1,17496,1.0935,0.17104016266767028,0.999969482421875,e476289e5fd260a0def2862eb8a736221f69f172,f47654e0bbc7ceebf65f73aed9e87efb6e94fcf2,
ira_0163.wav,D:\SIH\ira-wakeword\ira words\ira words\ira_0163.wav,38270,True,WAV,PCM_16,16000,1,19096,1.1935,0.12467447669710556,0.999969482421875,7951f34c3e1eb2c615ad55a6a4b82791e79adda8,bbc25336eecfea3f883e7f104ef6249a40bbde2c,
ira_0164.wav,D:\SIH\ira-wakeword\ira words\ira words\ira_0164.wav,32510,True,WAV,PCM_16,16000,1,16216,1.0135,0.1497751190212468,0.999969482421875,aa3233c7ba875fa49bb689ea85b34c8540240906,b1b7244a3fd66798b2e763d5e86b5360edaee179,
ira_0165.wav,D:\SIH\ira-wakeword\ira words\ira words\ira_0165.wav,31230,True,WAV,PCM_16,16000,1,15576,0.9735,0.1607484214464714,1.0,a4640c39393a902c58af33a3ee5806c07055b12f,c3996143066239669e05637dc23025d6d861f261,
ira_0166.wav,D:\SIH\ira-wakeword\ira words\ira words\ira_0166.wav,40830,True,WAV,PCM_16,16000,1,20376,1.2735,0.12569537189050264,1.0,d0722f1498229bfa27c0e33ad707d8b2784196d1,ad9a75685681905794e7876c53bb0b56c2c05f84,
ira_0167.wav,D:\SIH\ira-wakeword\ira words\ira words\ira_0167.wav,38910,True,WAV,PCM_16,16000,1,19416,1.2135,0.13658649531005163,0.999969482421875,a1ee5a24cfcba42d3004b085f186c81d967c8bc6,3e4fc28f0b3957aada9d1b4cf3eebdc589045dd1,
ira_0168.wav,D:\SIH\ira-wakeword\ira words\ira words\ira_0168.wav,40190,True,WAV,PCM_16,16000,1,20056,1.2535,0.12525431146485833,1.0,d13a90b825bbbb2ba2f71dbc12fabeb626df13c7,f4a02c8c78643b3cebf15e95ab0c6ac4b14f94c0,
ira_0169.wav,D:\SIH\ira-wakeword\ira words\ira words\ira_0169.wav,42750,True,WAV,PCM_16,16000,1,21336,1.3335,0.13254973539159742,0.98992919921875,de5b15a3102755b03b855b22f2bc2a05349fdc84,1548b1d085a1ef0c62182d2aa8217d0debca7f28,
ira_0170.wav,D:\SIH\ira-wakeword\ira words\ira words\ira_0170.wav,33790,True,WAV,PCM_16,16000,1,16856,1.0535,0.12935741191635247,0.99859619140625,5348d73b14f6de5392f65617659c12618d78abd3,63c5479864c22b08b5c55e1ce81aea3bd0c00ed6,
ira_0171.wav,D:\SIH\ira-wakeword\ira words\ira words\ira_0171.wav,33790,True,WAV,PCM_16,16000,1,16856,1.0535,0.14295011442501113,0.999969482421875,f9d26a17258b6442af061b2df529bd169492c364,d7f8b6ba7dc909d7b019c16bfab090c0dd9a0a15,
ira_0172.wav,D:\SIH\ira-wakeword\ira words\ira words\ira_0172.wav,44030,True,WAV,PCM_16,16000,1,21976,1.3735,0.15543003009589537,0.999969482421875,8e1063d86b0c4af325849260f06d7103ced07933,114c32e74a7c7d5ebd94bd6ed5abe09c2efec338,
ira_0173.wav,D:\SIH\ira-wakeword\ira words\ira words\ira_0173.wav,39550,True,WAV,PCM_16,16000,1,19736,1.2335,0.17078176243487833,0.9967041015625,00a5db9126f16f56bf6df4b963a92b5131d08439,55f315a9d1856bc4521977c3cfd91a4d9fe55018,
ira_0174.wav,D:\SIH\ira-wakeword\ira words\ira words\ira_0174.wav,35070,True,WAV,PCM_16,16000,1,17496,1.0935,0.14027639944175968,0.999969482421875,d77a73a4dbb5719882dafe800331e47db7381c19,ab8d1a68e4ac826d49560811fd258ba5f6deedbb,
ira_0175.wav,D:\SIH\ira-wakeword\ira words\ira words\ira_0175.wav,29310,True,WAV,PCM_16,16000,1,14616,0.9135,0.1390641007723701,0.99261474609375,63ca143f69ae1ae5b073b927eb4ad2a5f0fc67af,617b98db25ce1bc1f4162e8888b950856b87c2fb,
ira_0176.wav,D:\SIH\ira-wakeword\ira words\ira words\ira_0176.wav,39550,True,WAV,PCM_16,16000,1,19736,1.2335,0.1673152109091061,0.999969482421875,c65808a3bb6c1ad168b14af690e7579b4830f14c,99dad86dd0ff1d654594b3a49c5dd97f2276a665,
ira_0177.wav,D:\SIH\ira-wakeword\ira words\ira words\ira_0177.wav,39550,True,WAV,PCM_16,16000,1,19736,1.2335,0.156195409406743,0.999969482421875,c525fcd243cf8a457931d6ed925c1fbf5c769c04,1846c6b07c02ffbe101cd7439b9f4ad06b560b20,
ira_0178.wav,D:\SIH\ira-wakeword\ira words\ira words\ira_0178.wav,35070,True,WAV,PCM_16,16000,1,17496,1.0935,0.17078719098656522,1.0,3c3b5538474b2c88609b7b8d6c108115da2f787f,d347e8d3e0e28b84ca83320351c15880da5a9106,
ira_0179.wav,D:\SIH\ira-wakeword\ira words\ira words\ira_0179.wav,39550,True,WAV,PCM_16,16000,1,19736,1.2335,0.16731428925615904,0.99505615234375,3c6b32e54476b5dfe358fe52f726a19000a50f05,a1f7ed82f0bf681cfd17e5f9270667fa3700a523,
ira_0180.wav,D:\SIH\ira-wakeword\ira words\ira words\ira_0180.wav,49790,True,WAV,PCM_16,16000,1,24856,1.5535,0.07699131121710025,0.423095703125,81acf0299014f6e0d47020efc697339f1c545c60,216ca6172fd62e3a26dc5184387d3111bf84a892,
ira_0181.wav,D:\SIH\ira-wakeword\ira words\ira words\ira_0181.wav,35070,True,WAV,PCM_16,16000,1,17496,1.0935,0.09183255691489904,0.413299560546875,f44011a747811f857355d7adb552ea588e7c495c,ba0838ac29ec66ae5747958571ecb7e2212e217c,
ira_0182.wav,D:\SIH\ira-wakeword\ira words\ira words\ira_0182.wav,106110,True,WAV,PCM_16,16000,1,53016,3.3135,0.07429492721016533,0.61480712890625,5a351144341f2d4a967ea248af13432385107a4e,a6c83fd42396d0f9a798cad7c72066b859551188,
ira_0183.wav,D:\SIH\ira-wakeword\ira words\ira words\ira_0183.wav,35070,True,WAV,PCM_16,16000,1,17496,1.0935,0.09693364036909738,0.49896240234375,1d17f14fbf7e31debf09fc188fd79ce8f1bc5f65,4794e4c15560786f7002808ac2a234d0d7925d2c,
ira_0184.wav,D:\SIH\ira-wakeword\ira words\ira words\ira_0184.wav,47870,True,WAV,PCM_16,16000,1,23896,1.4935,0.052059796675702395,0.264495849609375,50e6ad9f96c1c36be76c78f14b1ca3a7a91ea304,a03083a680962eaaecfc74874b873f3f9080027a,
ira_0185.wav,D:\SIH\ira-wakeword\ira words\ira words\ira_0185.wav,49790,True,WAV,PCM_16,16000,1,24856,1.5535,0.0485030446568832,0.350341796875,59b9ff3cb932e0f3f303be551b6e31e73e0e74b1,96d3ab09714fd433a758cb52ee34d38d2d13da92,
ira_0186.wav,D:\SIH\ira-wakeword\ira words\ira words\ira_0186.wav,40830,True,WAV,PCM_16,16000,1,20376,1.2735,0.08057385934046578,0.322509765625,4f78a8fa02f2d6bade9c2016230afb7c1218fd25,f1dda0acbf21699d7c3bfa26bfd25aadd2fb5b66,
ira_0187.wav,D:\SIH\ira-wakeword\ira words\ira words\ira_0187.wav,42750,True,WAV,PCM_16,16000,1,21336,1.3335,0.06985439689292049,0.3323974609375,77bce9813da0307adf7d4860de1d08dc2b338704,85e4cc7889e2feb8d4a56234441718a5812bc8c5,
ira_0188.wav,D:\SIH\ira-wakeword\ira words\ira words\ira_0188.wav,47870,True,WAV,PCM_16,16000,1,23896,1.4935,0.05583462042128084,0.283447265625,38ad16d6f85cf8889e79c0f8a4804f0dc20547b9,33a94346481e020d817ddd821b71ff026c291336,
ira_0189.wav,D:\SIH\ira-wakeword\ira words\ira words\ira_0189.wav,45950,True,WAV,PCM_16,16000,1,22936,1.4335,0.0530920346043134,0.24969482421875,8c193aed204b1e9d2510924839552bec4cdcbcff,6ab4ad26ea22ca1002a35c09b0922036b86c08e8,
ira_0190.wav,D:\SIH\ira-wakeword\ira words\ira words\ira_0190.wav,41470,True,WAV,PCM_16,16000,1,20696,1.2935,0.07567518926760854,0.390380859375,8a1e919b3edb63f1c3ec55d5a545eda6914355fe,921e9307f1dd7921d2d5f8feab42f3df45a0ccf5,
ira_0191.wav,D:\SIH\ira-wakeword\ira words\ira words\ira_0191.wav,47230,True,WAV,PCM_16,16000,1,23576,1.4735,0.05783273962109707,0.348724365234375,80c9824f9c18e0287e21e173d8978ce4d2c825d3,dd0d5d95eb2f84e26468846d28f41b55a4e4cc1c,
ira_0192.wav,D:\SIH\ira-wakeword\ira words\ira words\ira_0192.wav,45950,True,WAV,PCM_16,16000,1,22936,1.4335,0.058430833101268204,0.380950927734375,99de45be47ea210ac19245fe362b6cf567e79512,12a9a9b017705d9a1c50f41d2f5a1c4978f39a6d,
ira_0193.wav,D:\SIH\ira-wakeword\ira words\ira words\ira_0193.wav,42110,True,WAV,PCM_16,16000,1,21016,1.3135,0.05350587349478346,0.464599609375,1e9a17e4ef3c5b3d042e08d34a4457d411106911,89e3392b49d38813e958d06ce08f81a9aa7a0985,
ira_0194.wav,D:\SIH\ira-wakeword\ira words\ira words\ira_0194.wav,43390,True,WAV,PCM_16,16000,1,21656,1.3535,0.06632053184803237,0.465484619140625,2f51b1d6b9416e5cb3938201ffd417a75af0707f,ea5bef349767b68b042172ab8ff7e96ce6cd0766,
ira_0195.wav,D:\SIH\ira-wakeword\ira words\ira words\ira_0195.wav,37630,True,WAV,PCM_16,16000,1,18776,1.1735,0.07176150444897086,0.43768310546875,8f797d424607be4c582427c3e18671da5f76d57a,0f3a0a6c9e78eb196efef39df95d9f083bf94683,
ira_0196.wav,D:\SIH\ira-wakeword\ira words\ira words\ira_0196.wav,40830,True,WAV,PCM_16,16000,1,20376,1.2735,0.08807235503075324,0.460052490234375,b7a73630ee7fe8c9086bd7c6e094498b6ad66837,cdebb70de84404fcb64ab44e9145a195c0507bc4,
ira_0197.wav,D:\SIH\ira-wakeword\ira words\ira words\ira_0197.wav,35070,True,WAV,PCM_16,16000,1,17496,1.0935,0.0922500736777001,0.4244384765625,16e14bc083fda8d5048c976da838e0a621f6add6,6c9ecdd6e19ac63aa2143083358eb1ee53cdde6f,
ira_0198.wav,D:\SIH\ira-wakeword\ira words\ira words\ira_0198.wav,36990,True,WAV,PCM_16,16000,1,18456,1.1535,0.07635625734724853,0.385589599609375,39454231db8d73cbf61272cc37f797f71c67d91a,2416b29f35e8103a473fdd65e440f4f36f5d8eb7,
ira_0199.wav,D:\SIH\ira-wakeword\ira words\ira words\ira_0199.wav,45950,True,WAV,PCM_16,16000,1,22936,1.4335,0.07592129089990367,0.349090576171875,94702af042939613461bf5e9896a54506da04840,63903920d287f22f9aff010b863c59f9350514a7,
ira_0200.wav,D:\SIH\ira-wakeword\ira words\ira words\ira_0200.wav,77950,True,WAV,PCM_16,16000,1,38936,2.4335,0.060559264219680116,0.685699462890625,f43a5efa7a9f8403deee6f7c81a380dccef03ef9,4687e1e6f2c35d2c8a634ca1a3072b48f7821576,
ira_0201.wav,D:\SIH\ira-wakeword\ira words\ira words\ira_0201.wav,75390,True,WAV,PCM_16,16000,1,37656,2.3535,0.04247882620287523,0.43634033203125,ef3af253bd8ba45679d32fbfd540353c696df49b,4090a96da5d611629b08e2a56b777be059a15cd2,
ira_0202.wav,D:\SIH\ira-wakeword\ira words\ira words\ira_0202.wav,72190,True,WAV,PCM_16,16000,1,36056,2.2535,0.03948128215043835,0.507720947265625,c1e6862dec7c7dfa186ed457bb12b38c53a26353,753a238952c80d92605e9f8f04e3e34855e87efe,
ira_0203.wav,D:\SIH\ira-wakeword\ira words\ira words\ira_0203.wav,93950,True,WAV,PCM_16,16000,1,46936,2.9335,0.05189261142063079,0.5687255859375,c5b44d57367a5d228ead33d302e576affd769b74,87e5326b5ed062c549b15204c89c83272804ddae,
ira_0204.wav,D:\SIH\ira-wakeword\ira words\ira words\ira_0204.wav,79870,True,WAV,PCM_16,16000,1,39896,2.4935,0.04325387809053012,0.56396484375,6f3e070d09009c04fe834f76fb1ee61e1c774255,e5a08a89f80331ad5bc36f61b65fa5a969f7d535,
ira_0205.wav,D:\SIH\ira-wakeword\ira words\ira words\ira_0205.wav,56830,True,WAV,PCM_16,16000,1,28376,1.7735,0.05294336793825064,0.80523681640625,64b8bd6fc096630c7cc03148f2f0fd8f12aefc26,c9fb108ba618f97a38c127a60d0546e3d423a8f8,
ira_0206.wav,D:\SIH\ira-wakeword\ira words\ira words\ira_0206.wav,67070,True,WAV,PCM_16,16000,1,33496,2.0935,0.04762078283988077,0.453704833984375,3141be470fc170dab6cfb288ce9c639c06d98316,0ce5ba72fbe81ff39b086b89dd0729802d984ed6,
ira_0207.wav,D:\SIH\ira-wakeword\ira words\ira words\ira_0207.wav,51710,True,WAV,PCM_16,16000,1,25816,1.6135,0.07692130006325132,0.51129150390625,7d0a08a47f24409f9e67a897307ac5c94cfd1f40,98fb369af62087a2e00ad8efc0e2c44fb9f4c2a8,
ira_0208.wav,D:\SIH\ira-wakeword\ira words\ira words\ira_0208.wav,52350,True,WAV,PCM_16,16000,1,26136,1.6335,0.04366570655241223,0.3822021484375,d676ae9dd7399d0f129de5488096f60f8107f453,6b458e73c104cca193561c408ac9982ae74017f7,
ira_0209.wav,D:\SIH\ira-wakeword\ira words\ira words\ira_0209.wav,45950,True,WAV,PCM_16,16000,1,22936,1.4335,0.056177633662030414,0.473968505859375,d6fdb5f38aa5c84050e2b5875d05ad60ebb85ceb,eb37747124c7a36d5399f60261a73ac163e1b13b,
ira_0210.wav,D:\SIH\ira-wakeword\ira words\ira words\ira_0210.wav,35070,True,WAV,PCM_16,16000,1,17496,1.0935,0.08373655688152139,0.787109375,93b665c39ffdb92f498d19ea975bbf94444c0c3c,5c2c33af1ad3a0bfc289a67c65f188f94ab100c2,
ira_0211.wav,D:\SIH\ira-wakeword\ira words\ira words\ira_0211.wav,48510,True,WAV,PCM_16,16000,1,24216,1.5135,0.17531796324883323,0.977325439453125,181ca6e5f380eaeb911cfbe01fa74b563969ccf5,a05df8d11077eb8d274070c7ed0303c5d0d8a431,
ira_0212.wav,D:\SIH\ira-wakeword\ira words\ira words\ira_0212.wav,26750,True,WAV,PCM_16,16000,1,13336,0.8335,0.17377738859860853,0.997833251953125,6233deab382ecdff9a3d7258901a9042977ae612,88b4533bdcbc34ffdc14cd68f9c15d09667bed83,
ira_0213.wav,D:\SIH\ira-wakeword\ira words\ira words\ira_0213.wav,39550,True,WAV,PCM_16,16000,1,19736,1.2335,0.05371940152115317,0.2437744140625,be28c237814b8f221f840b2654602ae3638ed42e,9ddbfba5dc1ab0bd7aa602c73aa4e9718f24c9c0,
ira_0214.wav,D:\SIH\ira-wakeword\ira words\ira words\ira_0214.wav,36990,True,WAV,PCM_16,16000,1,18456,1.1535,0.10414892798738758,0.684783935546875,0834d9201cb951f5c81a534a8f4d48bbc40a927f,79947438ba2d53aadd8e812dfe0c37edb512db29,
ira_0215.wav,D:\SIH\ira-wakeword\ira words\ira words\ira_0215.wav,47870,True,WAV,PCM_16,16000,1,23896,1.4935,0.13956322660082576,0.9984130859375,89ae7ba27031949e10c9d7a41dc34d75312751a9,2e3b8afa1059171d124321e26882e2f2a79dca5d,
ira_0216.wav,D:\SIH\ira-wakeword\ira words\ira words\ira_0216.wav,86270,True,WAV,PCM_16,16000,1,43096,2.6935,0.14263504864220258,1.0,b7c2de9a8d395e45610d543c90be20ab5f25145e,f91d0f113f9fab195b533602c7ec36f804603dfe,
ira_0217.wav,D:\SIH\ira-wakeword\ira words\ira words\ira_0217.wav,36350,True,WAV,PCM_16,16000,1,18136,1.1335,0.25420131835597226,0.999969482421875,0d80a69010ec9646a8c571075c02473d5d607030,8d3199b73a8059ba2cd20dd31daf72676f2344bc,
ira_0218.wav,D:\SIH\ira-wakeword\ira words\ira words\ira_0218.wav,44670,True,WAV,PCM_16,16000,1,22296,1.3935,0.23871446315587233,0.999969482421875,c3f10b0d2c1755a8c0a76b9cc4f966cec77561bc,b759daac0f9a859f884409c639692c0042dc9df4,
ira_0219.wav,D:\SIH\ira-wakeword\ira words\ira words\ira_0219.wav,38910,True,WAV,PCM_16,16000,1,19416,1.2135,0.18736578569586482,0.999176025390625,7fc245f9c137a6d06ed5d4b0ac10c2f2a307ab5a,792685e0f9be41afbaba583543b0bd46314820f9,
ira_0220.wav,D:\SIH\ira-wakeword\ira words\ira words\ira_0220.wav,54910,True,WAV,PCM_16,16000,1,27416,1.7135,0.14228876309582336,0.999725341796875,b16e3ed2498d8b779b40d571f1d20d927a84b245,655c7545aa7651cfe3376673c05b939828030b67,
ira_0221.wav,D:\SIH\ira-wakeword\ira words\ira words\ira_0221.wav,33150,True,WAV,PCM_16,16000,1,16536,1.0335,0.17603649767446378,0.999969482421875,80a2cc5f44fa0574870e1b5b3d741bf1c999af27,6bb110085aeb0efd24215336be84d8f9972b85db,
ira_0222.wav,D:\SIH\ira-wakeword\ira words\ira words\ira_0222.wav,41470,True,WAV,PCM_16,16000,1,20696,1.2935,0.0900765332828719,0.9229736328125,d0cd9c85663a874a4642b7632d5f580ccaec205d,dec2dc444fa59878b8ad918a7ca4ac73a0891593,
ira_0223.wav,D:\SIH\ira-wakeword\ira words\ira words\ira_0223.wav,38270,True,WAV,PCM_16,16000,1,19096,1.1935,0.13872179073179144,0.97308349609375,998ca9d4b5ca922557b4a7bc2ee3b9cc51191e32,d6cbf5f2e7b6bec3db1da6ae7e0ebc50f3f9e7cb,
ira_0224.wav,D:\SIH\ira-wakeword\ira words\ira words\ira_0224.wav,29310,True,WAV,PCM_16,16000,1,14616,0.9135,0.20943400878189145,1.0,a93fce90266c976bad0f801991765dd10d42b8da,22d5db5dfce48c4d22d2a5966ad08ef6a51064e4,
ira_0225.wav,D:\SIH\ira-wakeword\ira words\ira words\ira_0225.wav,79230,True,WAV,PCM_16,16000,1,39576,2.4735,0.04856905960304517,0.63470458984375,fd9cb14ec4a3f91d6f36c5035119a397deb3d9a0,eee4ac3e7c97b90273c41b744f78f9812e21e4dc,
ira_0226.wav,D:\SIH\ira-wakeword\ira words\ira words\ira_0226.wav,62590,True,WAV,PCM_16,16000,1,31256,1.9535,0.1150941475033281,1.0,8a40abb4e9f73ae70f82b5d1eb826e7d7011f979,591ed3f352b1cc9de1c917eddf0dbee33f373958,
ira_0227.wav,D:\SIH\ira-wakeword\ira words\ira words\ira_0227.wav,45310,True,WAV,PCM_16,16000,1,22616,1.4135,0.08595601109864866,0.803802490234375,0eb392c3cf1e8ff710cbe2be4291bbafa696ab70,31a529612bb270b8375b0efb628a366c13543343,
ira_0228.wav,D:\SIH\ira-wakeword\ira words\ira words\ira_0228.wav,45950,True,WAV,PCM_16,16000,1,22936,1.4335,0.15288113045411178,1.0,8637f273f82595f6c36b5eb1605c5342f00adf9b,3561eb592576191680ab97d3f5807cc75143eb96,
ira_0229.wav,D:\SIH\ira-wakeword\ira words\ira words\ira_0229.wav,44030,True,WAV,PCM_16,16000,1,21976,1.3735,0.04076746535028271,0.41259765625,bb963842013d0db1171cd9522e236f4911abe78f,756e69aa5c9180140c7456e7b8faf56b3c02694c,
ira_0230.wav,D:\SIH\ira-wakeword\ira words\ira words\ira_0230.wav,74750,True,WAV,PCM_16,16000,1,37336,2.3335,0.12381366541027489,1.0,7bf792c5cfcc4af4d615b6c9f65b82cb03f90299,bb91a24a0cf06229b846999afa210db8cf7f05d3,
ira_0231.wav,D:\SIH\ira-wakeword\ira words\ira words\ira_0231.wav,58750,True,WAV,PCM_16,16000,1,29336,1.8335,0.13554488613089558,0.984222412109375,59071b005fd680851d979a6043db579e380a3f97,a8838bb28f91abf8ca96cf837f41ed5ca0631958,
ira_0232.wav,D:\SIH\ira-wakeword\ira words\ira words\ira_0232.wav,52350,True,WAV,PCM_16,16000,1,26136,1.6335,0.1645361900506981,0.99908447265625,d9da2d1c93775ce06492f7d122d21149e12deabf,1c9a621a39ba4188e8081251713f37b7cdf6ab17,
ira_0233.wav,D:\SIH\ira-wakeword\ira words\ira words\ira_0233.wav,29950,True,WAV,PCM_16,16000,1,14936,0.9335,0.1801449219922676,1.0,22fde6bb82f15570a50f1cb3fa4376987de78af5,11268078ecd8de6d4049ead053e266eff87ded4f,
ira_0234.wav,D:\SIH\ira-wakeword\ira words\ira words\ira_0234.wav,48510,True,WAV,PCM_16,16000,1,24216,1.5135,0.1495289877468434,1.0,46b91a2827e420234b8aaee2d7f5841a1d03dc6c,ab204b89dc3ef8bd0c9d8aef3c6a974527a88f14,
ira_0235.wav,D:\SIH\ira-wakeword\ira words\ira words\ira_0235.wav,48510,True,WAV,PCM_16,16000,1,24216,1.5135,0.17119066149823112,0.999969482421875,372f41e88002954ced245dec933d77f6dd975ddf,8d318bdbbb5e8584fad7639c36463872958e0588,
ira_0236.wav,D:\SIH\ira-wakeword\ira words\ira words\ira_0236.wav,51070,True,WAV,PCM_16,16000,1,25496,1.5935,0.17364790621973147,0.99993896484375,a5cd96a2cd9e60929093d7f7e8188d27dc2adc4f,f54418e5ed3418b83a944e9d2e4575aa4dcb1041,
ira_0237.wav,D:\SIH\ira-wakeword\ira words\ira words\ira_0237.wav,36350,True,WAV,PCM_16,16000,1,18136,1.1335,0.18276188877983712,0.999969482421875,cd12d9ad508fa18559d7d359fbc52ea80c80663d,d90beaca40951bbf208fd094da5c695a56cf0e86,
ira_0238.wav,D:\SIH\ira-wakeword\ira words\ira words\ira_0238.wav,50430,True,WAV,PCM_16,16000,1,25176,1.5735,0.17046716879941778,0.999969482421875,50e54cb930dcca5e090ec7304e0213a3f1a32127,f1ee0fa6e32935689cd0841af6ff45cb07fb6c27,
ira_0239.wav,D:\SIH\ira-wakeword\ira words\ira words\ira_0239.wav,58110,True,WAV,PCM_16,16000,1,29016,1.8135,0.18835251956346233,0.999969482421875,a1fcfca2bc285cc6f27052e57717cb4195f4c803,9dbe57e05d0edeed88ae4c9853f83e329c44f126,
ira_0240.wav,D:\SIH\ira-wakeword\ira words\ira words\ira_0240.wav,37630,True,WAV,PCM_16,16000,1,18776,1.1735,0.19052155540042923,0.954681396484375,924839e8e877580e4f11ffd8c656d093e8fb0284,89deac8d44a5816e70b8b429815f48280f027b86,
ira_0241.wav,D:\SIH\ira-wakeword\ira words\ira words\ira_0241.wav,33790,True,WAV,PCM_16,16000,1,16856,1.0535,0.190674646853356,0.970184326171875,40c40b807e95312d492112dadf04d40c2e93d781,d30e9577653c754a6516551550988bafaedd653b,
ira_0242.wav,D:\SIH\ira-wakeword\ira words\ira words\ira_0242.wav,36350,True,WAV,PCM_16,16000,1,18136,1.1335,0.2001481642312957,0.999969482421875,0b5450b3653936d78ce9607b805ab36df45b1901,f1e1b91fd6a91fcd9c98f12f979fc72a14e3424f,
ira_0243.wav,D:\SIH\ira-wakeword\ira words\ira words\ira_0243.wav,53630,True,WAV,PCM_16,16000,1,26776,1.6735,0.14295781862433307,0.995147705078125,7ccbbd305dd35001d2ead8b9ba04028c042b0035,1f58c957fa38de09d9abc4fb45d18240a052de3f,
ira_0244.wav,D:\SIH\ira-wakeword\ira words\ira words\ira_0244.wav,36990,True,WAV,PCM_16,16000,1,18456,1.1535,0.252729302723292,0.999969482421875,0ad2a229b1800e08061f60e0874ab7766e2dd47c,d42ade3794d0dee27fc7270daf98a8d73808e54b,
ira_0245.wav,D:\SIH\ira-wakeword\ira words\ira words\ira_0245.wav,35710,True,WAV,PCM_16,16000,1,17816,1.1135,0.17987848267547898,0.999969482421875,631d2c72bb806176d9d556463e5aaf2de35549bf,175af8a3f7523a5a47b11c8bb90fee32e472e156,
ira_0246.wav,D:\SIH\ira-wakeword\ira words\ira words\ira_0246.wav,42110,True,WAV,PCM_16,16000,1,21016,1.3135,0.16380893816913109,0.9095458984375,24a09ed8f4d7b536a8fb936f0ac8bd7f85c8ae3a,978164e6555ca42b597ec659871ab422295388c3,
ira_0247.wav,D:\SIH\ira-wakeword\ira words\ira words\ira_0247.wav,44030,True,WAV,PCM_16,16000,1,21976,1.3735,0.18043256971902968,0.999969482421875,3d6378f3ba6cff75b55c0ff6750b98ee895c13d9,2e0cbb0dc3771410025fbb1c2fa80238ce8fbeda,
ira_0248.wav,D:\SIH\ira-wakeword\ira words\ira words\ira_0248.wav,56830,True,WAV,PCM_16,16000,1,28376,1.7735,0.14549783041861494,0.9844970703125,3dc9d40e51a1ce1d2e3c2bfd002955d9e5597287,c742f5aa3a324379408b2fbf7eb1dc1967d5ff97,
ira_0249.wav,D:\SIH\ira-wakeword\ira words\ira words\ira_0249.wav,34430,True,WAV,PCM_16,16000,1,17176,1.0735,0.206622690744128,0.999969482421875,e4a9fe9913eeb6f013c03a4f7bce3e68e6cfebc7,4eb64e811b03cd3f7bf1ff83f082b95c27093637,
ira_0250.wav,D:\SIH\ira-wakeword\ira words\ira words\ira_0250.wav,29310,True,WAV,PCM_16,16000,1,14616,0.9135,0.1485314654667437,0.85491943359375,e032e2bd0ab960512e3309aa1d393c311bc4a9a1,9b866375e097a65b16a5b53869d89a97bb21cf2b,
ira_0251.wav,D:\SIH\ira-wakeword\ira words\ira words\ira_0251.wav,33790,True,WAV,PCM_16,16000,1,16856,1.0535,0.09050625835985383,0.673583984375,27524f9cc34e51cbda7d31a3f8bfd2390deb8120,1264056ac232bf7cdf54fdadbf6dee39d1e735d3,
ira_0252.wav,D:\SIH\ira-wakeword\ira words\ira words\ira_0252.wav,28030,True,WAV,PCM_16,16000,1,13976,0.8735,0.22955191564841348,0.999969482421875,d888c39ce96c77f2c20742e60a001d246e57966d,0dc561396098320238de1fcea5e02bbbb0a10212,
ira_0253.wav,D:\SIH\ira-wakeword\ira words\ira words\ira_0253.wav,32510,True,WAV,PCM_16,16000,1,16216,1.0135,0.09860932424111717,0.65301513671875,84b29cc675c82235895d6cb24ae77df74fe2400b,2cd66e6580e4fa5c2b65b0951b4c59972e26db94,
ira_0254.wav,D:\SIH\ira-wakeword\ira words\ira words\ira_0254.wav,32510,True,WAV,PCM_16,16000,1,16216,1.0135,0.19638401106758863,0.999969482421875,895f11a5297ea5f240e83e7362a4056ba218f569,8ad32ca4898a8308153c5b9f15462f71e37080fd,
ira_0255.wav,D:\SIH\ira-wakeword\ira words\ira words\ira_0255.wav,33150,True,WAV,PCM_16,16000,1,16536,1.0335,0.19010053332679755,0.999969482421875,25195ea28648577e571cdf5d36c4216e1845a1e2,d0586d7b2dc02e4f66a44a9be3ad46b66ee4af8c,
ira_0256.wav,D:\SIH\ira-wakeword\ira words\ira words\ira_0256.wav,36990,True,WAV,PCM_16,16000,1,18456,1.1535,0.12884372592007287,1.0,5241624f6fe9b99a55b7dfaf57dde19964f15adb,614744347ac4f5edc49ffc52cb2823f7977510eb,
ira_0257.wav,D:\SIH\ira-wakeword\ira words\ira words\ira_0257.wav,37630,True,WAV,PCM_16,16000,1,18776,1.1735,0.2375639610045508,1.0,725861e7e4858fecd2c99b10a6ddf310cd2058af,8088b4e4d33254eff4d9805a8c30adbe4b23b715,
ira_0258.wav,D:\SIH\ira-wakeword\ira words\ira words\ira_0258.wav,36990,True,WAV,PCM_16,16000,1,18456,1.1535,0.22210603230999493,1.0,215411b2baa203d34b687e24ec15be3e6d12fbaf,87ed80561660016a4a6e430419d65313bf1cd121,
ira_0259.wav,D:\SIH\ira-wakeword\ira words\ira words\ira_0259.wav,31230,True,WAV,PCM_16,16000,1,15576,0.9735,0.1886176605406624,0.999969482421875,f882cec6ccc697ba777483d1e1aaa49c5ea063ad,d880de42c9fa0a39e2bb25b1660ecbf35341e111,
ira_0260.wav,D:\SIH\ira-wakeword\ira words\ira words\ira_0260.wav,42110,True,WAV,PCM_16,16000,1,21016,1.3135,0.15904085834151493,0.999969482421875,e5d6d0aa6ac49830589807bd8d6befe4ece7b563,1c7414c9f51be73e14af2bff1c8d4e3781268516,
ira_0261.wav,D:\SIH\ira-wakeword\ira words\ira words\ira_0261.wav,31230,True,WAV,PCM_16,16000,1,15576,0.9735,0.20035571694329393,0.999969482421875,8ffa4ae4b1fa22d397ee04e322dfcc50d7862821,fe076fe2ab136e775e32190d417e9ca3d9c10b8f,
ira_0262.wav,D:\SIH\ira-wakeword\ira words\ira words\ira_0262.wav,34430,True,WAV,PCM_16,16000,1,17176,1.0735,0.1684996503415947,0.999969482421875,b3719a25c078f7b4a75f13b4c1e268187bae47c9,6fe471299152344059b9d2c3a1ccbfe6cac432ea,
ira_0263.wav,D:\SIH\ira-wakeword\ira words\ira words\ira_0263.wav,27390,True,WAV,PCM_16,16000,1,13656,0.8535,0.1345732925611521,0.925079345703125,742a069e753ad826391114e4f74c591a02ce84b3,fffb16ad0320e89fa3fcfbed26e73e6e960d68c4,
ira_0264.wav,D:\SIH\ira-wakeword\ira words\ira words\ira_0264.wav,34430,True,WAV,PCM_16,16000,1,17176,1.0735,0.13619412780277262,0.999969482421875,c8d1facd7038c3f2cf7edc76fa217aa0af6129b0,df04030e57a999755ff33b1e72f49c8c36e688cc,
ira_0265.wav,D:\SIH\ira-wakeword\ira words\ira words\ira_0265.wav,35070,True,WAV,PCM_16,16000,1,17496,1.0935,0.04445160422898895,0.37139892578125,d885452a88f32de89900b898bca6acd8545429d0,7556e302e30ef40cee7882a4879e7a8557df7bcc,
ira_0266.wav,D:\SIH\ira-wakeword\ira words\ira words\ira_0266.wav,42750,True,WAV,PCM_16,16000,1,21336,1.3335,0.16358304916921568,1.0,522ac6f3399bcb0b2e139acdcbab8c1cecd72b00,6a2f3ba39fa4230ae015599802362f2245bed59c,
ira_0267.wav,D:\SIH\ira-wakeword\ira words\ira words\ira_0267.wav,36350,True,WAV,PCM_16,16000,1,18136,1.1335,0.20639833323174198,1.0,3b1392842838ff4e9ffb7c3a319d506925c33e75,c57e04fa22cbe3f9f7d2b15bb4de007d4b6a0ed0,
ira_0268.wav,D:\SIH\ira-wakeword\ira words\ira words\ira_0268.wav,28030,True,WAV,PCM_16,16000,1,13976,0.8735,0.16882646711296,0.828826904296875,c9292b4d54aaf989a602a29b9b8a6526743f37ad,c4a658049b47d816235c2adbf2346bd7066e1ff8,
ira_0269.wav,D:\SIH\ira-wakeword\ira words\ira words\ira_0269.wav,29310,True,WAV,PCM_16,16000,1,14616,0.9135,0.23896534982015752,0.999969482421875,f91f5c59d35bba191c8f1615167c67aef9b88e0a,92c8591393f8dd6fdc950c0debd7cd45f7ef98ab,
ira_0270.wav,D:\SIH\ira-wakeword\ira words\ira words\ira_0270.wav,31230,True,WAV,PCM_16,16000,1,15576,0.9735,0.21437237046393345,0.999969482421875,6c028470ade40b43b7b16761d2761664bd591bd8,9af647e0ff72364c10ee884e7eb85214ab382641,
ira_0271.wav,D:\SIH\ira-wakeword\ira words\ira words\ira_0271.wav,26110,True,WAV,PCM_16,16000,1,13016,0.8135,0.24206661249442613,0.999969482421875,0237c76b4934616c521e2f2e3967d0441a34dd72,17fbbd06472ce8fdca4b336a74070f4f890dd31b,
ira_0272.wav,D:\SIH\ira-wakeword\ira words\ira words\ira_0272.wav,31870,True,WAV,PCM_16,16000,1,15896,0.9935,0.18047287875760132,1.0,b5cc35355bec83c65718ea33054cb16a84724fbb,ce073a9cfa4ae7b92689e479c0f28bdef07bfe3d,
ira_0273.wav,D:\SIH\ira-wakeword\ira words\ira words\ira_0273.wav,35070,True,WAV,PCM_16,16000,1,17496,1.0935,0.1832725100372557,0.999969482421875,178c1ea8855ee173e8ec61acba0b343487628cd1,c12545779cdcec15047414455e0c288d075d4889,
ira_0274.wav,D:\SIH\ira-wakeword\ira words\ira words\ira_0274.wav,31230,True,WAV,PCM_16,16000,1,15576,0.9735,0.14582421232226855,0.830322265625,47ebdb3e844c64432fe5b9976d1c6c6edd2c6094,a7e908a64067514bdebd6e5fe88e482b57724961,
ira_0275.wav,D:\SIH\ira-wakeword\ira words\ira words\ira_0275.wav,35710,True,WAV,PCM_16,16000,1,17816,1.1135,0.1823014642433535,0.999969482421875,81566d8cf199615b73f6529d370c4ad280f4986e,24f9c93de53b47be67a09838e396c9f78531d348,
ira_0276.wav,D:\SIH\ira-wakeword\ira words\ira words\ira_0276.wav,39550,True,WAV,PCM_16,16000,1,19736,1.2335,0.18136653649128995,1.0,6c80ade5a4ba67df545a9aa3418ba41fd9ef8720,ec5e9b014acef0ab024d7efe2dc25cc33683bb2e,
ira_0277.wav,D:\SIH\ira-wakeword\ira words\ira words\ira_0277.wav,32510,True,WAV,PCM_16,16000,1,16216,1.0135,0.16782288915171692,0.914093017578125,e5e2c6081b8712040a6f6c2685152073d12271aa,800e90b27c970a03497d000bff579cea6ad172c9,
ira_0278.wav,D:\SIH\ira-wakeword\ira words\ira words\ira_0278.wav,32510,True,WAV,PCM_16,16000,1,16216,1.0135,0.10324332179786795,0.924346923828125,7a2c8fa49c7465b41c20b6e0a1186ec41d2085cd,77dc0d4d4bd0f40c60dc8c8dbec9fa0fa33fd135,
ira_0279.wav,D:\SIH\ira-wakeword\ira words\ira words\ira_0279.wav,33150,True,WAV,PCM_16,16000,1,16536,1.0335,0.1382505159565517,0.8477783203125,8b13f95dc4e9dc6d286eabe0662823b517aa3ca6,bb440829b6cb1f316dc7aa095a043ca62d6c53d3,
ira_0280.wav,D:\SIH\ira-wakeword\ira words\ira words\ira_0280.wav,30590,True,WAV,PCM_16,16000,1,15256,0.9535,0.15178188695187841,0.999969482421875,d89861a033b89e808846004b619d3cfed78a3ab6,eff6097f35732e278b5bb1589e95f434de7bc3fc,
ira_0281.wav,D:\SIH\ira-wakeword\ira words\ira words\ira_0281.wav,27390,True,WAV,PCM_16,16000,1,13656,0.8535,0.2057888387822261,0.999969482421875,a51158b65049d3e7c18a5462400e4d000c5de92d,e8fcfe3de40f4f114db4cc6219f827a423c67ed5,
ira_0282.wav,D:\SIH\ira-wakeword\ira words\ira words\ira_0282.wav,32510,True,WAV,PCM_16,16000,1,16216,1.0135,0.13761716932507653,0.999969482421875,1ad085bd0dd81a2a05af1009590c7ea45a7bbe03,fa2ec37ef7689fa7cf725e88a37a99e2fbb393e0,
ira_0283.wav,D:\SIH\ira-wakeword\ira words\ira words\ira_0283.wav,34430,True,WAV,PCM_16,16000,1,17176,1.0735,0.09817658936128089,0.600830078125,aa8a941613941efc9e46cb481ab9bc90399c0e9b,eeead5b916cef56428b9aed0e07c73c817d1606d,
ira_0284.wav,D:\SIH\ira-wakeword\ira words\ira words\ira_0284.wav,31230,True,WAV,PCM_16,16000,1,15576,0.9735,0.14594315793222418,0.894805908203125,885b18eb589d19105006c61de2c5ba84d6517320,a2c7b33c464a87aaed9b8fed0b2b9b6f9d3f1f2b,
ira_0285.wav,D:\SIH\ira-wakeword\ira words\ira words\ira_0285.wav,33790,True,WAV,PCM_16,16000,1,16856,1.0535,0.15689007951796535,0.889007568359375,afeb7bc41f0653a314c610306d56cb1c7f7fac65,5afd3764f17a7f6270c698dbb7060ea883ff2792,
ira_0286.wav,D:\SIH\ira-wakeword\ira words\ira words\ira_0286.wav,31870,True,WAV,PCM_16,16000,1,15896,0.9935,0.16361534059720909,0.93505859375,ff04b317a1361c2b05ab9d2ffc03560899e2e4de,4ef5e3561653df72ada00f84c669b9701328ce2c,
ira_0287.wav,D:\SIH\ira-wakeword\ira words\ira words\ira_0287.wav,29310,True,WAV,PCM_16,16000,1,14616,0.9135,0.20502315346205208,0.999969482421875,20e7f35b360f6311b0aa46cd07e0433914cbd26c,5297095f2894b6d09b85cb5272f3965738851b4a,
ira_0288.wav,D:\SIH\ira-wakeword\ira words\ira words\ira_0288.wav,36990,True,WAV,PCM_16,16000,1,18456,1.1535,0.1788765681049071,0.999969482421875,d31b707f074718f7da7262d4a8d277766f2d21b9,96db89a507eae9370847cc2fb9ffae79a4d4025d,
ira_0289.wav,D:\SIH\ira-wakeword\ira words\ira words\ira_0289.wav,32510,True,WAV,PCM_16,16000,1,16216,1.0135,0.06592285969113512,0.684967041015625,22099ca81570c8df00e1439a3f396062230fae09,347d63fd4b928e9f7c7659e8dd18bb257b8074e4,
ira_0290.wav,D:\SIH\ira-wakeword\ira words\ira words\ira_0290.wav,34430,True,WAV,PCM_16,16000,1,17176,1.0735,0.17415978543326888,0.999969482421875,5938b2d50497928dd932834e205e5670366d64f8,82a575c826df88683c61370e97373861eac580c2,
ira_0291.wav,D:\SIH\ira-wakeword\ira words\ira words\ira_0291.wav,31230,True,WAV,PCM_16,16000,1,15576,0.9735,0.18375581719836412,0.999969482421875,5d17e386b2097e74fe1c293b48823319cc8bd870,54a5debff4b79c4647111d0e2e038f9551421b77,
ira_0292.wav,D:\SIH\ira-wakeword\ira words\ira words\ira_0292.wav,27390,True,WAV,PCM_16,16000,1,13656,0.8535,0.18353052725344035,0.999969482421875,85323d443009f2553d3bea28965cc237b13d0103,90125a91a6df6ba34e494597d38615ac6e5e8ce3,
ira_0293.wav,D:\SIH\ira-wakeword\ira words\ira words\ira_0293.wav,35070,True,WAV,PCM_16,16000,1,17496,1.0935,0.10906668686038432,0.915618896484375,14c3d99a0617bb4e09a032d6da5fd57d44bc17aa,8cb29d167c0dd371b03ad856f0fd0fcf5dd8ca33,
ira_0294.wav,D:\SIH\ira-wakeword\ira words\ira words\ira_0294.wav,33150,True,WAV,PCM_16,16000,1,16536,1.0335,0.1366884151685563,0.954376220703125,76a4748fa7d2f6c6a2a892107445c1efc646d229,5e7cbf0f325b66d85ba5c564675b6abd98154768,
ira_0295.wav,D:\SIH\ira-wakeword\ira words\ira words\ira_0295.wav,35070,True,WAV,PCM_16,16000,1,17496,1.0935,0.1377438007710669,0.999969482421875,d276fe444689244fa73e040db3ffde101fd34ce4,f0ae7175b111cd5512ebd8f7e901c41431262514,
ira_0296.wav,D:\SIH\ira-wakeword\ira words\ira words\ira_0296.wav,34430,True,WAV,PCM_16,16000,1,17176,1.0735,0.17526669022070931,0.999969482421875,4cbc7276a3d64b3d1d4a1b111d1f917275957f0e,527c71ebc58df486f98bc798a03eaf440e3b1458,
ira_0297.wav,D:\SIH\ira-wakeword\ira words\ira words\ira_0297.wav,40190,True,WAV,PCM_16,16000,1,20056,1.2535,0.14481898800224993,0.983306884765625,efe9a645070e06409ccb3a2e99dad1edff2e4904,ae29b0f06659d4b2967121445fbf5c27cf89bf38,
ira_0298.wav,D:\SIH\ira-wakeword\ira words\ira words\ira_0298.wav,33150,True,WAV,PCM_16,16000,1,16536,1.0335,0.16150113686222384,0.999969482421875,337e7311bfa529794cc427d2934781acd8c57051,4f1a3caa82dc59695af41c2ffa3772cfc974b579,
ira_0299.wav,D:\SIH\ira-wakeword\ira words\ira words\ira_0299.wav,35070,True,WAV,PCM_16,16000,1,17496,1.0935,0.1237008132033261,0.88336181640625,7357bed29836f0af2455b056aef89ac5909c4862,e8ee900b02ef4dfe71cd3cae729a29edfd89318b,
ira_0300.wav,D:\SIH\ira-wakeword\ira words\ira words\ira_0300.wav,35070,True,WAV,PCM_16,16000,1,17496,1.0935,0.14461505230892538,0.842437744140625,1e90c6bff9794e90f2c29942b38f7f8388a30df1,d37a677fca5f9038cedb7f8f6f96cb4ea4eb9844,
ira_0301.wav,D:\SIH\ira-wakeword\ira words\ira words\ira_0301.wav,32510,True,WAV,PCM_16,16000,1,16216,1.0135,0.09603322815376074,0.650146484375,9d1453b826c782815cf4c587f064d065a32a5867,714eb5c93a9572122a5a7705e6b788a95429709a,
ira_0302.wav,D:\SIH\ira-wakeword\ira words\ira words\ira_0302.wav,33790,True,WAV,PCM_16,16000,1,16856,1.0535,0.1035842893538239,0.670745849609375,ffe431c0086300282b42351725acb7407f1f9f32,e22c3c63089eea1b129657c91fd617bc0bef0c09,
ira_0303.wav,D:\SIH\ira-wakeword\ira words\ira words\ira_0303.wav,35710,True,WAV,PCM_16,16000,1,17816,1.1135,0.09744568790088601,0.71771240234375,0eea6da76cf7fc93cf1cbb2046f3594d839c6a02,aa8c0c8e85a35906139492acca07ff11894e2592,
ira_0304.wav,D:\SIH\ira-wakeword\ira words\ira words\ira_0304.wav,34430,True,WAV,PCM_16,16000,1,17176,1.0735,0.08491766532743465,0.7408447265625,c3694c7862a85e095288bd9e3635dfc1e775b361,ba9d39f48c8c487e60cc2a3542aa8768ac8b4725,
ira_0305.wav,D:\SIH\ira-wakeword\ira words\ira words\ira_0305.wav,40190,True,WAV,PCM_16,16000,1,20056,1.2535,0.09442724099568066,0.840576171875,0383b5c46a0e446de63369a2e8cf0d9e48a0a48e,bdd4afc7339f9537591e4445266670f212cbbedb,
ira_0306.wav,D:\SIH\ira-wakeword\ira words\ira words\ira_0306.wav,28670,True,WAV,PCM_16,16000,1,14296,0.8935,0.11039230094375772,0.5694580078125,9e30f1cfaff4f82d6768762c9fb53dc85e47c43f,32f7b11c20ffd334de5ee69e454b9de11e143e33,
ira_0307.wav,D:\SIH\ira-wakeword\ira words\ira words\ira_0307.wav,30590,True,WAV,PCM_16,16000,1,15256,0.9535,0.18616036398691438,0.999969482421875,e80756802cdca9e543ed714b3bd61248ec93a09f,b87e893bc9bcffd14e3545607358cdcf6caef9d3,
ira_0308.wav,D:\SIH\ira-wakeword\ira words\ira words\ira_0308.wav,30590,True,WAV,PCM_16,16000,1,15256,0.9535,0.16998643763821097,0.999969482421875,f396bb72985a8d953edb5919eaa76d8bfeb792df,89eb6ad791227d0b8347c7abcd8c39d70720bae8,
ira_0309.wav,D:\SIH\ira-wakeword\ira words\ira words\ira_0309.wav,36350,True,WAV,PCM_16,16000,1,18136,1.1335,0.17536961456231853,0.999969482421875,1334305bd5f577e329b37d2b80b2145f1ad8ba38,03093e1bd2a7f7f4ca1ceea1bf6b53083c8cf98f,
ira_0310.wav,D:\SIH\ira-wakeword\ira words\ira words\ira_0310.wav,36990,True,WAV,PCM_16,16000,1,18456,1.1535,0.14223158903685051,0.96533203125,edaee1da84e2b8bbb580545643a161246e60a274,fed1a0fb5d387fb84d8e500c91f76bbf998943b3,
ira_0311.wav,D:\SIH\ira-wakeword\ira words\ira words\ira_0311.wav,40190,True,WAV,PCM_16,16000,1,20056,1.2535,0.12711417969517502,0.95281982421875,bfc3be5ebca55389cc7702ac8e63875652e65880,32064f807ddb584871bb4c05436a412b9801d7fe,
ira_0312.wav,D:\SIH\ira-wakeword\ira words\ira words\ira_0312.wav,39550,True,WAV,PCM_16,16000,1,19736,1.2335,0.13731343349519262,0.999969482421875,3691c17819bf8b4945bd4a18fa0d869e4a3533d9,b8ebee6eab1aced2c586b443f99e7332ca076270,
ira_0313.wav,D:\SIH\ira-wakeword\ira words\ira words\ira_0313.wav,37630,True,WAV,PCM_16,16000,1,18776,1.1735,0.15570172602249996,0.999969482421875,a38d3d4a17e657a7e44f118cf0f738f033c44132,3cd07ee9f8503780089ae939a3733e985fdb5bcd,
ira_0314.wav,D:\SIH\ira-wakeword\ira words\ira words\ira_0314.wav,33790,True,WAV,PCM_16,16000,1,16856,1.0535,0.13127631685332858,0.9530029296875,527c10d2149fbfbed5a161edcb07033fe2055caa,9ee1fe7fd9ae440635e992903b9dee1becd53be6,
ira_0315.wav,D:\SIH\ira-wakeword\ira words\ira words\ira_0315.wav,42110,True,WAV,PCM_16,16000,1,21016,1.3135,0.12684813383225357,0.865142822265625,ab700ca6cf761511a826c16e31a91bc451bc3b24,7e397e466015c071e0c210cd776960eaba7fece8,
ira_0316.wav,D:\SIH\ira-wakeword\ira words\ira words\ira_0316.wav,31870,True,WAV,PCM_16,16000,1,15896,0.9935,0.08672308640373129,0.79803466796875,b38d6f1daf8636db19f312b6b05fa570df98c37b,1ecd44f293e17d7606afed38146e15d66983d8dd,
ira_0317.wav,D:\SIH\ira-wakeword\ira words\ira words\ira_0317.wav,32510,True,WAV,PCM_16,16000,1,16216,1.0135,0.16473567781981097,0.995086669921875,b8a2bcb65cc63b3500dfce0074fdedc868e72a01,61880c88b35c60ba4c86d352bbcfece83de194ee,
ira_0318.wav,D:\SIH\ira-wakeword\ira words\ira words\ira_0318.wav,26750,True,WAV,PCM_16,16000,1,13336,0.8335,0.16989472077627435,0.923828125,e420d50a0805478cc7ad1cb3c9bd4a0d1c5e47cf,a72b7f9ce9f5cc9f83e57ee82f0075d498db6336,
ira_0319.wav,D:\SIH\ira-wakeword\ira words\ira words\ira_0319.wav,36990,True,WAV,PCM_16,16000,1,18456,1.1535,0.13821452011198898,0.962677001953125,afa2d79f7c4bb856e26bceb5155c4d0a5be7f0a8,4076c9b67e12a78dafd1f3bef7ec6beac416cf5f,
ira_0320.wav,D:\SIH\ira-wakeword\ira words\ira words\ira_0320.wav,37630,True,WAV,PCM_16,16000,1,18776,1.1735,0.13910432424177124,0.97119140625,be6b7e870cc0a233ac8a08b7416f9b55eb4ea280,bfaa6ee3cad135be0f833c8018d4b8f6bbb7cc46,
ira_0321.wav,D:\SIH\ira-wakeword\ira words\ira words\ira_0321.wav,28670,True,WAV,PCM_16,16000,1,14296,0.8935,0.15168591407957296,0.8997802734375,19b3c38a533aa43aa6b9451e4547ea7a7eec1bb9,3c32cb30ca598e978fc6b2bf183f92768929d3a6,
ira_0322.wav,D:\SIH\ira-wakeword\ira words\ira words\ira_0322.wav,31870,True,WAV,PCM_16,16000,1,15896,0.9935,0.16618342842547976,0.90948486328125,295211532a1bcc67580768283fafa293a69aa1a1,51a76f075093d35a331534c400146ea57a7f913d,
ira_0323.wav,D:\SIH\ira-wakeword\ira words\ira words\ira_0323.wav,29310,True,WAV,PCM_16,16000,1,14616,0.9135,0.16487848365375843,0.948822021484375,3f4404fb952606e6287fb362f5c0602ef01a5307,25574cbf79f4a56e395707850dd0d93e75d1bfe1,
ira_0324.wav,D:\SIH\ira-wakeword\ira words\ira words\ira_0324.wav,30590,True,WAV,PCM_16,16000,1,15256,0.9535,0.1513211103139913,0.819671630859375,b252d2c304ef6868c4cd7391976ae90e719a60c9,7220fda4e30adff0136cd5ec003e4d5c9173889c,
ira_0325.wav,D:\SIH\ira-wakeword\ira words\ira words\ira_0325.wav,36350,True,WAV,PCM_16,16000,1,18136,1.1335,0.10392846339257533,0.83197021484375,27851f3b116d625a3bb449784ddf059369bfe3d9,96ed0213f5effbd28e751c60cf95bbcfad990099,
ira_0326.wav,D:\SIH\ira-wakeword\ira words\ira words\ira_0326.wav,33790,True,WAV,PCM_16,16000,1,16856,1.0535,0.11152722313203005,0.906463623046875,35e5da05499aa43c80f9285ac8ee9ffa322d8738,cf2244d887b92fcd261f51364cffb9646f67ffdc,
ira_0327.wav,D:\SIH\ira-wakeword\ira words\ira words\ira_0327.wav,28670,True,WAV,PCM_16,16000,1,14296,0.8935,0.20618205067409737,0.999969482421875,1f6edfc95f5201124c83d297edda7b9b893f0997,2d851dd1dc7525cb941a091dea29a2d2fb201b69,
ira_0328.wav,D:\SIH\ira-wakeword\ira words\ira words\ira_0328.wav,37630,True,WAV,PCM_16,16000,1,18776,1.1735,0.17162098019319913,0.999969482421875,d8ff1b91d2a2d9acef6eca4201a0fe51289bc544,254ff594e630a6ccc1403f8a24de6112cc37a9cb,
ira_0329.wav,D:\SIH\ira-wakeword\ira words\ira words\ira_0329.wav,34430,True,WAV,PCM_16,16000,1,17176,1.0735,0.2402863201914416,0.999969482421875,6b643dc45752a3628254237f780da5380a41d6b4,c695c3aef30e4c6885fa7ddfdb77accb2ad9bdab,
ira_0330.wav,D:\SIH\ira-wakeword\ira words\ira words\ira_0330.wav,32510,True,WAV,PCM_16,16000,1,16216,1.0135,0.17242256255157834,0.999969482421875,846d4d83e32f6dd5d52a4e5c07780772fcf2bd56,08c53e1895c1fa627c7d36970e0a0694bf934f23,
ira_0331.wav,D:\SIH\ira-wakeword\ira words\ira words\ira_0331.wav,33790,True,WAV,PCM_16,16000,1,16856,1.0535,0.14643256350090458,0.999969482421875,e80fb979aef573269b55fcdb8f6238c76838bf7f,2b0d5318ef38db21364f80ee4d43768d8b6a8852,
ira_0332.wav,D:\SIH\ira-wakeword\ira words\ira words\ira_0332.wav,34430,True,WAV,PCM_16,16000,1,17176,1.0735,0.16682723245157643,1.0,635a413ee78b54d5abedf37dc5797def24cc57a3,3a2b1cf6752f25c19891ffa587ce76ff3512d501,
ira_0333.wav,D:\SIH\ira-wakeword\ira words\ira words\ira_0333.wav,35710,True,WAV,PCM_16,16000,1,17816,1.1135,0.17225239924511643,0.999969482421875,d2af96bac8b19d0270c7114fda3cdd5f347d8c79,036d6377afb540e88a4ee3e97a5eac4b56821eb0,
ira_0334.wav,D:\SIH\ira-wakeword\ira words\ira words\ira_0334.wav,31230,True,WAV,PCM_16,16000,1,15576,0.9735,0.1809499000574262,0.999969482421875,b1e840fb0c552a67d2efdaa88859cf234eae18a4,5265b4dfd477d7860f016a514b1a3fd64cfbcf07,
ira_0335.wav,D:\SIH\ira-wakeword\ira words\ira words\ira_0335.wav,35710,True,WAV,PCM_16,16000,1,17816,1.1135,0.16540783099068884,0.999969482421875,1eb09e786459563eefc4b7f899734f4a8378a9c8,4f31e3690731ee754615f637b65f3ab1d3c7516f,
ira_0336.wav,D:\SIH\ira-wakeword\ira words\ira words\ira_0336.wav,33150,True,WAV,PCM_16,16000,1,16536,1.0335,0.16498306774501673,0.999969482421875,479cbccb5b338dbdfc6301dab6a6b4ec568cb454,2cc5b24c21dcac7e342a0b546c1edbbce4bb9691,
ira_0337.wav,D:\SIH\ira-wakeword\ira words\ira words\ira_0337.wav,31230,True,WAV,PCM_16,16000,1,15576,0.9735,0.09447705004607398,0.594818115234375,5d0922147c949e4c922725928848f484cfe65372,b8b0607c7aacaee69c669d8fb708e27d6b810779,
ira_0338.wav,D:\SIH\ira-wakeword\ira words\ira words\ira_0338.wav,49790,True,WAV,PCM_16,16000,1,24856,1.5535,0.2051922869318949,0.99859619140625,b8d5d0c92b5a0328079aa912d47fb5ca134427eb,24950a7f5d01dc2a5914bde910f56f1e0d0bd248,
ira_0339.wav,D:\SIH\ira-wakeword\ira words\ira words\ira_0339.wav,36990,True,WAV,PCM_16,16000,1,18456,1.1535,0.11736518160240106,0.982513427734375,16f591d157ff6984992c9254df396298272d7e08,cebb3fa17c7b9524837ed0a10ca69ceb8818a8e4,
ira_0340.wav,D:\SIH\ira-wakeword\ira words\ira words\ira_0340.wav,52350,True,WAV,PCM_16,16000,1,26136,1.6335,0.19342810063414723,1.0,1ace4d535d2a7fb4cf24a28ad3b92325837fbd7c,9cf8cb35ecb86b1a0e32189b7b8ce1d024648068,
ira_0341.wav,D:\SIH\ira-wakeword\ira words\ira words\ira_0341.wav,34430,True,WAV,PCM_16,16000,1,17176,1.0735,0.1249454586475895,0.654449462890625,9360acbd3a875f393d41b8c328dd508627670223,3eb0545ee5593d9a7602d162f62bd1b4ad0c1216,
ira_0342.wav,D:\SIH\ira-wakeword\ira words\ira words\ira_0342.wav,54910,True,WAV,PCM_16,16000,1,27416,1.7135,0.18402638434099997,0.999969482421875,a822f92be4bd58baea4fa68aa3736246b9ad4457,3e3f909bf4a595ff62fbc49d56195b66519e4463,
ira_0343.wav,D:\SIH\ira-wakeword\ira words\ira words\ira_0343.wav,32510,True,WAV,PCM_16,16000,1,16216,1.0135,0.14573637580457063,0.89825439453125,8c051795540adf524aae207dbe94039ad35c7136,02140fe3f42ee17eeaa026f3175898ab20346c9b,
ira_0344.wav,D:\SIH\ira-wakeword\ira words\ira words\ira_0344.wav,30590,True,WAV,PCM_16,16000,1,15256,0.9535,0.15522134839439877,0.999969482421875,d6fdb51805e098f2f3519706321433a780fa1a6d,472fa32bcb879bb3cebecf8a9e1c0574a2fc6117,
ira_0345.wav,D:\SIH\ira-wakeword\ira words\ira words\ira_0345.wav,31230,True,WAV,PCM_16,16000,1,15576,0.9735,0.1387966032219178,0.94622802734375,5c033f7debaa6c2ed35bd8337ed2826eebf52304,75a9b552f4a9a62af97e18bf7891153f4fa6e8d4,
ira_0346.wav,D:\SIH\ira-wakeword\ira words\ira words\ira_0346.wav,47230,True,WAV,PCM_16,16000,1,23576,1.4735,0.11894435958303731,0.904266357421875,d0f82a2ad8f35a6d9c4b5518436fb3ebe23be98a,281980f1113746005f90ccfbd4728ae8b86b2fe0,
ira_0347.wav,D:\SIH\ira-wakeword\ira words\ira words\ira_0347.wav,38910,True,WAV,PCM_16,16000,1,19416,1.2135,0.0967043832085066,0.672515869140625,bf73c57ed34bffc41f78b18783c7555d6e2dc45f,8852bbc75a97541a7ed4a18ad4df04eb7113347e,
ira_0348.wav,D:\SIH\ira-wakeword\ira words\ira words\ira_0348.wav,46590,True,WAV,PCM_16,16000,1,23256,1.4535,0.1580346336357971,0.984832763671875,18bf341413a7f59f9a6d240a5bbb066ffc135ed4,51b9f8dd6c15147b761df1787f3b73ee53a698f0,
ira_0349.wav,D:\SIH\ira-wakeword\ira words\ira words\ira_0349.wav,45310,True,WAV,PCM_16,16000,1,22616,1.4135,0.1561783281969775,0.994842529296875,614f1fd1c41d5cb88871c13cda7390b0941efff8,0a4c3dfbadf7771d3dc5f0aba9461a01831e9a90,
ira_0350.wav,D:\SIH\ira-wakeword\ira words\ira words\ira_0350.wav,49150,True,WAV,PCM_16,16000,1,24536,1.5335,0.09547673584572793,0.93402099609375,e40f627865f4a79f3dd26e2e6e9b6a37f75bdc78,e42184de86326d58563f9fe60ae4799d898ecebd,
ira_0351.wav,D:\SIH\ira-wakeword\ira words\ira words\ira_0351.wav,58110,True,WAV,PCM_16,16000,1,29016,1.8135,0.16039881998345965,1.0,c3716e13a470cff43ca97d4ef18c861500949f68,7d837d923ad2560303f9d2885b0cf5486d550db8,
ira_0352.wav,D:\SIH\ira-wakeword\ira words\ira words\ira_0352.wav,47870,True,WAV,PCM_16,16000,1,23896,1.4935,0.12413002227717325,0.971038818359375,05da5aee66857cfaab1765e7ba4efa21f09ffcbf,20ae007279405a9df1a9528f262e4292a4b0f981,
ira_0353.wav,D:\SIH\ira-wakeword\ira words\ira words\ira_0353.wav,44030,True,WAV,PCM_16,16000,1,21976,1.3735,0.15861468336158013,1.0,cecdbe018e96a332b33fd6163b46efa9347a815a,b18403cc10b35e0515e7cbce22fd5581ff80e99d,
ira_0354.wav,D:\SIH\ira-wakeword\ira words\ira words\ira_0354.wav,93310,True,WAV,PCM_16,16000,1,46616,2.9135,0.11296418679839051,1.0,3f3ef9b59775456c57d87d85f4367f4e8528b428,01e2bdf6a41ab2c260681324242b68493786bda9,
ira_0355.wav,D:\SIH\ira-wakeword\ira words\ira words\ira_0355.wav,54270,True,WAV,PCM_16,16000,1,27096,1.6935,0.21410975920255088,1.0,589b845e076a68a419725ed0bc04898bb47e4424,67dd2a31c844f990bd8863df5365ab51f9b6584d,
ira_0356.wav,D:\SIH\ira-wakeword\ira words\ira words\ira_0356.wav,49790,True,WAV,PCM_16,16000,1,24856,1.5535,0.13349598978845015,0.949951171875,d314faefe7fe81dda170f0b3596237eb728d50a6,390df94721d36970dfadbcad4e73efd0b3333260,
ira_0357.wav,D:\SIH\ira-wakeword\ira words\ira words\ira_0357.wav,47870,True,WAV,PCM_16,16000,1,23896,1.4935,0.18284238003135128,1.0,2eedf38de1ac3e8024bb052312e1660a80bcbf50,6ed0bc5bdaae6937e08dd3633621aefb4edca46d,
ira_0358.wav,D:\SIH\ira-wakeword\ira words\ira words\ira_0358.wav,51710,True,WAV,PCM_16,16000,1,25816,1.6135,0.20924758043060052,1.0,1e6caed166dba93e0f1fc7dd3c4a8cfc465574df,e0985a0be5cfe77a062508a5ab66cacc9226cd68,
ira_0359.wav,D:\SIH\ira-wakeword\ira words\ira words\ira_0359.wav,38910,True,WAV,PCM_16,16000,1,19416,1.2135,0.07990163903064891,0.804443359375,63a43b519e3136619dfa78b244a7b745633598ba,fcd4fc26b3e44c8965c2ffbfbc2d220d84d55e2e,
ira_0360.wav,D:\SIH\ira-wakeword\ira words\ira words\ira_0360.wav,38910,True,WAV,PCM_16,16000,1,19416,1.2135,0.07439422484062301,0.656768798828125,d8ae9a7bd66de1cfd77b93e68273d2d8194f638a,dcae39498a0aa0e917847db2c751af74d15f7456,
ira_0361.wav,D:\SIH\ira-wakeword\ira words\ira words\ira_0361.wav,51070,True,WAV,PCM_16,16000,1,25496,1.5935,0.13111476651249718,0.90264892578125,6bfa32fe83414bac6856ed3be571c0e220ed61bc,02d2e2f8b4c25aafe1a315ed9066e3db3f3db2cd,
ira_0362.wav,D:\SIH\ira-wakeword\ira words\ira words\ira_0362.wav,55550,True,WAV,PCM_16,16000,1,27736,1.7335,0.15244684267444433,0.999969482421875,9cdaf25214f3f2b416f596a542561de72afdfd18,42e0dfb1ecd9e79298378e18661748ad925376b5,
ira_0363.wav,D:\SIH\ira-wakeword\ira words\ira words\ira_0363.wav,43390,True,WAV,PCM_16,16000,1,21656,1.3535,0.1722635054168391,0.998443603515625,5bfac7bd1e78b34d094ef0913c432d0c1da39c30,d74a40d05d911068604bfbebd8781cdea57158dc,
ira_0364.wav,D:\SIH\ira-wakeword\ira words\ira words\ira_0364.wav,38910,True,WAV,PCM_16,16000,1,19416,1.2135,0.19253321952838146,0.98553466796875,4a7112eefeab3f76bc9a29085e888bf2140be70e,c73a37a428ff2d750df4f1217fcac9690f55a234,
ira_0365.wav,D:\SIH\ira-wakeword\ira words\ira words\ira_0365.wav,29950,True,WAV,PCM_16,16000,1,14936,0.9335,0.1149187009979794,0.9044189453125,5edb1efd3ae2d1a3c56b49648c47a911022de7df,5f61689ac4cc44ab2959cc7be9bd45d322b7b15d,
ira_0366.wav,D:\SIH\ira-wakeword\ira words\ira words\ira_0366.wav,38270,True,WAV,PCM_16,16000,1,19096,1.1935,0.1698289938622785,0.96160888671875,4015869b5dbbaf60959914773da91fd99fe9e644,ec56ddd78c2e97cfa33322d0daf549472871c30d,
ira_0367.wav,D:\SIH\ira-wakeword\ira words\ira words\ira_0367.wav,39550,True,WAV,PCM_16,16000,1,19736,1.2335,0.19370465213472454,0.999969482421875,79bd77e2931a77bcb07b08d499a62ec6276f2f0c,767897670bb99f5cd7adc2d405ae3afce6dbabb7,
ira_0368.wav,D:\SIH\ira-wakeword\ira words\ira words\ira_0368.wav,31230,True,WAV,PCM_16,16000,1,15576,0.9735,0.2036504634889697,0.999969482421875,813fe44c0c5884b18e6d7075a292cd6583b5b61a,b8260a087df0f4f87c66cc504942c8703dca375b,
ira_0369.wav,D:\SIH\ira-wakeword\ira words\ira words\ira_0369.wav,40830,True,WAV,PCM_16,16000,1,20376,1.2735,0.1575590409342315,0.999969482421875,81c494456acb0259d46b63020ae82cd21f167787,914c53d5361989896901724c83d3894462bd9bea,
ira_0370.wav,D:\SIH\ira-wakeword\ira words\ira words\ira_0370.wav,50430,True,WAV,PCM_16,16000,1,25176,1.5735,0.15446697897249978,0.999969482421875,6fb42405ab99eddd6e2af047cbd363431f998d9c,9098ad2355c5dc9c782eccc38baf7ad20a2a1867,
ira_0371.wav,D:\SIH\ira-wakeword\ira words\ira words\ira_0371.wav,31230,True,WAV,PCM_16,16000,1,15576,0.9735,0.20134869932974173,0.999237060546875,7f1e1deb61104daa5b915b7f654a799c8f3b06fd,ffa44fa5eacfa0605d63d3f408d3f81905f19998,
ira_0372.wav,D:\SIH\ira-wakeword\ira words\ira words\ira_0372.wav,30590,True,WAV,PCM_16,16000,1,15256,0.9535,0.19191844962660573,0.999969482421875,733f0ff7f2c31acbd96997072177503448148c46,337de080b8fbae88727492dab670e40a63489f79,
ira_0373.wav,D:\SIH\ira-wakeword\ira words\ira words\ira_0373.wav,23550,True,WAV,PCM_16,16000,1,11736,0.7335,0.22920040717204992,0.999969482421875,ca2a02c2e76a51d8702845354198edce0638e25b,dfcfbcb5541fad2ffee0ed238a068f8fb21e27d7,
ira_0374.wav,D:\SIH\ira-wakeword\ira words\ira words\ira_0374.wav,47230,True,WAV,PCM_16,16000,1,23576,1.4735,0.1544312843253538,0.996429443359375,3c311d3db69afbff32b98555f6b1e72faf143de6,653a55c4cae51b9b57ebd3c720e6cd01f557b0d7,
ira_0375.wav,D:\SIH\ira-wakeword\ira words\ira words\ira_0375.wav,31870,True,WAV,PCM_16,16000,1,15896,0.9935,0.18726879063459947,0.999969482421875,4c7f437e6425626842f3e05387930f07485e1d03,60bf2ad27ba0d08ba383bab5e32fce20247feaa9,
ira_0376.wav,D:\SIH\ira-wakeword\ira words\ira words\ira_0376.wav,33150,True,WAV,PCM_16,16000,1,16536,1.0335,0.18481879865846793,0.999969482421875,d26542e0fc830afdd13a3830f322100d24c74a90,2dc56259997b40d47827924041c7a8db9bd14d5f,
ira_0377.wav,D:\SIH\ira-wakeword\ira words\ira words\ira_0377.wav,24830,True,WAV,PCM_16,16000,1,12376,0.7735,0.03761589192076708,0.30938720703125,0f04687a871afee3bce1af6dd9fccc428caaa089,dd86d7e8fc28e831310cdafec630462527a4b91f,
ira_0378.wav,D:\SIH\ira-wakeword\ira words\ira words\ira_0378.wav,41470,True,WAV,PCM_16,16000,1,20696,1.2935,0.18897852017445324,0.999969482421875,0396577dabdf29f7a67aeeba00fcecf92300cbbb,d145a709a3ec9b75d11939aca8b66c1398fbdb1c,
ira_0379.wav,D:\SIH\ira-wakeword\ira words\ira words\ira_0379.wav,34430,True,WAV,PCM_16,16000,1,17176,1.0735,0.2190076918020711,0.999969482421875,d16841b1e67abd50280efd7bae195397e34f405d,5e158a05dae0e68c6bda39c11d587fd64d643751,
ira_0380.wav,D:\SIH\ira-wakeword\ira words\ira words\ira_0380.wav,33150,True,WAV,PCM_16,16000,1,16536,1.0335,0.11282070494676781,0.999969482421875,c706c6fc0e0621bff9b9f71270de729da9b7c314,cef8743b901640b11467c687d062b22ac7d97951,
ira_0381.wav,D:\SIH\ira-wakeword\ira words\ira words\ira_0381.wav,36350,True,WAV,PCM_16,16000,1,18136,1.1335,0.1735925469258342,0.999969482421875,8023276f00cbdd798fe51d15c0c2909ce36e8c70,c8f92589038445e24af8cbefecf6de195efaeb61,
ira_0382.wav,D:\SIH\ira-wakeword\ira words\ira words\ira_0382.wav,41470,True,WAV,PCM_16,16000,1,20696,1.2935,0.17244484021670417,0.951416015625,ac51317aac4c0cd9f0a1529d16dd159fbe655ff8,07b99b6071b6af5faf032a6c7ada03f9d3157eeb,
ira_0383.wav,D:\SIH\ira-wakeword\ira words\ira words\ira_0383.wav,28670,True,WAV,PCM_16,16000,1,14296,0.8935,0.19664615029192406,0.999969482421875,28fe6503e8e980d3ee3dfb267475c9e7fbdce362,1f58d29d63ee3a75b81a4e847f5d5793a2e92b31,
ira_0384.wav,D:\SIH\ira-wakeword\ira words\ira words\ira_0384.wav,65150,True,WAV,PCM_16,16000,1,32536,2.0335,0.062071373095744606,0.616943359375,d2e9aa1ced19d87c26e632b0b74567d484f5bca4,2eef14a17a1354866a71a9f5ee743bcc78f1e528,
ira_0385.wav,D:\SIH\ira-wakeword\ira words\ira words\ira_0385.wav,60030,True,WAV,PCM_16,16000,1,29976,1.8735,0.14494792067584483,0.999969482421875,40b3e89dad6964bc58c1a93db779110773926a52,a08f5400be594d147150d0f5741353fff034ba54,
ira_0386.wav,D:\SIH\ira-wakeword\ira words\ira words\ira_0386.wav,71550,True,WAV,PCM_16,16000,1,35736,2.2335,0.054698150808848676,0.83587646484375,561f9d185e3f7117db8e9b4f45ce4a5b6af6fa93,3fcda9e8397c860a727763943711dbbf292c50dd,
ira_0387.wav,D:\SIH\ira-wakeword\ira words\ira words\ira_0387.wav,52990,True,WAV,PCM_16,16000,1,26456,1.6535,0.17240560427717525,0.9989013671875,813195c945af963a0b3f99f16c97f2b9816e8954,7c2c88cdaa35e7550cf75dae931ec4cee4c8934e,
ira_0388.wav,D:\SIH\ira-wakeword\ira words\ira words\ira_0388.wav,77950,True,WAV,PCM_16,16000,1,38936,2.4335,0.049025658841431466,0.637451171875,1ff09b83d4d5cc36da84710a93fb39e963d37f12,e031cd9aa28b0c8ab93250054782ab003b598acc,
ira_0389.wav,D:\SIH\ira-wakeword\ira words\ira words\ira_0389.wav,67070,True,WAV,PCM_16,16000,1,33496,2.0935,0.11004485912312403,0.999969482421875,ea22b2096b631aff433ee4fc1fde67b8e9722944,654e652e71effe817cc1326bfd4e2c78eee94865,
ira_0390.wav,D:\SIH\ira-wakeword\ira words\ira words\ira_0390.wav,47870,True,WAV,PCM_16,16000,1,23896,1.4935,0.18067036193706806,0.966644287109375,8c0f0704d85a2f5775b4f41c63efee866bbb3c8e,edfccfbc630fbd49867ac54de194f86875cc3204,
ira_0391.wav,D:\SIH\ira-wakeword\ira words\ira words\ira_0391.wav,80510,True,WAV,PCM_16,16000,1,40216,2.5135,0.11513345532050952,0.964447021484375,7861781d00cd775412728678873119f4fb1e9828,994b25f5d09b020929069bb6ee46c556b7d14940,
ira_0392.wav,D:\SIH\ira-wakeword\ira words\ira words\ira_0392.wav,48510,True,WAV,PCM_16,16000,1,24216,1.5135,0.16504723858285597,0.999969482421875,6294b3930b302338c06630215bea0356f5752ffe,23e9d3493b996ea40ac2b0fdbacac9cc190116a4,
ira_0393.wav,D:\SIH\ira-wakeword\ira words\ira words\ira_0393.wav,38910,True,WAV,PCM_16,16000,1,19416,1.2135,0.08708433044365112,0.77630615234375,0e761ce2e89589b038d54abe0b8756135dcbb7ac,748b44b1baf95fdea8f7b1e8d3f157a339b264f9,
ira_0394.wav,D:\SIH\ira-wakeword\ira words\ira words\ira_0394.wav,33790,True,WAV,PCM_16,16000,1,16856,1.0535,0.10198921648034436,0.85137939453125,eda261517a9e1448772c2cbe7b1509a1b6af0a56,ac7472d7020bd0241993c9c9ce4e686be0f7a7a9,
ira_0395.wav,D:\SIH\ira-wakeword\ira words\ira words\ira_0395.wav,41470,True,WAV,PCM_16,16000,1,20696,1.2935,0.10622303510664377,0.88916015625,a22761fe64be2fc36694f1587cbb932985c36049,87b77ac005f0bcbc69f38cbc833591858f283ed7,
ira_0396.wav,D:\SIH\ira-wakeword\ira words\ira words\ira_0396.wav,35070,True,WAV,PCM_16,16000,1,17496,1.0935,0.18790190848708638,0.999969482421875,c8aa867054d412f5e3d83a2909b4106c75930c92,9bf050f1a66b2a5b868503baed434a61a75e7adf,
ira_0397.wav,D:\SIH\ira-wakeword\ira words\ira words\ira_0397.wav,40830,True,WAV,PCM_16,16000,1,20376,1.2735,0.10902986950004419,0.652099609375,5e49179265cce7a503a52a057097061ec111d7fc,eef42a77e43243ab844e1c153445946eeffa1aef,
ira_0398.wav,D:\SIH\ira-wakeword\ira words\ira words\ira_0398.wav,33150,True,WAV,PCM_16,16000,1,16536,1.0335,0.1352931967866876,0.959503173828125,9b033fc73a6b4adecbb09c2e99f8312196eb8f73,03b05a5ffe1c4fa5e839836c4b9cfbea71c245f8,
ira_0399.wav,D:\SIH\ira-wakeword\ira words\ira words\ira_0399.wav,33150,True,WAV,PCM_16,16000,1,16536,1.0335,0.13256115039687433,0.913330078125,f593f69a4975a9e3f9feaeee956fe5acb64e08f3,90adcda54e796f7e2bd31bed0f68bac247723f73,
ira_0400.wav,D:\SIH\ira-wakeword\ira words\ira words\ira_0400.wav,35070,True,WAV,PCM_16,16000,1,17496,1.0935,0.11346024851854498,0.82330322265625,97358768238d6e63f4ef178ba3b8e9b52eade056,8c73dd987d923fffb006f83ed0d82e14fcb488fb,
ira_0401.wav,D:\SIH\ira-wakeword\ira words\ira words\ira_0401.wav,36350,True,WAV,PCM_16,16000,1,18136,1.1335,0.11587059899960808,0.807708740234375,31e75c31ce14c74c0aa659803d600618a5a1a76f,0f1c48104dcb56927513e44f94aa0060ab09728e,
ira_0402.wav,D:\SIH\ira-wakeword\ira words\ira words\ira_0402.wav,33790,True,WAV,PCM_16,16000,1,16856,1.0535,0.19056958678810362,0.9805908203125,985a0551471a05c12eea11305796d82e5eaa57d8,23324eaeb3e7a1493bdca6f8eb0d29470e98228c,
ira_0403.wav,D:\SIH\ira-wakeword\ira words\ira words\ira_0403.wav,37630,True,WAV,PCM_16,16000,1,18776,1.1735,0.19213459882493306,0.999969482421875,883080f7c5ae43f72c991864c459eebb34ccf6b7,65450a0d82f109218e4f2c9b170d3cec059224e1,
ira_0404.wav,D:\SIH\ira-wakeword\ira words\ira words\ira_0404.wav,33790,True,WAV,PCM_16,16000,1,16856,1.0535,0.1745082328671028,0.999969482421875,ce5f0d53336d67eac6820e4338f54525b51c0808,7013110dd01f43043f80b79c0cba0443dd47a4de,
ira_0405.wav,D:\SIH\ira-wakeword\ira words\ira words\ira_0405.wav,51070,True,WAV,PCM_16,16000,1,25496,1.5935,0.152621475007049,1.0,de8ee4918c0f27ff31159947221838aa8dfef4dd,95df466ae77e8ecbcad74cd529c8547f65a66381,
ira_0406.wav,D:\SIH\ira-wakeword\ira words\ira words\ira_0406.wav,50430,True,WAV,PCM_16,16000,1,25176,1.5735,0.11001167488913807,0.875244140625,54eac461731994b61ac9c229dfd4c0843bb913a1,ea84be331f365a1697dbbc2261392c34e1b8e817,
ira_0407.wav,D:\SIH\ira-wakeword\ira words\ira words\ira_0407.wav,41470,True,WAV,PCM_16,16000,1,20696,1.2935,0.15120768611702134,0.996368408203125,38ec7fcfa0417b05175ec4ace1e2ffdfd32177e4,77fbf41ebf5e4e4436dcaad5f1ad94ea1f6a59ef,
ira_0408.wav,D:\SIH\ira-wakeword\ira words\ira words\ira_0408.wav,31870,True,WAV,PCM_16,16000,1,15896,0.9935,0.1695436277433557,0.999969482421875,3134e64f2e3a2deeb6b077be7b107f99b395b6eb,049fe20a86ea5644d46ca11ad641e7f73a185301,
ira_0409.wav,D:\SIH\ira-wakeword\ira words\ira words\ira_0409.wav,37630,True,WAV,PCM_16,16000,1,18776,1.1735,0.175805372914742,0.997894287109375,e66e1895b0c40401824697ec6164a6f775d59531,4bae88c6efcb743348cffad4dd772be91150d973,
ira_0410.wav,D:\SIH\ira-wakeword\ira words\ira words\ira_0410.wav,31230,True,WAV,PCM_16,16000,1,15576,0.9735,0.12133208260774285,0.7298583984375,ef1eb4949c63ef32e06696197d86f047bf3a4c63,26985d67244948ad50a5733a6da70b514a15105c,
ira_0411.wav,D:\SIH\ira-wakeword\ira words\ira words\ira_0411.wav,33790,True,WAV,PCM_16,16000,1,16856,1.0535,0.19016602699306892,0.999969482421875,45239917d1fb1816c5afc47966c36f905dd433e2,65932cd3fb743d2ccf0259bf5e079c78917e7ce2,
ira_0412.wav,D:\SIH\ira-wakeword\ira words\ira words\ira_0412.wav,42750,True,WAV,PCM_16,16000,1,21336,1.3335,0.1501283648297872,0.899261474609375,14bb63d56756d3cbcc6cd3e6ad8b2261ae4f5b26,39f9fb3d7e435220c1abee4cb46a23afcf06905b,
ira_0413.wav,D:\SIH\ira-wakeword\ira words\ira words\ira_0413.wav,36990,True,WAV,PCM_16,16000,1,18456,1.1535,0.16364667581316708,0.9837646484375,1f1cf4b3c92920746f0264518360701b78f321ff,65184cb6db6197a0ac16a63d518ce562a996171a,
ira_0414.wav,D:\SIH\ira-wakeword\ira words\ira words\ira_0414.wav,36990,True,WAV,PCM_16,16000,1,18456,1.1535,0.16034841627289387,0.999969482421875,c88fd5c642bedde16961e42e4a2f87d03c248bf6,55f85222f6863d97ba5b114b922f454f4e957174,
ira_0415.wav,D:\SIH\ira-wakeword\ira words\ira words\ira_0415.wav,43390,True,WAV,PCM_16,16000,1,21656,1.3535,0.173345641321363,1.0,9ad96957059a614a68d006281ed3aae72430ec41,c5618440b049258d5e0e9d2aee2a20eb302cd9e5,
ira_0416.wav,D:\SIH\ira-wakeword\ira words\ira words\ira_0416.wav,36350,True,WAV,PCM_16,16000,1,18136,1.1335,0.16277615137938442,0.907989501953125,676ae72198f82624467ac86d59328f6c19cbba66,e6b46046dbf097e82f70db6237756203034b2586,
ira_0417.wav,D:\SIH\ira-wakeword\ira words\ira words\ira_0417.wav,43390,True,WAV,PCM_16,16000,1,21656,1.3535,0.16026652927845547,0.999969482421875,52899fca71bb2767f5ad62c9c34fcea6f701a837,91f8aeb38e742ed8d1b1e644148ff2e40c95ee6a,
ira_0418.wav,D:\SIH\ira-wakeword\ira words\ira words\ira_0418.wav,31870,True,WAV,PCM_16,16000,1,15896,0.9935,0.1600504310660395,0.960784912109375,4d9d4e4aec616982f8d8e00cee8f8e60757289cb,506e11a701d32fcac55207972c95fbeda2fbe3c9,
ira_0419.wav,D:\SIH\ira-wakeword\ira words\ira words\ira_0419.wav,38270,True,WAV,PCM_16,16000,1,19096,1.1935,0.15300400277641318,0.999969482421875,469dfe825f5ba1f0cbddc3cda48bdf1810f3bda3,850019f32575babdb132d1fabc031a82585bdcff,
ira_0420.wav,D:\SIH\ira-wakeword\ira words\ira words\ira_0420.wav,35070,True,WAV,PCM_16,16000,1,17496,1.0935,0.17770288419984742,0.99871826171875,f18d64fff3aa36982ba6803b365f6ab7e9fc9e14,38a1afad07f5edf0be80eb86f3cb56edf0afb741,
ira_0421.wav,D:\SIH\ira-wakeword\ira words\ira words\ira_0421.wav,29310,True,WAV,PCM_16,16000,1,14616,0.9135,0.07864901612839263,0.478973388671875,78555ae14590b7b27ad79c23666df2931c850aab,3035cfe894321f931fb8b53cd34f1d7d096d2f6d,
ira_0422.wav,D:\SIH\ira-wakeword\ira words\ira words\ira_0422.wav,40830,True,WAV,PCM_16,16000,1,20376,1.2735,0.12811363805795054,0.88055419921875,8c0d4297565f57439af5d4d5866dc7915a4e5dd2,3d3dc6d1bfd6a72810ce2a0343ad6593043a5748,
ira_0423.wav,D:\SIH\ira-wakeword\ira words\ira words\ira_0423.wav,34430,True,WAV,PCM_16,16000,1,17176,1.0735,0.17085663132119644,0.999969482421875,d24880b326c6d3e11320d1ea6df21d1440a376b7,4af432e838900dd9e16f9c1e7ec2a5517b84208f,
ira_0424.wav,D:\SIH\ira-wakeword\ira words\ira words\ira_0424.wav,35070,True,WAV,PCM_16,16000,1,17496,1.0935,0.1262431324022261,0.89324951171875,008cbdb9a44fb5e8386e68d8cabe36be42fc5b6b,21e735b2ba9c16a1d146543a4a15ea0be5e62ca3,
ira_0425.wav,D:\SIH\ira-wakeword\ira words\ira words\ira_0425.wav,32510,True,WAV,PCM_16,16000,1,16216,1.0135,0.14829089787163227,0.974853515625,345bedcd8aea9c96c45abe556c7c710321edfff4,dc6046ab3a43075f891af35f778b1767199ffdad,
ira_0426.wav,D:\SIH\ira-wakeword\ira words\ira words\ira_0426.wav,38910,True,WAV,PCM_16,16000,1,19416,1.2135,0.17569514467185485,0.98663330078125,0cdf0786e35c5cbee3bef553f833b87ea4341be5,c6b236422f27115eb926112fb2980137a87c3ed4,
ira_0427.wav,D:\SIH\ira-wakeword\ira words\ira words\ira_0427.wav,36990,True,WAV,PCM_16,16000,1,18456,1.1535,0.17129252132410602,0.999969482421875,5f12ecff9b2c9def53fc8ea585b0d3255605d0b8,621f4e3a06c95d5bca29d3ea2a0434b416e1a6a4,
ira_0428.wav,D:\SIH\ira-wakeword\ira words\ira words\ira_0428.wav,33150,True,WAV,PCM_16,16000,1,16536,1.0335,0.15231760003432923,0.999969482421875,e335a4cd9b3f749f2254f2e26a961274e1f4323d,56e7e074f946b65c28062de692d6ea5afdef9d40,
ira_0429.wav,D:\SIH\ira-wakeword\ira words\ira words\ira_0429.wav,36350,True,WAV,PCM_16,16000,1,18136,1.1335,0.14307334246142514,0.94354248046875,33a1daa502e42127c02966d2e119710728fe29bb,a6ea1b671316a34c97e391e2be190c211eeb143c,
ira_0430.wav,D:\SIH\ira-wakeword\ira words\ira words\ira_0430.wav,35710,True,WAV,PCM_16,16000,1,17816,1.1135,0.20913045646258804,1.0,3eb0c4176e58a0dddbf36391b770315fdcd46205,9f552675ae50d043aa69323c31987d8399cb92ee,
ira_0431.wav,D:\SIH\ira-wakeword\ira words\ira words\ira_0431.wav,38270,True,WAV,PCM_16,16000,1,19096,1.1935,0.22365327880238728,0.985260009765625,2f884980f718ecdbef719a9808d788ccb1adf34b,2426d4fc8c5d8f3a9941c124969b0bf00289025f,
ira_0432.wav,D:\SIH\ira-wakeword\ira words\ira words\ira_0432.wav,45310,True,WAV,PCM_16,16000,1,22616,1.4135,0.1795226622787664,1.0,f16a7f4d160215fc8a62d9d1d890e68db3142259,35c0d92756d234146ad1cac6931ebb5afb3462d0,
ira_0433.wav,D:\SIH\ira-wakeword\ira words\ira words\ira_0433.wav,31230,True,WAV,PCM_16,16000,1,15576,0.9735,0.26700757987012813,1.0,726730e42ab5c0adff50487b0ab336d508449636,f582b9ee8dc855e972ba301ddc253be3ac70857d,
ira_0434.wav,D:\SIH\ira-wakeword\ira words\ira words\ira_0434.wav,33790,True,WAV,PCM_16,16000,1,16856,1.0535,0.24081322716410733,0.999969482421875,7e7cd3a702bae6049ce52f64f930018652cd714f,b8d817bf94798dbcef30c78d5146833313c3f811,
ira_0435.wav,D:\SIH\ira-wakeword\ira words\ira words\ira_0435.wav,42750,True,WAV,PCM_16,16000,1,21336,1.3335,0.22789578808871006,0.99609375,422da16168766d870e2bd41ae92b30b691ed83c0,a1dce2a6b0e8ab46c37273cea7514228c47e8117,
ira_0436.wav,D:\SIH\ira-wakeword\ira words\ira words\ira_0436.wav,40190,True,WAV,PCM_16,16000,1,20056,1.2535,0.19313150438676593,0.999969482421875,b91ea5726a3758765210e7764404fe76d6245112,c65912b570fe8431792d889e9f0e56af48fdfe04,
ira_0437.wav,D:\SIH\ira-wakeword\ira words\ira words\ira_0437.wav,37630,True,WAV,PCM_16,16000,1,18776,1.1735,0.1916797908818711,1.0,c4b51c8b64cbe6bcf4f64c5bb475aaa05fb74fdc,e069f1e1ef43c79ef7c44eab79cfe2a95950aaac,
ira_0438.wav,D:\SIH\ira-wakeword\ira words\ira words\ira_0438.wav,37630,True,WAV,PCM_16,16000,1,18776,1.1735,0.21477023996951525,0.999969482421875,dedded0c45fe2241d687f9b371cbd532c4984a8e,20d053f56e609b76cc7d5aef77279b78059a60f1,
ira_0439.wav,D:\SIH\ira-wakeword\ira words\ira words\ira_0439.wav,39550,True,WAV,PCM_16,16000,1,19736,1.2335,0.24059918246945355,0.999969482421875,4f8c844b8d52812439936744cd0b8166ea86d6fc,c069c4cd2a003cba297ebf08f93630276b788b8e,
ira_0440.wav,D:\SIH\ira-wakeword\ira words\ira words\ira_0440.wav,38910,True,WAV,PCM_16,16000,1,19416,1.2135,0.17936890028725577,0.9830322265625,9eb458beafd63b14f5ba81024ade5a6f1bf1a068,a4f4d0b0e0b594e02cd2cbe31c7b5788dd09e2f3,
ira_0441.wav,D:\SIH\ira-wakeword\ira words\ira words\ira_0441.wav,44670,True,WAV,PCM_16,16000,1,22296,1.3935,0.17603970335882907,0.97198486328125,9dc8f72a63c4e6ce6e03cbd3708035c419225af7,30740e5287b5bdfa484d31664bf0169ffc360848,
ira_0442.wav,D:\SIH\ira-wakeword\ira words\ira words\ira_0442.wav,32510,True,WAV,PCM_16,16000,1,16216,1.0135,0.14185203722153447,0.7147216796875,54d09e77502d9f97508342fa82d3db1108c8e9f9,dc897031e8733d9ffc022e6035fc3ff2912900c4,
ira_0443.wav,D:\SIH\ira-wakeword\ira words\ira words\ira_0443.wav,41470,True,WAV,PCM_16,16000,1,20696,1.2935,0.17841061655931875,0.99285888671875,174fae213421094b441d27efb2f3a77c4276dc39,8d2387e612924c74ae7ed93b9ad949f2df6f1f7d,
ira_0444.wav,D:\SIH\ira-wakeword\ira words\ira words\ira_0444.wav,42110,True,WAV,PCM_16,16000,1,21016,1.3135,0.22355426407335227,1.0,83108468dfab4b91ecc6499888aa2b85ef01a1a8,c611b5c39617af60c4b56eb143a9827601365db3,
ira_0445.wav,D:\SIH\ira-wakeword\ira words\ira words\ira_0445.wav,36350,True,WAV,PCM_16,16000,1,18136,1.1335,0.10128097658747631,0.907318115234375,15a933893b56ef4a082291c79f328e1c033bf802,edc1f37bf2d3bdc2cdfdada5278e704e08cf4e75,
ira_0446.wav,D:\SIH\ira-wakeword\ira words\ira words\ira_0446.wav,44030,True,WAV,PCM_16,16000,1,21976,1.3735,0.12800772928712204,0.94769287109375,6a9e7532c22c4f7ceaca26a6c278c5e609e1c6d0,5eb5a1ff00398ed187dd169c353a1b5fd83aeeb3,
ira_0447.wav,D:\SIH\ira-wakeword\ira words\ira words\ira_0447.wav,38270,True,WAV,PCM_16,16000,1,19096,1.1935,0.10566357660569499,0.768096923828125,96fa3763755726c6fb3dc5c13d47dc46a8c3835f,96c768eec8aeb9812f6f9d70cb750d075aa2b2ff,
ira_0448.wav,D:\SIH\ira-wakeword\ira words\ira words\ira_0448.wav,45310,True,WAV,PCM_16,16000,1,22616,1.4135,0.10045067410641226,0.840179443359375,067fb124cbbb178a19ee0517311e017e21281f94,3dc3a86b5e934b1a2dc41059be5d40aed201bacc,
ira_0449.wav,D:\SIH\ira-wakeword\ira words\ira words\ira_0449.wav,31230,True,WAV,PCM_16,16000,1,15576,0.9735,0.06625005404610304,0.435211181640625,e73f66ea8d0b4bed558b6a88e08ecbfb65147e7c,92d038a4a6976b7ff64d3c68a48fc1cee2ce0d49,
ira_0450.wav,D:\SIH\ira-wakeword\ira words\ira words\ira_0450.wav,38910,True,WAV,PCM_16,16000,1,19416,1.2135,0.19116229343327007,0.9915771484375,b32d827a99ebfee1655d6c7d9bf7ac076bbc6a7a,08b1d32bdbddf4a46f1ee92cf809485d10606fc1,
ira_0451.wav,D:\SIH\ira-wakeword\ira words\ira words\ira_0451.wav,36990,True,WAV,PCM_16,16000,1,18456,1.1535,0.12119154497684491,0.72613525390625,e9a6b511fdc64c9f9494fc2b84b5c5287cdfe763,2061302c625a4e2553fb6883a1357f576086dac2,
ira_0452.wav,D:\SIH\ira-wakeword\ira words\ira words\ira_0452.wav,38910,True,WAV,PCM_16,16000,1,19416,1.2135,0.20596711244365062,0.99615478515625,c7c9bfdcac3bf8627461353351896d57797fc270,2be15cc0fa56e393e7ac6c60e295dc94ca7f370a,
ira_0453.wav,D:\SIH\ira-wakeword\ira words\ira words\ira_0453.wav,42110,True,WAV,PCM_16,16000,1,21016,1.3135,0.20514468891503246,1.0,3937fcdeadcefc59677fd1f7ef30067d3e57fe95,ccbfd96b0c134292d970e13173ef3dda1a2fc5d4,
ira_0454.wav,D:\SIH\ira-wakeword\ira words\ira words\ira_0454.wav,31870,True,WAV,PCM_16,16000,1,15896,0.9935,0.1500340654507471,0.735443115234375,e63026fa5d18ddbb9448c4cf14d01a2dbdea4af2,9c0745fd118bd5de6e3c72889f7312c3d0bb95ff,
ira_0455.wav,D:\SIH\ira-wakeword\ira words\ira words\ira_0455.wav,39550,True,WAV,PCM_16,16000,1,19736,1.2335,0.10291438727972206,0.558624267578125,7b43e13b907e7615f0f1afd3e1d64160055fafbb,722c936e9f20db9ff42c3b69ce3a552e16596fba,
ira_0456.wav,D:\SIH\ira-wakeword\ira words\ira words\ira_0456.wav,40190,True,WAV,PCM_16,16000,1,20056,1.2535,0.19454277756326985,1.0,2de6d8777c0f3fa387a44cf963dd79c646984ace,e6fa8c626bd4148709a3eea75669ed933ea147dc,
ira_0457.wav,D:\SIH\ira-wakeword\ira words\ira words\ira_0457.wav,39550,True,WAV,PCM_16,16000,1,19736,1.2335,0.19172011425334642,0.927276611328125,5a5c82832b0621396b5f7b9938f3782a87ca46d1,49e098b7dd1ed15668137b47fc5187a26d8b8131,
ira_0458.wav,D:\SIH\ira-wakeword\ira words\ira words\ira_0458.wav,36990,True,WAV,PCM_16,16000,1,18456,1.1535,0.16097228404583178,0.98358154296875,199ce48e8e4877a63fe98289c205553ed1582ab2,1d9fc6bc691be1aeef99ae742318a4c90b82ddc7,
ira_0459.wav,D:\SIH\ira-wakeword\ira words\ira words\ira_0459.wav,38270,True,WAV,PCM_16,16000,1,19096,1.1935,0.21935093915354056,0.999969482421875,a3d79435bfc21e0fccca2ed6332d19b08c8cd076,9b5de45c3ac1641b690a4da1efc1faa46b61e123,
ira_0460.wav,D:\SIH\ira-wakeword\ira words\ira words\ira_0460.wav,29950,True,WAV,PCM_16,16000,1,14936,0.9335,0.1917274164452005,0.94775390625,d782332331c0af7c201fccc86bab9b14ad989b66,494d85962baf32a6208f854c50f0053cef2b24bc,
ira_0461.wav,D:\SIH\ira-wakeword\ira words\ira words\ira_0461.wav,38270,True,WAV,PCM_16,16000,1,19096,1.1935,0.16636750147322488,0.747283935546875,5a905f52ec2fef4bc5d3bb91e744fe742f9280a2,2345976f439852295a9f0838bd7143b55339eb93,
ira_0462.wav,D:\SIH\ira-wakeword\ira words\ira words\ira_0462.wav,44030,True,WAV,PCM_16,16000,1,21976,1.3735,0.20241243506270554,0.985443115234375,f59a158c0ff32854af7d06e7b1bcb9a750409056,d54945482108937f3417f8b4d7a986f212e470db,
ira_0463.wav,D:\SIH\ira-wakeword\ira words\ira words\ira_0463.wav,30590,True,WAV,PCM_16,16000,1,15256,0.9535,0.08787930782200688,0.388671875,b1815f5bcc146d734f67332f21e6f55331609b10,9e851ff8129dc6a949060f7a3cf9a309d5b3eb86,
ira_0464.wav,D:\SIH\ira-wakeword\ira words\ira words\ira_0464.wav,38270,True,WAV,PCM_16,16000,1,19096,1.1935,0.18581514766893678,0.83038330078125,d0da5cb377fdd06e5de50cbab9aa6f0eeedf1545,a163cc985daea8bd92c056dbab18e394b8c4d90a,
ira_0465.wav,D:\SIH\ira-wakeword\ira words\ira words\ira_0465.wav,36990,True,WAV,PCM_16,16000,1,18456,1.1535,0.17978557560064815,0.802154541015625,44579f10a89689c1a7580e13d95b0ce492bd44b8,3a2af89052a76433c3bbab933636c3eb13b46388,
ira_0466.wav,D:\SIH\ira-wakeword\ira words\ira words\ira_0466.wav,45310,True,WAV,PCM_16,16000,1,22616,1.4135,0.12485772905743504,0.748565673828125,1afb7d89591e1e7a924bf0f331a8f3c2d405f440,bc409bb8a095ccf71bc24ec470c52f4560ce0321,
ira_0467.wav,D:\SIH\ira-wakeword\ira words\ira words\ira_0467.wav,35710,True,WAV,PCM_16,16000,1,17816,1.1135,0.13256328489871122,0.6474609375,653e77ab1aefbb4c53fb911608bfb664ac1e32a7,f2dd069cfe890b97bcb99c42086a78a325fb07f4,
ira_0468.wav,D:\SIH\ira-wakeword\ira words\ira words\ira_0468.wav,45950,True,WAV,PCM_16,16000,1,22936,1.4335,0.14724499181418035,0.810333251953125,ac3985223b618b2066f0cd447b69590d834f7e66,9f6d6ed3e30164d9023b4105d4845970266018b8,
ira_0469.wav,D:\SIH\ira-wakeword\ira words\ira words\ira_0469.wav,52350,True,WAV,PCM_16,16000,1,26136,1.6335,0.15931024552557937,0.90997314453125,5b5d2fe8ee4d5e85cb5c3ca461325873075619e0,5c8e45133a5c740e50203236f24d968366068b00,
ira_0470.wav,D:\SIH\ira-wakeword\ira words\ira words\ira_0470.wav,42110,True,WAV,PCM_16,16000,1,21016,1.3135,0.1980461122874385,0.9620361328125,8cdb1e5382d0752af48e90a7307fceccd3f99193,77980f26b122e948dc6b50d29b64654915bdc5b1,
ira_0471.wav,D:\SIH\ira-wakeword\ira words\ira words\ira_0471.wav,43390,True,WAV,PCM_16,16000,1,21656,1.3535,0.16632542220074503,0.728668212890625,7b4c64f94f4f612c9f8ae2f899835d25a62ef5aa,cf4e6482ebc3def5bde7c5399f048841f9276cd9,
ira_0472.wav,D:\SIH\ira-wakeword\ira words\ira words\ira_0472.wav,48510,True,WAV,PCM_16,16000,1,24216,1.5135,0.06841062115260291,0.5595703125,cc42df1f88956afe10cc2502d6865a37a4410f9d,e4c5af84a6a93a5db1ae9cac1d2bd98b93961dff,
ira_0473.wav,D:\SIH\ira-wakeword\ira words\ira words\ira_0473.wav,41470,True,WAV,PCM_16,16000,1,20696,1.2935,0.21065093201411128,1.0,8e23472b0da6f0e5e716e96f1d5a51942267c5f3,7dc95257aa3cb0683079b88b5ff7dc8b58d7a501,
ira_0474.wav,D:\SIH\ira-wakeword\ira words\ira words\ira_0474.wav,31230,True,WAV,PCM_16,16000,1,15576,0.9735,0.21888609596897646,0.989349365234375,e0c1e0a23760910658a9d73035cdf59435ed7979,40773224a5ce1758b342d0000f6f6f38e054ba4e,
ira_0475.wav,D:\SIH\ira-wakeword\ira words\ira words\ira_0475.wav,41470,True,WAV,PCM_16,16000,1,20696,1.2935,0.22277207181110584,1.0,7b6432544124108c771b6da7eb7021400a014262,31f84624792eaae96340d3c8444d28fe49141dcd,
ira_0476.wav,D:\SIH\ira-wakeword\ira words\ira words\ira_0476.wav,33790,True,WAV,PCM_16,16000,1,16856,1.0535,0.14555090738307272,0.8204345703125,e7fcf0180f9446a5813cbb44372112d48dafc5d5,ca3d33eab83b289d6dcb313fd1d1b226fcfa9b6a,
ira_0477.wav,D:\SIH\ira-wakeword\ira words\ira words\ira_0477.wav,44670,True,WAV,PCM_16,16000,1,22296,1.3935,0.08909834996424523,0.5513916015625,19a5385a4f59fec67d4b50c47b0f5b1ee7105783,27a0855617c4529868a4cd3969062b9ddbd622d6,
ira_0478.wav,D:\SIH\ira-wakeword\ira words\ira words\ira_0478.wav,42750,True,WAV,PCM_16,16000,1,21336,1.3335,0.1761480916667444,0.96160888671875,beb61332a6d08cbc591683dc8694bef0d99cb543,79e9148c9e936bb321d5fc724cbb77047f656bf5,
ira_0479.wav,D:\SIH\ira-wakeword\ira words\ira words\ira_0479.wav,38270,True,WAV,PCM_16,16000,1,19096,1.1935,0.09896068892256178,0.715240478515625,a181d7e9702def6c4f3477dd232897e540f9f751,0b08f38394357fa03e8457cab355d71d9920362f,
ira_0480.wav,D:\SIH\ira-wakeword\ira words\ira words\ira_0480.wav,35710,True,WAV,PCM_16,16000,1,17816,1.1135,0.18588682524176192,0.971343994140625,b4d37c355e6f72e4ffd066d3b51a8902934beeec,291bb1bf8c71ba051a58337f9fb8c96f39ff248c,
ira_0481.wav,D:\SIH\ira-wakeword\ira words\ira words\ira_0481.wav,33150,True,WAV,PCM_16,16000,1,16536,1.0335,0.21120159982741024,0.924774169921875,3e8d17d536284935dd31b64b4072bca9a924abb0,c476ae2c3da47d19e7491d0f9cc1dfc7aab9da53,
ira_0482.wav,D:\SIH\ira-wakeword\ira words\ira words\ira_0482.wav,46590,True,WAV,PCM_16,16000,1,23256,1.4535,0.174435780063855,0.95989990234375,5d9475335aeea25f2d99a6156a19c7db39ff15b4,0d2c406eb3de3835aad4516c5fa1c2b8b96095d0,
ira_0483.wav,D:\SIH\ira-wakeword\ira words\ira words\ira_0483.wav,42110,True,WAV,PCM_16,16000,1,21016,1.3135,0.1783250510036002,0.98919677734375,56dfda273b59c1cdca6f86900e91e2769a322428,2cf27977d81b0e229aab2cec8337b6baec9fdb2a,
ira_0484.wav,D:\SIH\ira-wakeword\ira words\ira words\ira_0484.wav,42110,True,WAV,PCM_16,16000,1,21016,1.3135,0.16391658399059275,0.968902587890625,423a9c2667380e27bae4ada411c480769afe4605,67ca74ed88bef9b57874baa0085aa7db16aba353,
ira_0485.wav,D:\SIH\ira-wakeword\ira words\ira words\ira_0485.wav,36990,True,WAV,PCM_16,16000,1,18456,1.1535,0.1718728738090827,0.82098388671875,b3f78d5a3d3d38c3c65461a3213a4495f7d28609,d7c5661dfbd2b83c6792a971de347b57663c0d31,
ira_0486.wav,D:\SIH\ira-wakeword\ira words\ira words\ira_0486.wav,34430,True,WAV,PCM_16,16000,1,17176,1.0735,0.16919246959851278,0.8074951171875,31e03175ee631d82f0bb7465534cf0449b9d62d8,80e2906a10fb00e8a8ec629df48d20113f43bd03,
ira_0487.wav,D:\SIH\ira-wakeword\ira words\ira words\ira_0487.wav,38910,True,WAV,PCM_16,16000,1,19416,1.2135,0.1609847495296847,0.8406982421875,f8c3b3e4c15f2e8d6c22941c7f1628c78b78386d,d8bcc3a312bc76bc340af3dbd2915d4380202396,
ira_0488.wav,D:\SIH\ira-wakeword\ira words\ira words\ira_0488.wav,43390,True,WAV,PCM_16,16000,1,21656,1.3535,0.15379623560480177,0.933135986328125,7db93ad29ff22772fe0ae61404bb342802e51071,f2dfc752fc349b2f30fa29bd0332851bb499bf5f,
ira_0489.wav,D:\SIH\ira-wakeword\ira words\ira words\ira_0489.wav,32510,True,WAV,PCM_16,16000,1,16216,1.0135,0.18167038744076178,0.999969482421875,a43fae067984be559ddb4b7636fb59e29fa932c3,062013ab359246da359662ce73f8b7b5160c0e89,
ira_0490.wav,D:\SIH\ira-wakeword\ira words\ira words\ira_0490.wav,42110,True,WAV,PCM_16,16000,1,21016,1.3135,0.09044795217388367,0.503082275390625,f514841a844f86e498ff79e171d8e619cde5307d,798e55535c34936124c88d582f74ef9bff28ee7c,
ira_0491.wav,D:\SIH\ira-wakeword\ira words\ira words\ira_0491.wav,57470,True,WAV,PCM_16,16000,1,28696,1.7935,0.1668838247629541,1.0,4a590c0a81e1fa0acf5adca7682dddbca98c0549,5ba7ce4f5f5e4013696c3c237173fed704dbf608,
ira_0492.wav,D:\SIH\ira-wakeword\ira words\ira words\ira_0492.wav,36990,True,WAV,PCM_16,16000,1,18456,1.1535,0.19406514819538753,0.8616943359375,dd49d98a1356b7dd74a365ad00a8a831b83af7a0,79db1fab77a89582686aed99d5dd25be4d158a23,
ira_0493.wav,D:\SIH\ira-wakeword\ira words\ira words\ira_0493.wav,38910,True,WAV,PCM_16,16000,1,19416,1.2135,0.2017659176607936,0.969482421875,d3e8d0cd054e6fae0ed6da32e6920f509e63f247,10f8b2369149ef459838ae9ef22170ed8bf01306,
ira_0494.wav,D:\SIH\ira-wakeword\ira words\ira words\ira_0494.wav,38270,True,WAV,PCM_16,16000,1,19096,1.1935,0.13199732508160947,0.889801025390625,0c19e9d45af331e45f49699f9fe03358aaf5891b,79613e538823458503154cb3101188cb1e9dde6c,
ira_0495.wav,D:\SIH\ira-wakeword\ira words\ira words\ira_0495.wav,44670,True,WAV,PCM_16,16000,1,22296,1.3935,0.13376198721779453,0.669036865234375,a7602abd0515ca6dfcf11cb9e5589abbd66c4860,7c6cfe5adc4502adcce4c53989862fe43a876758,
ira_0496.wav,D:\SIH\ira-wakeword\ira words\ira words\ira_0496.wav,34430,True,WAV,PCM_16,16000,1,17176,1.0735,0.2248282946948469,0.947998046875,8d552e26ef25af484aceb5cf2c400b6f069ff883,c348cbd0f030c1113838684d98921f3223c2d89e,
ira_0497.wav,D:\SIH\ira-wakeword\ira words\ira words\ira_0497.wav,41470,True,WAV,PCM_16,16000,1,20696,1.2935,0.1561802150730573,0.709014892578125,97d363ff91daaea5791660bb89bb644aebc5212c,c403a9bb6f838cd3902ea04d87b253f851cacaed,
ira_0498.wav,D:\SIH\ira-wakeword\ira words\ira words\ira_0498.wav,31230,True,WAV,PCM_16,16000,1,15576,0.9735,0.1506696744627963,0.67669677734375,76fc1eb410c3910d74305d2534b4cc63f49bc859,6718cbc1d83cb1480c08098e2dc85f355b5c6994,
ira_0499.wav,D:\SIH\ira-wakeword\ira words\ira words\ira_0499.wav,29950,True,WAV,PCM_16,16000,1,14936,0.9335,0.13658205744684881,0.633270263671875,47b00317c663ccc3237925659a957c97b5ff102b,fe89b250aeb118bcb387cffb23774e4243e64cdc,
ira_0500.wav,D:\SIH\ira-wakeword\ira words\ira words\ira_0500.wav,36990,True,WAV,PCM_16,16000,1,18456,1.1535,0.15900310548416888,0.79986572265625,269f42065ede7c52a9798efa9ef95511d3ccfcd6,0755f0b02337246261b6011e2df9219eec8c064b,
ira_0501.wav,D:\SIH\ira-wakeword\ira words\ira words\ira_0501.wav,33790,True,WAV,PCM_16,16000,1,16856,1.0535,0.1304353692117196,0.614715576171875,03c70d61c08e4d25f5649017ac9d8bd386ed9090,f2ccc3c3b3948bfa24a63b077749bb6a12e71bab,
ira_0502.wav,D:\SIH\ira-wakeword\ira words\ira words\ira_0502.wav,40190,True,WAV,PCM_16,16000,1,20056,1.2535,0.12914928042775864,0.736907958984375,294662d9aabb830706da04f2affef1d2c7eb5291,7e16e1035ff1c1648a203581e6ef87b646071e3c,
ira_0503.wav,D:\SIH\ira-wakeword\ira words\ira words\ira_0503.wav,33790,True,WAV,PCM_16,16000,1,16856,1.0535,0.0947428019905968,0.533935546875,37a36d78eb5222b2ec5bf28fc67862a852a0092a,40f99966eae906e101da5669cce7e78a85809ee0,
ira_0504.wav,D:\SIH\ira-wakeword\ira words\ira words\ira_0504.wav,38910,True,WAV,PCM_16,16000,1,19416,1.2135,0.0742891751434448,0.47357177734375,775121bc45b787816e7bd8ccca68d53e7652b150,d79819e3b7ea4a0092d89aa118529471ca6b09d2,
ira_0505.wav,D:\SIH\ira-wakeword\ira words\ira words\ira_0505.wav,35070,True,WAV,PCM_16,16000,1,17496,1.0935,0.09460030537584498,0.55694580078125,5c094baca9a205b7502608427624db6c214cf770,0a36a956bb284c2c3f95094bcd6aa1a50ba45975,
ira_0506.wav,D:\SIH\ira-wakeword\ira words\ira words\ira_0506.wav,36350,True,WAV,PCM_16,16000,1,18136,1.1335,0.13121376070545807,0.88494873046875,45e42e763b8365c28943f325cbdc31e04a4a75a4,31abb1fd4842c2df0879aed57dba3bf36ff52338,
ira_0507.wav,D:\SIH\ira-wakeword\ira words\ira words\ira_0507.wav,38910,True,WAV,PCM_16,16000,1,19416,1.2135,0.1353762581800544,0.75299072265625,67983a5c531fd99a352ba617a3c677ac9822085a,78129d2868613dca7a6e5aa0f1f3a05a6468aef8,
ira_0508.wav,D:\SIH\ira-wakeword\ira words\ira words\ira_0508.wav,38910,True,WAV,PCM_16,16000,1,19416,1.2135,0.08427683344700855,0.471954345703125,c9346d1cf64c41c9651504f3dec2e5b9b3bdd7a4,baf47435e44b9776a5f8e65ffa19e8f077532f74,
ira_0509.wav,D:\SIH\ira-wakeword\ira words\ira words\ira_0509.wav,36990,True,WAV,PCM_16,16000,1,18456,1.1535,0.09997589589821997,0.6600341796875,7bfc8e52758b2837f16a49b92239a463606961dc,28dc0c63d33fc5cdcf0f26c4cc42500eb3e9de0d,
ira_0510.wav,D:\SIH\ira-wakeword\ira words\ira words\ira_0510.wav,42750,True,WAV,PCM_16,16000,1,21336,1.3335,0.11624650375971958,0.72625732421875,f5dd06531f151ce68532f571a8f1e21f6d756f69,1f62f8864254fa5f573f0fe748694a8cc816905e,
ira_0511.wav,D:\SIH\ira-wakeword\ira words\ira words\ira_0511.wav,60030,True,WAV,PCM_16,16000,1,29976,1.8735,0.14494792067584483,0.999969482421875,40b3e89dad6964bc58c1a93db779110773926a52,a08f5400be594d147150d0f5741353fff034ba54,
ira_0512.wav,D:\SIH\ira-wakeword\ira words\ira words\ira_0512.wav,65150,True,WAV,PCM_16,16000,1,32536,2.0335,0.062071373095744606,0.616943359375,d2e9aa1ced19d87c26e632b0b74567d484f5bca4,2eef14a17a1354866a71a9f5ee743bcc78f1e528,
ira_0513.wav,D:\SIH\ira-wakeword\ira words\ira words\ira_0513.wav,71550,True,WAV,PCM_16,16000,1,35736,2.2335,0.054698150808848676,0.83587646484375,561f9d185e3f7117db8e9b4f45ce4a5b6af6fa93,3fcda9e8397c860a727763943711dbbf292c50dd,
ira_0514.wav,D:\SIH\ira-wakeword\ira words\ira words\ira_0514.wav,77950,True,WAV,PCM_16,16000,1,38936,2.4335,0.049025658841431466,0.637451171875,1ff09b83d4d5cc36da84710a93fb39e963d37f12,e031cd9aa28b0c8ab93250054782ab003b598acc,
ira_0515.wav,D:\SIH\ira-wakeword\ira words\ira words\ira_0515.wav,52990,True,WAV,PCM_16,16000,1,26456,1.6535,0.17240560427717525,0.9989013671875,813195c945af963a0b3f99f16c97f2b9816e8954,7c2c88cdaa35e7550cf75dae931ec4cee4c8934e,
ira_0516.wav,D:\SIH\ira-wakeword\ira words\ira words\ira_0516.wav,74750,True,WAV,PCM_16,16000,1,37336,2.3335,0.11297919073525824,1.0,c71f43a9693a4cac5b84cb5fa3d7d6c29a656596,9e0fb5b49f44dbf4c0b08662bc194cdd12a32cea,
ira_0517.wav,D:\SIH\ira-wakeword\ira words\ira words\ira_0517.wav,59390,True,WAV,PCM_16,16000,1,29656,1.8535,0.1467565880452159,0.999969482421875,af82884898e3dad0ceb0c1aed83ffb1bcc3fbdf3,96b2cc66024f78c5f4a791312538e1cd9b087fc8,
ira_0518.wav,D:\SIH\ira-wakeword\ira words\ira words\ira_0518.wav,54910,True,WAV,PCM_16,16000,1,27416,1.7135,0.11729171504163971,0.98974609375,9ff33e126f28bbed390c6119c01f519ed740266f,0afb91985b20166312d87ac241c50db0a075a048,
ira_0519.wav,D:\SIH\ira-wakeword\ira words\ira words\ira_0519.wav,51070,True,WAV,PCM_16,16000,1,25496,1.5935,0.07051268005378496,0.781707763671875,6e937a1f1a3fbe90174e324e937c7c31688fbd2a,bc66e232066ff0f14b98775bd174768456ea1724,
ira_0520.wav,D:\SIH\ira-wakeword\ira words\ira words\ira_0520.wav,60030,True,WAV,PCM_16,16000,1,29976,1.8735,0.07645714769740207,0.4794921875,523f7b0a2624911d9466090cd5f71126e3674b1d,87f13134db88b2842fe7f4525088e4a198642aed,
ira_0521.wav,D:\SIH\ira-wakeword\ira words\ira words\ira_0521.wav,78590,True,WAV,PCM_16,16000,1,39256,2.4535,0.037228959042881704,0.355194091796875,ed2563add56ce4b1ec21af3e83d762e53e9661b6,565adf9cb118811ea48ec4126e18d86197414849,
ira_0522.wav,D:\SIH\ira-wakeword\ira words\ira words\ira_0522.wav,54270,True,WAV,PCM_16,16000,1,27096,1.6935,0.06217554145895622,0.828277587890625,a42ae5ba547f0ea0d8593229c444cbbc278126e8,d886f7694cdc22a816539b11e3edcd701a08812a,
ira_0523.wav,D:\SIH\ira-wakeword\ira words\ira words\ira_0523.wav,54910,True,WAV,PCM_16,16000,1,27416,1.7135,0.05782608026132648,0.795806884765625,75bf84d8c046250441efdaa4e86b1bcb471ae146,6018cf635f85bfdf900f4d431dc635c866e63d2a,
ira_0524.wav,D:\SIH\ira-wakeword\ira words\ira words\ira_0524.wav,54910,True,WAV,PCM_16,16000,1,27416,1.7135,0.058223906187147165,0.83953857421875,094462861f4bb0037dea8cd2115d3309e5ff4ca7,e08b73c80b23c50085bbe4a52100220c952b8eee,
ira_0525.wav,D:\SIH\ira-wakeword\ira words\ira words\ira_0525.wav,56190,True,WAV,PCM_16,16000,1,28056,1.7535,0.05018486437985194,0.74066162109375,4c4e30c0b86b0bc47dd3395037d06759eb7f622f,c6cccdf6309b3c33071f2132e3cd666074c36336,
ira_0526.wav,D:\SIH\ira-wakeword\ira words\ira words\ira_0526.wav,50430,True,WAV,PCM_16,16000,1,25176,1.5735,0.039214580019937204,0.358856201171875,4b4eddf7efcd85548e22ac6dc07146ab2f8d292b,8ac960e3361435844498df7d266cb80aa917a9a3,
ira_0527.wav,D:\SIH\ira-wakeword\ira words\ira words\ira_0527.wav,61310,True,WAV,PCM_16,16000,1,30616,1.9135,0.04730120511820615,0.58349609375,bc0b59f06fbc9db368ee15bf7124714f5c255356,c50d631a098f1f3934bfaab4181b351a7b1c9c1b,
ira_0528.wav,D:\SIH\ira-wakeword\ira words\ira words\ira_0528.wav,52350,True,WAV,PCM_16,16000,1,26136,1.6335,0.03657735947073611,0.359619140625,19bbd80824874e083e70b9f38a74ac2c93815430,12133bf88aea6f2b9d3d14baae89677b9d842a3b,
ira_0529.wav,D:\SIH\ira-wakeword\ira words\ira words\ira_0529.wav,44670,True,WAV,PCM_16,16000,1,22296,1.3935,0.055512778314835864,0.374359130859375,dd2781f0f50b2a038630425063594011ae2f297f,d5e0e8eeeaf82263672749548643c0f8f84b5da1,
ira_0530.wav,D:\SIH\ira-wakeword\ira words\ira words\ira_0530.wav,39550,True,WAV,PCM_16,16000,1,19736,1.2335,0.11675676859573361,0.96435546875,6a5c7169e3c42cf053168153754715672c601c31,416596b9cd417a300b94db45d4030c6a49bf60d3,
ira_0531.wav,D:\SIH\ira-wakeword\ira words\ira words\ira_0531.wav,53630,True,WAV,PCM_16,16000,1,26776,1.6735,0.08472814550304246,0.95947265625,15c05effd2e14fd51b7094c74798c10a8d625377,4184b9fcab31072563263ce235ee1e939828cac6,
ira_0532.wav,D:\SIH\ira-wakeword\ira words\ira words\ira_0532.wav,35070,True,WAV,PCM_16,16000,1,17496,1.0935,0.019321827931654014,0.13995361328125,d8bf83565114d40f082c4c12d236fefcc8773c6e,7f2a800e5da6478043c3c29a26308c733826cb73,
ira_0533.wav,D:\SIH\ira-wakeword\ira words\ira words\ira_0533.wav,44670,True,WAV,PCM_16,16000,1,22296,1.3935,0.0669860131231633,0.60345458984375,9b14fa42d9b066eb4005fc741202833b896a816e,f20ba54a0aa70426dcda31c4ffee376538be91ac,
ira_0534.wav,D:\SIH\ira-wakeword\ira words\ira words\ira_0534.wav,47230,True,WAV,PCM_16,16000,1,23576,1.4735,0.029490428220676844,0.22674560546875,3b3cd5fee7d14822ad8f4c90506e77e1ae5f2ddb,8833bdd14b8edef0833c31ec426a4b76689de75b,
ira_0535.wav,D:\SIH\ira-wakeword\ira words\ira words\ira_0535.wav,64510,True,WAV,PCM_16,16000,1,32216,2.0135,0.053363597692937255,0.51678466796875,a6b0b3b450434d4de8d74c2a5e7843700fbfc9ba,cffdd697e81acdb306ea4b256f8501a407ce890f,
ira_0536.wav,D:\SIH\ira-wakeword\ira words\ira words\ira_0536.wav,38910,True,WAV,PCM_16,16000,1,19416,1.2135,0.14141411986928665,0.999969482421875,e27511c3aa394ff818b023c20e90e800d7b4de1f,43680e17130310e7ec510bef948af11a7ae84b95,
ira_0537.wav,D:\SIH\ira-wakeword\ira words\ira words\ira_0537.wav,51710,True,WAV,PCM_16,16000,1,25816,1.6135,0.18276451781266867,1.0,8c0c72d2cdd36207016816af1ee0abab600ff006,615c8a0ca0e5aaf7ff45505aec7e41d974147ac1,
ira_0538.wav,D:\SIH\ira-wakeword\ira words\ira words\ira_0538.wav,55550,True,WAV,PCM_16,16000,1,27736,1.7335,0.0784373378434523,0.54071044921875,e1f56990fba2459083a36ddd2601133420f97823,867145502f789054e71b1ec0dd3c0ec707b73312,
ira_0539.wav,D:\SIH\ira-wakeword\ira words\ira words\ira_0539.wav,63870,True,WAV,PCM_16,16000,1,31896,1.9935,0.062499192473173044,0.349700927734375,99ed2534460e6cc16b3897d03668e33ee7fe23f6,27e9564df02678df812ca55ec709f71d8a8c5c5d,
ira_0540.wav,D:\SIH\ira-wakeword\ira words\ira words\ira_0540.wav,58110,True,WAV,PCM_16,16000,1,29016,1.8135,0.05476446321174451,0.394989013671875,4d4e28ceeee87f459c24184e8e30ed198121ff66,0203c4802a2955563ce66df9e9cbe940e6852978,
ira_0541.wav,D:\SIH\ira-wakeword\ira words\ira words\ira_0541.wav,75390,True,WAV,PCM_16,16000,1,37656,2.3535,0.06155560237117746,0.42523193359375,ca774de533a06b7a18951039e978144c39363d69,7b6fbb77a04a20e660a8b7e615261f412649caa5,
ira_0542.wav,D:\SIH\ira-wakeword\ira words\ira words\ira_0542.wav,77950,True,WAV,PCM_16,16000,1,38936,2.4335,0.04189746716588864,0.36175537109375,2137668bbd5271a203dda63b6c41bc662bf4abc9,418d486649faca311988e9fa11c1b0ec7774a682,
ira_0543.wav,D:\SIH\ira-wakeword\ira words\ira words\ira_0543.wav,52990,True,WAV,PCM_16,16000,1,26456,1.6535,0.08658062591053318,0.52490234375,5a78d95ea26a51e7393d53ca82e328f407a0bed1,c5d66ad6bd3f5418f9d4db55febcaae048abf798,
ira_0544.wav,D:\SIH\ira-wakeword\ira words\ira words\ira_0544.wav,47230,True,WAV,PCM_16,16000,1,23576,1.4735,0.0412118893149603,0.36572265625,c9970cd6262da6e921de8f5aebf3c416fff0f6ca,6e03de012bdd53fd691efc00d46ee9d20d095a3a,
ira_0545.wav,D:\SIH\ira-wakeword\ira words\ira words\ira_0545.wav,69630,True,WAV,PCM_16,16000,1,34776,2.1735,0.10437496168304133,0.996124267578125,1c6e0150b41fe1d797cbe10cf6544207642b29bd,2c6f18fc875365ec0f1c6a22d4ba70f4cffcf8da,
ira_0546.wav,D:\SIH\ira-wakeword\ira words\ira words\ira_0546.wav,50430,True,WAV,PCM_16,16000,1,25176,1.5735,0.05289379637059417,0.29559326171875,3a6ef84c1f7def65a2442dd4a155e9046a953c8d,a2b91a90c96dce9edbe12d0c3839fdf198440660,
ira_0547.wav,D:\SIH\ira-wakeword\ira words\ira words\ira_0547.wav,47230,True,WAV,PCM_16,16000,1,23576,1.4735,0.03399631790699,0.31195068359375,e20a1cbf9e61c31a9e055c6743154afd1c3fdf25,27c6c1db66ac59be141bd39604803b1d03346940,
ira_0548.wav,D:\SIH\ira-wakeword\ira words\ira words\ira_0548.wav,59390,True,WAV,PCM_16,16000,1,29656,1.8535,0.03233888088367187,0.2828369140625,ea25e14ce03ea09d8e18faa386a5abb0fd336a56,959d4ea39572a7c3aa590961c19766a8e60fcdbe,
ira_0549.wav,D:\SIH\ira-wakeword\ira words\ira words\ira_0549.wav,53630,True,WAV,PCM_16,16000,1,26776,1.6735,0.02661568308909674,0.21990966796875,01f76ac2b28bd4744a4bb6f00a17de807ba4b575,440ee4e81d3efe5f2c0196122b547854532d33ac,
ira_0550.wav,D:\SIH\ira-wakeword\ira words\ira words\ira_0550.wav,55550,True,WAV,PCM_16,16000,1,27736,1.7335,0.03984539458934618,0.300506591796875,59a309e17054942b0b80a88605461563cf101457,5a397cefd3f30e4044c98c0e525fac340e425b1a,
ira_0551.wav,D:\SIH\ira-wakeword\ira words\ira words\ira_0551.wav,67070,True,WAV,PCM_16,16000,1,33496,2.0935,0.05974828161436134,0.566192626953125,426d2e42c00eb727d39723e71077a1b32f12b4a3,ceebbc5503286113684ddfeed33e94a8a6661738,
ira_0552.wav,D:\SIH\ira-wakeword\ira words\ira words\ira_0552.wav,64510,True,WAV,PCM_16,16000,1,32216,2.0135,0.040804234406117725,0.5262451171875,59bf3410788394e9519fe5055d21670de6edf544,d5e1c3ada20680c1dd22463d5690e52081ea1a73,
ira_0553.wav,D:\SIH\ira-wakeword\ira words\ira words\ira_0553.wav,65150,True,WAV,PCM_16,16000,1,32536,2.0335,0.02585002725312288,0.2076416015625,6b3eb1b30a01bae3fd227b49abc412ad36d394fa,6c78a459dc649d368cd221456737d55e25a363fb,
ira_0554.wav,D:\SIH\ira-wakeword\ira words\ira words\ira_0554.wav,49790,True,WAV,PCM_16,16000,1,24856,1.5535,0.02888613158502249,0.27978515625,04e13c64c70cdd7a50df0b625e39be19b59d511e,a4909760ef7f402692b34f5e04ce445a27042eae,
ira_0555.wav,D:\SIH\ira-wakeword\ira words\ira words\ira_0555.wav,64510,True,WAV,PCM_16,16000,1,32216,2.0135,0.06444046354901503,0.438629150390625,af509f7f0aae995da39fa41b333764044d319d6b,e4b4edb567cbe243af0f665b639c6c712bc48fee,
ira_0556.wav,D:\SIH\ira-wakeword\ira words\ira words\ira_0556.wav,54270,True,WAV,PCM_16,16000,1,27096,1.6935,0.08745104966327143,0.761474609375,64ff6946a82ab7f531385a3d88ecf51d33740df2,d55cac2975291e47f481ee29789708d3be235f1d,
ira_0557.wav,D:\SIH\ira-wakeword\ira words\ira words\ira_0557.wav,61950,True,WAV,PCM_16,16000,1,30936,1.9335,0.14542040825508176,0.999969482421875,121338e8723c771380d5429608b6dfc078664de8,4aa145bb2c2b5a2d10669825b66b6bbfcf01c6fd,
ira_0558.wav,D:\SIH\ira-wakeword\ira words\ira words\ira_0558.wav,71550,True,WAV,PCM_16,16000,1,35736,2.2335,0.14397774503830463,0.881103515625,9edac653494529daf35e97d6a3c1370bb56a5a56,9b41247eba73248b3a47d6eae4df2c236e1b101b,
ira_0559.wav,D:\SIH\ira-wakeword\ira words\ira words\ira_0559.wav,55550,True,WAV,PCM_16,16000,1,27736,1.7335,0.07132660981148588,0.702178955078125,babe0985684f1bd83c11a0f75815f0ca15660b5e,e5ea0928237152d701e43952d3ab59ed2611a861,
ira_0560.wav,D:\SIH\ira-wakeword\ira words\ira words\ira_0560.wav,39550,True,WAV,PCM_16,16000,1,19736,1.2335,0.20929633408900802,1.0,d0b0cbda3a80062cd6f0359c0fc8ae8e9cf5b291,84d16337192b7b7b2ceb5752f2e4f0da155d46ff,
ira_0561.wav,D:\SIH\ira-wakeword\ira words\ira words\ira_0561.wav,52350,True,WAV,PCM_16,16000,1,26136,1.6335,0.09650561266596634,0.829681396484375,960624820827e52032daa9063437d951d9f3d865,309839b80259553ce241c576c4c278919f8486f1,
ira_0562.wav,D:\SIH\ira-wakeword\ira words\ira words\ira_0562.wav,64510,True,WAV,PCM_16,16000,1,32216,2.0135,0.1605564132719658,1.0,9446f4e4f8788fa507da099327fe4068a3220a63,94bcebe29a315883d15613bca7cc3973a94ab918,
ira_0563.wav,D:\SIH\ira-wakeword\ira words\ira words\ira_0563.wav,54270,True,WAV,PCM_16,16000,1,27096,1.6935,0.09433315254690881,0.999969482421875,63322293fadf7416cb0c35945198c10d3efc3d9a,d3ff0e161f45dc7bcc54476cc2d25aa33a1f9d31,
ira_0564.wav,D:\SIH\ira-wakeword\ira words\ira words\ira_0564.wav,47870,True,WAV,PCM_16,16000,1,23896,1.4935,0.07065903895829805,0.701751708984375,062518510bc1cae249b775a6521d6df76caef099,cd19b8cb506a974db8c4d8338c023e18bc1cb940,
ira_0565.wav,D:\SIH\ira-wakeword\ira words\ira words\ira_0565.wav,50430,True,WAV,PCM_16,16000,1,25176,1.5735,0.08403650397839274,0.85498046875,8a8e8b12e91dbdac24102fe413fbfd566ad134de,ce476d6bfcb8dd90360d9192cd657197feac8beb,
ira_0566.wav,D:\SIH\ira-wakeword\ira words\ira words\ira_0566.wav,65150,True,WAV,PCM_16,16000,1,32536,2.0335,0.05999569665544914,0.566375732421875,c81b53f53eb0f2b7ec6791a52a314f1fd882e5ac,1f0e1539883eeb15c96558406030ba4b0c85cfc3,
ira_0567.wav,D:\SIH\ira-wakeword\ira words\ira words\ira_0567.wav,66430,True,WAV,PCM_16,16000,1,33176,2.0735,0.04827393565628527,0.4259033203125,6d40a9a921bf3628cce212afb5aed749332c5455,b728ec292a2b81ca7133b3c1c0812162495cd8b1,
ira_0568.wav,D:\SIH\ira-wakeword\ira words\ira words\ira_0568.wav,60030,True,WAV,PCM_16,16000,1,29976,1.8735,0.059264421274097555,0.6712646484375,74b283da53ed115cd069a2ac1623b3f6527ff0d2,c8b14b021b2136f5b72bb9d72c7165a6842c6c89,
ira_0569.wav,D:\SIH\ira-wakeword\ira words\ira words\ira_0569.wav,45950,True,WAV,PCM_16,16000,1,22936,1.4335,0.08698324457065058,0.829193115234375,6b9d4ccf90aa9fa9bdce3234d8822fd97ac75cc4,f3bcd491d4bde06107720ec82270b0ad7b728419,
ira_0570.wav,D:\SIH\ira-wakeword\ira words\ira words\ira_0570.wav,72830,True,WAV,PCM_16,16000,1,36376,2.2735,0.09415853561280507,0.98773193359375,1be7c77b7035e7ca9b0ec083a73f873812e21aa9,3e18e3d21cfc34f790dc20b71a2e7779b433bc49,
ira_0571.wav,D:\SIH\ira-wakeword\ira words\ira words\ira_0571.wav,40830,True,WAV,PCM_16,16000,1,20376,1.2735,0.17370299674156187,0.966796875,023f7e00e10af8a5c8630f2e91b7af4f44e95ba1,b017c4b6a47b92cb4bc8cb01e235a3a434dfb2d3,
ira_0572.wav,D:\SIH\ira-wakeword\ira words\ira words\ira_0572.wav,49790,True,WAV,PCM_16,16000,1,24856,1.5535,0.09600506481106642,0.931549072265625,21d6ac56734d35a8ed762fdce265ada5dd277a20,25f5de65f1f598a1155644ab5f4ef9d414abe688,
ira_0573.wav,D:\SIH\ira-wakeword\ira words\ira words\ira_0573.wav,50430,True,WAV,PCM_16,16000,1,25176,1.5735,0.1221340578433755,1.0,9cf117727bec1fb4ed125512b9ae5efb33b3f165,bf2d86d5ccb40d81dc7626d8fac5235c0081c803,
ira_0574.wav,D:\SIH\ira-wakeword\ira words\ira words\ira_0574.wav,58750,True,WAV,PCM_16,16000,1,29336,1.8335,0.14194875953848485,0.999969482421875,169dbf68ddf0fd3e41164a68ccb9784d8a1be06b,c0e7af2ce7f200f688f877460ef6067781fddb7a,
ira_0575.wav,D:\SIH\ira-wakeword\ira words\ira words\ira_0575.wav,49150,True,WAV,PCM_16,16000,1,24536,1.5335,0.04539127737141585,0.5255126953125,e1ee867d3401173e2674ee31658a1c405e27025f,0e0b25e6369ea2f3b4370ccf29fda4556325ac0d,
ira_0576.wav,D:\SIH\ira-wakeword\ira words\ira words\ira_0576.wav,68350,True,WAV,PCM_16,16000,1,34136,2.1335,0.0895240309398266,0.84423828125,1ecd5f0a4aa475caa316d673fdf6c7f275ef3170,91429f04742317ccbc71232e8d367a032ee147fb,
ira_0577.wav,D:\SIH\ira-wakeword\ira words\ira words\ira_0577.wav,52990,True,WAV,PCM_16,16000,1,26456,1.6535,0.1501793335642169,0.730499267578125,fee337d59e866df31ea043b14b8c68324c602f42,34704ad14d8e1896a29d4ed97a89b9ad40877c38,
ira_0578.wav,D:\SIH\ira-wakeword\ira words\ira words\ira_0578.wav,54910,True,WAV,PCM_16,16000,1,27416,1.7135,0.04114316837941313,0.35858154296875,a1be5202d2a200b518d822dc4c5019497ff22956,51848ea8456337581f89a73d1758c0cb82e7922b,
ira_0579.wav,D:\SIH\ira-wakeword\ira words\ira words\ira_0579.wav,56190,True,WAV,PCM_16,16000,1,28056,1.7535,0.03422747144827796,0.284088134765625,3b1c563866488035c6eb4b635410869ab0d0280e,385b257bfea69239c4526fc4e3aacf31e6e83014,
ira_0580.wav,D:\SIH\ira-wakeword\ira words\ira words\ira_0580.wav,40190,True,WAV,PCM_16,16000,1,20056,1.2535,0.09550588857759237,0.999969482421875,c4275d42c555bd5b4bff08bd1a63a8aa10daeacb,f70446f435e85ce8b0c3ffd2fc70a315f328c5d9,
ira_0581.wav,D:\SIH\ira-wakeword\ira words\ira words\ira_0581.wav,40830,True,WAV,PCM_16,16000,1,20376,1.2735,0.07122587680489727,0.86590576171875,3220b770d4a5e5d24709299b8aeef5ea9e9ed366,0ab6690626cf93794aeadd3da0f9ea46fdf8c92f,
ira_0582.wav,D:\SIH\ira-wakeword\ira words\ira words\ira_0582.wav,31230,True,WAV,PCM_16,16000,1,15576,0.9735,0.11748100894153665,0.999969482421875,89da403394cdfa3c362b2708975e050f41fe7d4a,55879636395f009bb9d8192995fa9b9d22d67f64,
ira_0583.wav,D:\SIH\ira-wakeword\ira words\ira words\ira_0583.wav,33790,True,WAV,PCM_16,16000,1,16856,1.0535,0.1603683805811427,0.999969482421875,ed5d6a429df71dc5e27849eb2aed6c937a64ab00,2b57517a3afaa253b3241e05e99f115dd140a805,
ira_0584.wav,D:\SIH\ira-wakeword\ira words\ira words\ira_0584.wav,40190,True,WAV,PCM_16,16000,1,20056,1.2535,0.10566580237161023,0.999969482421875,8809e90c95e0cb31c936867a7ec143e103f9dc67,ac0f911a7235b1692fa8b76a6f0481ab907392f7,
ira_0585.wav,D:\SIH\ira-wakeword\ira words\ira words\ira_0585.wav,54910,True,WAV,PCM_16,16000,1,27416,1.7135,0.12674701060415997,1.0,a33be997df5df6e7a426e8eb2b44b2bbd16199d7,7be7d752495474811381b2bd69a64b3d3c1f7ff8,
ira_0586.wav,D:\SIH\ira-wakeword\ira words\ira words\ira_0586.wav,49150,True,WAV,PCM_16,16000,1,24536,1.5335,0.05347518001721036,0.625762939453125,343086a845f5cdeccde0241658a7288cfdddae95,2b9e0097f761e2a6f85876faf5ce69a3dd3c49fb,
ira_0587.wav,D:\SIH\ira-wakeword\ira words\ira words\ira_0587.wav,41470,True,WAV,PCM_16,16000,1,20696,1.2935,0.06291328378042373,0.561309814453125,d29797125d052b992d6047a838ad73cec5b3f63b,d238d6de2ee8e0bb23becb101ad9388b0f118031,
ira_0588.wav,D:\SIH\ira-wakeword\ira words\ira words\ira_0588.wav,49150,True,WAV,PCM_16,16000,1,24536,1.5335,0.06965848690991093,0.654510498046875,75d31e85985fb64263fefd89504c1c1349164913,f6d227dfb8fee99b20046e701ef5be5255952611,
ira_0589.wav,D:\SIH\ira-wakeword\ira words\ira words\ira_0589.wav,44670,True,WAV,PCM_16,16000,1,22296,1.3935,0.09101656984090369,1.0,ef7af1432d1d4d4f85856fa754385245d14d1ef8,e3b49cc286fac947fe194642c0e4b1f37fc1a841,
ira_0590.wav,D:\SIH\ira-wakeword\ira words\ira words\ira_0590.wav,53630,True,WAV,PCM_16,16000,1,26776,1.6735,0.0736163607258095,0.989715576171875,07a14bb8494333e80da3893ae6d80dec6d435744,0f3f80110a6d630236cae10105d72ab9a6ca59b3,
ira_0591.wav,D:\SIH\ira-wakeword\ira words\ira words\ira_0591.wav,51070,True,WAV,PCM_16,16000,1,25496,1.5935,0.02862422011450763,0.26702880859375,c47f9b9d00cf7aaa517b37a9f42b65db441780aa,02ccfd63f945b29a68a008572b52915eede44c9a,
ira_0592.wav,D:\SIH\ira-wakeword\ira words\ira words\ira_0592.wav,31230,True,WAV,PCM_16,16000,1,15576,0.9735,0.026729336327727827,0.195068359375,d956a200c996fa3cb0a4b1a81a5bfb3eaac184e8,f82bbc989b58055d8850cc879e1a71482f04eda2,
ira_0593.wav,D:\SIH\ira-wakeword\ira words\ira words\ira_0593.wav,38910,True,WAV,PCM_16,16000,1,19416,1.2135,0.02767205810540754,0.276123046875,07e1eb941894fe9047eb7d5ddcd718058df93383,cefa0972113d2333f5ad2f4ba813e30cbfea296d,
ira_0594.wav,D:\SIH\ira-wakeword\ira words\ira words\ira_0594.wav,39550,True,WAV,PCM_16,16000,1,19736,1.2335,0.04730642409736696,0.361846923828125,bb63017941be9a623c73e9befcf502a39eb2238f,4904d8095b507bbbff399e3c16032e51034861fa,
ira_0595.wav,D:\SIH\ira-wakeword\ira words\ira words\ira_0595.wav,82430,True,WAV,PCM_16,16000,1,41176,2.5735,0.04120310415460478,0.526123046875,dcf93599026065d4159db81a9e6b559de33c36a6,948513e67cf720a722717b4d78008e6f740f72c5,
ira_0596.wav,D:\SIH\ira-wakeword\ira words\ira words\ira_0596.wav,49790,True,WAV,PCM_16,16000,1,24856,1.5535,0.021052590350367825,0.22705078125,ff634826ba80316b87c6a27b00505fb2cd659a25,bdad5ce711d7cd9f88ef0d72cbaba19a4dee980a,
ira_0597.wav,D:\SIH\ira-wakeword\ira words\ira words\ira_0597.wav,61310,True,WAV,PCM_16,16000,1,30616,1.9135,0.017476250884520553,0.1929931640625,89d63d0b2ab5ef4cfaf2b75d80fe3eec63922772,afba32443a90bb9f9994068d956ffd076e4a1627,
ira_0598.wav,D:\SIH\ira-wakeword\ira words\ira words\ira_0598.wav,54910,True,WAV,PCM_16,16000,1,27416,1.7135,0.03427017376667194,0.3223876953125,9dfe1541bb61d5423c62fd5f09bf2b362ac881c8,cea2a89147f5fedc68bb432fbdc311acb4fe8e2a,
ira_0599.wav,D:\SIH\ira-wakeword\ira words\ira words\ira_0599.wav,42110,True,WAV,PCM_16,16000,1,21016,1.3135,0.040153209175700394,0.340728759765625,f0cc3ce3b7057b8de16f3fc2229687c0848d996e,046657886d03662521fb9dfe82405a6ddb83b286,
ira_0600.wav,D:\SIH\ira-wakeword\ira words\ira words\ira_0600.wav,49790,True,WAV,PCM_16,16000,1,24856,1.5535,0.021761926428130213,0.259735107421875,692b56016ae1a1412dae84a49df45751c8543e70,f2efdb2b0c9951a274d3ea58e3e32a7602528189,
ira_0601.wav,D:\SIH\ira-wakeword\ira words\ira words\ira_0601.wav,47230,True,WAV,PCM_16,16000,1,23576,1.4735,0.018847000697898474,0.221405029296875,9c8e1b8b5bf1ea86fe0104b755510244d6349690,2bcad70d024d64dfe7f010963eba65a8076b395e,
ira_0602.wav,D:\SIH\ira-wakeword\ira words\ira words\ira_0602.wav,50430,True,WAV,PCM_16,16000,1,25176,1.5735,0.014299357179600658,0.20001220703125,6c518e8f1ee0edf20d382f3bc8e358173d48afa2,900265b721dc0509e0e96602df212b022814b04c,
ira_0603.wav,D:\SIH\ira-wakeword\ira words\ira words\ira_0603.wav,39550,True,WAV,PCM_16,16000,1,19736,1.2335,0.05525128417459375,0.597900390625,2deb0361ba39b9c2ea6efa2e23f8061e604f795d,f606ca1280d355c3a86bb320ea13863f348d316f,
ira_0604.wav,D:\SIH\ira-wakeword\ira words\ira words\ira_0604.wav,48510,True,WAV,PCM_16,16000,1,24216,1.5135,0.0925437031120213,0.98345947265625,3c6330c83c03e57bd2943339325a5a1249124615,754e061f0f6ad77834459c4f5ac278da71cf4f45,
ira_0605.wav,D:\SIH\ira-wakeword\ira words\ira words\ira_0605.wav,48510,True,WAV,PCM_16,16000,1,24216,1.5135,0.02006033726182404,0.19158935546875,c5f5495fa7cbd13b5e127c4e2844dd0a48d170f7,e4b5d305cbb8b956a83fec33e5e639e023f34c7c,
ira_0606.wav,D:\SIH\ira-wakeword\ira words\ira words\ira_0606.wav,44670,True,WAV,PCM_16,16000,1,22296,1.3935,0.09178572090540046,0.972564697265625,97df39454b511ed60ed702f94a0c631dd703c1e5,045681423e26d363600ec7420bd1b19dd97719ac,
ira_0607.wav,D:\SIH\ira-wakeword\ira words\ira words\ira_0607.wav,54270,True,WAV,PCM_16,16000,1,27096,1.6935,0.09736258797321391,1.0,2f3fe4810893b633a3fff3b08718640135cba8c4,87f132fa76196b2c43759d6788b35bcd62765883,
ira_0608.wav,D:\SIH\ira-wakeword\ira words\ira words\ira_0608.wav,47230,True,WAV,PCM_16,16000,1,23576,1.4735,0.10613174085335071,1.0,e29e6f23c8ba33d8ddfc8f67dc2007b9698dd493,e65320777e97df22f51269b36aeb0e0dc5cd0ee3,
ira_0609.wav,D:\SIH\ira-wakeword\ira words\ira words\ira_0609.wav,70910,True,WAV,PCM_16,16000,1,35416,2.2135,0.11684413887754846,0.999969482421875,34855ab696c1cea701d15b4557c73a1b07b5e527,f7f9fe8bece0b6a569c97a7793d41da1119c6585,
ira_0610.wav,D:\SIH\ira-wakeword\ira words\ira words\ira_0610.wav,56830,True,WAV,PCM_16,16000,1,28376,1.7735,0.07292940712306302,0.993316650390625,ed22cfd0efb8cb0f18442251979b3bdc4973a3ba,ab82fcd1e41b9555146438fa870e3cfb5c028f89,
ira_0611.wav,D:\SIH\ira-wakeword\ira words\ira words\ira_0611.wav,59390,True,WAV,PCM_16,16000,1,29656,1.8535,0.05301156315517695,0.531158447265625,f4a7dea871437c54173cd31a43091651225687b7,e6b2df687a64cc379c153244f6c4fcc10c8fb0d2,
ira_0612.wav,D:\SIH\ira-wakeword\ira words\ira words\ira_0612.wav,60030,True,WAV,PCM_16,16000,1,29976,1.8735,0.08168640789205878,0.960540771484375,c6e7ee39cbda358c42cb64d1e4e4586d7962b399,ec9cd0181478b80eed8bbd9e80b463d3bb7742d5,
ira_0613.wav,D:\SIH\ira-wakeword\ira words\ira words\ira_0613.wav,61950,True,WAV,PCM_16,16000,1,30936,1.9335,0.04160543708727599,0.60089111328125,104ca202c08e4d9c86481f7b562bf7cbcd1acb5e,a51723c66ce736f04a303f708f0a02d311b1e771,
ira_0614.wav,D:\SIH\ira-wakeword\ira words\ira words\ira_0614.wav,54270,True,WAV,PCM_16,16000,1,27096,1.6935,0.04110964236739474,0.528900146484375,be4ec9c85f1efb60198bf9aa4479de68d0e7cc0e,1819ebbdf6d8ca5bfa6ddba09212a4b06b58ce0a,
ira_0615.wav,D:\SIH\ira-wakeword\ira words\ira words\ira_0615.wav,47870,True,WAV,PCM_16,16000,1,23896,1.4935,0.04295744533385932,0.456024169921875,5e8e4df0d3a3a68cd00480ef250bac16b9690772,8f094ecf21b2f63cab35a49020d9dafdc6985194,
ira_0616.wav,D:\SIH\ira-wakeword\ira words\ira words\ira_0616.wav,49150,True,WAV,PCM_16,16000,1,24536,1.5335,0.1721843331443388,0.999969482421875,8d2f1df88acf1d6a48c74f6378c80dc6b46564ff,f47da9bd776907695d781ac26602314ce590d436,
ira_0617.wav,D:\SIH\ira-wakeword\ira words\ira words\ira_0617.wav,36990,True,WAV,PCM_16,16000,1,18456,1.1535,0.11086841510646708,0.839996337890625,d5ffe8d2189c41dde31ea97bdd3533e17864386a,978f585da6322e22ecd752f313a25eb42aa6f4ef,
ira_0618.wav,D:\SIH\ira-wakeword\ira words\ira words\ira_0618.wav,38270,True,WAV,PCM_16,16000,1,19096,1.1935,0.13164292511261746,0.839141845703125,e1372b64fd92016c93033c058fd56f4e0b0cc265,630dade660dbeb12233ffc1e024fd14f7156a874,
ira_0619.wav,D:\SIH\ira-wakeword\ira words\ira words\ira_0619.wav,38910,True,WAV,PCM_16,16000,1,19416,1.2135,0.12061945588905922,0.92401123046875,2e8712e80e6d89b8e6d76292f423340d76039422,c4f818b3aa1ff8148792779fb093a2df18c3b3b5,
ira_0620.wav,D:\SIH\ira-wakeword\ira words\ira words\ira_0620.wav,36990,True,WAV,PCM_16,16000,1,18456,1.1535,0.03622490163979666,0.19219970703125,724eec50b57b92693d6d54dc1258ab89f1b387ef,1dc6256f98f86cfbab33b2a6ce6375ed6e82edea,
ira_0621.wav,D:\SIH\ira-wakeword\ira words\ira words\ira_0621.wav,38270,True,WAV,PCM_16,16000,1,19096,1.1935,0.14234607374342956,0.91046142578125,4c9221a9a269e1147905841a6f11df75f6599dd9,c5f62e34873c937696dbf7a330154655d1eea0e5,
ira_0622.wav,D:\SIH\ira-wakeword\ira words\ira words\ira_0622.wav,45310,True,WAV,PCM_16,16000,1,22616,1.4135,0.057329741493667805,0.421844482421875,1c9ddab040946bea41ed97764d1d17e0a31b01c5,343e1f4fc4a72be90d98777e01a15b79d4224a6d,
ira_0623.wav,D:\SIH\ira-wakeword\ira words\ira words\ira_0623.wav,42750,True,WAV,PCM_16,16000,1,21336,1.3335,0.020503326229519017,0.1900634765625,1b67b001974e453bedec1d8a4069538330b2c6e6,3602e1d7d81c3d2ebb8b0d7cc4fc044a39bd3c1b,
ira_0624.wav,D:\SIH\ira-wakeword\ira words\ira words\ira_0624.wav,54270,True,WAV,PCM_16,16000,1,27096,1.6935,0.0296259601565775,0.36541748046875,41d6edd040a7f714d2cb5c75d744a00397e52d99,fec47b7d396436a2699bd829f6bc97ab03738752,
ira_0625.wav,D:\SIH\ira-wakeword\ira words\ira words\ira_0625.wav,40830,True,WAV,PCM_16,16000,1,20376,1.2735,0.020954461396998615,0.2066650390625,c561d762ea60b5a169ec3793d11383ba5805ba56,e72ce8a075029c7a7830f5f78fdda0d7d070d827,
ira_0626.wav,D:\SIH\ira-wakeword\ira words\ira words\ira_0626.wav,39550,True,WAV,PCM_16,16000,1,19736,1.2335,0.01820819201073177,0.20208740234375,772c171bfadd196f9ba693cfc43cdf816f228cf6,de20a85828748bbc2133f283b206aa9dc0bedc76,
ira_0627.wav,D:\SIH\ira-wakeword\ira words\ira words\ira_0627.wav,40190,True,WAV,PCM_16,16000,1,20056,1.2535,0.03449250583991488,0.289398193359375,2b67c2e5460aeee6c1a373046c78871a02548964,c643691e919951a02136f7808494ce272394ae0a,
ira_0628.wav,D:\SIH\ira-wakeword\ira words\ira words\ira_0628.wav,45950,True,WAV,PCM_16,16000,1,22936,1.4335,0.024457976242802274,0.258209228515625,96f7631d722e59da9ae3bfdd6229e13b8a30a320,29d71429dacb0bcc83485512147001b0ed16cf30,
ira_0629.wav,D:\SIH\ira-wakeword\ira words\ira words\ira_0629.wav,43390,True,WAV,PCM_16,16000,1,21656,1.3535,0.022272252028571634,0.29364013671875,632b433fffd1859882bbbc9a8626eb3f85ee44da,7de0658b46d2040c091cb0711eae2f72077c5c05,
ira_0630.wav,D:\SIH\ira-wakeword\ira words\ira words\ira_0630.wav,42750,True,WAV,PCM_16,16000,1,21336,1.3335,0.014209117749271742,0.137908935546875,b8ec4abb000d71995670e1a8c4875f2f67fcceba,4b3fdb3bd82967326fb5f727467440db953ca59c,
ira_0631.wav,D:\SIH\ira-wakeword\ira words\ira words\ira_0631.wav,42110,True,WAV,PCM_16,16000,1,21016,1.3135,0.04680911262347028,0.346832275390625,9006d95612d7d134c37741237680166e554e30a5,b8541ad1f65af96668074b75dc877c30070295de,
ira_0632.wav,D:\SIH\ira-wakeword\ira words\ira words\ira_0632.wav,51710,True,WAV,PCM_16,16000,1,25816,1.6135,0.02219463451224618,0.202392578125,93157beaf59da249d72d7bcb8d02774ce543ffc7,3370d8ccb468593967ebdcd5332b690c4bf4e592,
ira_0633.wav,D:\SIH\ira-wakeword\ira words\ira words\ira_0633.wav,37630,True,WAV,PCM_16,16000,1,18776,1.1735,0.024617269984533445,0.18634033203125,a46e70589aaa005b5dfca9d2dd055668124e5725,c5212db94fbe544a2e1232258d7d9264a5f83346,
ira_0634.wav,D:\SIH\ira-wakeword\ira words\ira words\ira_0634.wav,65150,True,WAV,PCM_16,16000,1,32536,2.0335,0.02777138015722729,0.19915771484375,3df00aef03b45a3c2183faddf6c7846e1d289150,939eb8ec617623cbfddf48a97906d2caa2b27ee6,
ira_0635.wav,D:\SIH\ira-wakeword\ira words\ira words\ira_0635.wav,46590,True,WAV,PCM_16,16000,1,23256,1.4535,0.035674113860136344,0.4197998046875,4de99d1ab2f7691784fef800278f1efdc6ca2752,4fe4a1966eee458b28195f51ec784e5783d878a1,
ira_0636.wav,D:\SIH\ira-wakeword\ira words\ira words\ira_0636.wav,56190,True,WAV,PCM_16,16000,1,28056,1.7535,0.0786534597360043,0.618194580078125,444dbbf792cf960700242ac1a00d0d83400c3727,970ede97ba6dce56440cc919938d381e421daec0,
ira_0637.wav,D:\SIH\ira-wakeword\ira words\ira words\ira_0637.wav,48510,True,WAV,PCM_16,16000,1,24216,1.5135,0.08189093885327599,0.905303955078125,9ccc9ee5c75490fb878824104f378435918f634e,a698f0c3b725981031cf41a46279414806b7d966,
ira_0638.wav,D:\SIH\ira-wakeword\ira words\ira words\ira_0638.wav,39550,True,WAV,PCM_16,16000,1,19736,1.2335,0.03365015208144706,0.4150390625,a03d9512d3ed75ea5d1d15c7cbf600497959cef3,2943f135b5d753d022b5fa6418be65afea295d4d,
ira_0639.wav,D:\SIH\ira-wakeword\ira words\ira words\ira_0639.wav,54910,True,WAV,PCM_16,16000,1,27416,1.7135,0.04231730294466191,0.336639404296875,87a0ac69094b484d3252141f477c6b69c3b5a7b2,fdf8abef74715392dd7fef6535f8229e014438de,
ira_0640.wav,D:\SIH\ira-wakeword\ira words\ira words\ira_0640.wav,38910,True,WAV,PCM_16,16000,1,19416,1.2135,0.09384818567734336,0.616668701171875,5461e9473acceb508b79894c4b8736b5d3a56ddc,89a96e111ce91d7d2bb41cb556c2e1db68e3fcab,
ira_0641.wav,D:\SIH\ira-wakeword\ira words\ira words\ira_0641.wav,43390,True,WAV,PCM_16,16000,1,21656,1.3535,0.046018839782726584,0.44158935546875,b9f3323da862f275d18aa60f347611bb61defe59,15c0dc89c21b7aa370781ec97e1a36392bc09ab2,
ira_0642.wav,D:\SIH\ira-wakeword\ira words\ira words\ira_0642.wav,39550,True,WAV,PCM_16,16000,1,19736,1.2335,0.03554877725248551,0.25714111328125,27556591c4fd7f6a52f0f1181ba8218f53e68a25,484a7a965e19632921dc2f9619c7f51467dab76a,
ira_0643.wav,D:\SIH\ira-wakeword\ira words\ira words\ira_0643.wav,35070,True,WAV,PCM_16,16000,1,17496,1.0935,0.016725977603969593,0.13714599609375,2ce35071ce79eb0ca69b80e89489bc6819131eae,a549c44d168cb448c32907e2b3ccaa148c94dbb0,
ira_0644.wav,D:\SIH\ira-wakeword\ira words\ira words\ira_0644.wav,45950,True,WAV,PCM_16,16000,1,22936,1.4335,0.005609940347148181,0.07562255859375,e10171b89fe4d06b98c4ec00f18b7d881b5453ba,1957318ae75d88f82d2307cfbf32401beb601416,
ira_0645.wav,D:\SIH\ira-wakeword\ira words\ira words\ira_0645.wav,31230,True,WAV,PCM_16,16000,1,15576,0.9735,0.0308486751798276,0.217803955078125,f26deef248caa0c9d2605f467b5fbe32c55c723f,8b9cc81749f7c201af30f5c8af63addeeeee0f18,
ira_0646.wav,D:\SIH\ira-wakeword\ira words\ira words\ira_0646.wav,45310,True,WAV,PCM_16,16000,1,22616,1.4135,0.0027922472087863236,0.0347900390625,c4c3f2f147eb48c949a7774440288b2636b95f9c,bed23a2ad9771c70f2efe7d905bdaab30a4e66ed,
ira_0647.wav,D:\SIH\ira-wakeword\ira words\ira words\ira_0647.wav,49150,True,WAV,PCM_16,16000,1,24536,1.5335,0.013345320459476062,0.15966796875,9d917b4969108637b427b8eb0584df2c6a5914ab,813c65baaef9ab2ea3651c84f9031b07de9644e6,
ira_0648.wav,D:\SIH\ira-wakeword\ira words\ira words\ira_0648.wav,47230,True,WAV,PCM_16,16000,1,23576,1.4735,0.004759980264942071,0.049346923828125,ee1e1a3944d0528cf8ae46dff74214b3cd9954af,8f742b487881ecf0c9b339979404450c3b7e59e9,
ira_0649.wav,D:\SIH\ira-wakeword\ira words\ira words\ira_0649.wav,38910,True,WAV,PCM_16,16000,1,19416,1.2135,0.005475914904933926,0.043548583984375,5a5b02c43c503624a86352c1a881f2dd5ee3e4b9,e66248e4c08b070888cff428e860e2c073cc0563,
ira_0650.wav,D:\SIH\ira-wakeword\ira words\ira words\ira_0650.wav,43390,True,WAV,PCM_16,16000,1,21656,1.3535,0.03198047641685125,0.22869873046875,a4746510886faec37fc4233f69f4224d66224824,02f92c0bde18f786972c5fccebd62bcc994b9415,
ira_0651.wav,D:\SIH\ira-wakeword\ira words\ira words\ira_0651.wav,63870,True,WAV,PCM_16,16000,1,31896,1.9935,0.009453031862597095,0.120513916015625,475aaa38a0870e88f98f55e951ec0c3d015a3bb9,8327bd50d79237b20089855a0de06a7105c39810,
ira_0652.wav,D:\SIH\ira-wakeword\ira words\ira words\ira_0652.wav,41470,True,WAV,PCM_16,16000,1,20696,1.2935,0.006750684810582462,0.0611572265625,3115c6003b1d1855a85968138ca9f397358e9e2b,bce59aeaf52d0d6ec526898d22077000be88f1d9,
ira_0653.wav,D:\SIH\ira-wakeword\ira words\ira words\ira_0653.wav,45310,True,WAV,PCM_16,16000,1,22616,1.4135,0.01899251700131678,0.154388427734375,83bf39b5874c9dd0154662d230f4f89b3681d9d2,03595a944e8275fa2b6474227a58f6d32e0516d5,
ira_0654.wav,D:\SIH\ira-wakeword\ira words\ira words\ira_0654.wav,33150,True,WAV,PCM_16,16000,1,16536,1.0335,0.005506828962774282,0.048370361328125,c701fe05184c2e2b104c040d514d69221b954856,1d886676a2b89cfce4562ebf6d9ea0b457db81a9,
ira_0655.wav,D:\SIH\ira-wakeword\ira words\ira words\ira_0655.wav,54910,True,WAV,PCM_16,16000,1,27416,1.7135,0.015067736004626586,0.166473388671875,b5c0d75cdc847a3e640aff8e70fd42db5794ea23,633c97047dbf88ad90f3d3dfc0b5c0e410e760f3,
ira_0656.wav,D:\SIH\ira-wakeword\ira words\ira words\ira_0656.wav,50430,True,WAV,PCM_16,16000,1,25176,1.5735,0.015947332722815705,0.19683837890625,7c5d186737a49da1129e82125d5e6ffb9e342a10,88f27c1583dc0be393a42b46a203ca1fbb201644,
ira_0657.wav,D:\SIH\ira-wakeword\ira words\ira words\ira_0657.wav,49150,True,WAV,PCM_16,16000,1,24536,1.5335,0.011851891634582537,0.21240234375,a4f71227aa741258e5d58dc31a37ed02104e9e4d,c117ed5772803d72d55825a38d04bfbda2fda964,
ira_0658.wav,D:\SIH\ira-wakeword\ira words\ira words\ira_0658.wav,46590,True,WAV,PCM_16,16000,1,23256,1.4535,0.10099654416186254,0.950164794921875,63bba7e7f3909b39174b5c5455f9ce98a114936f,4699b435d6057b3f57c28a244feb33b236a19855,
ira_0659.wav,D:\SIH\ira-wakeword\ira words\ira words\ira_0659.wav,44670,True,WAV,PCM_16,16000,1,22296,1.3935,0.17736607979993158,0.951324462890625,47a95d7a3eb146cfad94149a0d4dd124477b98ca,9548ea2e4be8c7948c5a35b6f4b8b29320960b4b,
ira_0660.wav,D:\SIH\ira-wakeword\ira words\ira words\ira_0660.wav,44030,True,WAV,PCM_16,16000,1,21976,1.3735,0.16722380982512514,1.0,ceb805261ae92047c1fcc0d76891a163cf65f3fc,de0481b962967d6c8224070b65241450c4440162,
ira_0661.wav,D:\SIH\ira-wakeword\ira words\ira words\ira_0661.wav,45310,True,WAV,PCM_16,16000,1,22616,1.4135,0.16716074864364688,0.999969482421875,ce3f365f76d709b5ca5d9ef5843588b1c3880959,e9c0ee3e12f13a7ec6e793d06cddc2b635767a14,
ira_0662.wav,D:\SIH\ira-wakeword\ira words\ira words\ira_0662.wav,37630,True,WAV,PCM_16,16000,1,18776,1.1735,0.12898157779887537,0.74237060546875,6eec56676d882dd6d69d6b005903daab01a06d33,c8e2983fd897db05c417d4bae51a68eaf14314ea,
ira_0663.wav,D:\SIH\ira-wakeword\ira words\ira words\ira_0663.wav,38270,True,WAV,PCM_16,16000,1,19096,1.1935,0.21094533578229044,1.0,08564868d5f45d134d1b68af054475a7c113d338,59fbdde91871a78d617e8f3a2ceca8f91f0c4d02,
ira_0664.wav,D:\SIH\ira-wakeword\ira words\ira words\ira_0664.wav,42750,True,WAV,PCM_16,16000,1,21336,1.3335,0.15390253148211122,0.999969482421875,fd10ba2799a1cdffd398fbfeb3c0440db72d26ab,46ef7f120f4d901199aa117079265b71d51b4111,
ira_0665.wav,D:\SIH\ira-wakeword\ira words\ira words\ira_0665.wav,43390,True,WAV,PCM_16,16000,1,21656,1.3535,0.22284108679492015,0.999969482421875,fdc3471552015705e6f16587d4704c19c26d2814,43b145c46fa0f8bf2229a59d69f7d8874433f1dc,
ira_0666.wav,D:\SIH\ira-wakeword\ira words\ira words\ira_0666.wav,51070,True,WAV,PCM_16,16000,1,25496,1.5935,0.16341174305881925,0.999969482421875,8ede8e8ab4690e12f5427a046247aeb54a02a63b,831c07478d044bb77131c6396177373726d0ced8,
ira_0667.wav,D:\SIH\ira-wakeword\ira words\ira words\ira_0667.wav,61310,True,WAV,PCM_16,16000,1,30616,1.9135,0.16953137400368593,1.0,21e81f4822c713e353337ad10c9c0751d1802b90,39011573c5b4671d102a56f9caf3ce7ed78d1962,
ira_0668.wav,D:\SIH\ira-wakeword\ira words\ira words\ira_0668.wav,45310,True,WAV,PCM_16,16000,1,22616,1.4135,0.18785718502044657,0.994476318359375,4e820a62bbc17ee872118481b6bdfdefa9f707bc,10257861f19e8d24602825d7ed4cdfd8d10bf6af,
ira_0669.wav,D:\SIH\ira-wakeword\ira words\ira words\ira_0669.wav,53630,True,WAV,PCM_16,16000,1,26776,1.6735,0.17941764659841017,1.0,d4e169fa4267e8c365f5d977ab73e361c0d55ceb,5fbe3effe370e1820fc2b5a42c98962a381f3fb6,
ira_0670.wav,D:\SIH\ira-wakeword\ira words\ira words\ira_0670.wav,52990,True,WAV,PCM_16,16000,1,26456,1.6535,0.10444688014689675,0.82208251953125,993a315ff185edd047f637223c28a3544edfd0f6,a3d4035184f067bc22599b25279b6f102ff74434,
ira_0671.wav,D:\SIH\ira-wakeword\ira words\ira words\ira_0671.wav,52350,True,WAV,PCM_16,16000,1,26136,1.6335,0.0951395275124451,0.6148681640625,0096f44b8f7cdd870332d1f3f63b6828c2e5c6f3,2ce63c9eb0bccf4d68bb5ec91900306aba18dfe5,
ira_0672.wav,D:\SIH\ira-wakeword\ira words\ira words\ira_0672.wav,51710,True,WAV,PCM_16,16000,1,25816,1.6135,0.0846047972207185,0.54351806640625,f40588fb721c387f46470b6731f361628af23efa,f01e13252dcb157247f141323f7b44b3584c80e7,
ira_0673.wav,D:\SIH\ira-wakeword\ira words\ira words\ira_0673.wav,49790,True,WAV,PCM_16,16000,1,24856,1.5535,0.19532567070342932,1.0,688f14ee8008d1a621166a81ebe83504eb9977b9,aa0d1cc05111f99793adee4308ae13c59ca21dd7,
ira_0674.wav,D:\SIH\ira-wakeword\ira words\ira words\ira_0674.wav,51070,True,WAV,PCM_16,16000,1,25496,1.5935,0.08290886037117094,0.63336181640625,33ae28996b13fd7a627b85f20e1140e412140cfa,46050e4ed99361169f4ec3fbfe1ed2ade174cceb,
ira_0675.wav,D:\SIH\ira-wakeword\ira words\ira words\ira_0675.wav,45950,True,WAV,PCM_16,16000,1,22936,1.4335,0.066529288587479,0.36846923828125,5c48605c820bceb87148d5998101c8854a04c3ac,5482377efd878c4de942bc9f1cdbd2c216aaa534,
ira_0676.wav,D:\SIH\ira-wakeword\ira words\ira words\ira_0676.wav,50430,True,WAV,PCM_16,16000,1,25176,1.5735,0.06325364699126824,0.45758056640625,2be90605818af3d8554d1196b99d0d7d2a29847a,11e3df4290212c3a2ecf07feb7d21d86463d79da,
ira_0677.wav,D:\SIH\ira-wakeword\ira words\ira words\ira_0677.wav,52990,True,WAV,PCM_16,16000,1,26456,1.6535,0.16596646565363318,1.0,46e9cf528ee30fbf06d4b463c314cf39fb684d0a,daf60e4f8eeb2ecf9d8a939eaf96966a30e6a481,
ira_0678.wav,D:\SIH\ira-wakeword\ira words\ira words\ira_0678.wav,38910,True,WAV,PCM_16,16000,1,19416,1.2135,0.14759011672767935,0.938079833984375,7d68f0ba252d5971384015732c8083a3dfe9fee2,4ded0ff9e91e43b8fac28ef5d94a3c620f4b66d3,
ira_0679.wav,D:\SIH\ira-wakeword\ira words\ira words\ira_0679.wav,42750,True,WAV,PCM_16,16000,1,21336,1.3335,0.15495610071747273,0.999969482421875,3ca133de66f4cc78cade95fde533543756ec5841,a620fe3d756aba2409f565434db4a5c695e48b9f,
ira_0680.wav,D:\SIH\ira-wakeword\ira words\ira words\ira_0680.wav,45950,True,WAV,PCM_16,16000,1,22936,1.4335,0.1631075331581106,0.99993896484375,46021109dc5494c99f6391abb5a7077f0686cb10,e06281811117705bfbbd20575526a93e1d1e0dac,
ira_0681.wav,D:\SIH\ira-wakeword\ira words\ira words\ira_0681.wav,40190,True,WAV,PCM_16,16000,1,20056,1.2535,0.1370307794488783,1.0,a01f21eb53994c02a29c975ea9c04d1f15b244cc,db0eea7a8ea7847fb0bf1dccd508ea4dec68d63e,
ira_0682.wav,D:\SIH\ira-wakeword\ira words\ira words\ira_0682.wav,42750,True,WAV,PCM_16,16000,1,21336,1.3335,0.1500923754042347,1.0,0a2a35810572ed792bddc757f209ba9aa8886f64,5426369ae007e968877547796e9dc90a0c754949,
ira_0683.wav,D:\SIH\ira-wakeword\ira words\ira words\ira_0683.wav,45310,True,WAV,PCM_16,16000,1,22616,1.4135,0.04963223405757857,0.5001220703125,97cf7977ef61735526c446f3a72ea03de31b5d68,35d652adeccc71b23faf7a0c250c1beaa6fb1581,
ira_0684.wav,D:\SIH\ira-wakeword\ira words\ira words\ira_0684.wav,35070,True,WAV,PCM_16,16000,1,17496,1.0935,0.053512958953597554,0.395538330078125,ff2e3d5f802e6ca657c14e2e846dadd8b8b20043,20532de39cdfd40b040db8472ac15445bdc5944d,
ira_0685.wav,D:\SIH\ira-wakeword\ira words\ira words\ira_0685.wav,40190,True,WAV,PCM_16,16000,1,20056,1.2535,0.05714317463650539,0.445098876953125,e8de927b3b4ced2e2771e080de25bdaa0df23ca2,c36b79cf315a4264792f6533b3b2cbf99bce6a20,
ira_0686.wav,D:\SIH\ira-wakeword\ira words\ira words\ira_0686.wav,45950,True,WAV,PCM_16,16000,1,22936,1.4335,0.05565071073119577,0.40985107421875,8f8e8eecf9715930de6633866fcd1b3c1363066b,61e5d598fadf4f86735ccb05f6f4db4a4272ec49,
ira_0687.wav,D:\SIH\ira-wakeword\ira words\ira words\ira_0687.wav,42750,True,WAV,PCM_16,16000,1,21336,1.3335,0.05302048761571949,0.465087890625,bbc0b30e1794ac02b772510bb33604e0f6c9783a,4d324e0e798f3fc713a2d2d047e6bcfda8958d51,
ira_0688.wav,D:\SIH\ira-wakeword\ira words\ira words\ira_0688.wav,42750,True,WAV,PCM_16,16000,1,21336,1.3335,0.05492275876511384,0.4471435546875,a3ac520c76b77afab8cbd65171139ceccb2feef3,ea78972c750a86fb18491fe90967efef1ac9088f,
ira_0689.wav,D:\SIH\ira-wakeword\ira words\ira words\ira_0689.wav,37630,True,WAV,PCM_16,16000,1,18776,1.1735,0.07160812911072074,0.520233154296875,3d38c3b27038b23fa55b32b9e695c0e91090d06d,116f8dd3a6755846774f27770d7271313b55f332,
ira_0690.wav,D:\SIH\ira-wakeword\ira words\ira words\ira_0690.wav,33790,True,WAV,PCM_16,16000,1,16856,1.0535,0.06400721806025471,0.465484619140625,e732e926e3db905cd8ae972c02137a9d8e8bb6f7,ccb1bd395885968cfe4309dae7fa7ab8d5cb083a,
ira_0691.wav,D:\SIH\ira-wakeword\ira words\ira words\ira_0691.wav,44030,True,WAV,PCM_16,16000,1,21976,1.3735,0.08580264444648195,0.71502685546875,ac2edd5624ba55d6260641b063b4cd6a12994353,ea251a82b80b82277e55cefd119d280fddd5f00a,
ira_0692.wav,D:\SIH\ira-wakeword\ira words\ira words\ira_0692.wav,44030,True,WAV,PCM_16,16000,1,21976,1.3735,0.04523290202528779,0.45782470703125,aa370c7e0e4cf31fb4cdaa39d776632e82711362,d3ff8672f31e9d2343bd46f25c251ffc328b8ad0,
ira_0693.wav,D:\SIH\ira-wakeword\ira words\ira words\ira_0693.wav,42750,True,WAV,PCM_16,16000,1,21336,1.3335,0.04643596833939396,0.462982177734375,092cb3e266bd3aab614ea508ebbeda31677c4f52,dbc6c1cc51c049dda409e0d56b5242f74c84edf7,
ira_0694.wav,D:\SIH\ira-wakeword\ira words\ira words\ira_0694.wav,35710,True,WAV,PCM_16,16000,1,17816,1.1135,0.06177636981698502,0.466339111328125,a1fc3cb9f8df3c644feae5a8440d7f8b5c96c028,19abc36126fcc446826aa68624353b49157d58ae,
ira_0695.wav,D:\SIH\ira-wakeword\ira words\ira words\ira_0695.wav,36350,True,WAV,PCM_16,16000,1,18136,1.1335,0.026158335697475936,0.269012451171875,9f3ab942117fcf215564854edc851d7569ab25bd,a4f714afcf7615849ba2cacbf5777e3b0eeaffeb,
ira_0696.wav,D:\SIH\ira-wakeword\ira words\ira words\ira_0696.wav,52350,True,WAV,PCM_16,16000,1,26136,1.6335,0.017042809539868094,0.1839599609375,55b7234ebefae0e4618bfc90d9678b4b756d3706,f1ef56afec9392e2546b01a76fd6d0fb6eb0955b,
ira_0697.wav,D:\SIH\ira-wakeword\ira words\ira words\ira_0697.wav,42750,True,WAV,PCM_16,16000,1,21336,1.3335,0.021236529804715177,0.207000732421875,b7b60753163758a074b98922a04179822551252c,0c9e15a0a1e1ecd1306461ec516bba1ee51ea876,
ira_0698.wav,D:\SIH\ira-wakeword\ira words\ira words\ira_0698.wav,38910,True,WAV,PCM_16,16000,1,19416,1.2135,0.07259868490942709,0.450927734375,63c3c44fa777f45dd6b2922a8e81907d74552822,73a65f07be5197630859d6ccfb13c9990cb5b680,
ira_0699.wav,D:\SIH\ira-wakeword\ira words\ira words\ira_0699.wav,38270,True,WAV,PCM_16,16000,1,19096,1.1935,0.07189542565578666,0.4427490234375,7629f453f7d7514ddd42ccdf58d040289ce7cf2e,0b5846c55d3c2b1f9632661ee9262f9e64cfe2a6,
ira_0700.wav,D:\SIH\ira-wakeword\ira words\ira words\ira_0700.wav,43390,True,WAV,PCM_16,16000,1,21656,1.3535,0.0888150353622314,0.52642822265625,6f7ef29f79a5671177c86ae46c1c589cafdd51f1,b97cadd3b76002b57dea35437d6c1cbc5212e528,
ira_0701.wav,D:\SIH\ira-wakeword\ira words\ira words\ira_0701.wav,36350,True,WAV,PCM_16,16000,1,18136,1.1335,0.07249158701589448,0.44818115234375,85e41849319686029f7b2d1ea3326bb054331085,c4eea88a0cb9a0f13645e86c22bdf6fe0fe5fe3d,
ira_0702.wav,D:\SIH\ira-wakeword\ira words\ira words\ira_0702.wav,61310,True,WAV,PCM_16,16000,1,30616,1.9135,0.030174299455182206,0.27239990234375,47642779b7389676c7a9d10a97b41bacef1e195e,3226b8bfc9d4ff6e366cf48e69ebc161767c48ba,
ira_0703.wav,D:\SIH\ira-wakeword\ira words\ira words\ira_0703.wav,40830,True,WAV,PCM_16,16000,1,20376,1.2735,0.06126637454586067,0.3831787109375,14b5d119ce33c06c0564e9dc5b738118a44d7bcb,6155e91b8502148f22baaac1e272ea6e41fb4ccd,
ira_0704.wav,D:\SIH\ira-wakeword\ira words\ira words\ira_0704.wav,46590,True,WAV,PCM_16,16000,1,23256,1.4535,0.07329030899436124,0.470184326171875,c0f20bb07e272e8ca309ba84ab47f97c7328afb2,7171d2151dc5f1d5cea77d273eb38bedce5c55e2,
ira_0705.wav,D:\SIH\ira-wakeword\ira words\ira words\ira_0705.wav,41470,True,WAV,PCM_16,16000,1,20696,1.2935,0.05583501253820832,0.348175048828125,31b3a39609399b1ed3beab08f5344bf0c5e93fda,bc816e55e532c57e64df2e44c26f804cf18a2af7,
ira_0706.wav,D:\SIH\ira-wakeword\ira words\ira words\ira_0706.wav,40190,True,WAV,PCM_16,16000,1,20056,1.2535,0.05025303988489781,0.33514404296875,3f2ce34f251da3edf3d89dd40573494c6a10e939,8cb6e9389476e8054c45d39744ab3f0c84522a7f,
ira_0707.wav,D:\SIH\ira-wakeword\ira words\ira words\ira_0707.wav,45310,True,WAV,PCM_16,16000,1,22616,1.4135,0.055138760216192254,0.36468505859375,9b2167e637d62981f8e50c94abd8ba312a55708e,68a7051884d86514ad06e9d52b2f98323bfa40e7,
ira_0708.wav,D:\SIH\ira-wakeword\ira words\ira words\ira_0708.wav,40190,True,WAV,PCM_16,16000,1,20056,1.2535,0.031008770920206704,0.2274169921875,3f342f082e689c7f2365299c22dcb343aed9c6ef,cfcd87050ddbf2cc110fd2eeb678f6886209293c,
ira_0709.wav,D:\SIH\ira-wakeword\ira words\ira words\ira_0709.wav,38910,True,WAV,PCM_16,16000,1,19416,1.2135,0.03413403186625795,0.25823974609375,56c3508bd60df19b5970458ce0fb4e1490bf2afe,46abca4ae27d44bf1bcff552e07e3b53a77008c9,
ira_0710.wav,D:\SIH\ira-wakeword\ira words\ira words\ira_0710.wav,38910,True,WAV,PCM_16,16000,1,19416,1.2135,0.04811267860440736,0.263641357421875,3b1da5babea373161de658271662dd230feb867a,a345f766611ba8bae50857d8c8a6f4a236d534ef,
ira_0711.wav,D:\SIH\ira-wakeword\ira words\ira words\ira_0711.wav,31870,True,WAV,PCM_16,16000,1,15896,0.9935,0.04048746563653513,0.2410888671875,0ad3aee054dae11c0ea3d27357d2fa8fa88dfba0,94ac473156f8cb40c5bea2c799cddba26348d2b5,
ira_0712.wav,D:\SIH\ira-wakeword\ira words\ira words\ira_0712.wav,47230,True,WAV,PCM_16,16000,1,23576,1.4735,0.04867038750999153,0.54150390625,043a56346d3c17da20e26d2a779042206f3fe624,deb0fe2b1dff02b1361a23d48ab17405c099f0c8,
ira_0713.wav,D:\SIH\ira-wakeword\ira words\ira words\ira_0713.wav,36350,True,WAV,PCM_16,16000,1,18136,1.1335,0.04646932109727928,0.43603515625,b74d0666f5fd0956d967675071b44c7906a1a353,ed6962cd6cb16ece7a574ace12c097f40ee3dbe9,
ira_0714.wav,D:\SIH\ira-wakeword\ira words\ira words\ira_0714.wav,35710,True,WAV,PCM_16,16000,1,17816,1.1135,0.046711269563868084,0.296173095703125,8417369b6829fe49a3952805a446cadd8777f916,960ebc88b93106b4f9ac0fe027de8778874c3b1e,
ira_0715.wav,D:\SIH\ira-wakeword\ira words\ira words\ira_0715.wav,36350,True,WAV,PCM_16,16000,1,18136,1.1335,0.0651072138829056,0.47589111328125,1b18b0273caafd901b9a98b6621f7edab01f558f,2ccc6eaa23eeaec83f1515ea1507ba59c8ca8e98,
ira_0716.wav,D:\SIH\ira-wakeword\ira words\ira words\ira_0716.wav,36350,True,WAV,PCM_16,16000,1,18136,1.1335,0.04527260874589819,0.455078125,c6740a32069bfb0fb2a3289e8ee213640adcc4cb,46f9b63833832465f64459ece5135798a6e0c74a,
ira_0717.wav,D:\SIH\ira-wakeword\ira words\ira words\ira_0717.wav,38270,True,WAV,PCM_16,16000,1,19096,1.1935,0.04409239844330197,0.357940673828125,d1e517405c7e1fd7a7780437119c18ac387e36a2,e7ea6c239c30d87ab353af437f299a8872001ff1,
ira_0718.wav,D:\SIH\ira-wakeword\ira words\ira words\ira_0718.wav,36350,True,WAV,PCM_16,16000,1,18136,1.1335,0.047968070850494024,0.42144775390625,a032b6fc0cf97df306a8b01a0e54a2811fb4bd0d,786b22472021731dd284d357921b5100d91081c2,
ira_0719.wav,D:\SIH\ira-wakeword\ira words\ira words\ira_0719.wav,56190,True,WAV,PCM_16,16000,1,28056,1.7535,0.055426318358439544,0.48175048828125,0e79ca491a9f906603a5729f362b1f311cf788c1,b0eb184ede414c78964fb455e28cc79d042b9965,
ira_0720.wav,D:\SIH\ira-wakeword\ira words\ira words\ira_0720.wav,49790,True,WAV,PCM_16,16000,1,24856,1.5535,0.06198644496736633,0.646453857421875,b65e34d27fca2b066d7f9ba0684cdbc8b66b8fcb,2203b6067b412092c0f406f529a1dc65ca616164,
ira_0721.wav,D:\SIH\ira-wakeword\ira words\ira words\ira_0721.wav,33790,True,WAV,PCM_16,16000,1,16856,1.0535,0.050404539112893144,0.518707275390625,f10068525d8faac2abdcbeef673b333c56321906,678032aa435c3881b0879303de02e3f48d148540,
ira_0722.wav,D:\SIH\ira-wakeword\ira words\ira words\ira_0722.wav,64510,True,WAV,PCM_16,16000,1,32216,2.0135,0.06275393966075378,0.516815185546875,f8b1c7460d4db81daa9feadb6e0349d9bd8b0e24,268a03e08693511d37188c3d57179e90f51b4a95,
ira_0723.wav,D:\SIH\ira-wakeword\ira words\ira words\ira_0723.wav,43390,True,WAV,PCM_16,16000,1,21656,1.3535,0.061164013296025596,0.6729736328125,b12cfe881b4aad3e97938dbcc20bcd347ed74bc7,267d8bd69479d4748de9865c934f2cd8a19e9e55,
ira_0724.wav,D:\SIH\ira-wakeword\ira words\ira words\ira_0724.wav,38910,True,WAV,PCM_16,16000,1,19416,1.2135,0.033070346860258004,0.274658203125,6cca792a241985ad3085b455d4e626693d5c9f0e,fa55a1ba97b08a35f2d14baf4cc3f15401a7f3b3,
ira_0725.wav,D:\SIH\ira-wakeword\ira words\ira words\ira_0725.wav,34430,True,WAV,PCM_16,16000,1,17176,1.0735,0.047214091510512556,0.34674072265625,2da8cddfdf05de4287db33a7a2a5a384cea403a1,7bf8d44d8fc54d1c3b8b4548c9c91b3af61995ee,
ira_0726.wav,D:\SIH\ira-wakeword\ira words\ira words\ira_0726.wav,38270,True,WAV,PCM_16,16000,1,19096,1.1935,0.08602128985380782,0.710418701171875,ad2a1c6c4a51fd7f6395782f12e601c04a240947,12deb96a6c4d15f32e3f97c0b7e51822e55e622e,
ira_0727.wav,D:\SIH\ira-wakeword\ira words\ira words\ira_0727.wav,51710,True,WAV,PCM_16,16000,1,25816,1.6135,0.03513329397607202,0.264068603515625,c319f90ada422fa06dde781b1df0194413a31a9f,b33c1788f7833430a609e4f8cfa7cbef8941fd5b,
ira_0728.wav,D:\SIH\ira-wakeword\ira words\ira words\ira_0728.wav,47870,True,WAV,PCM_16,16000,1,23896,1.4935,0.03476474303800271,0.310302734375,6f2ed5ff895012aad397cae1610a813462384fed,3d4588883192f80e105575d0f15100518f00cf35,
ira_0729.wav,D:\SIH\ira-wakeword\ira words\ira words\ira_0729.wav,43390,True,WAV,PCM_16,16000,1,21656,1.3535,0.033911797378722255,0.298919677734375,b40a690fc3c6694f7cf1be1babc2621dc798c9cf,dd541042aef0a5dc4398e5d0300ad0047ed21e65,
ira_0730.wav,D:\SIH\ira-wakeword\ira words\ira words\ira_0730.wav,57470,True,WAV,PCM_16,16000,1,28696,1.7935,0.02331575837728514,0.19677734375,292e94557d3e20f84ee4da1c07709755f6f1a1e4,b3b2025e0040763aef1a6e823dabe6ceb33e3011,
ira_0731.wav,D:\SIH\ira-wakeword\ira words\ira words\ira_0731.wav,43390,True,WAV,PCM_16,16000,1,21656,1.3535,0.03866101734988031,0.34442138671875,6bbde69add68ce8d45708386c849b248955a727f,d35ff22b8832e23c7886f97d9a580273bd50e2dd,
ira_0732.wav,D:\SIH\ira-wakeword\ira words\ira words\ira_0732.wav,49790,True,WAV,PCM_16,16000,1,24856,1.5535,0.03928811956545709,0.399749755859375,cb25f78c84b9361e8c87d5aa7f7178b506c14122,41cd6286565a9ffd9d0d52c20af04144949be426,
ira_0733.wav,D:\SIH\ira-wakeword\ira words\ira words\ira_0733.wav,36990,True,WAV,PCM_16,16000,1,18456,1.1535,0.03384828007125274,0.280029296875,2fc26aada611a81a00653629a041358541ce98e7,cd1d7ca8943b76d7dec2271b971951313ada132b,
ira_0734.wav,D:\SIH\ira-wakeword\ira words\ira words\ira_0734.wav,45950,True,WAV,PCM_16,16000,1,22936,1.4335,0.023515236777236,0.23175048828125,8c957daa6b77469fb52f179764ced948187ca01a,619a682c2c37e81d67ab2a9f2c529046479ba470,
ira_0735.wav,D:\SIH\ira-wakeword\ira words\ira words\ira_0735.wav,41470,True,WAV,PCM_16,16000,1,20696,1.2935,0.023214924608204082,0.2454833984375,a4ab70cb505d45f546aa335cd288c3009899f224,628dca7af22928e70a1708e9f44a0e2004326039,
ira_0736.wav,D:\SIH\ira-wakeword\ira words\ira words\ira_0736.wav,37630,True,WAV,PCM_16,16000,1,18776,1.1735,0.027478735859238036,0.23968505859375,2d9587ad7df24e2ab3f65f6d1a1bd706abb88932,10f7e35b1321728d58d6c2ac5b8353f61e478191,
ira_0737.wav,D:\SIH\ira-wakeword\ira words\ira words\ira_0737.wav,42750,True,WAV,PCM_16,16000,1,21336,1.3335,0.12562648420448197,0.94757080078125,ea78144ba1035e3af856ce99a53a39fa938ebcad,1d03d8d468df2ba1d297e4927d1ea99976a2c6ed,
ira_0738.wav,D:\SIH\ira-wakeword\ira words\ira words\ira_0738.wav,39550,True,WAV,PCM_16,16000,1,19736,1.2335,0.029695549706436643,0.3114013671875,e6466175bcec438c09640cf6fff99dd858e721dd,d17f16269ee049af0b5c45610ea7d58e2871091b,
ira_0739.wav,D:\SIH\ira-wakeword\ira words\ira words\ira_0739.wav,35710,True,WAV,PCM_16,16000,1,17816,1.1135,0.16031257095275916,0.999969482421875,05da07911662a56930ec635ac4faea10069abb8f,697a656cf16b7b6b543704c9c61cbbe0ffad308c,
ira_0740.wav,D:\SIH\ira-wakeword\ira words\ira words\ira_0740.wav,40830,True,WAV,PCM_16,16000,1,20376,1.2735,0.15106840541760125,0.999969482421875,97ea31f1f403e7795ee3762f297b684e673f2f4c,66558387531eba96d2fa62bc8a415dbfbcaff6a4,
ira_0741.wav,D:\SIH\ira-wakeword\ira words\ira words\ira_0741.wav,39550,True,WAV,PCM_16,16000,1,19736,1.2335,0.1103100467075234,0.708465576171875,3c195c1979a0e3333a6a205db636a2be81d926e1,58279635b1acdee63999669be5ac5b2397186290,
ira_0742.wav,D:\SIH\ira-wakeword\ira words\ira words\ira_0742.wav,47870,True,WAV,PCM_16,16000,1,23896,1.4935,0.1400748134241757,0.997833251953125,145aa40d66d1674e74cd493d57c7eccea5ec9902,154730eff56cef55560c8be403a86c1af1a161b3,
ira_0743.wav,D:\SIH\ira-wakeword\ira words\ira words\ira_0743.wav,35710,True,WAV,PCM_16,16000,1,17816,1.1135,0.07952168347821895,0.535125732421875,ad6c3bce670fbd77485cc8761841aa81b41f8791,f4c8ef9019cdcd7273bab91b9fbd85dde6b66c95,
ira_0744.wav,D:\SIH\ira-wakeword\ira words\ira words\ira_0744.wav,35070,True,WAV,PCM_16,16000,1,17496,1.0935,0.07007619526514845,0.436004638671875,96f41c1f9ba64740668261971adc67cbf6b642ee,ba508cc7266497ecae16d4b57d6710a298eced83,
ira_0745.wav,D:\SIH\ira-wakeword\ira words\ira words\ira_0745.wav,40830,True,WAV,PCM_16,16000,1,20376,1.2735,0.06910935638528835,0.456756591796875,83e25528c11726eb74ab03d6e7b23c31a86d2fd6,41dccbb0867bf7908c763db0000564671d3cc290,
ira_0746.wav,D:\SIH\ira-wakeword\ira words\ira words\ira_0746.wav,39550,True,WAV,PCM_16,16000,1,19736,1.2335,0.08091134846066984,0.602203369140625,7c579e7204646062a11c3c9fd74008676de5a552,f5fb4a17b423e93a38cb5953834e264e3c74cf14,
ira_0747.wav,D:\SIH\ira-wakeword\ira words\ira words\ira_0747.wav,39550,True,WAV,PCM_16,16000,1,19736,1.2335,0.04193171125912583,0.29364013671875,40003388358abc0678015323e1b65330b12ef60b,9d01ecb4260570f36d7dcb852dc907f6b7260978,
ira_0748.wav,D:\SIH\ira-wakeword\ira words\ira words\ira_0748.wav,40830,True,WAV,PCM_16,16000,1,20376,1.2735,0.07167345530334428,0.436676025390625,5cd1d18e498d51692734804ac75b068af13551df,91a3cd9329fb6f56c5fd79de53f0932a6ba187a5,
ira_0749.wav,D:\SIH\ira-wakeword\ira words\ira words\ira_0749.wav,33150,True,WAV,PCM_16,16000,1,16536,1.0335,0.048724687427121084,0.30047607421875,0f37fd6b9a5df21e148715e0e2fc7b882ed8671a,7a3655931ba9e3f1bf5924c77ec0a67ebfbe722e,
ira_0750.wav,D:\SIH\ira-wakeword\ira words\ira words\ira_0750.wav,31230,True,WAV,PCM_16,16000,1,15576,0.9735,0.05515339389905278,0.65966796875,ae183761ea57850e168f1d4e206ac45665e0e848,2e2b76cdd4bf37a154939ddcb69156e67f8196b7,
ira_0751.wav,D:\SIH\ira-wakeword\ira words\ira words\ira_0751.wav,48510,True,WAV,PCM_16,16000,1,24216,1.5135,0.04736976529148886,0.654541015625,d71c1f168054461b2c0aa9fb9c6be43e638ce83c,47c1f354d0feaa2c2ef85e37e1a05726be96db08,
ira_0752.wav,D:\SIH\ira-wakeword\ira words\ira words\ira_0752.wav,34430,True,WAV,PCM_16,16000,1,17176,1.0735,0.10651294660017274,0.65997314453125,0b177c910e7f754fffd24db3368d039c543e6b3c,8a71c47f78e382636166579e508cdd45aa282b2d,
ira_0753.wav,D:\SIH\ira-wakeword\ira words\ira words\ira_0753.wav,30590,True,WAV,PCM_16,16000,1,15256,0.9535,0.10507420408226328,0.68280029296875,f2dd32765bbef759277fd6190c279e477368db45,f1b05ae10b25a335b19b26c1bce51ebabc60fc25,
ira_0754.wav,D:\SIH\ira-wakeword\ira words\ira words\ira_0754.wav,33790,True,WAV,PCM_16,16000,1,16856,1.0535,0.05130905582150267,0.51666259765625,e87e29c5f8096c595bc999eb1c3480f81ef282ff,a6bc0b25ff396dbc753fca2a5287427b485276c9,
ira_0755.wav,D:\SIH\ira-wakeword\ira words\ira words\ira_0755.wav,33790,True,WAV,PCM_16,16000,1,16856,1.0535,0.047045449963080695,0.354217529296875,63326ad243a2430762c8410291cfc4cf83ed1b80,b2a2ef2ca576194882e34edf9479d9ecc8127426,
ira_0756.wav,D:\SIH\ira-wakeword\ira words\ira words\ira_0756.wav,29950,True,WAV,PCM_16,16000,1,14936,0.9335,0.04732441741753137,0.239105224609375,b7eeab170dbf3b36639de60f9f96edd567e840b3,37af42fb915c9b2b0829c46c93be297fff7171e0,
ira_0757.wav,D:\SIH\ira-wakeword\ira words\ira words\ira_0757.wav,31870,True,WAV,PCM_16,16000,1,15896,0.9935,0.06692189892679162,0.449462890625,d15b41ee9054032767545009dab520489a5a6f6e,08a44d79cd4b96ca74d961c5f472ef21de051761,
ira_0758.wav,D:\SIH\ira-wakeword\ira words\ira words\ira_0758.wav,52350,True,WAV,PCM_16,16000,1,26136,1.6335,0.09239281910444382,0.8564453125,98c5f8f961855389be9fd3d5c30b78fa1a365be0,b8930c2dc2658ca9e0ef70b3992fe1bd864a9810,
ira_0759.wav,D:\SIH\ira-wakeword\ira words\ira words\ira_0759.wav,29950,True,WAV,PCM_16,16000,1,14936,0.9335,0.12697392972078866,0.9925537109375,70aba8464debff6aafc55f8421591fe9156fc713,c3f530df13a3a7d39203714a0305f506b473bc47,
ira_0760.wav,D:\SIH\ira-wakeword\ira words\ira words\ira_0760.wav,35710,True,WAV,PCM_16,16000,1,17816,1.1135,0.16268044813334953,0.999969482421875,551d0f736e6b3f95c07a2c7bafba1ed315e3dc72,2635d1296762a3960f588665a9e8c37cdb9aa9a6,
ira_0761.wav,D:\SIH\ira-wakeword\ira words\ira words\ira_0761.wav,35070,True,WAV,PCM_16,16000,1,17496,1.0935,0.19694184819886457,0.990264892578125,66936df571aed664a552504ff72b5a354413981e,3933b9e0098f11ee67272776dff75aaa1de2694f,
ira_0762.wav,D:\SIH\ira-wakeword\ira words\ira words\ira_0762.wav,29950,True,WAV,PCM_16,16000,1,14936,0.9335,0.10993640060091343,0.921417236328125,cd655a88ed9bc98afa897b3e59f805c3a1941c69,7473bb673e318f946598db8dba17389e0250d16d,
ira_0763.wav,D:\SIH\ira-wakeword\ira words\ira words\ira_0763.wav,31870,True,WAV,PCM_16,16000,1,15896,0.9935,0.07322473394795738,0.504974365234375,2ee99c785d61568915df26ef562faaf493620112,bee517c25a32cb5b7634f05fb110cae2c9e3c29e,
ira_0764.wav,D:\SIH\ira-wakeword\ira words\ira words\ira_0764.wav,33150,True,WAV,PCM_16,16000,1,16536,1.0335,0.11213472018667338,0.8446044921875,4eae25aeabbaf406870bf9c97b500feb590e514d,5ffd93751373c5c2c51005459c07b6a04a96824f,
ira_0765.wav,D:\SIH\ira-wakeword\ira words\ira words\ira_0765.wav,38910,True,WAV,PCM_16,16000,1,19416,1.2135,0.06601760387924946,0.510009765625,5fa01b9f38097970a79b33c05e235968248fa2e7,86e040199169921b38b0c74a8edbda5e1bbc5ff8,
ira_0766.wav,D:\SIH\ira-wakeword\ira words\ira words\ira_0766.wav,29950,True,WAV,PCM_16,16000,1,14936,0.9335,0.13591759058921987,0.962677001953125,19c8cb20f4f680c1d0675ee5b396c3efa17e1953,889bc67129d52645a4cb4d420aee9c56f6d9522f,
ira_0767.wav,D:\SIH\ira-wakeword\ira words\ira words\ira_0767.wav,38270,True,WAV,PCM_16,16000,1,19096,1.1935,0.17026626681625134,0.999969482421875,df6f4df4bad57ed557c375f273f68b83c3009543,786f22dd3c9a425fc2f00586cf93290482fe7b35,
ira_0768.wav,D:\SIH\ira-wakeword\ira words\ira words\ira_0768.wav,29950,True,WAV,PCM_16,16000,1,14936,0.9335,0.018679069415973623,0.109466552734375,f42a2abd4847ce01f8f64ee2010cd494306f4615,342f9a08378a74123d0785070236fcef266fd5dd,
ira_0769.wav,D:\SIH\ira-wakeword\ira words\ira words\ira_0769.wav,38270,True,WAV,PCM_16,16000,1,19096,1.1935,0.063024663670984,0.489654541015625,bd3dba097b5f32038a99402523ade8f3ce1845c8,8310146e466de591fb3e297b17fd5f376327b5df,
ira_0770.wav,D:\SIH\ira-wakeword\ira words\ira words\ira_0770.wav,37630,True,WAV,PCM_16,16000,1,18776,1.1735,0.06409760213959345,0.540252685546875,0653684fd9ea68847675a9f5eeebc412e3bd51c6,a7bb49eeadb47a544f0412335b60f75310d9b848,
ira_0771.wav,D:\SIH\ira-wakeword\ira words\ira words\ira_0771.wav,49150,True,WAV,PCM_16,16000,1,24536,1.5335,0.1011030269882285,0.905242919921875,d8c69927404ff2712de8d655f670b5ff966dc8b8,0b826075623296b08b74ff3b2bd8ef48ed44de42,
ira_0772.wav,D:\SIH\ira-wakeword\ira words\ira words\ira_0772.wav,51070,True,WAV,PCM_16,16000,1,25496,1.5935,0.05198555300224798,0.476348876953125,43bfa3e0cb6a89afab828ebc6e288f582e6dd91f,a348015d98f16cbf66747f1ea13f7aacdf55a4bc,
ira_0773.wav,D:\SIH\ira-wakeword\ira words\ira words\ira_0773.wav,40830,True,WAV,PCM_16,16000,1,20376,1.2735,0.1077650285778061,0.93695068359375,ffa6720ba13499e6b148ae0048740ce99d2d450a,ec2783301ceaaa16de7042004c259d8d0d9b8598,
ira_0774.wav,D:\SIH\ira-wakeword\ira words\ira words\ira_0774.wav,33790,True,WAV,PCM_16,16000,1,16856,1.0535,0.10401834452695918,0.83935546875,66e970645f5869b5b9c8565297ae36a0ea430848,6070dcc71f67d118bc72918ff20e5ac85bb2bfd9,
ira_0775.wav,D:\SIH\ira-wakeword\ira words\ira words\ira_0775.wav,39550,True,WAV,PCM_16,16000,1,19736,1.2335,0.0826975200976302,0.69500732421875,970010dfb552a9f2867ce458df27039e2a6e9c5b,51cf5ba5c7228ba8043aac056f8675012b1db861,
ira_0776.wav,D:\SIH\ira-wakeword\ira words\ira words\ira_0776.wav,40830,True,WAV,PCM_16,16000,1,20376,1.2735,0.16848665889679862,1.0,7b5bb1499ee8c0fcf46d58059669be0ad1c39f71,6d0ae94771021ecb1321e13d600a88021aecb78b,
ira_0777.wav,D:\SIH\ira-wakeword\ira words\ira words\ira_0777.wav,36350,True,WAV,PCM_16,16000,1,18136,1.1335,0.16371946689974523,1.0,201e646c02e63358ae27f1896fb6d8fd4cc19a92,7aabdba9b3af47d80b4cf9da7746c974b1a2bf94,
ira_0778.wav,D:\SIH\ira-wakeword\ira words\ira words\ira_0778.wav,39550,True,WAV,PCM_16,16000,1,19736,1.2335,0.17243621616043583,0.999969482421875,8a0f184bbf01495b2176595dd34ac36313559772,386d5999bbcc004689b5743563dd0aeb5f863f95,
ira_0779.wav,D:\SIH\ira-wakeword\ira words\ira words\ira_0779.wav,31230,True,WAV,PCM_16,16000,1,15576,0.9735,0.04332834496599217,0.23553466796875,0607ead5fba559f2c324b1171530a96fc3c0c7ab,3a3c6248afd985a960f70ef3fd11a4283851a525,
ira_0780.wav,D:\SIH\ira-wakeword\ira words\ira words\ira_0780.wav,44670,True,WAV,PCM_16,16000,1,22296,1.3935,0.11696927013569697,0.999969482421875,a270b19bf8bd0145120d6d5f1114d6dc848e7400,e9358fae92601674590632af3756abf27a77595e,
ira_0781.wav,D:\SIH\ira-wakeword\ira words\ira words\ira_0781.wav,52350,True,WAV,PCM_16,16000,1,26136,1.6335,0.1669448066861953,0.999969482421875,f4e4810ccd8db8dc95824cda63b10f7c2df0c216,1bb4820c22e70a3a18ef758065e349121cb4baac,
ira_0782.wav,D:\SIH\ira-wakeword\ira words\ira words\ira_0782.wav,70910,True,WAV,PCM_16,16000,1,35416,2.2135,0.13195409468885658,0.999969482421875,4fa3058d171bfb1940c4ee5b1a5e176ef4228007,6c591c34af8abce8c948e3f00e5ef4b87c0e4130,
ira_0783.wav,D:\SIH\ira-wakeword\ira words\ira words\ira_0783.wav,42110,True,WAV,PCM_16,16000,1,21016,1.3135,0.1878243886204162,0.999969482421875,d09ccc1e9b8b3ce7fb1176fd44fa9eb8644af2a5,5be44c03b2faa169db72dce0f0a41361416fb0ae,
ira_0784.wav,D:\SIH\ira-wakeword\ira words\ira words\ira_0784.wav,82430,True,WAV,PCM_16,16000,1,41176,2.5735,0.12124370373723357,0.999969482421875,09f3e11cc6120db513092b8fa1bde0fbb7b19afd,3acbf70d6886b53cd484cf9c9a8a9080eb717712,
ira_0785.wav,D:\SIH\ira-wakeword\ira words\ira words\ira_0785.wav,29310,True,WAV,PCM_16,16000,1,14616,0.9135,0.16897834384528193,0.971893310546875,aeecbaaf395a1cb04e70c33a4e84cf0ab35b35e4,0211423b79e0cc9e1ffea2074a2eab20b8972bcb,
ira_0786.wav,D:\SIH\ira-wakeword\ira words\ira words\ira_0786.wav,30590,True,WAV,PCM_16,16000,1,15256,0.9535,0.23177029573346508,0.999969482421875,4597bab5c56143f3b9f3e422b31c79a8911f526a,5e195f1d53d58c27f66e80a3c5df9d4957a1555b,
ira_0787.wav,D:\SIH\ira-wakeword\ira words\ira words\ira_0787.wav,31870,True,WAV,PCM_16,16000,1,15896,0.9935,0.1379266215899475,0.909393310546875,19456919d4c038c175e04113c13b1693e115269c,d447e4955a1d4c918a291dac098b30573f3a2452,
ira_0788.wav,D:\SIH\ira-wakeword\ira words\ira words\ira_0788.wav,65150,True,WAV,PCM_16,16000,1,32536,2.0335,0.10914546642636457,0.761016845703125,9b8fe43fe6322f9dce51c7db0eed17297549ff52,ee3e73aeecd00ce5c88e43cc7801d1f6e0f219e0,
ira_0789.wav,D:\SIH\ira-wakeword\ira words\ira words\ira_0789.wav,41470,True,WAV,PCM_16,16000,1,20696,1.2935,0.18430817004881186,1.0,f432776ca9729a805d9d96abdd78cf30662b2f98,0c668098ed4055384097e9d720e664d24f285bd0,
ira_0790.wav,D:\SIH\ira-wakeword\ira words\ira words\ira_0790.wav,36350,True,WAV,PCM_16,16000,1,18136,1.1335,0.04658974225558905,0.4144287109375,af5b7bd9a15c4b5bde6a2f32f371b2ebfe713e02,df9a47ef888d36efd21e5625b79accf4c857a75c,
ira_0791.wav,D:\SIH\ira-wakeword\ira words\ira words\ira_0791.wav,44670,True,WAV,PCM_16,16000,1,22296,1.3935,0.16240939196396023,0.999969482421875,d4e0015d9a73cde7c82398c620cde5284b865884,747eb83ad7466292b0b5c697596f98abc00a9444,
ira_0792.wav,D:\SIH\ira-wakeword\ira words\ira words\ira_0792.wav,36350,True,WAV,PCM_16,16000,1,18136,1.1335,0.18041451435312023,0.999969482421875,fd35bec7a4622becd188cbe17015c391770e2d52,e4c89213c271f21f27c9f38db5e0e73a479a7224,
ira_0793.wav,D:\SIH\ira-wakeword\ira words\ira words\ira_0793.wav,43390,True,WAV,PCM_16,16000,1,21656,1.3535,0.17414318339419665,0.992095947265625,8dd41189f66f35e150448a9465cd23b12dc2cbe6,a625c61258f1b46d003e66dd03e1c61f0ef82985,
ira_0794.wav,D:\SIH\ira-wakeword\ira words\ira words\ira_0794.wav,35070,True,WAV,PCM_16,16000,1,17496,1.0935,0.19582839248387546,1.0,4c8e444da0604e1d43a0afd5afb12141ec1e184c,8b88c3c8e2dfe5703f1b966fb7ed4202bb67ed95,
ira_0795.wav,D:\SIH\ira-wakeword\ira words\ira words\ira_0795.wav,38270,True,WAV,PCM_16,16000,1,19096,1.1935,0.13265524696377579,0.999969482421875,0a0cca7a90d296839c150db0510474429c6a0440,44618204a4da927711a6b0679f0679fcbf3e9924,
ira_0796.wav,D:\SIH\ira-wakeword\ira words\ira words\ira_0796.wav,38910,True,WAV,PCM_16,16000,1,19416,1.2135,0.1894726829494862,0.99981689453125,c39d68543b0200366060489c2057c5aca053ae05,fa12f088e5815850db1d2e1920e45c86eff0e4cb,
ira_0797.wav,D:\SIH\ira-wakeword\ira words\ira words\ira_0797.wav,29950,True,WAV,PCM_16,16000,1,14936,0.9335,0.1714341240089844,1.0,06d9a92186af323aa3dd0300cbab34b87338b4c8,8fbf21970102461544c65c1f2fa8fabcfe3f8ecf,
ira_0798.wav,D:\SIH\ira-wakeword\ira words\ira words\ira_0798.wav,31870,True,WAV,PCM_16,16000,1,15896,0.9935,0.18600582494667822,1.0,b437a62f0b4ff673ce1f8e2bbfddcabfe653d373,0d345bdb8c0d7e6a814a8bd636e6246e640d8d9a,
ira_0799.wav,D:\SIH\ira-wakeword\ira words\ira words\ira_0799.wav,33790,True,WAV,PCM_16,16000,1,16856,1.0535,0.03496178491425056,0.205596923828125,b8a229ae00a9c1696a1945d4b4ee2feb0606c7ba,261e4c0eb17e7b8748f7a8f996692dc8f2191155,
ira_0800.wav,D:\SIH\ira-wakeword\ira words\ira words\ira_0800.wav,31230,True,WAV,PCM_16,16000,1,15576,0.9735,0.19957601226536917,1.0,549b8449457e5b4bebd17268acfd20e43394301f,e3b55e05c8062127d41766c7a614cefcb09d5223,
ira_0801.wav,D:\SIH\ira-wakeword\ira words\ira words\ira_0801.wav,35710,True,WAV,PCM_16,16000,1,17816,1.1135,0.19183957933020268,0.988800048828125,a52ab03738c076d605977f822e3649939070e0e9,198644b5b9346c0bc1eea04c962ecf72db1f55aa,
ira_0802.wav,D:\SIH\ira-wakeword\ira words\ira words\ira_0802.wav,32510,True,WAV,PCM_16,16000,1,16216,1.0135,0.2018117733542486,0.999969482421875,e0c06c6ca8e4b9e32e7e8bc5c27d246e5e61a2ff,d9c2adda9fbb5825dea77c7fc295cd2920d11c1f,
ira_0803.wav,D:\SIH\ira-wakeword\ira words\ira words\ira_0803.wav,39550,True,WAV,PCM_16,16000,1,19736,1.2335,0.20787068227020597,0.97540283203125,dbee92d896ce9f0dc7e2d12678ba3f634dd527ec,065d23439e2e668839381dc8167b0ef4688b9ee8,
ira_0804.wav,D:\SIH\ira-wakeword\ira words\ira words\ira_0804.wav,31230,True,WAV,PCM_16,16000,1,15576,0.9735,0.2580393261760115,0.999969482421875,5e53cfefcfeddc788562127220148ac29dc348c4,4fd37eeb104f1054dc08079eca31975c370e4d83,
ira_0805.wav,D:\SIH\ira-wakeword\ira words\ira words\ira_0805.wav,32510,True,WAV,PCM_16,16000,1,16216,1.0135,0.1887378674141162,0.9891357421875,dc6948b09bd436a4af607675ff1f21459f6f0ced,add7bcf9757ab803a32ab8601ec1f543fb320b3c,
ira_0806.wav,D:\SIH\ira-wakeword\ira words\ira words\ira_0806.wav,33150,True,WAV,PCM_16,16000,1,16536,1.0335,0.2098482624008967,0.970794677734375,a7687ab109643216bc77ee242b760ade2b45f9dc,22726723f656fc2635a8bf9e4acf9ae8560dad82,
ira_0807.wav,D:\SIH\ira-wakeword\ira words\ira words\ira_0807.wav,45950,True,WAV,PCM_16,16000,1,22936,1.4335,0.20311007732733932,1.0,ed19b545cde648b1a41260f02e60d3627c70965d,a7067f5394d9c4d7b73d635d893da2eae826d8ac,
ira_0808.wav,D:\SIH\ira-wakeword\ira words\ira words\ira_0808.wav,38270,True,WAV,PCM_16,16000,1,19096,1.1935,0.20112679567394925,1.0,21be33dfb23a701352d73003030f81882d9c7e74,7b9a94d6ea6fbe50bedf530bc69baf4e3327d241,
ira_0809.wav,D:\SIH\ira-wakeword\ira words\ira words\ira_0809.wav,39550,True,WAV,PCM_16,16000,1,19736,1.2335,0.20384161181274837,0.9998779296875,cff9d99e7debdb6a5e436a0ce4fc3c8c046d6507,3d0e3b0e66ce43d37dc2b8c409e4a98515521ae1,
ira_0810.wav,D:\SIH\ira-wakeword\ira words\ira words\ira_0810.wav,39550,True,WAV,PCM_16,16000,1,19736,1.2335,0.24896340526143823,1.0,8f1c667037663a102a5b1ccfdfd74eb0db18d341,dcaae3dd30c24060027c99f869372f3a6de47195,
ira_0811.wav,D:\SIH\ira-wakeword\ira words\ira words\ira_0811.wav,34430,True,WAV,PCM_16,16000,1,17176,1.0735,0.23533095172934462,1.0,a0871fe698ad7a3ac6c1a7cdede27494ab8227bd,53e4620fdd2a3399810751a0706b725c479cb6ad,
ira_0812.wav,D:\SIH\ira-wakeword\ira words\ira words\ira_0812.wav,40830,True,WAV,PCM_16,16000,1,20376,1.2735,0.2017171521192692,1.0,defa2f77e87022a4fe0545bb58479ecf61a0916c,f6e613d33f0ce011b6605871d8cc3703500657e9,
ira_0813.wav,D:\SIH\ira-wakeword\ira words\ira words\ira_0813.wav,33790,True,WAV,PCM_16,16000,1,16856,1.0535,0.20607572367922428,1.0,e9df3ffb795f89bd1a7909326dd404de46806fe0,2e003f3d3158e688d696a10e5ce62f56a62c26f4,
ira_0814.wav,D:\SIH\ira-wakeword\ira words\ira words\ira_0814.wav,60030,True,WAV,PCM_16,16000,1,29976,1.8735,0.13255873412270158,0.999969482421875,acab6485ac2aed5905b74c77b14a4c8a011d78ed,9e680e60606ee179193fddb409513244af6b2347,
ira_0815.wav,D:\SIH\ira-wakeword\ira words\ira words\ira_0815.wav,72190,True,WAV,PCM_16,16000,1,36056,2.2535,0.1271676816886255,1.0,f6697aa507024a8e633cef0db4bb745218972786,4a05008b41b798df840b86507cd6ed4a0dd2ce11,
ira_0816.wav,D:\SIH\ira-wakeword\ira words\ira words\ira_0816.wav,40830,True,WAV,PCM_16,16000,1,20376,1.2735,0.19647658800284434,0.999969482421875,78e98ba1763255ba6984e41ea5e31ea87f215d86,17eacddbbdf313af9ee10047334cfa3df1294b3a,
ira_0817.wav,D:\SIH\ira-wakeword\ira words\ira words\ira_0817.wav,45950,True,WAV,PCM_16,16000,1,22936,1.4335,0.17538960815048868,0.999969482421875,1ac380135a4f633f1d45e3b4bfbd6d0d495e986a,a239d10d8021e770a8b267fdad35e6b5ad6278d6,
ira_0818.wav,D:\SIH\ira-wakeword\ira words\ira words\ira_0818.wav,22910,True,WAV,PCM_16,16000,1,11416,0.7135,0.2085535679798166,0.999969482421875,56bcf47aef1af646473843d0b4789854f1573392,b4d57b40e1e24eede2f03ef6d0605476bb7b6cd8,
ira_0819.wav,D:\SIH\ira-wakeword\ira words\ira words\ira_0819.wav,26110,True,WAV,PCM_16,16000,1,13016,0.8135,0.20673717941087863,0.999969482421875,5426ea64b5cafe503b657ab65d915a0f9683cd3a,58beaf6fe11ac2348fc6d3d4042410da1d3b7b3d,
ira_0820.wav,D:\SIH\ira-wakeword\ira words\ira words\ira_0820.wav,31230,True,WAV,PCM_16,16000,1,15576,0.9735,0.18192068908854317,0.999969482421875,2525d882e0515454f19e0974f4bd8f5d413a5113,dd92cebaede25d557169aec75d045cf9db1ffc57,
ira_0821.wav,D:\SIH\ira-wakeword\ira words\ira words\ira_0821.wav,28030,True,WAV,PCM_16,16000,1,13976,0.8735,0.16621553146566856,0.999969482421875,4aeb548afb030e68545c2f2976c6b6aab97d86cc,9d9faa3b25c457b955dc36147f3f2cfa0c92498b,
ira_0822.wav,D:\SIH\ira-wakeword\ira words\ira words\ira_0822.wav,30590,True,WAV,PCM_16,16000,1,15256,0.9535,0.19081880752923638,0.999969482421875,a884584033f8761c0fcbbc94f05a72f480805e48,88e5d2529380d85502a65b47bbd3c851cc456930,
ira_0823.wav,D:\SIH\ira-wakeword\ira words\ira words\ira_0823.wav,26750,True,WAV,PCM_16,16000,1,13336,0.8335,0.12407545115769343,0.938873291015625,1103c6f55dbe6f58c66e08d9dcbc3b4f0320b6ba,b4283fa68084f814f3e57a1ee94880e0c66cf0b2,
ira_0824.wav,D:\SIH\ira-wakeword\ira words\ira words\ira_0824.wav,25470,True,WAV,PCM_16,16000,1,12696,0.7935,0.06969874457047438,0.36492919921875,e205f76edb71a31151bf33a8f19a5282f1e5577d,c4e253d1528fd6c298362ad65eee6de5de0c0e29,
ira_0825.wav,D:\SIH\ira-wakeword\ira words\ira words\ira_0825.wav,29950,True,WAV,PCM_16,16000,1,14936,0.9335,0.14262344245511863,0.969879150390625,e5bff889c6affdb1aa7c3725660f971dcfa26336,e8d44cf5baa5d537cc299beaf0f114af916d26f4,
ira_0826.wav,D:\SIH\ira-wakeword\ira words\ira words\ira_0826.wav,29950,True,WAV,PCM_16,16000,1,14936,0.9335,0.07649675191139811,0.40582275390625,1f7321c32c3a44e36b47cb872281f2dfda95aa00,ed03402588d526c3fc08f4e3e176e7f37e8ab77f,
ira_0827.wav,D:\SIH\ira-wakeword\ira words\ira words\ira_0827.wav,27390,True,WAV,PCM_16,16000,1,13656,0.8535,0.10473590157898999,0.51214599609375,f8a6a1194e00716205a662145da905f31e03528c,239b0d3ad5f975d204bc39f53e2f72da4fbf00e3,
ira_0828.wav,D:\SIH\ira-wakeword\ira words\ira words\ira_0828.wav,31230,True,WAV,PCM_16,16000,1,15576,0.9735,0.15129894792885704,0.905792236328125,10a5825faaa48a6464602e55501fd3cf99754d1e,615229505cb0236b81d04079f39b5af98542bfb6,
ira_0829.wav,D:\SIH\ira-wakeword\ira words\ira words\ira_0829.wav,31870,True,WAV,PCM_16,16000,1,15896,0.9935,0.09530442176179685,0.701141357421875,89ae436cbc18c57fb51f488f40880dac0aedd3a1,24c8f9414208665d555d27799e13ef433c0e9c73,
ira_0830.wav,D:\SIH\ira-wakeword\ira words\ira words\ira_0830.wav,31230,True,WAV,PCM_16,16000,1,15576,0.9735,0.0715564167431268,0.4195556640625,4d1de9cab2922b0c372bc60238a0596a866505ec,6866e926ae4ac136251162cf4b80f05953b15c7d,
ira_0831.wav,D:\SIH\ira-wakeword\ira words\ira words\ira_0831.wav,31870,True,WAV,PCM_16,16000,1,15896,0.9935,0.09180831056712258,0.543212890625,a8f8e5d9d21bec47e17de2c559d3fbd10e7e9933,ae1d41cca82c1de90b4e28d7efbe3a2713613031,
ira_0832.wav,D:\SIH\ira-wakeword\ira words\ira words\ira_0832.wav,33150,True,WAV,PCM_16,16000,1,16536,1.0335,0.08246842054480652,0.56341552734375,87df51e090a159c8d431193305a0cd2d41112375,e4bdf0c657d93f8be6abb2a2d24b28f043191a64,
ira_0833.wav,D:\SIH\ira-wakeword\ira words\ira words\ira_0833.wav,33790,True,WAV,PCM_16,16000,1,16856,1.0535,0.09972041589583869,0.825775146484375,10395ba349376b6e27ea7320e4f69d4b57e6d09e,fd4d91066022d513ac74739ea43f43f7e524d354,
ira_0834.wav,D:\SIH\ira-wakeword\ira words\ira words\ira_0834.wav,33150,True,WAV,PCM_16,16000,1,16536,1.0335,0.04405430740656557,0.3267822265625,7e379fc53787e5cb9df77f56e84c55062a8a0453,ceafbcb297f9d32ca7dfbcc1ccdbff04969aeead,
ira_0835.wav,D:\SIH\ira-wakeword\ira words\ira words\ira_0835.wav,34430,True,WAV,PCM_16,16000,1,17176,1.0735,0.0772378665256771,0.496978759765625,4649373d6d98c0650ce6788930f268643fcc6163,c5d9090a02785612c89059c4fd53551460693141,
ira_0836.wav,D:\SIH\ira-wakeword\ira words\ira words\ira_0836.wav,34430,True,WAV,PCM_16,16000,1,17176,1.0735,0.08423882328806068,0.51904296875,09710fa5231fa18279f50e3700e052c097abcd96,9c5a430a0d8213de502be427719079a7ca8ddf97,
