filename,original_name,session,kind,fired_100ms,fired_10ms,max_q_out_100ms,max_score_100ms,max_q_out_10ms,max_score_10ms,t_max_score_10ms,n_windows_100ms,duration_s,rms,peak,clipped_pct,silence_before_s,silence_after_s,active_dur_s,active_rms,crest_factor,spectral_centroid,spectral_flatness,zcr,is_clipped,clipped_samples
ira_0001.wav,WhatsApp Ptt 2026-09-06 at 10.12.53 PM.wav,S01,Ptt,True,True,100,0.890625,100,0.890625,0.0,1,0.9735,0.21461288330130615,0.999969482421875,0.0064201335387776065,0.1588125,0.0010625,0.813625,0.2347528165943337,4.659410316099085,792.8090470119893,0.01535122803129159,0.10182985553772071,True,1
ira_0002.wav,WhatsApp Ptt 2026-09-06 at 10.13.07 PM.wav,S01,Ptt,True,True,124,0.984375,124,0.984375,0.0,1,0.9535,0.16633242996461575,0.997161865234375,0.0,0.1770625,0.0294375,0.747,0.18791994472895734,5.994993672890508,893.0867943471696,0.003401297363350315,0.07492625368731563,False,0
ira_0003.wav,WhatsApp Ptt 2026-09-06 at 10.13.13 PM.wav,S01,Ptt,True,True,115,0.94921875,115,0.94921875,0.3335,5,1.3335,0.17865708612780004,0.999969482421875,0.03280839895013123,0.1746875,0.00025,1.1585625,0.19167101997259986,5.597144250447249,778.4552214066922,0.009046090579868108,0.11985001171783455,True,7
ira_0004.wav,WhatsApp Ptt 2026-09-06 at 10.13.21 PM.wav,S01,Ptt,True,True,123,0.98046875,125,0.98828125,0.02,4,1.2535,0.1858606811285812,0.999969482421875,0.0648185081771041,0.1754375,0.344,0.7340625,0.24287051536009943,5.380209931169256,714.845280409538,0.007448274522161626,0.0705559710795313,True,13
ira_0005.wav,WhatsApp Ptt 2026-09-06 at 10.13.28 PM.wav,S01,Ptt,True,True,124,0.984375,126,0.9921875,0.06,5,1.3935,0.18205911135367123,0.999969482421875,0.004485109436670255,0.17125,0.113,1.10925,0.2040560672224936,5.492553901789165,688.8999943564935,0.009485642003747652,0.0674590715407042,True,1
ira_0006.wav,WhatsApp Ptt 2026-09-06 at 10.13.35 PM.wav,S01,Ptt,True,True,125,0.98828125,126,0.9921875,0.01,2,1.0135,0.19088964598264138,0.999969482421875,0.0185002466699556,0.1725,0.0165,0.8245,0.21163893827248262,5.238468945103537,548.4299227778556,0.008373820329880065,0.07394387912426766,True,3
ira_0007.wav,WhatsApp Ptt 2026-09-06 at 10.13.42 PM.wav,S01,Ptt,True,True,112,0.9375,112,0.9375,0.0,1,0.8935,0.18923183357631357,0.999969482421875,0.041969781757134866,0.1741875,0.0329375,0.686375,0.2159019588787858,5.284361851403857,648.985094476269,0.010814570714022004,0.09233997901364113,True,6
ira_0008.wav,WhatsApp Ptt 2026-09-06 at 10.13.53 PM.wav,S01,Ptt,True,True,116,0.953125,123,0.98046875,0.08,5,1.3935,0.17749773879452288,0.999969482421875,0.013455328310010763,0.1671875,0.0053125,1.221,0.18962160110229512,5.6337026556686,591.1192976654899,0.010209669079116385,0.06324287956941019,True,3
ira_0009.wav,WhatsApp Ptt 2026-09-06 at 10.13.59 PM.wav,S01,Ptt,True,True,123,0.98046875,123,0.98046875,0.5,7,1.5535,0.14206113792844272,0.999969482421875,0.004023173479240425,0.1673125,0.019875,1.3663125,0.15147968280994267,7.039007972226488,866.0724556214846,0.013984445238947759,0.07044860189096762,True,1
ira_0010.wav,WhatsApp Ptt 2026-09-06 at 10.14.03 PM.wav,S01,Ptt,True,True,123,0.98046875,126,0.9921875,0.06,6,1.4335,0.16018190830810572,1.0,0.01307987443320544,0.1635625,0.0,1.2699375,0.17018479119813457,6.242902276307797,733.5598063036961,0.010202021380193826,0.07072160453455417,True,3
ira_0011.wav,WhatsApp Ptt 2026-09-06 at 10.14.13 PM.wav,S01,Ptt,True,True,126,0.9921875,126,0.9921875,0.0,1,0.9535,0.20723557547258487,0.999969482421875,0.11143156790770843,0.1754375,0.002125,0.7759375,0.22972613538226982,4.825279058103423,478.2014705012676,0.007335298453097656,0.11071779744346116,True,17
ira_0012.wav,WhatsApp Ptt 2026-09-06 at 10.14.19 PM.wav,S01,Ptt,True,True,121,0.97265625,121,0.97265625,0.0,4,1.2335,0.1706281029504316,0.999969482421875,0.010133765707336847,0.1601875,0.0008125,1.0725,0.1829873291808997,5.860520425010947,727.1915080593486,0.0073129661324875155,0.07717253610336965,True,2
ira_0013.wav,WhatsApp Ptt 2026-09-06 at 10.14.24 PM.wav,S01,Ptt,True,True,102,0.8984375,109,0.92578125,0.02,5,1.3335,0.1757500024864971,0.999969482421875,0.014060742407199102,0.17,0.0043125,1.1591875,0.18850112217041493,5.689726704263932,536.7903958240145,0.00484825509179274,0.06861963909069604,True,3
ira_0014.wav,WhatsApp Ptt 2026-09-06 at 10.14.28 PM.wav,S01,Ptt,True,True,119,0.96484375,124,0.984375,0.06,4,1.2735,0.18081959158089808,0.999969482421875,0.014723203769140164,0.1750625,0.0,1.0984375,0.19469566818444176,5.530205403513988,527.737755198834,0.0069010528443034435,0.08701840490797547,True,3
ira_0015.wav,WhatsApp Ptt 2026-09-06 at 10.14.31 PM.wav,S01,Ptt,True,True,115,0.94921875,115,0.94921875,0.0,1,0.9935,0.1926617427977735,0.999969482421875,0.025163563160543533,0.1913125,0.0,0.8021875,0.2144072179748369,5.1902856680347185,480.3904744582883,0.004269800362740964,0.0766278703994967,True,4
ira_0016.wav,WhatsApp Ptt 2026-09-06 at 10.14.40 PM.wav,S01,Ptt,False,False,-74,0.2109375,-48,0.3125,0.02,8,1.6535,0.15023208181157213,0.84466552734375,0.0,0.1705,0.0,1.483,0.15863302033047516,5.622404463536408,165.39491099110688,0.0007198215655113601,0.05484785484785485,False,0
ira_0017.wav,WhatsApp Ptt 2026-09-06 at 10.14.48 PM.wav,S01,Ptt,True,True,-6,0.4765625,43,0.66796875,0.04,6,1.4735,0.14078866563168724,0.93463134765625,0.0,0.1613125,0.0,1.3121875,0.14919167754364435,6.638541131580219,387.29178308802125,0.0028670965992971674,0.047889713679745496,False,0
ira_0018.wav,WhatsApp Ptt 2026-09-06 at 10.14.53 PM.wav,S01,Ptt,False,False,-98,0.1171875,-66,0.2421875,0.01,4,1.2535,0.1518916736543176,0.963958740234375,0.0,0.1579375,0.0019375,1.093625,0.1626153258284962,6.346356696471716,230.56659792331016,0.0019054865478461728,0.060732984293193716,False,0
ira_0019.wav,WhatsApp Ptt 2026-09-06 at 10.15.01 PM.wav,S01,Ptt,True,True,11,0.54296875,90,0.8515625,0.25,6,1.4535,0.15769614816228217,0.97747802734375,0.0,0.1659375,0.0,1.2875625,0.16754994386390115,6.198490189740371,447.0182821346238,0.004174338422541705,0.05800903031606106,False,0
ira_0020.wav,WhatsApp Ptt 2026-09-06 at 10.15.59 PM.wav,S01,Ptt,True,True,100,0.890625,104,0.90625,0.01,6,1.4535,0.22044055884772637,0.999969482421875,0.16339869281045752,0.184375,0.007375,1.26175,0.2365974376089815,4.536231842492395,270.50346754712064,0.00411089059786926,0.07267254353902386,True,38
ira_0021.wav,WhatsApp Ptt 2026-09-06 at 10.16.10 PM.wav,S01,Ptt,True,True,127,0.99609375,127,0.99609375,0.48,8,1.6535,0.18711542976365567,0.999969482421875,0.07559721802237677,0.170125,0.0353125,1.4480625,0.19994787264125422,5.34413160734489,302.03166394051505,0.0030813555488401773,0.08814968814968815,True,20
ira_0022.wav,WhatsApp Ptt 2026-09-06 at 10.16.17 PM.wav,S01,Ptt,True,True,66,0.7578125,102,0.8984375,0.23,5,1.3335,0.19946807204485809,0.999969482421875,0.046869141357330335,0.176125,0.0025625,1.1548125,0.2143446993809482,5.013180666813651,211.920463951589,0.000981674661226578,0.05858917272088118,True,10
ira_0023.wav,WhatsApp Ptt 2026-09-06 at 10.16.21 PM.wav,S01,Ptt,True,True,111,0.93359375,115,0.94921875,0.01,5,1.3935,0.20582955720344778,0.999969482421875,0.05830642267671331,0.160125,0.004125,1.22925,0.21914953598398806,4.858240458796094,271.8118868309695,0.0026986860624083502,0.07136129176945503,True,13
ira_0024.wav,WhatsApp Ptt 2026-09-06 at 10.16.28 PM.wav,S01,Ptt,True,True,102,0.8984375,104,0.90625,0.02,4,1.2335,0.18278163482037976,0.999969482421875,0.05066882853668423,0.166,0.0,1.0675,0.1964797886940404,5.470842206901962,265.68727992039294,0.0016899991618925343,0.052140866480871545,True,10
ira_0025.wav,WhatsApp Ptt 2026-09-06 at 10.16.35 PM.wav,S01,Ptt,True,True,119,0.96484375,119,0.96484375,0.0,1,0.8535,0.22578823363817413,1.0,0.08055067369654365,0.190625,0.0464375,0.6164375,0.2656762732712951,4.428928752782135,297.4332184388143,0.0009215967516392554,0.06254119370194068,True,11
ira_0026.wav,WhatsApp Ptt 2026-09-06 at 10.16.39 PM.wav,S01,Ptt,True,True,87,0.83984375,113,0.94140625,0.09,3,1.1335,0.2036349831941759,1.0,0.044111160123511246,0.182375,0.0,0.951125,0.22230197832829737,4.910747575461782,210.55377551302206,0.0013666363309531475,0.06076647366969948,True,8
ira_0027.wav,WhatsApp Ptt 2026-09-06 at 10.16.43 PM.wav,S01,Ptt,True,True,126,0.9921875,127,0.99609375,0.01,4,1.2335,0.18055858892651014,1.0,0.05573571139035265,0.173875,0.0005625,1.0590625,0.19486151921536266,5.538368492716865,311.0128010626276,0.0008941985102713234,0.07499366607550038,True,11
ira_0028.wav,WhatsApp Ptt 2026-09-06 at 10.16.48 PM.wav,S01,Ptt,True,True,120,0.96875,124,0.984375,0.27,6,1.4535,0.18464021174710307,0.999969482421875,0.14189886480908154,0.1721875,0.0006875,1.280625,0.19670769910106922,5.415773048351501,285.15137413645596,0.0030749871174620192,0.07211352397333906,True,33
ira_0029.wav,WhatsApp Ptt 2026-09-06 at 10.16.53 PM.wav,S01,Ptt,True,True,127,0.99609375,127,0.99609375,0.0,9,1.7335,0.1649082975796032,0.999969482421875,0.03244880299971157,0.171375,0.0,1.562125,0.17371855251873838,6.063791192430313,411.03589768650767,0.0010778598949228216,0.06562105642689742,True,9
ira_0030.wav,WhatsApp Ptt 2026-09-06 at 10.16.56 PM.wav,S01,Ptt,True,True,116,0.953125,118,0.9609375,0.04,3,1.1135,0.1614263623312906,0.999969482421875,0.022451728783116298,0.169625,0.0015625,0.9423125,0.17547736884093823,6.194585989428833,461.51367446997165,0.001249136015153365,0.052203199550940216,True,4
ira_0031.wav,WhatsApp Ptt 2026-09-06 at 10.17.00 PM.wav,S01,Ptt,True,True,124,0.984375,124,0.984375,0.0,1,0.9935,0.08873188976861053,0.47161865234375,0.0,0.1550625,0.000375,0.8380625,0.09661070992230561,5.315097577360379,295.14351278535685,0.001767717406170359,0.06945580371185908,False,0
ira_0032.wav,WhatsApp Ptt 2026-09-06 at 10.17.04 PM.wav,S01,Ptt,True,True,126,0.9921875,126,0.9921875,0.0,6,1.4335,0.1592094080149514,0.999969482421875,0.004359958144401814,0.153125,0.0,1.280375,0.16846082934835935,6.280844171771354,329.1091687889804,0.002087310801853687,0.05620231087856987,True,1
ira_0033.wav,WhatsApp Ptt 2026-09-06 at 10.17.09 PM.wav,S01,Ptt,True,True,111,0.93359375,120,0.96875,0.01,8,1.6335,0.10062946376665749,0.866485595703125,0.0,0.165,0.0,1.4685,0.1061322589458783,8.61065500371101,198.62112512813846,0.0007519676333762808,0.057126458771762006,False,0
ira_0034.wav,WhatsApp Ptt 2026-09-06 at 10.17.12 PM.wav,S01,Ptt,True,True,127,0.99609375,127,0.99609375,0.0,2,1.0935,0.14467855773606397,0.888580322265625,0.0,0.1575625,0.0,0.9359375,0.15638307322609363,6.141755462386178,275.9178967012234,0.0006848944820883299,0.052929408402400686,False,0
ira_0035.wav,WhatsApp Ptt 2026-09-06 at 10.17.16 PM.wav,S01,Ptt,True,True,124,0.984375,127,0.99609375,0.17,4,1.2535,0.13992816742560318,0.939666748046875,0.0,0.1670625,0.0,1.0864375,0.15030193667158606,6.715350921368106,336.6387932224364,0.00093262761518272,0.09274495138369485,False,0
ira_0036.wav,WhatsApp Ptt 2026-09-06 at 10.17.21 PM.wav,S01,Ptt,True,True,113,0.94140625,116,0.953125,0.04,3,1.1135,0.15388511788333878,0.98541259765625,0.0,0.167875,0.0,0.945625,0.1669863761849911,6.40356007917086,346.3206621231216,0.001913272830180674,0.06966039854055571,False,0
ira_0037.wav,WhatsApp Ptt 2026-09-06 at 10.17.25 PM.wav,S01,Ptt,True,True,124,0.984375,126,0.9921875,0.01,5,1.3535,0.11241009037407795,0.765716552734375,0.0,0.169625,0.0,1.183875,0.12019349251555832,6.811813336206971,426.0136697194853,0.0026769391115964995,0.12024936504271531,False,0
ira_0038.wav,WhatsApp Ptt 2026-09-06 at 10.17.28 PM.wav,S01,Ptt,True,True,125,0.98828125,126,0.9921875,0.04,4,1.2935,0.1288991566960666,0.999969482421875,0.06281407035175879,0.160875,6.25e-05,1.1325625,0.13775318032466183,7.75776590051492,562.542864504525,0.0067384003296605596,0.1269388741241846,True,13
ira_0039.wav,WhatsApp Ptt 2026-09-06 at 10.17.32 PM.wav,S01,Ptt,True,True,127,0.99609375,127,0.99609375,0.0,2,1.0135,0.17260263281513769,0.999969482421875,0.0555007400098668,0.17,0.0,0.8435,0.18919780271298978,5.793477573965344,419.2277594903691,0.0021803562764985164,0.10804810360777058,True,9
ira_0040.wav,WhatsApp Ptt 2026-09-06 at 10.17.36 PM.wav,S01,Ptt,True,True,109,0.92578125,109,0.92578125,0.0,5,1.3735,0.1583817998924232,0.99395751953125,0.0,0.164,0.006875,1.202625,0.16925955232898118,6.2757054169504976,359.43101302749795,0.004759094375510701,0.0630716723549488,False,0
ira_0041.wav,WhatsApp Ptt 2026-09-06 at 10.21.54 PM.wav,S02,Ptt,True,True,119,0.96484375,119,0.96484375,0.0,1,0.6735,0.2114914359975802,0.999969482421875,0.03711952487008166,0.16725,0.0005,0.50575,0.24405761826107794,4.728179548761096,609.9500808566108,0.002380781467086676,0.07127610208816705,True,4
ira_0042.wav,WhatsApp Ptt 2026-09-06 at 10.22.02 PM.wav,S02,Ptt,True,True,125,0.98828125,125,0.98828125,0.0,2,1.0135,0.18938120703366917,0.999969482421875,0.0370004933399112,0.176625,0.033,0.803875,0.21264303348508615,5.280193838051181,663.7322374849327,0.0035289730644332564,0.06968855997533148,True,6
ira_0043.wav,WhatsApp Ptt 2026-09-06 at 10.22.06 PM.wav,S02,Ptt,True,True,125,0.98828125,126,0.9921875,0.12,5,1.3535,0.12233047764423717,0.945465087890625,0.0,0.1738125,0.0004375,1.17925,0.1310569973710903,7.728777865482034,652.378064133004,0.0020253789202084186,0.09337335488339875,False,0
ira_0044.wav,WhatsApp Ptt 2026-09-06 at 10.22.12 PM.wav,S02,Ptt,True,True,114,0.9453125,114,0.9453125,0.0,1,0.9135,0.13144227569068992,0.813262939453125,0.0,0.1531875,0.0,0.7603125,0.14407649749249235,6.18722503988668,646.9769518936357,0.0015280752223396144,0.06192268217584673,False,0
ira_0045.wav,WhatsApp Ptt 2026-09-06 at 10.22.16 PM.wav,S02,Ptt,True,True,126,0.9921875,126,0.9921875,0.0,1,0.9935,0.1960347994453487,1.0,0.056618017111222954,0.176625,0.00425,0.812625,0.21675583735397966,5.101135119016375,534.5602112867015,0.005324434382053335,0.05536332179930796,True,9
ira_0046.wav,WhatsApp Ptt 2026-09-06 at 10.22.25 PM.wav,S02,Ptt,True,True,125,0.98828125,126,0.9921875,0.02,12,2.0735,0.10622323777612099,0.999969482421875,0.0030142271521581866,0.1643125,0.020125,1.8890625,0.11128790987731964,9.413848639498621,542.6451435271839,0.0034857757300989114,0.07553880934438584,True,1
ira_0047.wav,WhatsApp Ptt 2026-09-06 at 10.22.33 PM.wav,S02,Ptt,True,True,108,0.921875,108,0.921875,0.0,2,1.0135,0.07581566815484553,0.742401123046875,0.0,0.155375,0.0009375,0.8571875,0.08243897490355181,9.79218598364917,797.7343980549068,0.003316798738390988,0.07160037002775207,False,0
ira_0048.wav,WhatsApp Ptt 2026-09-06 at 10.22.38 PM.wav,S02,Ptt,True,True,127,0.99609375,127,0.99609375,0.0,6,1.4535,0.14598269266622188,0.999969482421875,0.021499828001375988,0.16875,0.0018125,1.2829375,0.15538358805292568,6.8499180564385656,660.1674675603409,0.006079054049896751,0.07404859170070953,True,5
ira_0049.wav,WhatsApp Ptt 2026-09-06 at 10.22.44 PM.wav,S02,Ptt,True,True,123,0.98046875,123,0.98046875,0.0,7,1.5935,0.16193004247496867,0.999969482421875,0.023533103231879512,0.187625,0.2875,1.118375,0.19328896826271913,6.175317854168114,640.9208801853908,0.0055251900719784554,0.09248872327907433,True,6
ira_0050.wav,WhatsApp Ptt 2026-09-06 at 10.23.30 PM.wav,S02,Ptt,True,True,127,0.99609375,127,0.99609375,0.0,1,0.9735,0.16487841354213698,0.999969482421875,0.03210066769388803,0.1680625,0.0,0.8054375,0.18126531780076813,6.064890248148336,683.4038847193286,0.0074887326967486255,0.0742215088282504,True,5
ira_0051.wav,WhatsApp Ptt 2026-09-06 at 10.23.35 PM.wav,S02,Ptt,True,True,127,0.99609375,127,0.99609375,0.0,3,1.1735,0.14353668136723774,0.999969482421875,0.026629740093736684,0.1768125,0.004875,0.9918125,0.15613065496320777,6.966647639452239,730.7404952472024,0.004177668132106022,0.0684953395472703,True,5
ira_0052.wav,WhatsApp Ptt 2026-09-06 at 10.23.39 PM.wav,S02,Ptt,True,True,106,0.9140625,117,0.95703125,0.02,7,1.5735,0.11031338235846244,0.999969482421875,0.011916110581506196,0.1726875,0.0,1.4008125,0.11691516878366168,9.064806653942332,599.2762634948502,0.0039106406582207895,0.06351539225422045,True,3
ira_0053.wav,WhatsApp Ptt 2026-09-06 at 10.23.43 PM.wav,S02,Ptt,True,True,120,0.96875,126,0.9921875,0.45,7,1.5535,0.1180756522779836,0.999969482421875,0.004023173479240425,0.16125,0.0,1.39225,0.12472603141112464,8.468888065658643,751.226825131821,0.005911150229164508,0.05383222691611346,True,1
ira_0054.wav,WhatsApp Ptt 2026-09-06 at 10.23.47 PM.wav,S02,Ptt,True,True,53,0.70703125,108,0.921875,0.03,12,2.0335,0.13195712434072587,1.0,0.02151462994836489,0.170375,0.0105,1.852625,0.13824856655943862,7.578219099545581,208.25810035634595,0.00106641816428299,0.04927001690487168,True,7
ira_0055.wav,WhatsApp Ptt 2026-09-06 at 10.23.51 PM.wav,S02,Ptt,True,True,121,0.97265625,121,0.97265625,0.0,3,1.1935,0.13991835354851911,0.999969482421875,0.020946795140343526,0.1645,0.0,1.029,0.15068763483742825,7.146807099006623,827.4736829145318,0.008570148522033246,0.06572401152134066,True,4
ira_0056.wav,WhatsApp Ptt 2026-09-06 at 10.23.55 PM.wav,S02,Ptt,True,True,127,0.99609375,127,0.99609375,0.0,3,1.1535,0.15949383503551254,0.999969482421875,0.027091460771564803,0.172875,0.00075,0.979875,0.1730480655274904,6.269643476810399,502.0461326273655,0.002511152915075471,0.0822541316716337,True,5
ira_0057.wav,WhatsApp Ptt 2026-09-06 at 10.23.58 PM.wav,S02,Ptt,True,True,70,0.7734375,100,0.890625,0.05,3,1.1935,0.11463672786561793,0.86822509765625,0.0,0.158125,0.0,1.035375,0.12307954376547334,7.573707953999006,535.3687643492884,0.0031402683989210155,0.046190102120974075,False,0
ira_0058.wav,WhatsApp Ptt 2026-09-06 at 10.24.02 PM.wav,S02,Ptt,True,True,57,0.72265625,57,0.72265625,0.0,5,1.3135,0.12578654048816437,0.897125244140625,0.0,0.1593125,0.0,1.1541875,0.1341871001856347,7.1321243167907795,347.0078899205858,0.0023106018721194893,0.04011420413990007,False,0
ira_0059.wav,WhatsApp Ptt 2026-09-06 at 10.24.06 PM.wav,S02,Ptt,True,True,111,0.93359375,114,0.9453125,0.02,7,1.5335,0.13938655144773274,1.0,0.097815454841865,0.17175,0.0,1.36175,0.14791551964530533,7.174293284492232,668.4037988763981,0.0069584753642482795,0.04976564092113307,True,24
ira_0060.wav,WhatsApp Ptt 2026-09-06 at 10.24.10 PM.wav,S02,Ptt,True,True,126,0.9921875,127,0.99609375,0.02,12,2.0535,0.11736325927613805,0.999969482421875,0.018261504747991236,0.1646875,0.060125,1.8286875,0.12436814591507854,8.520294073199668,700.5656923957862,0.00806100386535843,0.08540556992847359,True,6
ira_0061.wav,WhatsApp Ptt 2026-09-06 at 10.28.05 PM.wav,S03,Ptt,True,True,127,0.99609375,127,0.99609375,0.1735,3,1.1735,0.18623850624155258,0.999786376953125,0.005325948018747337,0.1723125,0.0430625,0.958125,0.20610862523771678,5.368311833732147,431.15502506705786,0.004760590910032342,0.08921438082556592,True,1
ira_0062.wav,WhatsApp Ptt 2026-09-06 at 10.28.12 PM.wav,S03,Ptt,True,True,77,0.80078125,109,0.92578125,0.03,5,1.3935,0.05626548351518626,0.379364013671875,0.0,0.1589375,0.0391875,1.195375,0.06074957071707404,6.742393203987722,550.6281609895336,0.0029842060704003185,0.08638708230544966,False,0
ira_0063.wav,WhatsApp Ptt 2026-09-06 at 10.28.17 PM.wav,S03,Ptt,True,True,118,0.9609375,123,0.98046875,0.97,11,1.9735,0.16718754486116216,0.999969482421875,0.009500886749429947,0.1589375,0.0943125,1.72025,0.17907056914822642,5.9811242712624395,267.59589111750654,0.0018532746506593578,0.07844813935075218,True,3
ira_0064.wav,WhatsApp Ptt 2026-09-06 at 10.28.21 PM.wav,S03,Ptt,True,True,74,0.7890625,93,0.86328125,0.46,7,1.5335,0.17614665909688684,0.999969482421875,0.03668079556569938,0.171875,0.083625,1.278,0.19295107814984344,5.6769142687620135,423.48392090168903,0.0023534119930449953,0.05628693702873446,True,9
ira_0065.wav,WhatsApp Ptt 2026-09-06 at 10.28.25 PM.wav,S03,Ptt,True,True,124,0.984375,126,0.9921875,0.07,5,1.3535,0.21024656297840955,0.999969482421875,0.1477650535648319,0.1816875,0.0025625,1.16925,0.2262056260031442,4.7561751700291195,327.5128338120357,0.0020679346189436004,0.07180789655968599,True,32
ira_0066.wav,WhatsApp Ptt 2026-09-06 at 10.28.29 PM.wav,S03,Ptt,True,True,100,0.890625,114,0.9453125,0.09,5,1.3935,0.17739561547912855,0.9947509765625,0.0,0.1569375,0.0038125,1.23275,0.18860710233724853,5.607528539393564,404.096534819968,0.0020511912361273095,0.05588697017268446,False,0
ira_0067.wav,WhatsApp Ptt 2026-09-06 at 10.28.33 PM.wav,S03,Ptt,True,True,123,0.98046875,126,0.9921875,0.01,3,1.1935,0.21689966935288685,0.999969482421875,0.04189359028068705,0.179125,0.0640625,0.9503125,0.24307085904185635,4.610285877360955,404.3838487456394,0.0025444264635875766,0.08698612202147159,True,8
ira_0068.wav,WhatsApp Ptt 2026-09-06 at 10.28.38 PM.wav,S03,Ptt,True,True,119,0.96484375,123,0.98046875,0.02,9,1.7935,0.18108420559197783,0.999969482421875,0.03136325620295512,0.1743125,0.0,1.6191875,0.19058215081360055,5.52212424685466,393.8263235170474,0.014766075939444906,0.072695591566475,True,9
ira_0069.wav,WhatsApp Ptt 2026-09-06 at 10.28.42 PM.wav,S03,Ptt,True,True,74,0.7890625,102,0.8984375,0.01,5,1.3535,0.20402747560972453,0.999969482421875,0.08773550055411895,0.1566875,0.0190625,1.17775,0.21872072737522527,4.901151079939224,379.6240258695704,0.0036278098736339734,0.07841145232048026,True,19
ira_0070.wav,WhatsApp Ptt 2026-09-06 at 10.28.45 PM.wav,S03,Ptt,True,True,84,0.828125,93,0.86328125,0.01,7,1.5535,0.14299709538437644,0.99774169921875,0.0,0.151125,0.0,1.402375,0.15050488720668032,6.977356403896307,522.5631869214168,0.0064573206507610725,0.07978273989136994,False,0
ira_0071.wav,WhatsApp Ptt 2026-09-06 at 10.28.50 PM.wav,S03,Ptt,True,True,124,0.984375,126,0.9921875,0.02,5,1.3735,0.1968163157351986,1.0,0.10921004732435385,0.1754375,0.00225,1.1958125,0.21093181339729103,5.080879581880925,408.3554201655042,0.003263858617523891,0.08914675767918089,True,24
ira_0072.wav,WhatsApp Ptt 2026-09-06 at 10.28.54 PM.wav,S03,Ptt,True,True,123,0.98046875,126,0.9921875,0.04,5,1.3335,0.17046818447731482,1.0,0.028121484814398204,0.184375,0.0,1.149125,0.1836345017375677,5.866197279370191,466.2128608487379,0.0049899006063590995,0.1015233184907429,True,6
ira_0073.wav,WhatsApp Ptt 2026-09-06 at 10.28.58 PM.wav,S03,Ptt,True,True,125,0.98828125,127,0.99609375,0.03,3,1.1535,0.1951055447860794,1.0,0.043346337234503686,0.1629375,0.0,0.9905625,0.21054114699281962,5.125430961464654,444.4796977563109,0.0019146298986042253,0.07244649146572744,True,8
ira_0074.wav,WhatsApp Ptt 2026-09-06 at 10.29.02 PM.wav,S03,Ptt,True,True,125,0.98828125,127,0.99609375,0.02,8,1.6335,0.15647345732413992,0.999969482421875,0.038261401897765536,0.1725625,0.001,1.4599375,0.16551321726906296,6.39066522541523,488.5498052317973,0.002185211109844816,0.08532619093170078,True,10
ira_0075.wav,WhatsApp Ptt 2026-09-06 at 10.29.06 PM.wav,S03,Ptt,True,True,120,0.96875,120,0.96875,0.0,1,0.9735,0.2027671911157361,0.999969482421875,0.044940934771443244,0.18,0.0,0.7935,0.22459030746494596,4.931613822332378,387.88402529053997,0.0013225108809094223,0.08057784911717496,True,7
ira_0076.wav,WhatsApp Ptt 2026-09-06 at 10.29.10 PM.wav,S03,Ptt,True,True,120,0.96875,124,0.984375,0.04,3,1.1335,0.19990161057292888,1.0,0.04962505513895015,0.1619375,0.0,0.9715625,0.2159192858767051,5.002460946332277,409.4030876340237,0.0030503024045106376,0.08056244830438379,True,9
ira_0077.wav,WhatsApp Ptt 2026-09-06 at 10.29.13 PM.wav,S03,Ptt,True,True,109,0.92578125,116,0.953125,0.01,3,1.1735,0.19824598121256193,1.0,0.03728163613123136,0.157625,0.0,1.015875,0.21307154822071236,5.044238445004274,409.0068536006005,0.0028072569740673656,0.07808255659121172,True,7
ira_0078.wav,WhatsApp Ptt 2026-09-06 at 10.29.17 PM.wav,S03,Ptt,True,True,-17,0.43359375,48,0.6875,0.04,5,1.3735,0.19624515339456716,1.0,0.018201674554058973,0.1594375,0.0,1.2140625,0.20873368357967612,5.0956672442728665,451.2354982940337,0.0034064223982454684,0.06739476678043231,True,4
ira_0079.wav,WhatsApp Ptt 2026-09-06 at 10.29.21 PM.wav,S03,Ptt,True,True,61,0.73828125,108,0.921875,0.07,6,1.4135,0.17236386485072624,0.999969482421875,0.01326494517155996,0.161,0.0,1.2525,0.18310710791363652,5.801503019718704,392.724137460337,0.004261215659659356,0.084324563342914,True,3
ira_0080.wav,WhatsApp Ptt 2026-09-06 at 10.29.38 PM.wav,S03,Ptt,True,True,126,0.9921875,126,0.9921875,0.0,4,1.2535,0.13378344862945632,0.999969482421875,0.03988831272437176,0.1685,0.07875,1.00625,0.14931748913280157,7.4745380887251445,712.8335456114916,0.006592396330088195,0.08960359012715034,True,8
ira_0081.wav,WhatsApp Ptt 2026-09-06 at 10.29.44 PM.wav,S03,Ptt,True,True,127,0.99609375,127,0.99609375,0.01,2,1.0535,0.16395706496534354,0.999969482421875,0.07712387280493592,0.170875,0.007,0.875625,0.17984001806173816,6.098971597431582,664.4489260532152,0.008259445972698936,0.0902402847819638,True,13
ira_0082.wav,WhatsApp Ptt 2026-09-06 at 10.29.48 PM.wav,S03,Ptt,True,True,112,0.9375,113,0.94140625,0.02,7,1.5535,0.12040873384531414,0.999969482421875,0.012069520437721274,0.178,0.0,1.3755,0.1279624629088086,8.304791940645343,718.6548485210476,0.00470391675239884,0.1291490645745323,True,3
ira_0083.wav,WhatsApp Ptt 2026-09-06 at 10.29.52 PM.wav,S03,Ptt,True,True,123,0.98046875,125,0.98828125,0.07,6,1.4135,0.13527046852640556,0.999969482421875,0.017686593562079942,0.169125,0.0995625,1.1448125,0.15030819972390283,7.39237095365479,637.1710405948078,0.00837502934051264,0.0853415874419633,True,4
ira_0084.wav,WhatsApp Ptt 2026-09-06 at 10.29.57 PM.wav,S03,Ptt,True,True,108,0.921875,123,0.98046875,0.02,2,1.0335,0.16834159909977153,0.999969482421875,0.024189646831156264,0.160625,0.0025625,0.8703125,0.1834459794253273,5.940121085752667,653.7821065304996,0.0038720661047653023,0.08817659510130027,True,4
ira_0085.wav,WhatsApp Ptt 2026-09-06 at 10.30.01 PM.wav,S03,Ptt,True,True,125,0.98828125,127,0.99609375,0.01,4,1.2735,0.1526005236706647,0.999969482421875,0.06380054966627405,0.160375,0.0191875,1.0939375,0.16464882355993185,6.5528574762951814,591.7146049119983,0.005389006972100454,0.07592638036809816,True,13
ira_0086.wav,WhatsApp Ptt 2026-09-06 at 10.30.05 PM.wav,S03,Ptt,True,True,113,0.94140625,113,0.94140625,0.0,2,1.0735,0.10586485365948685,0.996337890625,0.0,0.16125,0.0003125,0.9119375,0.11486034834136578,9.411413289529593,728.6982160083489,0.004375930576334988,0.09560407569141194,False,0
ira_0087.wav,WhatsApp Ptt 2026-09-06 at 10.30.09 PM.wav,S03,Ptt,True,True,123,0.98046875,126,0.9921875,0.02,4,1.2535,0.1445777402570555,1.0,0.059832469086557635,0.16725,0.079875,1.006375,0.16135531531650912,6.916694079061035,643.6473238583263,0.00610662164002431,0.10336574420344054,True,12
ira_0088.wav,WhatsApp Ptt 2026-09-06 at 10.30.12 PM.wav,S03,Ptt,True,True,121,0.97265625,123,0.98046875,0.04,5,1.3135,0.1279549869699532,0.999969482421875,0.04282451465550057,0.1609375,0.0849375,1.067625,0.14192608772869547,7.815009841364691,650.9631307051748,0.0042163043780634735,0.09702593385676897,True,9
ira_0089.wav,WhatsApp Ptt 2026-09-06 at 10.30.16 PM.wav,S03,Ptt,True,True,123,0.98046875,124,0.984375,0.01,3,1.1735,0.13898400054543042,0.999969482421875,0.021303792074989347,0.167875,0.0200625,0.9855625,0.15165729195280875,7.194853209704593,592.0865888046211,0.0042092029393097355,0.08133155792276964,True,4
ira_0090.wav,WhatsApp Ptt 2026-09-06 at 10.30.20 PM.wav,S03,Ptt,True,True,120,0.96875,120,0.96875,0.0,1,0.9535,0.15640923857230077,0.999969482421875,0.026219192448872573,0.175125,0.0003125,0.7780625,0.17314654265710866,6.393289114821918,762.977347064916,0.008305357697922759,0.0951819075712881,True,4
ira_0091.wav,WhatsApp Ptt 2026-09-06 at 10.30.23 PM.wav,S03,Ptt,True,True,124,0.984375,127,0.99609375,0.01,3,1.1935,0.15488692647977395,0.997100830078125,0.0,0.16075,0.000625,1.032125,0.1665556147464759,6.43760485626482,633.3473925875636,0.006663545942666102,0.08908091123330715,False,0
ira_0092.wav,WhatsApp Ptt 2026-09-06 at 10.30.27 PM.wav,S03,Ptt,True,True,120,0.96875,125,0.98828125,0.01,3,1.1735,0.10187000152197696,0.823211669921875,0.0,0.179,0.04,0.9545,0.11295339573776597,8.081001841786358,553.8006352431378,0.002008288186755899,0.08202396804260985,False,0
ira_0093.wav,WhatsApp Ptt 2026-09-06 at 10.30.31 PM.wav,S03,Ptt,True,True,127,0.99609375,127,0.99609375,0.0,3,1.1135,0.14715888750144834,0.999969482421875,0.03929052537045352,0.171625,0.002,0.939875,0.160175222578201,6.79516880971279,503.31574436351275,0.0023173022133655217,0.07757507718214987,True,7
ira_0094.wav,WhatsApp Ptt 2026-09-06 at 10.30.35 PM.wav,S03,Ptt,True,True,115,0.94921875,122,0.9765625,0.05,3,1.1935,0.0859508060220886,0.780517578125,0.0,0.16625,0.0391875,0.9880625,0.09446443988612784,9.080980321748395,486.02500883007315,0.0018978439415673972,0.08279654359780048,False,0
ira_0095.wav,WhatsApp Ptt 2026-09-06 at 10.30.39 PM.wav,S03,Ptt,True,True,120,0.96875,122,0.9765625,0.02,2,1.0535,0.052767436185329405,0.263458251953125,0.0,0.15375,0.0,0.89975,0.05709815030211976,4.992818886022979,470.55032120364535,0.018155125574971665,0.08519727083951349,False,0
ira_0096.wav,WhatsApp Ptt 2026-09-06 at 10.30.43 PM.wav,S03,Ptt,True,True,126,0.9921875,126,0.9921875,0.0,2,1.0335,0.14831038590138942,0.999969482421875,0.018142235123367198,0.1635,0.0026875,0.8673125,0.16189667242601816,6.742410360166873,542.1029236345527,0.0036454737756354597,0.072391895978228,True,3
ira_0097.wav,WhatsApp Ptt 2026-09-06 at 10.30.47 PM.wav,S03,Ptt,True,True,120,0.96875,123,0.98046875,0.01,5,1.3335,0.16052560597399584,0.999969482421875,0.028121484814398204,0.170375,0.003,1.160125,0.17210265918358192,6.229345632147085,545.9612621890265,0.00583608963472681,0.08427466604171549,True,6
ira_0098.wav,WhatsApp Ptt 2026-09-06 at 10.30.51 PM.wav,S03,Ptt,True,True,123,0.98046875,125,0.98828125,0.04,4,1.2535,0.1354793477301178,0.989715576171875,0.0,0.16375,0.001,1.08875,0.145368597071271,7.305287431287623,511.29028529685695,0.002186359788755764,0.07743704811767639,False,0
ira_0099.wav,WhatsApp Ptt 2026-09-06 at 10.30.55 PM.wav,S03,Ptt,True,True,116,0.953125,122,0.9765625,0.04,6,1.4335,0.15540704607693784,0.999969482421875,0.02615974886641088,0.17975,0.0,1.25375,0.16617414178120515,6.434518303158642,508.2161317457594,0.010219984121707925,0.07141922825376062,True,6
ira_0100.wav,WhatsApp Ptt 2026-09-06 at 10.31.06 PM.wav,S03,Ptt,True,True,120,0.96875,120,0.96875,0.0,1,0.9935,0.16803566792307864,0.999969482421875,0.04403623553095118,0.158875,0.0049375,0.8296875,0.18387714851363948,5.950935862495747,529.5064647024437,0.006861987213136572,0.08442906574394464,True,7
ira_0101.wav,WhatsApp Ptt 2026-09-06 at 10.31.10 PM.wav,S03,Ptt,True,True,115,0.94921875,122,0.9765625,0.06,5,1.3335,0.12467333398210491,0.999969482421875,0.004686914135733034,0.158125,0.241625,0.93375,0.14898911276590102,8.02071662385644,526.5935990303967,0.00659817571485516,0.09608624326224514,True,1
ira_0102.wav,WhatsApp Ptt 2026-09-06 at 10.31.14 PM.wav,S03,Ptt,True,True,123,0.98046875,125,0.98828125,0.03,2,1.0735,0.14256693486725194,0.999969482421875,0.01746623195156032,0.168125,0.0050625,0.9003125,0.15567614397091134,7.014035080104476,535.125534424146,0.008028206902782095,0.0929839883551674,True,3
ira_0103.wav,WhatsApp Ptt 2026-09-06 at 10.31.18 PM.wav,S03,Ptt,True,True,127,0.99609375,127,0.99609375,0.01,3,1.1935,0.14255786194710335,1.0,0.13615416841223293,0.1725,0.0196875,1.0013125,0.15563853484431864,7.014695551277655,515.7171904622538,0.008158051714235424,0.11180937418172296,True,26
ira_0104.wav,WhatsApp Ptt 2026-09-06 at 10.31.22 PM.wav,S03,Ptt,True,True,120,0.96875,123,0.98046875,0.05,3,1.1935,0.14254770851766654,0.999969482421875,0.015710096355257646,0.1619375,0.0588125,0.97275,0.15789572491924234,7.014981109275037,588.5154472581263,0.008438797799847055,0.09148991882691804,True,3
ira_0105.wav,WhatsApp Ptt 2026-09-06 at 10.31.26 PM.wav,S03,Ptt,True,True,115,0.94921875,117,0.95703125,0.01,4,1.2135,0.13300378062466872,0.999969482421875,0.015451174289245981,0.16825,0.0200625,1.0251875,0.14470428990137077,7.518353822165013,590.228086152657,0.00296498958592439,0.07422096317280454,True,3
ira_0106.wav,WhatsApp Ptt 2026-09-06 at 10.31.30 PM.wav,S03,Ptt,True,True,124,0.984375,126,0.9921875,0.02,6,1.4535,0.11008007733227806,0.999969482421875,0.008599931200550396,0.1594375,0.0005625,1.2935,0.11668977565426497,9.084018713063353,585.542364002745,0.0024802531857278133,0.09464631262094174,True,2
ira_0107.wav,WhatsApp Ptt 2026-09-06 at 10.31.34 PM.wav,S03,Ptt,True,True,124,0.984375,126,0.9921875,0.04,4,1.2735,0.1338688595118941,0.999969482421875,0.02453867294856694,0.162625,0.000125,1.11075,0.1433410409768211,7.4697691910419906,547.611698616214,0.0032218533170719254,0.0752883435582822,True,5
ira_0108.wav,WhatsApp Ptt 2026-09-06 at 10.31.38 PM.wav,S03,Ptt,True,True,126,0.9921875,126,0.9921875,0.0,6,1.4735,0.1227894662878224,0.999969482421875,0.042416016287750255,0.1585,0.3598125,0.9551875,0.1525075097708713,8.143772529134663,618.4722961980837,0.005455796524917129,0.09862142099681867,True,10
ira_0109.wav,WhatsApp Ptt 2026-09-06 at 10.31.42 PM.wav,S03,Ptt,True,True,126,0.9921875,127,0.99609375,0.02,4,1.2735,0.1405763083508669,0.999969482421875,0.10797016097369454,0.16175,0.1794375,0.9323125,0.16429720588950028,7.113357109407322,486.7581728306716,0.004404864815606662,0.09825766871165645,True,22
ira_0110.wav,WhatsApp Ptt 2026-09-06 at 10.31.46 PM.wav,S03,Ptt,True,True,123,0.98046875,126,0.9921875,0.02,3,1.1735,0.11229207277254254,0.999969482421875,0.021303792074989347,0.15925,0.0,1.01425,0.12078640705054183,8.905076357860105,553.2416646159434,0.003445859038072687,0.08894806924101198,True,4
ira_0111.wav,WhatsApp Ptt 2026-09-06 at 10.31.50 PM.wav,S03,Ptt,True,True,126,0.9921875,126,0.9921875,0.0,5,1.3135,0.10849239699816092,0.999969482421875,0.00951655881233346,0.1641875,0.0595625,1.08975,0.1191105809817588,9.216954460309562,523.2300496831309,0.005668909124360471,0.08812752795622175,True,2
ira_0112.wav,WhatsApp Ptt 2026-09-06 at 10.31.53 PM.wav,S03,Ptt,True,True,125,0.98828125,127,0.99609375,0.01,5,1.3335,0.11897910803941518,0.999969482421875,0.004686914135733034,0.1733125,0.0993125,1.060875,0.13339343369660095,8.404580425082754,585.189567715621,0.004413558241538316,0.09369580501523318,True,1
ira_0113.wav,WhatsApp Ptt 2026-09-06 at 10.31.57 PM.wav,S03,Ptt,True,True,126,0.9921875,126,0.9921875,0.0,5,1.3935,0.11220391313260505,0.999969482421875,0.00897021887334051,0.1610625,0.18,1.0524375,0.1291108344962878,8.912073157734607,604.6602894828904,0.00309000930653376,0.09876653958286612,True,2
ira_0114.wav,WhatsApp Ptt 2026-09-06 at 10.32.01 PM.wav,S03,Ptt,True,True,126,0.9921875,126,0.9921875,0.0,4,1.2935,0.1309852235012125,0.999969482421875,0.019327406262079627,0.1653125,0.08225,1.0459375,0.14566397757999916,7.6342159496534245,500.79117535243864,0.002792166965588549,0.09954095192075381,True,4
ira_0115.wav,WhatsApp Ptt 2026-09-06 at 10.32.05 PM.wav,S03,Ptt,True,True,126,0.9921875,126,0.9921875,0.0,1,0.9935,0.13702560368247746,0.999969482421875,0.025163563160543533,0.1710625,0.0,0.8224375,0.15060291648413937,7.297683466069991,505.89100925461634,0.0034345079320267074,0.07983642654922932,True,4
ira_0116.wav,WhatsApp Ptt 2026-09-06 at 10.32.15 PM.wav,S03,Ptt,True,True,115,0.94921875,115,0.94921875,0.0,1,0.8335,0.14313620905657415,0.999969482421875,0.022495500899820036,0.1709375,0.000125,0.6624375,0.1605569457199861,6.986139209727429,500.55249687695556,0.0026477168321744917,0.08571428571428572,True,3
ira_0117.wav,WhatsApp Ptt 2026-09-06 at 10.32.18 PM.wav,S03,Ptt,True,True,123,0.98046875,123,0.98046875,0.0,1,0.8935,0.11357614457532647,0.999969482421875,0.01398992725237829,0.16175,0.00025,0.7315,0.12552393739453818,8.804397139565438,481.458886431591,0.0019269269120862776,0.08730325288562435,True,2
ira_0118.wav,WhatsApp Ptt 2026-09-06 at 10.32.22 PM.wav,S03,Ptt,True,True,127,0.99609375,127,0.99609375,0.0,4,1.2735,0.0928439803032102,0.9981689453125,0.0,0.163,0.0795,1.031,0.10318665716547944,10.751035684302593,612.586319506887,0.004859841658765839,0.1016441717791411,False,0
ira_0119.wav,WhatsApp Ptt 2026-09-06 at 10.32.25 PM.wav,S03,Ptt,True,True,126,0.9921875,127,0.99609375,0.02,3,1.1935,0.05510163626270471,0.530609130859375,0.0,0.152375,0.0,1.041125,0.05899620627574051,9.629643815468969,595.780316347924,0.006841159992959176,0.08834773500916471,False,0
ira_0120.wav,WhatsApp Ptt 2026-09-06 at 10.32.43 PM.wav,S03,Ptt,True,True,124,0.984375,126,0.9921875,0.01,3,1.1135,0.2006197207095612,0.999969482421875,0.028064660978895376,0.179625,0.006625,0.92725,0.21984599269150865,4.984402724144647,358.7343940347451,0.00192555684625311,0.0931237721021611,True,5
ira_0121.wav,WhatsApp Ptt 2026-09-06 at 10.32.46 PM.wav,S03,Ptt,True,True,126,0.9921875,127,0.99609375,0.01,2,1.0535,0.21293271140590614,0.999969482421875,0.04152823920265781,0.177625,0.0595625,0.8163125,0.2418969565812148,4.696175969485817,394.3557686141169,0.0013085252167123974,0.07831504004746366,True,7
ira_0122.wav,WhatsApp Ptt 2026-09-06 at 10.32.50 PM.wav,S03,Ptt,True,True,125,0.98828125,125,0.98828125,0.0,1,0.9735,0.20638530744944408,0.999969482421875,0.038520801232665644,0.190375,0.00225,0.780875,0.23043742165754658,4.84515828563439,408.4465710964309,0.0012958369943819586,0.06131621187800963,True,6
ira_0123.wav,WhatsApp Ptt 2026-09-06 at 10.32.54 PM.wav,S03,Ptt,True,True,125,0.98828125,127,0.99609375,0.03,4,1.2135,0.18796844785106434,0.999969482421875,0.015451174289245981,0.1586875,0.0005625,1.05425,0.20166612400329054,5.3198794470771755,392.83050693993874,0.0036101730754218276,0.10301313417460727,True,3
ira_0124.wav,WhatsApp Ptt 2026-09-06 at 10.32.57 PM.wav,S03,Ptt,True,True,126,0.9921875,127,0.99609375,0.06,3,1.1735,0.18078862374763474,1.0,0.04260758414997869,0.172125,0.0005,1.000875,0.19575904808930594,5.531321491754444,382.15916948487325,0.0033257415391262746,0.08468708388814913,True,8
ira_0125.wav,WhatsApp Ptt 2026-09-06 at 10.33.01 PM.wav,S03,Ptt,True,True,126,0.9921875,126,0.9921875,0.0,1,0.8735,0.19127239736539442,1.0,0.028620492272467084,0.1633125,0.000125,0.7100625,0.21214605833127656,5.228145899638957,424.17938591154575,0.0034382884025757486,0.09538461538461539,True,4
ira_0126.wav,WhatsApp Ptt 2026-09-06 at 10.33.04 PM.wav,S03,Ptt,True,True,122,0.9765625,122,0.9765625,0.0,1,0.9535,0.20990728042341247,0.947723388671875,0.0,0.1645625,0.00025,0.7886875,0.23079956903138,4.514961971591379,192.16722288844895,0.0014042086441824735,0.06306129137987546,False,0
ira_0127.wav,WhatsApp Ptt 2026-09-06 at 10.33.08 PM.wav,S03,Ptt,True,True,127,0.99609375,127,0.99609375,0.02,4,1.2935,0.1637262430623644,1.0,0.019327406262079627,0.1593125,0.0,1.1341875,0.1748472997365175,6.107756345566992,439.787792376787,0.003842776506140017,0.07905291133123943,True,4
ira_0128.wav,WhatsApp Ptt 2026-09-06 at 10.33.12 PM.wav,S03,Ptt,True,True,127,0.99609375,127,0.99609375,0.01,3,1.1535,0.18983884420176406,1.0,0.04876462938881665,0.1788125,0.0005,0.9741875,0.20657223724882365,5.267625833926709,379.757238630343,0.0021138268927882765,0.08100785694933622,True,9
ira_0129.wav,WhatsApp Ptt 2026-09-06 at 10.33.28 PM.wav,S03,Ptt,True,True,124,0.984375,125,0.98828125,0.03,6,1.4935,0.18752767918496807,1.0,0.041848008034817544,0.1790625,0.0011875,1.31325,0.19998315928927357,5.33254613050295,358.1691115306959,0.0039483918002325225,0.07076794308432727,True,10
ira_0130.wav,WhatsApp Ptt 2026-09-06 at 10.33.32 PM.wav,S03,Ptt,True,True,102,0.8984375,117,0.95703125,0.03,4,1.2135,0.13166002765832271,0.993865966796875,0.0,0.1539375,0.0006875,1.058875,0.14094551790217574,7.548729743366791,510.6876886804992,0.0027258356722908808,0.06834921452485192,False,0
ira_0131.wav,WhatsApp Ptt 2026-09-06 at 10.33.36 PM.wav,S03,Ptt,True,True,127,0.99609375,127,0.99609375,0.0,2,1.0935,0.15839278510753763,0.999969482421875,0.017146776406035662,0.1751875,0.0,0.9183125,0.17284146245855206,6.313226210038327,517.1015503798318,0.003664174116386473,0.08139468419548443,True,3
ira_0132.wav,WhatsApp Ptt 2026-09-06 at 10.33.40 PM.wav,S03,Ptt,True,True,127,0.99609375,127,0.99609375,0.1,4,1.2735,0.15729429000863163,0.999969482421875,0.019630938358853555,0.182,0.001375,1.090125,0.17000955294930797,6.357315846411215,468.4656981499444,0.004305421603886284,0.08824539877300613,True,4
ira_0133.wav,WhatsApp Ptt 2026-09-06 at 10.33.43 PM.wav,S03,Ptt,True,True,126,0.9921875,127,0.99609375,0.16,4,1.2735,0.17817976805871785,1.0,0.019630938358853555,0.185625,0.0011875,1.0866875,0.19288760698914204,5.6123094720297155,401.01612215936217,0.006081276917966099,0.09173006134969325,True,4
ira_0134.wav,WhatsApp Ptt 2026-09-06 at 10.33.46 PM.wav,S03,Ptt,True,True,126,0.9921875,126,0.9921875,0.02,2,1.0335,0.17691427773287402,1.0,0.030237058538945333,0.170375,0.000125,0.863,0.19360294697432892,5.652455035369828,396.65834563586316,0.0059093257014772235,0.08732990625944966,True,5
ira_0135.wav,WhatsApp Ptt 2026-09-06 at 10.33.50 PM.wav,S03,Ptt,True,True,124,0.984375,126,0.9921875,0.06,5,1.3135,0.15976146100846098,0.999969482421875,0.00475827940616673,0.1605625,0.0,1.1529375,0.17052343397612935,6.259140822259485,339.86839411026773,0.0019475623322063812,0.08555793480847014,True,1
ira_0136.wav,WhatsApp Ptt 2026-09-06 at 10.33.54 PM.wav,S03,Ptt,True,True,125,0.98828125,125,0.98828125,0.0,3,1.1535,0.13660415115328559,0.972412109375,0.0,0.1588125,0.0,0.9946875,0.1471054412637882,7.118466760822236,472.74969605801545,0.00135665047465959,0.08100785694933622,False,0
ira_0137.wav,WhatsApp Ptt 2026-09-06 at 10.33.57 PM.wav,S03,Ptt,True,True,124,0.984375,126,0.9921875,0.04,5,1.3735,0.14144451198767702,0.999969482421875,0.004550418638514743,0.163,0.00125,1.20925,0.1507446544665168,7.069694457350136,394.90643249165913,0.0029822702416958833,0.08796359499431172,True,1
ira_0138.wav,WhatsApp Ptt 2026-09-06 at 10.34.01 PM.wav,S03,Ptt,True,True,124,0.984375,127,0.99609375,0.14,4,1.2935,0.15311017268713503,1.0,0.004831851565519907,0.1596875,0.0,1.1338125,0.1635371536303936,6.531244674665723,415.0992180809313,0.003306905939392884,0.08847547716839817,True,1
ira_0139.wav,WhatsApp Ptt 2026-09-06 at 10.34.04 PM.wav,S03,Ptt,True,True,125,0.98828125,125,0.98828125,0.0,1,0.9935,0.13474895545729576,0.88067626953125,0.0,0.1685625,0.0,0.8249375,0.1478762013797983,6.535681605415868,341.3197348895041,0.0037590525016578035,0.08235294117647059,False,0
ira_0140.wav,WhatsApp Ptt 2026-09-06 at 10.34.20 PM.wav,S03,Ptt,True,True,121,0.97265625,121,0.97265625,0.0,1,0.9735,0.15224151670391925,0.999969482421875,0.1027221366204417,0.17175,0.000375,0.801375,0.16779625476037624,6.568310038362434,593.6317118781546,0.007261072337637788,0.07569823434991975,True,16
ira_0141.wav,WhatsApp Ptt 2026-09-06 at 10.34.23 PM.wav,S03,Ptt,True,True,124,0.984375,127,0.99609375,0.03,3,1.1135,0.14589962924939756,0.999969482421875,0.05051638976201168,0.161375,0.0,0.952125,0.15778000722447144,6.853817844269841,538.8616736590709,0.004068161662006141,0.07914678641594163,True,9
ira_0142.wav,WhatsApp Ptt 2026-09-06 at 10.34.27 PM.wav,S03,Ptt,True,True,123,0.98046875,125,0.98828125,0.02,3,1.1735,0.12171221265121569,0.999969482421875,0.026629740093736684,0.162625,0.000625,1.01025,0.13117781144234536,8.215851644135622,628.14432082933,0.005108471500505286,0.07302263648468708,True,5
ira_0143.wav,WhatsApp Ptt 2026-09-06 at 10.34.31 PM.wav,S03,Ptt,True,True,93,0.86328125,100,0.890625,0.01,7,1.5135,0.09570496445528846,0.950103759765625,0.0,0.155625,0.179375,1.1785,0.10845775839677664,9.927423986552917,590.444337682249,0.0017727838590623002,0.09027462316745818,False,0
ira_0144.wav,WhatsApp Ptt 2026-09-06 at 10.34.34 PM.wav,S03,Ptt,True,True,124,0.984375,126,0.9921875,0.03,4,1.2335,0.1372935919899188,0.999969482421875,0.08107012565869477,0.165375,0.0594375,1.0086875,0.15182416061801976,7.283438854854207,750.0003130256958,0.005401753384506434,0.0983531796300988,True,16
ira_0145.wav,WhatsApp Ptt 2026-09-06 at 10.34.38 PM.wav,S03,Ptt,True,True,116,0.953125,118,0.9609375,0.01,2,1.0135,0.10753698975605241,0.94830322265625,0.0,0.1676875,0.000375,0.8454375,0.11774121165636113,8.818391000226761,636.6229683115113,0.0022694541711418335,0.08128276287388221,False,0
ira_0146.wav,WhatsApp Ptt 2026-09-06 at 10.34.44 PM.wav,S03,Ptt,True,True,126,0.9921875,127,0.99609375,0.03,2,1.0535,0.1410248683137081,0.999969482421875,0.01779781680113906,0.1665,0.0004375,0.8865625,0.15372977792332151,7.090731545286431,578.3524392560323,0.004148390382379273,0.08822307920498368,True,3
ira_0147.wav,WhatsApp Ptt 2026-09-06 at 10.34.48 PM.wav,S03,Ptt,True,True,126,0.9921875,127,0.99609375,0.01,4,1.2935,0.12049824243043238,0.999969482421875,0.009663703131039814,0.1580625,0.1395625,0.995875,0.13732859043627235,8.298622969535764,556.7994315678743,0.002537140004343726,0.09253442860594346,True,2
ira_0148.wav,WhatsApp Ptt 2026-09-06 at 10.34.52 PM.wav,S03,Ptt,True,True,124,0.984375,127,0.99609375,0.03,4,1.2535,0.02962316733779774,0.275726318359375,0.0,0.1575625,0.0,1.0959375,0.03168113198834695,9.307793296213854,609.1984310374884,0.006827833644164953,0.08745948641236599,False,0
ira_0149.wav,WhatsApp Ptt 2026-09-06 at 10.34.56 PM.wav,S03,Ptt,True,True,122,0.9765625,124,0.984375,0.04,3,1.1335,0.04712805408852934,0.506988525390625,0.0,0.1605,0.019125,0.953875,0.05137409342532095,10.75768001026002,628.5975646321756,0.0027379630216569748,0.0939068100358423,False,0
ira_0150.wav,WhatsApp Ptt 2026-09-06 at 10.34.59 PM.wav,S03,Ptt,True,True,127,0.99609375,127,0.99609375,0.0,3,1.1335,0.1390896693142544,0.999969482421875,0.022055580061755623,0.1668125,0.0,0.9666875,0.15061296671092692,7.189387158312804,668.743689139447,0.004634567568308167,0.08921974083264406,True,4
ira_0151.wav,WhatsApp Ptt 2026-09-06 at 10.35.03 PM.wav,S03,Ptt,True,True,125,0.98828125,125,0.98828125,0.0,1,0.9935,0.14659442046788373,0.999969482421875,0.01887267237040765,0.172,0.00075,0.82075,0.1612851043438643,6.821333849066587,575.0730548812509,0.0017178857384066767,0.0861277131173325,True,3
ira_0152.wav,WhatsApp Ptt 2026-09-06 at 10.35.07 PM.wav,S03,Ptt,True,True,127,0.99609375,127,0.99609375,0.0,4,1.2935,0.12370553041564455,0.999969482421875,0.004831851565519907,0.160375,0.18325,0.949875,0.1443570822634879,8.083466269147598,544.5315897373209,0.001574103599239879,0.09925102681807199,True,1
ira_0153.wav,WhatsApp Ptt 2026-09-06 at 10.35.10 PM.wav,S03,Ptt,True,True,127,0.99609375,127,0.99609375,0.0,3,1.1935,0.1516603160351744,0.999969482421875,0.015710096355257646,0.16475,0.0005625,1.0281875,0.16339768301197535,6.593481462810305,551.6153048881214,0.0021719714363282756,0.09206598586017282,True,3
ira_0154.wav,WhatsApp Ptt 2026-09-06 at 10.35.14 PM.wav,S03,Ptt,True,True,126,0.9921875,126,0.9921875,0.01,2,1.0135,0.11208943209778169,0.957489013671875,0.0,0.1716875,0.0003125,0.8415,0.12301236034271017,8.542188105981351,497.8787680606396,0.001391724899688489,0.09065679925994449,False,0
ira_0155.wav,WhatsApp Ptt 2026-09-06 at 10.35.17 PM.wav,S03,Ptt,True,True,123,0.98046875,123,0.98046875,0.0,1,0.9535,0.057192010745459994,0.446868896484375,0.0,0.1743125,0.0008125,0.778375,0.06329947683253573,7.813484622410277,579.9530309487113,0.003217300007163194,0.08495575221238938,False,0
ira_0156.wav,WhatsApp Ptt 2026-09-06 at 10.35.21 PM.wav,S03,Ptt,True,True,123,0.98046875,123,0.98046875,0.0,3,1.1135,0.057154358407361064,0.41253662109375,0.0,0.1603125,0.0,0.9531875,0.06177377581092397,7.217938099373683,408.04909771839044,0.0036628066945677317,0.07437552624193096,False,0
ira_0157.wav,WhatsApp Ptt 2026-09-06 at 10.35.24 PM.wav,S03,Ptt,True,True,126,0.9921875,126,0.9921875,0.0,1,0.9135,0.07755672289896494,0.560455322265625,0.0,0.163,0.0001875,0.7503125,0.08557603488834123,7.22639252042333,551.8868531998104,0.0025872565205449748,0.088128634964078,False,0
ira_0158.wav,WhatsApp Ptt 2026-09-06 at 10.35.28 PM.wav,S03,Ptt,True,True,127,0.99609375,127,0.99609375,0.0,3,1.1735,0.09029261174924749,0.78912353515625,0.0,0.165375,0.0001875,1.0079375,0.09742645281293831,8.73962464778107,582.478291645736,0.0024218569346547915,0.09581890812250334,False,0
ira_0159.wav,WhatsApp Ptt 2026-09-06 at 10.35.32 PM.wav,S03,Ptt,True,True,125,0.98828125,127,0.99609375,0.01,3,1.1935,0.08723077806318495,0.75811767578125,0.0,0.160625,0.0795625,0.9533125,0.09760289191544885,8.690942493165808,631.6268440077702,0.0022970768990204643,0.09662215239591516,False,0
ira_0160.wav,WhatsApp Ptt 2026-09-06 at 10.35.50 PM.wav,S03,Ptt,True,True,112,0.9375,112,0.9375,0.0,2,1.0935,0.09370113716295254,0.819366455078125,0.0,0.149375,0.00125,0.942875,0.10090830930594905,8.74446650154514,818.9538722981557,0.002785578830624786,0.09425550157187768,False,0
ira_0161.wav,WhatsApp Ptt 2026-09-06 at 10.35.55 PM.wav,S03,Ptt,True,True,123,0.98046875,123,0.98046875,0.0,1,0.8735,0.16269349840929234,0.999969482421875,0.028620492272467084,0.1780625,0.0005625,0.694875,0.18240896314203445,6.146339541523813,796.9188088742666,0.006065000938348535,0.09373881932021468,True,4
ira_0162.wav,WhatsApp Ptt 2026-09-06 at 10.35.58 PM.wav,S03,Ptt,True,True,123,0.98046875,126,0.9921875,0.03,2,1.0935,0.17104016266767028,0.999969482421875,0.022862368541380886,0.1820625,0.0,0.9114375,0.1873453086115129,5.84640161015754,721.0125109715212,0.007733188735704119,0.09734209774221206,True,4
ira_0163.wav,WhatsApp Ptt 2026-09-06 at 10.36.02 PM.wav,S03,Ptt,True,True,106,0.9140625,114,0.9453125,0.02,3,1.1935,0.12467447669710556,0.999969482421875,0.005236698785085881,0.1684375,0.0005,1.0245625,0.13456083451828832,8.020643109265125,816.7287715467415,0.004467319114840865,0.09934537837130139,True,1
ira_0164.wav,WhatsApp Ptt 2026-09-06 at 10.36.05 PM.wav,S03,Ptt,True,True,106,0.9140625,106,0.9140625,0.0,2,1.0135,0.1497751190212468,0.999969482421875,0.012333497779970401,0.16475,0.0011875,0.8475625,0.16378155117946533,6.676472627473068,833.1424540842952,0.004651614976681201,0.09300030835646007,True,2
ira_0165.wav,WhatsApp Ptt 2026-09-06 at 10.36.08 PM.wav,S03,Ptt,True,True,126,0.9921875,126,0.9921875,0.0,1,0.9735,0.1607484214464714,1.0,0.025680534155110426,0.172875,0.0,0.800625,0.1772552755681048,6.220900902177731,783.8709514216318,0.006442448878583997,0.09219903691813804,True,4
ira_0166.wav,WhatsApp Ptt 2026-09-06 at 10.36.12 PM.wav,S03,Ptt,True,True,122,0.9765625,125,0.98828125,0.02,4,1.2735,0.12569537189050264,1.0,0.014723203769140164,0.1655625,0.01925,1.0886875,0.13594606837363543,7.955742402919439,959.1721475385235,0.012834914617890889,0.10743558282208589,True,3
ira_0167.wav,WhatsApp Ptt 2026-09-06 at 10.36.16 PM.wav,S03,Ptt,True,True,120,0.96875,123,0.98046875,0.01,4,1.2135,0.13658649531005163,0.999969482421875,0.005150391429748661,0.167,0.0,1.0465,0.14708114168700037,7.321144598900076,1018.604524935669,0.009156084749808183,0.09739891836209116,True,1
ira_0168.wav,WhatsApp Ptt 2026-09-06 at 10.36.19 PM.wav,S03,Ptt,True,True,122,0.9765625,122,0.9765625,0.0,4,1.2535,0.12525431146485833,1.0,0.03988831272437176,0.1671875,0.1595,0.9268125,0.14566601960653283,7.983757112269645,738.1355606992402,0.0035323715234977576,0.10211917227624034,True,8
ira_0169.wav,WhatsApp Ptt 2026-09-06 at 10.36.23 PM.wav,S03,Ptt,True,True,120,0.96875,124,0.984375,0.02,5,1.3335,0.13254973539159742,0.98992919921875,0.0,0.1598125,0.159875,1.0138125,0.15201847078254507,7.468360433117119,864.455930368896,0.006765357204488828,0.10569486758846965,False,0
ira_0170.wav,WhatsApp Ptt 2026-09-06 at 10.36.27 PM.wav,S03,Ptt,True,True,127,0.99609375,127,0.99609375,0.01,2,1.0535,0.12935741191635247,0.99859619140625,0.0,0.158125,0.0001875,0.8951875,0.14033018860295993,7.719667366659911,683.4951373420839,0.00412507224058726,0.0859092257490359,False,0
ira_0171.wav,WhatsApp Ptt 2026-09-06 at 10.36.30 PM.wav,S03,Ptt,True,True,122,0.9765625,124,0.984375,0.02,2,1.0535,0.14295011442501113,0.999969482421875,0.005932605600379687,0.16425,0.0070625,0.8821875,0.15621397669703854,6.995233871928376,641.0564969063018,0.0019292079348652157,0.09546128745179472,True,1
ira_0172.wav,WhatsApp Ptt 2026-09-06 at 10.36.34 PM.wav,S03,Ptt,True,True,124,0.984375,127,0.99609375,0.02,5,1.3735,0.15543003009589537,0.999969482421875,0.009100837277029487,0.16675,0.1028125,1.1039375,0.17337082329137002,6.433566806909358,597.2511993050147,0.002427770807918672,0.09683731513083049,True,2
ira_0173.wav,WhatsApp Ptt 2026-09-06 at 10.36.38 PM.wav,S03,Ptt,True,True,126,0.9921875,126,0.9921875,0.04,4,1.2335,0.17078176243487833,0.9967041015625,0.0,0.181125,0.0,1.052375,0.18489492782418054,5.836127273499466,679.2739825700419,0.005319177552957152,0.10048137826197112,False,0
ira_0174.wav,WhatsApp Ptt 2026-09-06 at 10.36.41 PM.wav,S03,Ptt,True,True,125,0.98828125,125,0.98828125,0.0,2,1.0935,0.14027639944175968,0.999969482421875,0.022862368541380886,0.158375,0.09925,0.835875,0.16044376271334954,7.12856536381977,571.5074473959922,0.001382941292842199,0.1007716490425836,True,4
ira_0175.wav,WhatsApp Ptt 2026-09-06 at 10.36.44 PM.wav,S03,Ptt,True,True,121,0.97265625,121,0.97265625,0.0,1,0.9135,0.1390641007723701,0.99261474609375,0.0,0.1715,0.0,0.742,0.15430031105923686,7.137821627441661,594.060198701762,0.0017336111209532267,0.0898392062949025,False,0
ira_0176.wav,WhatsApp Ptt 2026-09-06 at 10.36.48 PM.wav,S03,Ptt,True,True,123,0.98046875,125,0.98828125,0.01,4,1.2335,0.1673152109091061,0.999969482421875,0.01520064856100527,0.1698125,0.01975,1.0439375,0.18187241157974018,5.9765605110769515,606.1334970963403,0.0034343815623034406,0.09617430960222954,True,3
ira_0177.wav,WhatsApp Ptt 2026-09-06 at 10.36.51 PM.wav,S03,Ptt,True,True,125,0.98828125,126,0.9921875,0.02,4,1.2335,0.156195409406743,0.999969482421875,0.01520064856100527,0.172,0.159,0.9025,0.18260531964020246,6.402041431434706,501.62679408095477,0.0020631738133245034,0.09896123638206232,True,3
ira_0178.wav,WhatsApp Ptt 2026-09-06 at 10.36.55 PM.wav,S03,Ptt,True,True,127,0.99609375,127,0.99609375,0.0,2,1.0935,0.17078719098656522,1.0,0.022862368541380886,0.1750625,0.0206875,0.89775,0.18848867332909233,5.855240045950892,598.8643413229282,0.001665133713037926,0.09191197484995713,True,4
ira_0179.wav,WhatsApp Ptt 2026-09-06 at 10.36.58 PM.wav,S03,Ptt,True,True,125,0.98828125,127,0.99609375,0.04,4,1.2335,0.16731428925615904,0.99505615234375,0.0,0.1628125,0.099125,0.9715625,0.18852412037137667,5.947227560583985,544.3274902027026,0.0025506603233992125,0.0925766404864454,False,0
ira_0180.wav,WhatsApp Audio 2026-09-06 at 11.07.35 PM.wav,S07,Audio,False,False,-109,0.07421875,-87,0.16015625,0.52,7,1.5535,0.07699131121710025,0.423095703125,0.0,0.9301875,0.12575,0.4975625,0.13603809091538413,5.495369496071497,435.095265486573,0.004147439354017437,0.09205391269362301,False,0
ira_0181.wav,WhatsApp Audio 2026-09-06 at 11.07.36 PM (1).wav,S07,Audio,False,True,-81,0.18359375,-22,0.4140625,0.09,2,1.0935,0.09183255691489904,0.413299560546875,0.0,0.3575,0.1348125,0.6011875,0.12384997216042316,4.500577730073208,416.8359735848776,0.0019689310252579313,0.06910545870248642,False,0
ira_0182.wav,WhatsApp Audio 2026-09-06 at 11.07.36 PM (2).wav,S07,Audio,True,True,33,0.62890625,57,0.72265625,0.92,25,3.3135,0.07429492721016533,0.61480712890625,0.0,0.2495,0.4854375,2.5785625,0.08421884670479002,8.275223517846447,485.5324408102025,0.005163828518616996,0.0988965387154579,False,0
ira_0183.wav,WhatsApp Audio 2026-09-06 at 11.07.36 PM.wav,S07,Audio,False,False,-113,0.05859375,-98,0.1171875,0.09,2,1.0935,0.09693364036909738,0.49896240234375,0.0,0.31625,0.27925,0.498,0.14363593331521354,5.1474637746383465,437.0491963609397,0.0019755153041538264,0.07990854529865676,False,0
ira_0184.wav,WhatsApp Audio 2026-09-06 at 11.07.37 PM (1).wav,S07,Audio,False,True,-33,0.37109375,-22,0.4140625,0.49,6,1.4935,0.052059796675702395,0.264495849609375,0.0,0.3799375,0.2893125,0.82425,0.07007590252929917,5.080616262430041,504.87148442872075,0.00206221002702963,0.09152542372881356,False,0
ira_0185.wav,WhatsApp Audio 2026-09-06 at 11.07.37 PM (2).wav,S07,Audio,False,True,-38,0.3515625,-11,0.45703125,0.09,7,1.5535,0.0485030446568832,0.350341796875,0.0,0.352625,0.6391875,0.5616875,0.08066089217227329,7.223088763877878,481.8693264033899,0.0021195314968305494,0.10388251860792597,False,0
ira_0186.wav,WhatsApp Audio 2026-09-06 at 11.07.37 PM.wav,S07,Audio,False,True,-33,0.37109375,22,0.5859375,0.06,4,1.2735,0.08057385934046578,0.322509765625,0.0,0.3095,0.4241875,0.5398125,0.12375535365660084,4.0026600223061335,339.5081442227067,0.0011992494289049978,0.07352147239263804,False,0
ira_0187.wav,WhatsApp Audio 2026-09-06 at 11.07.38 PM (1).wav,S07,Audio,True,True,-22,0.4140625,61,0.73828125,0.05,5,1.3335,0.06985439689292049,0.3323974609375,0.0,0.3234375,0.36825,0.6418125,0.10068809553071166,4.7584329079103025,369.075513504286,0.0015849092685353285,0.08216545582376376,False,0
ira_0188.wav,WhatsApp Audio 2026-09-06 at 11.07.38 PM (2).wav,S07,Audio,False,False,-66,0.2421875,-48,0.3125,0.31,6,1.4935,0.05583462042128084,0.283447265625,0.0,0.527375,0.1111875,0.8549375,0.07379507972749069,5.076550417757774,454.1491351108801,0.003380614531427913,0.06804770872567482,False,0
ira_0189.wav,WhatsApp Audio 2026-09-06 at 11.07.38 PM.wav,S07,Audio,False,False,-33,0.37109375,-33,0.37109375,0.0,6,1.4335,0.0530920346043134,0.24969482421875,0.0,0.252,0.3354375,0.8460625,0.0691070368578345,4.703056232063554,461.7749161782021,0.0020110253521712224,0.08899062568127317,False,0
ira_0190.wav,WhatsApp Audio 2026-09-06 at 11.07.39 PM (1).wav,S07,Audio,False,False,-70,0.2265625,-57,0.27734375,0.02,4,1.2935,0.07567518926760854,0.390380859375,0.0,0.21025,0.461,0.62225,0.10910391779871795,5.158637370492786,725.3055975343404,0.0018992002644803783,0.07871466537811066,False,0
ira_0191.wav,WhatsApp Audio 2026-09-06 at 11.07.39 PM (2).wav,S07,Audio,True,True,-22,0.4140625,22,0.5859375,0.11,6,1.4735,0.05783273962109707,0.348724365234375,0.0,0.3244375,0.0906875,1.058375,0.06823793768066713,6.029878015793709,499.51577793774777,0.00183360015796328,0.08453870625662778,False,0
ira_0192.wav,WhatsApp Audio 2026-09-06 at 11.07.39 PM.wav,S07,Audio,True,True,-17,0.43359375,-6,0.4765625,0.06,6,1.4335,0.058430833101268204,0.380950927734375,0.0,0.396625,0.19325,0.843625,0.07616411585458559,6.519690162112488,567.9917774765934,0.0031684034876333354,0.07948550250708523,False,0
ira_0193.wav,WhatsApp Audio 2026-09-06 at 11.07.40 PM (1).wav,S07,Audio,False,True,-48,0.3125,-17,0.43359375,0.15,5,1.3135,0.05350587349478346,0.464599609375,0.0,0.4786875,0.0038125,0.831,0.06726703895429557,8.683151568776763,512.2509227060232,0.0028075225334679072,0.07304306447775398,False,0
ira_0194.wav,WhatsApp Audio 2026-09-06 at 11.07.40 PM (2).wav,S07,Audio,False,False,-106,0.0859375,-93,0.13671875,0.25,5,1.3535,0.06632053184803237,0.465484619140625,0.0,0.504375,0.22925,0.619875,0.0979962813896737,7.018710588860201,537.9009935270476,0.004858781783839825,0.09097206187947356,False,0
ira_0195.wav,WhatsApp Audio 2026-09-06 at 11.07.40 PM.wav,S07,Audio,False,False,-61,0.26171875,-48,0.3125,0.13,3,1.1735,0.07176150444897086,0.43768310546875,0.0,0.3379375,0.216125,0.6194375,0.09876957428781569,6.099135028307323,644.3831757496108,0.0029471253130838966,0.08591211717709721,False,0
ira_0196.wav,WhatsApp Audio 2026-09-06 at 11.07.41 PM (1).wav,S07,Audio,False,False,-104,0.09375,-84,0.171875,0.24,4,1.2735,0.08807235503075324,0.460052490234375,0.0,0.450375,0.16675,0.656375,0.12267315124392619,5.223574299491971,504.00703006204753,0.0028166937573923852,0.08029447852760736,False,0
ira_0197.wav,WhatsApp Audio 2026-09-06 at 11.07.41 PM (2).wav,S07,Audio,False,False,-116,0.046875,-115,0.05078125,0.01,2,1.0935,0.0922500736777001,0.4244384765625,0.0,0.3310625,0.145625,0.6168125,0.12282588038012457,4.600955420863808,469.753571514984,0.0017547949559798392,0.08705344384109745,False,0
ira_0198.wav,WhatsApp Audio 2026-09-06 at 11.07.41 PM.wav,S07,Audio,False,False,-95,0.12890625,-95,0.12890625,0.08,3,1.1535,0.07635625734724853,0.385589599609375,0.0,0.398875,0.1898125,0.5648125,0.1091161811723477,5.04987558329127,508.3879171135658,0.002800193366988653,0.08810620428068275,False,0
ira_0199.wav,WhatsApp Audio 2026-09-06 at 11.07.42 PM.wav,S07,Audio,False,False,-90,0.1484375,-84,0.171875,0.26,6,1.4335,0.07592129089990367,0.349090576171875,0.0,0.484375,0.37975,0.569375,0.12046156287438374,4.598059016569197,474.108270028271,0.0029310300522083247,0.08380204926967517,False,0
ira_0200.wav,WhatsApp Audio 2026-09-06 at 11.24.19 PM.wav,S08,Audio,True,True,57,0.72265625,77,0.80078125,1.04,16,2.4335,0.060559264219680116,0.685699462890625,0.0,1.130375,0.4026875,0.9004375,0.09955530469478743,11.32278391631765,673.1630640239092,0.00514871386583784,0.14770771799152432,False,0
ira_0201.wav,WhatsApp Audio 2026-09-06 at 11.24.20 PM (1).wav,S08,Audio,True,True,126,0.9921875,127,0.99609375,0.45,15,2.3535,0.04247882620287523,0.43634033203125,0.0,0.2189375,0.9896875,1.144875,0.06090415743458313,10.271948898666032,646.4926092018959,0.005652732578542302,0.17392112601248175,False,0
ira_0202.wav,WhatsApp Audio 2026-09-06 at 11.24.20 PM (2).wav,S08,Audio,True,True,126,0.9921875,127,0.99609375,0.96,14,2.2535,0.03948128215043835,0.507720947265625,0.0,0.3219375,0.6076875,1.323875,0.05150977694398646,12.859788730543745,688.3121201035914,0.01367671741416202,0.19861322978782417,False,0
ira_0203.wav,WhatsApp Audio 2026-09-06 at 11.24.20 PM.wav,S08,Audio,True,True,123,0.98046875,123,0.98046875,1.4,21,2.9335,0.05189261142063079,0.5687255859375,0.0,1.6998125,0.2906875,0.943,0.0915226165167583,10.959664013196944,1466.2190164260005,0.02461690628256477,0.1438585277511452,False,0
ira_0204.wav,WhatsApp Audio 2026-09-06 at 11.24.21 PM (1).wav,S08,Audio,True,True,121,0.97265625,121,0.97265625,1.3,16,2.4935,0.04325387809053012,0.56396484375,0.0,1.2288125,0.3735625,0.891125,0.07235163942588209,13.038480447224288,656.4811215982157,0.0077094648604589455,0.2036345406692568,False,0
ira_0205.wav,WhatsApp Audio 2026-09-06 at 11.24.21 PM (2).wav,S08,Audio,True,True,106,0.9140625,111,0.93359375,0.43,9,1.7735,0.05294336793825064,0.80523681640625,0.0,0.5976875,0.5190625,0.65675,0.08699913522782907,15.209399170551837,1121.4296304965335,0.006161663172889311,0.19006167400881058,False,0
ira_0206.wav,WhatsApp Audio 2026-09-06 at 11.24.21 PM.wav,S08,Audio,True,True,118,0.9609375,120,0.96875,0.93,12,2.0935,0.04762078283988077,0.453704833984375,0.0,0.8970625,0.423125,0.7733125,0.07835121341905807,9.527454336689585,916.2197194892053,0.012064761941198338,0.17719062546648753,False,0
ira_0207.wav,WhatsApp Audio 2026-09-06 at 11.24.22 PM (1).wav,S08,Audio,False,False,-122,0.0234375,-122,0.0234375,0.6,8,1.6135,0.07692130006325132,0.51129150390625,0.0,0.1869375,0.508625,0.9179375,0.10198182911024206,6.646943089701059,436.29252367593267,0.0011606035691631494,0.13871779972883982,False,0
ira_0208.wav,WhatsApp Audio 2026-09-06 at 11.24.22 PM (2).wav,S08,Audio,False,False,-124,0.015625,-121,0.02734375,0.63,8,1.6335,0.04366570655241223,0.3822021484375,0.0,0.185875,0.6871875,0.7604375,0.06399714876778778,8.75291340994884,737.1858180783181,0.00143536249078504,0.18178687583700018,False,0
ira_0209.wav,WhatsApp Audio 2026-09-06 at 11.24.22 PM (3).wav,S08,Audio,False,False,-124,0.015625,-120,0.03125,0.03,6,1.4335,0.056177633662030414,0.473968505859375,0.0,0.2936875,0.0350625,1.10475,0.0639919374041619,8.436961028134634,954.1945372969751,0.0011235974273857646,0.15469805973403095,False,0
ira_0210.wav,WhatsApp Audio 2026-09-06 at 11.24.22 PM.wav,S08,Audio,True,True,111,0.93359375,115,0.94921875,0.05,2,1.0935,0.08373655688152139,0.787109375,0.0,0.492875,0.019125,0.5815,0.11482733658187752,9.39982970775451,777.7697551211681,0.002554507206953165,0.172049156901972,False,0
ira_0211.wav,WhatsApp Audio 2026-09-06 at 11.24.23 PM (1).wav,S08,Audio,False,False,-100,0.109375,-90,0.1484375,0.49,7,1.5135,0.17531796324883323,0.977325439453125,0.0,0.0891875,0.493625,0.9306875,0.22356793173320605,5.574588144547301,615.90725213909,0.0014641687142435366,0.11245096014866818,False,0
ira_0212.wav,WhatsApp Audio 2026-09-06 at 11.24.23 PM (2).wav,S08,Audio,True,True,17,0.56640625,17,0.56640625,0.0,1,0.8335,0.17377738859860853,0.997833251953125,0.0,0.106,0.1201875,0.6073125,0.20357845853709483,5.74202006371452,537.623780638827,0.002817475638123875,0.108286464191976,False,0
ira_0213.wav,WhatsApp Audio 2026-09-06 at 11.24.23 PM.wav,S08,Audio,False,False,-126,0.0078125,-126,0.0078125,0.2335,4,1.2335,0.05371940152115317,0.2437744140625,0.0,0.23575,0.0001875,0.9975625,0.0597347895324813,4.537921256745732,459.05964702800316,0.0026038651642161428,0.12186470737268812,False,0
ira_0214.wav,WhatsApp Audio 2026-09-06 at 11.24.24 PM (1).wav,S08,Audio,True,True,43,0.66796875,57,0.72265625,0.01,3,1.1535,0.10414892798738758,0.684783935546875,0.0,0.0320625,0.079625,1.0418125,0.10958938926059256,6.575045454426591,1232.1823181930772,0.0039471251996543435,0.1489569222432945,False,0
ira_0215.wav,WhatsApp Audio 2026-09-06 at 11.24.24 PM.wav,S08,Audio,False,True,-43,0.33203125,-6,0.4765625,0.01,6,1.4935,0.13956322660082576,0.9984130859375,0.0,0.073875,0.0008125,1.4188125,0.14318902170674125,7.153840666016764,787.3454117206179,0.0026600140206446327,0.11818372044360745,False,0
ira_0216.wav,WhatsApp Ptt 2026-09-06 at 10.48.41 PM.wav,S04,Ptt,False,True,-48,0.3125,53,0.70703125,0.03,18,2.6935,0.14263504864220258,1.0,0.0069612028958604055,0.036625,0.00025,2.656625,0.1436214681615274,7.010899561639172,416.4785783387735,0.006781292924158044,0.08511428239935027,True,3
ira_0217.wav,WhatsApp Ptt 2026-09-06 at 10.49.24 PM.wav,S04,Ptt,True,True,53,0.70703125,95,0.87109375,0.05,3,1.1335,0.25420131835597226,0.999969482421875,0.03859726510807234,0.2104375,0.0,0.9230625,0.2816889563204581,3.9337698517423187,352.24511842201804,0.0001830084333306319,0.07543424317617867,True,7
ira_0218.wav,WhatsApp Ptt 2026-09-06 at 10.49.31 PM.wav,S04,Ptt,False,True,-53,0.29296875,11,0.54296875,0.06,5,1.3935,0.23871446315587233,0.999969482421875,0.08073196986006459,0.0300625,0.064125,1.2993125,0.24721413636188758,4.188977363172709,253.32200809415878,0.00022460587273118334,0.057591388203633104,True,18
ira_0219.wav,WhatsApp Ptt 2026-09-06 at 10.50.09 PM.wav,S04,Ptt,True,True,17,0.56640625,70,0.7734375,0.04,4,1.2135,0.18736578569586482,0.999176025390625,0.005150391429748661,0.0300625,0.0,1.1834375,0.18973062856837505,5.332756040168954,282.9069179467133,0.0009657457133430911,0.07283028586144734,True,1
ira_0220.wav,WhatsApp Ptt 2026-09-06 at 10.52.53 PM.wav,S05,Ptt,True,True,112,0.9375,114,0.9453125,0.18,9,1.7135,0.14228876309582336,0.999725341796875,0.0036475051065071487,0.03,0.2294375,1.4540625,0.15446150519659194,7.026031571611997,535.0647223255091,0.0018005921421095062,0.11158125113988693,True,1
ira_0221.wav,WhatsApp Ptt 2026-09-06 at 10.58.29 PM.wav,S06,Ptt,True,True,119,0.96484375,119,0.96484375,0.0,2,1.0335,0.17603649767446378,0.999969482421875,0.012094823415578132,0.1296875,6.25e-05,0.90375,0.1882494528062359,5.6804668101899685,896.0787432988163,0.04102391536329672,0.11817357121257938,True,2
ira_0222.wav,WhatsApp Ptt 2026-09-06 at 10.58.32 PM.wav,S06,Ptt,True,True,122,0.9765625,124,0.984375,0.28,4,1.2935,0.0900765332828719,0.9229736328125,0.0,0.2661875,0.1399375,0.887375,0.10875164189642841,10.2465492306863,574.6678265377855,0.0008436229623174494,0.19478134815172746,False,0
ira_0223.wav,WhatsApp Ptt 2026-09-06 at 10.58.55 PM.wav,S06,Ptt,True,True,125,0.98828125,126,0.9921875,0.11,3,1.1935,0.13872179073179144,0.97308349609375,0.0,0.0614375,0.0226875,1.109375,0.14388410173365626,7.01464053311665,687.530498682242,0.0010450737795537008,0.10610107357947107,False,0
ira_0224.wav,WhatsApp Ptt 2026-09-06 at 10.58.58 PM.wav,S06,Ptt,True,True,111,0.93359375,111,0.93359375,0.0,1,0.9135,0.20943400878189145,1.0,0.020525451559934318,0.134375,0.0001875,0.7789375,0.22680348914058482,4.774773714241506,701.3846777211955,0.007853905684432378,0.09072870338693123,True,3
ira_0225.wav,WhatsApp Ptt 2026-09-06 at 10.59.11 PM.wav,S06,Ptt,True,True,120,0.96875,120,0.96875,0.02,16,2.4735,0.04856905960304517,0.63470458984375,0.0,0.2251875,0.10175,2.1465625,0.05213659758621116,13.068084806071797,899.303233909775,0.0014755411198419592,0.1384712571067593,False,0
ira_0226.wav,WhatsApp Ptt 2026-09-06 at 10.59.28 PM.wav,S06,Ptt,True,True,104,0.90625,117,0.95703125,0.03,11,1.9535,0.1150941475033281,1.0,0.01919631430765293,0.1283125,0.2983125,1.526875,0.13018409736614026,8.688539093363403,967.8933818291622,0.010813562740592355,0.11582146856502959,True,6
ira_0227.wav,WhatsApp Ptt 2026-09-06 at 10.59.42 PM.wav,S06,Ptt,True,True,111,0.93359375,114,0.9453125,0.09,6,1.4135,0.08595601109864866,0.803802490234375,0.0,0.2318125,0.001,1.1806875,0.09404912599536593,9.351323775505119,785.6233573749264,0.0034898448557705154,0.12403272164492593,False,0
ira_0228.wav,WhatsApp Ptt 2026-09-06 at 11.00.00 PM.wav,S06,Ptt,True,True,126,0.9921875,126,0.9921875,0.0,6,1.4335,0.15288113045411178,1.0,0.02179979072200907,0.133125,0.0,1.300375,0.16051594580179812,6.541029602735415,877.9663548746336,0.01075303102298226,0.11371266623065185,True,5
ira_0229.wav,WhatsApp Ptt 2026-09-06 at 11.00.18 PM.wav,S06,Ptt,True,True,121,0.97265625,124,0.984375,0.02,5,1.3735,0.04076746535028271,0.41259765625,0.0,0.032625,6.25e-05,1.3408125,0.04126138405847762,10.120758126728592,861.7382055446353,0.0047225869447411715,0.13356086461888508,False,0
ira_0230.wav,WhatsApp Ptt 2026-09-06 at 11.00.37 PM.wav,S06,Ptt,True,True,122,0.9765625,123,0.98046875,0.01,15,2.3335,0.12381366541027489,1.0,0.005356760231412042,0.135875,0.0,2.197625,0.12758378472320975,8.076652901651462,824.6693011588588,0.04018379267820071,0.12149457613499397,True,2
ira_0231.wav,WhatsApp Ptt 2026-09-06 at 11.09.04 PM.wav,S07,Ptt,True,True,123,0.98046875,125,0.98828125,0.04,10,1.8335,0.13554488613089558,0.984222412109375,0.0,0.047375,0.0005625,1.7855625,0.13735212580246534,7.261228661617763,423.3775486974296,0.012980897199209251,0.09500596557013806,False,0
ira_0232.wav,WhatsApp Ptt 2026-09-06 at 11.09.06 PM.wav,S07,Ptt,True,True,106,0.9140625,121,0.97265625,0.02,8,1.6335,0.1645361900506981,0.99908447265625,0.0038261401897765534,0.196875,0.0,1.436625,0.17544751461387828,6.072125970270763,400.57938388932075,0.009645808238231659,0.09010904916778267,True,1
ira_0233.wav,WhatsApp Ptt 2026-09-06 at 11.09.09 PM.wav,S07,Ptt,True,True,-6,0.4765625,-6,0.4765625,0.0,1,0.9335,0.1801449219922676,1.0,0.01339046598821639,0.03,0.0,0.9035,0.18311127028943996,5.551086252894341,322.90723919464773,0.003738808480313462,0.0879142952795447,True,2
ira_0234.wav,WhatsApp Ptt 2026-09-06 at 11.09.15 PM.wav,S07,Ptt,True,True,22,0.5859375,95,0.87109375,0.05,7,1.5135,0.1495289877468434,1.0,0.008259002312520646,0.0300625,0.0034375,1.48,0.15121166611141681,6.687666485732031,397.1486953825779,0.00432430984359063,0.09646913070410902,True,2
ira_0235.wav,WhatsApp Ptt 2026-09-06 at 11.09.18 PM.wav,S07,Ptt,True,True,48,0.6875,117,0.95703125,0.05,7,1.5135,0.17119066149823112,0.999969482421875,0.004129501156260323,0.1846875,6.25e-05,1.32875,0.18270412957122031,5.841261863645568,339.24060157240876,0.005851288700545242,0.11212058641338013,True,1
ira_0236.wav,WhatsApp Ptt 2026-09-06 at 11.09.22 PM.wav,S07,Ptt,True,True,111,0.93359375,123,0.98046875,0.02,7,1.5935,0.17364790621973147,0.99993896484375,0.003922183871979918,0.1948125,0.00075,1.3979375,0.18539584111702762,5.758427997274221,376.18495091263526,0.016329326505841436,0.11892527946656208,True,1
ira_0237.wav,WhatsApp Ptt 2026-09-06 at 11.09.25 PM.wav,S07,Ptt,False,True,-53,0.29296875,33,0.62890625,0.03,3,1.1335,0.18276188877983712,0.999969482421875,0.005513895015438906,0.1805625,0.0055,0.9474375,0.19990291154611117,5.471433290047037,300.20152196799825,0.001991542960832433,0.08469809760132341,True,1
ira_0238.wav,WhatsApp Ptt 2026-09-06 at 11.09.33 PM.wav,S07,Ptt,True,True,90,0.8515625,118,0.9609375,0.02,7,1.5735,0.17046716879941778,0.999969482421875,0.011916110581506196,0.030125,0.0136875,1.5296875,0.17289085499207793,5.866053208160575,444.3645486047098,0.006336130089709103,0.11062562065541212,True,3
ira_0239.wav,WhatsApp Ptt 2026-09-06 at 11.09.37 PM.wav,S07,Ptt,True,True,118,0.9609375,126,0.9921875,0.05,10,1.8135,0.18835251956346233,0.999969482421875,0.024124620898814446,0.2021875,0.0060625,1.60525,0.2001968798029814,5.309031621873003,404.3009910784905,0.0140829395136023,0.12586593141478544,True,7
ira_0240.wav,WhatsApp Ptt 2026-09-06 at 11.09.51 PM.wav,S07,Ptt,False,False,-81,0.18359375,-77,0.19921875,0.01,3,1.1735,0.19052155540042923,0.954681396484375,0.0,0.03,0.0005,1.143,0.1930464975297809,5.010883910105975,328.9054081113735,0.001847674850988962,0.08713715046604527,False,0
ira_0241.wav,WhatsApp Ptt 2026-09-06 at 11.09.53 PM.wav,S07,Ptt,True,True,33,0.62890625,90,0.8515625,0.04,2,1.0535,0.190674646853356,0.970184326171875,0.0,0.2169375,0.0,0.8365625,0.21397239831474932,5.0881663723128545,421.02785305164116,0.0047186445851994,0.09664787896766538,False,0
ira_0242.wav,WhatsApp Ptt 2026-09-06 at 11.09.57 PM.wav,S07,Ptt,True,True,-6,0.4765625,93,0.86328125,0.03,3,1.1335,0.2001481642312957,0.999969482421875,0.005513895015438906,0.2083125,0.0,0.9251875,0.22153621621841427,4.996146161332201,360.73031735718354,0.005048082700083769,0.09495450785773367,True,1
ira_0243.wav,WhatsApp Ptt 2026-09-06 at 11.10.07 PM.wav,S07,Ptt,True,True,119,0.96484375,125,0.98828125,0.03,8,1.6735,0.14295781862433307,0.995147705078125,0.0,0.0415625,0.002125,1.6298125,0.14486095164393983,6.961128217080526,507.71049028392656,0.014016828847832787,0.1003548085901027,False,0
ira_0244.wav,WhatsApp Ptt 2026-09-06 at 11.10.10 PM.wav,S07,Ptt,False,True,-70,0.2265625,43,0.66796875,0.07,3,1.1535,0.252729302723292,0.999969482421875,0.027091460771564803,0.2149375,0.0,0.9385625,0.28017600620814626,3.9566819978794485,288.66776176934303,0.0014777445458702462,0.08897317800054186,True,5
ira_0245.wav,WhatsApp Ptt 2026-09-06 at 11.10.49 PM.wav,S07,Ptt,False,True,-43,0.33203125,-6,0.4765625,0.03,3,1.1135,0.17987848267547898,0.999969482421875,0.011225864391558149,0.0265,0.0,1.087,0.1820578717320957,5.559138967310128,394.5098803931247,0.0036350082576938627,0.09009261857984845,True,2
ira_0246.wav,WhatsApp Ptt 2026-09-06 at 11.10.52 PM.wav,S07,Ptt,True,True,43,0.66796875,113,0.94140625,0.03,5,1.3135,0.16380893816913109,0.9095458984375,0.0,0.21025,0.0010625,1.1021875,0.17882221867396822,5.552480277348498,377.18417113205544,0.005296438353400355,0.0979776350226029,False,0
ira_0247.wav,WhatsApp Ptt 2026-09-06 at 11.10.56 PM.wav,S07,Ptt,True,True,38,0.6484375,100,0.890625,0.02,5,1.3735,0.18043256971902968,0.999969482421875,0.009100837277029487,0.15925,0.0,1.21425,0.19189984117956133,5.542067510200799,348.36751814651245,0.005507710112982313,0.089419795221843,True,2
ira_0248.wav,WhatsApp Ptt 2026-09-06 at 11.11.00 PM.wav,S07,Ptt,True,True,114,0.9453125,124,0.984375,0.03,9,1.7735,0.14549783041861494,0.9844970703125,0.0,0.049875,0.0,1.723625,0.1475874535998953,6.766403784028822,364.09388810084306,0.00481404983085364,0.0880704845814978,False,0
ira_0249.wav,WhatsApp Ptt 2026-09-06 at 11.11.03 PM.wav,S07,Ptt,True,True,93,0.86328125,108,0.921875,0.02,2,1.0735,0.206622690744128,0.999969482421875,0.052398695854680946,0.047375,0.0079375,1.0181875,0.21216021066162413,4.839591812596183,301.50035238292537,0.0009858978379805674,0.08331877729257642,True,9
ira_0250.wav,WhatsApp Ptt 2026-09-06 at 11.25.57 PM.wav,S08,Ptt,True,True,116,0.953125,116,0.953125,0.0,1,0.9135,0.1485314654667437,0.85491943359375,0.0,0.1593125,0.0,0.7541875,0.1634677847060713,5.755813631187575,592.5040428962033,0.0015084485201620928,0.05405405405405406,False,0
ira_0251.wav,WhatsApp Ptt 2026-09-06 at 11.26.01 PM.wav,S08,Ptt,False,False,-61,0.26171875,-61,0.26171875,0.0,2,1.0535,0.09050625835985383,0.673583984375,0.0,0.156625,0.0,0.896875,0.09809105672555901,7.4424022888762345,626.7415207389016,0.000947982811622945,0.04965885493918718,False,0
ira_0252.wav,WhatsApp Ptt 2026-09-06 at 11.26.05 PM.wav,S08,Ptt,True,True,124,0.984375,124,0.984375,0.0,1,0.8735,0.22955191564841348,0.999969482421875,0.04293073840870063,0.15925,0.00025,0.714,0.25390002625949804,4.3561800806465465,548.6394686510839,0.0014086019503445092,0.07470483005366726,True,6
ira_0253.wav,WhatsApp Ptt 2026-09-06 at 11.26.08 PM.wav,S08,Ptt,True,True,77,0.80078125,77,0.80078125,0.0,2,1.0135,0.09860932424111717,0.65301513671875,0.0,0.147375,0.0,0.866125,0.10666926961558737,6.62224532765292,477.3434262980891,0.0003855069758314464,0.03743447425223558,False,0
ira_0254.wav,WhatsApp Ptt 2026-09-06 at 11.26.12 PM.wav,S08,Ptt,True,True,125,0.98828125,125,0.98828125,0.0,2,1.0135,0.19638401106758863,0.999969482421875,0.0555007400098668,0.1610625,6.25e-05,0.852375,0.21414222519151477,5.0919088422006,459.54726905775897,0.002257478281726279,0.058402713536848595,True,9
ira_0255.wav,WhatsApp Ptt 2026-09-06 at 11.26.15 PM.wav,S08,Ptt,True,True,127,0.99609375,127,0.99609375,0.0,2,1.0335,0.19010053332679755,0.999969482421875,0.018142235123367198,0.166875,0.0004375,0.8661875,0.2076496217461012,5.26021397690058,427.2252154287655,0.0022175445798695184,0.07118234048986997,True,3
ira_0256.wav,WhatsApp Ptt 2026-09-06 at 11.26.19 PM.wav,S08,Ptt,True,True,122,0.9765625,122,0.9765625,0.0,3,1.1535,0.12884372592007287,1.0,0.005418292154312961,0.1499375,0.000625,1.0029375,0.13817671622837102,7.761340281484421,619.0739237463096,0.0004747779646444837,0.051314007044161475,True,1
ira_0257.wav,WhatsApp Ptt 2026-09-06 at 11.26.23 PM.wav,S08,Ptt,True,True,127,0.99609375,127,0.99609375,0.0,3,1.1735,0.2375639610045508,1.0,0.5645504899872178,0.163125,0.0,1.010375,0.25602374388415083,4.209392686379918,246.1508123268907,0.0007991531450637006,0.05091877496671105,True,106
ira_0258.wav,WhatsApp Ptt 2026-09-06 at 11.26.26 PM.wav,S08,Ptt,True,True,126,0.9921875,127,0.99609375,0.01,3,1.1535,0.22210603230999493,1.0,0.23298656263545733,0.179375,0.003125,0.971,0.24207946070196423,4.502354076562374,507.7419761646517,0.002319252865706841,0.07824437821728529,True,43
ira_0259.wav,WhatsApp Ptt 2026-09-06 at 11.26.34 PM.wav,S08,Ptt,True,True,126,0.9921875,126,0.9921875,0.0,1,0.9735,0.1886176605406624,0.999969482421875,0.025680534155110426,0.16425,0.0004375,0.8088125,0.20693127364817834,5.301568684265917,432.4707446424067,0.0010567479370253324,0.05784911717495987,True,4
ira_0260.wav,WhatsApp Ptt 2026-09-06 at 11.26.38 PM.wav,S08,Ptt,True,True,124,0.984375,126,0.9921875,0.03,5,1.3135,0.15904085834151493,0.999969482421875,0.01903311762466692,0.1806875,0.0005625,1.13225,0.17129765169438016,6.287500538223956,481.8998830355083,0.005665763064243423,0.10035688793718772,True,4
ira_0261.wav,WhatsApp Ptt 2026-09-06 at 11.26.42 PM.wav,S08,Ptt,True,True,126,0.9921875,126,0.9921875,0.0,1,0.9735,0.20035571694329393,0.999969482421875,0.0064201335387776065,0.166875,0.0,0.806625,0.22010699586724009,4.990970548172046,449.7312661616021,0.0010804005347200337,0.061187800963081865,True,1
ira_0262.wav,WhatsApp Ptt 2026-09-06 at 11.26.46 PM.wav,S08,Ptt,True,True,125,0.98828125,125,0.98828125,0.0,2,1.0735,0.1684996503415947,0.999969482421875,0.011644154634373545,0.1626875,0.0006875,0.910125,0.18299908300756096,5.934549302592999,344.37831504567794,0.0009045730700547913,0.05409024745269287,True,2
ira_0263.wav,WhatsApp Ptt 2026-09-06 at 11.26.49 PM.wav,S08,Ptt,True,True,123,0.98046875,123,0.98046875,0.0,1,0.8535,0.1345732925611521,0.925079345703125,0.0,0.1635,0.0,0.69,0.1496701843641382,6.874167437664165,409.9390729523364,0.0008409208013924064,0.0529476382277554,False,0
ira_0264.wav,WhatsApp Ptt 2026-09-06 at 11.26.53 PM.wav,S08,Ptt,True,True,126,0.9921875,127,0.99609375,0.01,2,1.0735,0.13619412780277262,0.999969482421875,0.02328830926874709,0.1623125,0.0005625,0.910625,0.14787305848822466,7.342236398546969,529.1073781477536,0.000821963605508631,0.06532751091703057,True,4
ira_0265.wav,WhatsApp Ptt 2026-09-06 at 11.26.56 PM.wav,S08,Ptt,True,True,70,0.7734375,70,0.7734375,0.0,2,1.0935,0.04445160422898895,0.37139892578125,0.0,0.15675,0.0,0.93675,0.048026926748923685,8.355129859161384,582.8360085696622,0.0024882682063502473,0.07224921406116033,False,0
ira_0266.wav,WhatsApp Ptt 2026-09-06 at 11.27.00 PM.wav,S08,Ptt,True,True,126,0.9921875,127,0.99609375,0.03,5,1.3335,0.16358304916921568,1.0,0.009373828271466067,0.17825,0.005625,1.149625,0.17617937117375546,6.1131028250094985,485.6454079374828,0.002214800334778319,0.06908835247246309,True,2
ira_0267.wav,WhatsApp Ptt 2026-09-06 at 11.27.16 PM.wav,S08,Ptt,True,True,120,0.96875,125,0.98828125,0.04,3,1.1335,0.20639833323174198,1.0,0.11579179532421703,0.1615,0.0013125,0.9706875,0.22303702718182847,4.845000365759786,543.3215930222146,0.0036749744719595462,0.06109732561345465,True,21
ira_0268.wav,WhatsApp Ptt 2026-09-06 at 11.27.20 PM.wav,S08,Ptt,True,True,98,0.8828125,98,0.8828125,0.0,1,0.8735,0.16882646711296,0.828826904296875,0.0,0.1614375,0.0,0.7120625,0.18698744022026068,4.909342228563698,520.4725681841113,0.0023226564612698884,0.0629695885509839,False,0
ira_0269.wav,WhatsApp Ptt 2026-09-06 at 11.27.23 PM.wav,S08,Ptt,True,True,113,0.94140625,113,0.94140625,0.0,1,0.9135,0.23896534982015752,0.999969482421875,0.21893814997263275,0.173125,0.000375,0.74,0.2655048218347426,4.184579409418312,449.74003902801013,0.0036590078388059216,0.05939103660622648,True,32
ira_0270.wav,WhatsApp Ptt 2026-09-06 at 11.27.27 PM.wav,S08,Ptt,True,True,124,0.984375,124,0.984375,0.0,1,0.9735,0.21437237046393345,0.999969482421875,0.06420133538777606,0.1649375,0.00325,0.8053125,0.23569695842742436,4.664637892736799,460.3872829238055,0.001961571414095066,0.04404494382022472,True,10
ira_0271.wav,WhatsApp Ptt 2026-09-06 at 11.27.30 PM.wav,S08,Ptt,True,True,122,0.9765625,122,0.9765625,0.0,1,0.8135,0.24206661249442613,0.999969482421875,0.08451137062077443,0.165875,0.0,0.647625,0.27130106243655666,4.130968216217346,418.9810141684494,0.002052957294412717,0.059085670380330385,True,11
ira_0272.wav,WhatsApp Ptt 2026-09-06 at 11.27.34 PM.wav,S08,Ptt,True,True,118,0.9609375,118,0.9609375,0.0,1,0.9935,0.18047287875760132,1.0,0.006290890790135883,0.155,0.0,0.8385,0.19644649976474168,5.5409987743539615,283.5003606436855,0.0021872779789638445,0.06517772884554891,True,1
ira_0273.wav,WhatsApp Ptt 2026-09-06 at 11.27.38 PM.wav,S08,Ptt,True,True,124,0.984375,126,0.9921875,0.03,2,1.0935,0.1832725100372557,0.999969482421875,0.011431184270690443,0.1614375,0.0,0.9320625,0.19851068340794753,5.456189159075744,464.4736963049989,0.002483653507740289,0.05367247785081452,True,2
ira_0274.wav,WhatsApp Ptt 2026-09-06 at 11.27.41 PM.wav,S08,Ptt,True,True,123,0.98046875,123,0.98046875,0.0,1,0.9735,0.14582421232226855,0.830322265625,0.0,0.155,0.0,0.8185,0.15903299123326106,5.693994518482326,415.5725669005589,0.0021309370113226324,0.05804173354735152,False,0
ira_0275.wav,WhatsApp Ptt 2026-09-06 at 11.27.45 PM.wav,S08,Ptt,True,True,127,0.99609375,127,0.99609375,0.0,3,1.1135,0.1823014642433535,0.999969482421875,0.05612932195779075,0.1611875,0.000625,0.9516875,0.19719099919324257,5.48525206076798,380.8082109230253,0.0023899401636740506,0.05877069884928431,True,10
ira_0276.wav,WhatsApp Ptt 2026-09-06 at 11.27.49 PM.wav,S08,Ptt,True,True,116,0.953125,124,0.984375,0.07,4,1.2335,0.18136653649128995,1.0,0.020267531414673693,0.16125,0.000125,1.072125,0.19453764057578976,5.5136962934064995,445.7774774653177,0.012152681232140784,0.1461363060552318,True,4
ira_0277.wav,WhatsApp Ptt 2026-09-06 at 11.27.52 PM.wav,S08,Ptt,True,True,112,0.9375,112,0.9375,0.0135,2,1.0135,0.16782288915171692,0.914093017578125,0.0,0.1775625,0.0,0.8359375,0.18478830709648578,5.446772023759867,420.7897147862735,0.005525260501416306,0.07098365710761641,False,0
ira_0278.wav,WhatsApp Ptt 2026-09-06 at 11.27.56 PM.wav,S08,Ptt,True,True,84,0.828125,84,0.828125,0.0135,2,1.0135,0.10324332179786795,0.924346923828125,0.0,0.1666875,0.0,0.8468125,0.11294841076683729,8.953091664735776,303.2385797249955,0.0016047448775686286,0.05087881591119334,False,0
ira_0279.wav,WhatsApp Ptt 2026-09-06 at 11.27.59 PM.wav,S08,Ptt,True,True,117,0.95703125,120,0.96875,0.03,2,1.0335,0.1382505159565517,0.8477783203125,0.0,0.1573125,0.0,0.8761875,0.15014916683669027,6.13218919616136,417.01862657356537,0.0039507041635399535,0.05981251889930451,False,0
ira_0280.wav,WhatsApp Ptt 2026-09-06 at 11.28.02 PM.wav,S08,Ptt,True,True,123,0.98046875,123,0.98046875,0.0,1,0.9535,0.15178188695187841,0.999969482421875,0.013109596224436287,0.1641875,0.0,0.7893125,0.1668228806344413,6.588200361080697,491.68008683159,0.003309745776151298,0.061946902654867256,True,2
ira_0281.wav,WhatsApp Ptt 2026-09-06 at 11.28.06 PM.wav,S08,Ptt,True,True,121,0.97265625,121,0.97265625,0.0,1,0.8535,0.2057888387822261,0.999969482421875,0.02196836555360281,0.167375,0.0,0.686125,0.22952015959005537,4.859201734842784,370.3079472731269,0.0028613855214751583,0.06158916147931161,True,3
ira_0282.wav,WhatsApp Ptt 2026-09-06 at 11.28.10 PM.wav,S08,Ptt,True,True,126,0.9921875,126,0.9921875,0.0,2,1.0135,0.13761716932507653,0.999969482421875,0.0370004933399112,0.1645625,0.0,0.8489375,0.15036482630866546,7.266313406430902,203.95741192428991,0.0008476215486138312,0.05994449583718779,True,6
ira_0283.wav,WhatsApp Ptt 2026-09-06 at 11.28.13 PM.wav,S08,Ptt,True,True,122,0.9765625,122,0.9765625,0.0,2,1.0735,0.09817658936128089,0.600830078125,0.0,0.1544375,0.0,0.9190625,0.10610510875372546,6.119891534569409,438.7382358298667,0.002209747553517519,0.04692867540029112,False,0
ira_0284.wav,WhatsApp Ptt 2026-09-06 at 11.28.17 PM.wav,S08,Ptt,True,True,127,0.99609375,127,0.99609375,0.0,1,0.9735,0.14594315793222418,0.894805908203125,0.0,0.161625,0.0005,0.811375,0.1598601464317721,6.13119464373021,313.1593479334585,0.001946959513985592,0.06812199036918139,False,0
ira_0285.wav,WhatsApp Ptt 2026-09-06 at 11.28.20 PM.wav,S08,Ptt,True,True,125,0.98828125,126,0.9921875,0.03,2,1.0535,0.15689007951796535,0.889007568359375,0.0,0.181,0.00075,0.87175,0.17247066561217397,5.66643583259562,531.8187139216136,0.00214648801527654,0.07623850489469,False,0
ira_0286.wav,WhatsApp Ptt 2026-09-06 at 11.28.24 PM.wav,S08,Ptt,True,True,126,0.9921875,126,0.9921875,0.0,1,0.9935,0.16361534059720909,0.93505859375,0.0,0.165875,0.000375,0.82725,0.17930353219584508,5.714981189031305,447.506543072093,0.003037164213306418,0.08241585404215163,False,0
ira_0287.wav,WhatsApp Ptt 2026-09-06 at 11.28.41 PM.wav,S08,Ptt,True,True,100,0.890625,100,0.890625,0.0,1,0.9135,0.20502315346205208,0.999969482421875,0.14367816091954022,0.1654375,0.0,0.7480625,0.22656252433840599,4.877349048320829,296.65907547062585,0.004981364180900198,0.05583304823811153,True,21
ira_0288.wav,WhatsApp Ptt 2026-09-06 at 11.28.47 PM.wav,S08,Ptt,True,True,127,0.99609375,127,0.99609375,0.0,3,1.1535,0.1788765681049071,0.999969482421875,0.054182921543129606,0.1656875,0.002,0.9858125,0.19349243513823386,5.590276541058275,443.09005861897873,0.004738858840120851,0.047575182877269036,True,10
ira_0289.wav,WhatsApp Ptt 2026-09-06 at 11.28.50 PM.wav,S08,Ptt,True,True,38,0.6484375,48,0.6875,0.01,2,1.0135,0.06592285969113512,0.684967041015625,0.0,0.1476875,0.0,0.8658125,0.07132391637310816,10.390432760727686,487.66203996676694,0.001654330131745225,0.03570767807585569,False,0
ira_0290.wav,WhatsApp Ptt 2026-09-06 at 11.28.54 PM.wav,S08,Ptt,True,True,127,0.99609375,127,0.99609375,0.0,2,1.0735,0.17415978543326888,0.999969482421875,0.029110386585933862,0.1643125,0.0,0.9091875,0.189243774065056,5.741678424408852,399.6267337387088,0.0035163866451072656,0.05944687045123726,True,5
ira_0291.wav,WhatsApp Ptt 2026-09-06 at 11.28.57 PM.wav,S08,Ptt,True,True,127,0.99609375,127,0.99609375,0.0,1,0.9735,0.18375581719836412,0.999969482421875,0.07704160246533129,0.163,0.001125,0.809375,0.2015269246176196,5.4418385097567255,495.6645149862222,0.005287811667567699,0.053804173354735155,True,12
ira_0292.wav,WhatsApp Ptt 2026-09-06 at 11.29.00 PM.wav,S08,Ptt,True,True,124,0.984375,124,0.984375,0.0,1,0.8535,0.18353052725344035,0.999969482421875,0.029291154071470416,0.1686875,0.00025,0.6845625,0.20492846390368033,5.448518551036474,382.9008093628749,0.002284298094971685,0.0579274990845844,True,4
ira_0293.wav,WhatsApp Ptt 2026-09-06 at 11.29.04 PM.wav,S08,Ptt,True,True,111,0.93359375,111,0.93359375,0.0,2,1.0935,0.10906668686038432,0.915618896484375,0.0,0.155375,0.0,0.938125,0.11775256391178633,8.39503722760419,485.08610062633113,0.0008569339959129277,0.03749642755072878,False,0
ira_0294.wav,WhatsApp Ptt 2026-09-06 at 11.29.07 PM.wav,S08,Ptt,True,True,114,0.9453125,117,0.95703125,0.03,2,1.0335,0.1366884151685563,0.954376220703125,0.0,0.16,0.0,0.8735,0.1486809277456374,6.982129535456558,313.458792982313,0.0023572465282818227,0.06120350771091624,False,0
ira_0295.wav,WhatsApp Ptt 2026-09-06 at 11.29.11 PM.wav,S08,Ptt,True,True,115,0.94921875,122,0.9765625,0.02,2,1.0935,0.1377438007710669,0.999969482421875,0.011431184270690443,0.1624375,0.0,0.9310625,0.14927624432827682,7.259633296193455,393.2632656145029,0.003248272081827662,0.061960560160045725,True,2
ira_0296.wav,WhatsApp Ptt 2026-09-06 at 11.29.14 PM.wav,S08,Ptt,True,True,111,0.93359375,122,0.9765625,0.02,2,1.0735,0.17526669022070931,0.999969482421875,0.04075454122030741,0.1645,0.0,0.909,0.1904663797156734,5.705416592066847,339.32454653748,0.0033718792192584963,0.06276564774381369,True,7
ira_0297.wav,WhatsApp Ptt 2026-09-06 at 11.29.18 PM.wav,S08,Ptt,True,True,109,0.92578125,112,0.9375,0.02,4,1.2535,0.14481898800224993,0.983306884765625,0.0,0.1631875,0.001125,1.0891875,0.15535886840038768,6.789903025357063,426.2509709266406,0.0022776778936448297,0.07035651957117926,False,0
ira_0298.wav,WhatsApp Ptt 2026-09-06 at 11.29.21 PM.wav,S08,Ptt,True,True,122,0.9765625,122,0.9765625,0.0,2,1.0335,0.16150113686222384,0.999969482421875,0.006047411707789066,0.1648125,0.000125,0.8685625,0.17616897634066242,6.1917179151187405,345.5536671739618,0.004746138695331757,0.05261566374357424,True,1
ira_0299.wav,WhatsApp Ptt 2026-09-06 at 11.29.24 PM.wav,S08,Ptt,True,True,126,0.9921875,126,0.9921875,0.0,2,1.0935,0.1237008132033261,0.88336181640625,0.0,0.1701875,0.0,0.9233125,0.1346192042705066,7.141115676857151,268.40438943647615,0.0009076174763880578,0.04847099171191769,False,0
ira_0300.wav,WhatsApp Ptt 2026-09-06 at 11.29.28 PM.wav,S08,Ptt,True,True,120,0.96875,120,0.96875,0.0,2,1.0935,0.14461505230892538,0.842437744140625,0.0,0.1618125,0.0,0.9316875,0.1566704097433333,5.825380765627474,397.51872648080473,0.0012805941867204504,0.045670191483280935,False,0
ira_0301.wav,WhatsApp Ptt 2026-09-06 at 11.29.31 PM.wav,S08,Ptt,True,True,118,0.9609375,118,0.9609375,0.0,2,1.0135,0.09603322815376074,0.650146484375,0.0,0.1583125,0.000125,0.8550625,0.1045524913221057,6.770015929632578,443.15658680267813,0.0012844049882096843,0.04976873265494912,False,0
ira_0302.wav,WhatsApp Ptt 2026-09-06 at 11.29.35 PM.wav,S08,Ptt,True,True,120,0.96875,123,0.98046875,0.03,2,1.0535,0.1035842893538239,0.670745849609375,0.0,0.1586875,0.0,0.8948125,0.1123944351694202,6.475362758132528,302.3591786317153,0.0013585809144367133,0.04728567190744586,False,0
ira_0303.wav,WhatsApp Ptt 2026-09-06 at 11.29.38 PM.wav,S08,Ptt,True,True,95,0.87109375,113,0.94140625,0.03,3,1.1135,0.09744568790088601,0.71771240234375,0.0,0.1585,6.25e-05,0.9549375,0.10522515175641034,7.365255639364462,244.34673981248713,0.0008289911193125063,0.04737580690429413,False,0
ira_0304.wav,WhatsApp Ptt 2026-09-06 at 11.29.41 PM.wav,S08,Ptt,True,True,120,0.96875,123,0.98046875,0.02,2,1.0735,0.08491766532743465,0.7408447265625,0.0,0.16875,0.0,0.90475,0.09249838645715427,8.724271018354912,592.1077760792507,0.0023213494714270796,0.06189228529839884,False,0
ira_0305.wav,WhatsApp Ptt 2026-09-06 at 11.29.45 PM.wav,S08,Ptt,True,True,124,0.984375,125,0.98828125,0.02,4,1.2535,0.09442724099568066,0.840576171875,0.0,0.16075,0.0,1.09275,0.10113440403370384,8.901839797622067,343.2563114267449,0.0017625467886279664,0.048616305160807775,False,0
ira_0306.wav,WhatsApp Ptt 2026-09-06 at 11.29.48 PM.wav,S08,Ptt,True,True,113,0.94140625,113,0.94140625,0.0,1,0.8935,0.11039230094375772,0.5694580078125,0.0,0.164125,0.0,0.729375,0.12218273698887935,5.158493870896173,290.67466748211825,0.0017668239502014204,0.04589017138859741,False,0
ira_0307.wav,WhatsApp Ptt 2026-09-06 at 11.30.01 PM.wav,S08,Ptt,True,True,125,0.98828125,125,0.98828125,0.0,1,0.9535,0.18616036398691438,0.999969482421875,0.026219192448872573,0.1636875,0.0,0.7898125,0.20454302634614951,5.37154881418348,513.0149154043357,0.0032026883280827116,0.05211406096361849,True,4
ira_0308.wav,WhatsApp Ptt 2026-09-06 at 11.30.04 PM.wav,S08,Ptt,True,True,122,0.9765625,122,0.9765625,0.0,1,0.9535,0.16998643763821097,0.999969482421875,0.013109596224436287,0.171125,0.000875,0.7815,0.18776250293012495,5.882642735005428,504.57148466812106,0.0034328553095925867,0.05034414945919371,True,2
ira_0309.wav,WhatsApp Ptt 2026-09-06 at 11.30.08 PM.wav,S08,Ptt,True,True,122,0.9765625,124,0.984375,0.02,3,1.1335,0.17536961456231853,0.999969482421875,0.011027790030877812,0.1676875,0.0,0.9658125,0.18998442704779164,5.702068085840096,444.63608183039617,0.002777369248455845,0.05475599669148056,True,2
ira_0310.wav,WhatsApp Ptt 2026-09-06 at 11.30.11 PM.wav,S08,Ptt,True,True,123,0.98046875,123,0.98046875,0.0,3,1.1535,0.14223158903685051,0.96533203125,0.0,0.1523125,0.0,1.0011875,0.15266768119548155,6.787043847199752,606.358098611534,0.0018106283931529116,0.043511243565429424,False,0
ira_0311.wav,WhatsApp Ptt 2026-09-06 at 11.30.15 PM.wav,S08,Ptt,True,True,124,0.984375,124,0.984375,0.0,4,1.2535,0.12711417969517502,0.95281982421875,0.0,0.1553125,0.0,1.0981875,0.1358056525928072,7.495779200272155,557.5956134946158,0.002371957467134156,0.048416853652455745,False,0
ira_0312.wav,WhatsApp Ptt 2026-09-06 at 11.30.19 PM.wav,S08,Ptt,True,True,48,0.6875,48,0.6875,0.0,4,1.2335,0.13731343349519262,0.999969482421875,0.005066882853668423,0.15575,0.0,1.07775,0.1469004077722155,7.2823864131027225,249.478747525911,0.0017195387487960406,0.05578920699265265,True,1
ira_0313.wav,WhatsApp Ptt 2026-09-06 at 11.30.22 PM.wav,S08,Ptt,True,True,127,0.99609375,127,0.99609375,0.02,3,1.1735,0.15570172602249996,0.999969482421875,0.010651896037494673,0.1675625,0.0003125,1.005625,0.16819608731746527,6.422340380975434,476.3441030757773,0.0017231725624826093,0.0733422103861518,True,2
ira_0314.wav,WhatsApp Ptt 2026-09-06 at 11.30.26 PM.wav,S08,Ptt,True,True,118,0.9609375,124,0.984375,0.04,2,1.0535,0.13127631685332858,0.9530029296875,0.0,0.165125,0.0,0.888375,0.14295664487002294,7.2595191008616125,612.994182530622,0.0020473606693965168,0.04805695639276179,False,0
ira_0315.wav,WhatsApp Ptt 2026-09-06 at 11.30.29 PM.wav,S08,Ptt,True,True,22,0.5859375,22,0.5859375,0.0,5,1.3135,0.12684813383225357,0.865142822265625,0.0,0.156875,0.0,1.156625,0.13517696251132486,6.820303903009773,173.17776033100668,0.000816500184844958,0.04087556507256721,False,0
ira_0316.wav,WhatsApp Ptt 2026-09-06 at 11.30.33 PM.wav,S08,Ptt,True,True,122,0.9765625,122,0.9765625,0.0,1,0.9935,0.08672308640373129,0.79803466796875,0.0,0.1600625,0.0,0.8334375,0.09468508017962043,9.202101782374,614.5645002586078,0.0012552678192735902,0.050707769738911605,False,0
ira_0317.wav,WhatsApp Ptt 2026-09-06 at 11.30.36 PM.wav,S08,Ptt,True,True,123,0.98046875,123,0.98046875,0.0,2,1.0135,0.16473567781981097,0.995086669921875,0.0,0.1645,0.0,0.849,0.17998876902559258,6.040504905138447,706.7873088064526,0.003175873705546355,0.07536231884057971,False,0
ira_0318.wav,WhatsApp Ptt 2026-09-06 at 11.30.42 PM.wav,S08,Ptt,True,True,117,0.95703125,117,0.95703125,0.0,1,0.8335,0.16989472077627435,0.923828125,0.0,0.179375,0.0,0.654125,0.19177848303332587,5.437650568416084,444.3552975131722,0.002200650022369069,0.06164229471316086,False,0
ira_0319.wav,WhatsApp Ptt 2026-09-06 at 11.30.45 PM.wav,S08,Ptt,True,True,124,0.984375,124,0.984375,0.0,3,1.1535,0.13821452011198898,0.962677001953125,0.0,0.1693125,0.0,0.9841875,0.1496314369087232,6.965093111585609,443.3686242165511,0.0022166183210236916,0.054836087781089136,False,0
ira_0320.wav,WhatsApp Ptt 2026-09-06 at 11.30.48 PM.wav,S08,Ptt,True,True,66,0.7578125,81,0.81640625,0.04,3,1.1735,0.13910432424177124,0.97119140625,0.0,0.160875,0.0,1.012625,0.14974674166866883,6.981748493756484,328.62288043050773,0.0019066014950025073,0.07573901464713716,False,0
ira_0321.wav,WhatsApp Ptt 2026-09-06 at 11.30.51 PM.wav,S08,Ptt,True,True,125,0.98828125,125,0.98828125,0.0,1,0.8935,0.15168591407957296,0.8997802734375,0.0,0.1665,0.0003125,0.7266875,0.16819666823561025,5.931864398203013,373.8186238203083,0.0016391458663568498,0.06540748513466246,False,0
ira_0322.wav,WhatsApp Ptt 2026-09-06 at 11.30.54 PM.wav,S08,Ptt,True,True,120,0.96875,120,0.96875,0.0,1,0.9935,0.16618342842547976,0.90948486328125,0.0,0.168,0.0,0.8255,0.18231053519505036,5.472777110800086,163.2490275159196,0.0005994170627006272,0.06089965397923876,False,0
ira_0323.wav,WhatsApp Ptt 2026-09-06 at 11.30.58 PM.wav,S08,Ptt,True,True,117,0.95703125,117,0.95703125,0.0,1,0.9135,0.16487848365375843,0.948822021484375,0.0,0.160375,0.0,0.753125,0.18158681555442335,5.754674597061935,265.2490714408831,0.012692256475295162,0.08381799521040027,False,0
ira_0324.wav,WhatsApp Ptt 2026-09-06 at 11.31.01 PM.wav,S08,Ptt,True,True,115,0.94921875,115,0.94921875,0.0,1,0.9535,0.1513211103139913,0.819671630859375,0.0,0.158125,0.0,0.795375,0.16568110898290228,5.416769868781404,191.39409946661027,0.0007262135748159817,0.05204850868567683,False,0
ira_0325.wav,WhatsApp Ptt 2026-09-06 at 11.31.04 PM.wav,S08,Ptt,True,True,90,0.8515625,116,0.953125,0.01,3,1.1335,0.10392846339257533,0.83197021484375,0.0,0.1614375,0.0,0.9720625,0.11222702299858152,8.005220010817423,160.24067017298927,0.0005185689969926145,0.05414943479459609,False,0
ira_0326.wav,WhatsApp Ptt 2026-09-06 at 11.31.07 PM.wav,S08,Ptt,True,True,100,0.890625,111,0.93359375,0.01,2,1.0535,0.11152722313203005,0.906463623046875,0.0,0.160375,0.0,0.893125,0.12112711287616164,8.12773417637925,149.09247156407562,0.0004477341796891956,0.05565114209433403,False,0
ira_0327.wav,WhatsApp Ptt 2026-09-06 at 11.31.26 PM.wav,S08,Ptt,True,True,120,0.96875,120,0.96875,0.0,1,0.8935,0.20618205067409737,0.999969482421875,0.195858981533296,0.1634375,0.0065,0.7235625,0.22911765734130918,4.8499347016510255,452.9239439323853,0.002717927713558094,0.0627492130115425,True,28
ira_0328.wav,WhatsApp Ptt 2026-09-06 at 11.31.30 PM.wav,S08,Ptt,True,True,124,0.984375,126,0.9921875,0.04,3,1.1735,0.17162098019319913,0.999969482421875,0.031955688112484025,0.1611875,0.0,1.0123125,0.18477947842185552,5.8266156113091645,472.63367568449144,0.001644502047472747,0.043142476697736354,True,6
ira_0329.wav,WhatsApp Ptt 2026-09-06 at 11.31.33 PM.wav,S08,Ptt,True,True,123,0.98046875,124,0.984375,0.04,2,1.0735,0.2402863201914416,0.999969482421875,0.06986492780624128,0.16225,0.0,0.91125,0.2608018839379769,4.161574748097089,298.3455304981738,0.0014306121139726791,0.06078602620087336,True,12
ira_0330.wav,WhatsApp Ptt 2026-09-06 at 11.31.37 PM.wav,S08,Ptt,True,True,114,0.9453125,116,0.953125,0.01,2,1.0135,0.17242256255157834,0.999969482421875,0.006166748889985201,0.1628125,0.0,0.8506875,0.1882001123002472,5.7995280178181146,315.76217162271695,0.001264147622065291,0.04754856614246068,True,1
ira_0331.wav,WhatsApp Ptt 2026-09-06 at 11.31.40 PM.wav,S08,Ptt,True,True,119,0.96484375,124,0.984375,0.03,2,1.0535,0.14643256350090458,0.999969482421875,0.01779781680113906,0.159125,0.0,0.894375,0.1589259840739436,6.828873704827941,352.82607985812876,0.0011626802936937834,0.060100860278849005,True,3
ira_0332.wav,WhatsApp Ptt 2026-09-06 at 11.31.43 PM.wav,S08,Ptt,True,True,109,0.92578125,109,0.92578125,0.0735,2,1.0735,0.16682723245157643,1.0,0.029110386585933862,0.159375,0.0,0.914125,0.18078613027055496,5.99422519515968,310.8554840250563,0.0007861706490435127,0.054847161572052404,True,5
ira_0333.wav,WhatsApp Ptt 2026-09-06 at 11.31.47 PM.wav,S08,Ptt,True,True,123,0.98046875,125,0.98828125,0.04,3,1.1135,0.17225239924511643,0.999969482421875,0.0056129321957790745,0.1655,0.000125,0.947875,0.18669555461985732,5.805257208632033,604.3985693683373,0.004297456104691953,0.07583497053045186,True,1
ira_0334.wav,WhatsApp Ptt 2026-09-06 at 11.31.51 PM.wav,S08,Ptt,True,True,126,0.9921875,126,0.9921875,0.0,1,0.9735,0.1809499000574262,0.999969482421875,0.038520801232665644,0.17075,0.0,0.80275,0.19926678395107078,5.526222905370631,400.0071722026705,0.002232761299147137,0.06869983948635634,True,6
ira_0335.wav,WhatsApp Ptt 2026-09-06 at 11.31.54 PM.wav,S08,Ptt,True,True,125,0.98828125,125,0.98828125,0.0,3,1.1135,0.16540783099068884,0.999969482421875,0.011225864391558149,0.16525,0.0,0.94825,0.17924136669573765,6.04547847845345,302.87114224953336,0.0007200454335798979,0.06747123210777435,True,2
ira_0336.wav,WhatsApp Ptt 2026-09-06 at 11.31.58 PM.wav,S08,Ptt,True,True,120,0.96875,123,0.98046875,0.02,2,1.0335,0.16498306774501673,0.999969482421875,0.012094823415578132,0.1795,0.000375,0.853625,0.18153481733250548,6.061043088175204,680.9607482987021,0.002889428764356862,0.08043543997580889,True,2
ira_0337.wav,WhatsApp Ptt 2026-09-06 at 11.32.02 PM.wav,S08,Ptt,True,True,111,0.93359375,111,0.93359375,0.0,1,0.9735,0.09447705004607398,0.594818115234375,0.0,0.14875,0.0,0.82475,0.10264387575571599,6.2959005911414225,558.7536351323402,0.002515023946854555,0.07878009630818619,False,0
ira_0338.wav,WhatsApp Ptt 2026-09-06 at 11.32.04 PM.wav,S08,Ptt,False,True,-90,0.1484375,100,0.890625,0.03,7,1.5535,0.2051922869318949,0.99859619140625,0.0,0.038125,0.0,1.515375,0.20775721467889102,4.866636101861337,436.0012965130064,0.009312063580193696,0.08408770871052103,False,0
ira_0339.wav,WhatsApp Ptt 2026-09-06 at 11.32.05 PM.wav,S08,Ptt,True,True,61,0.73828125,102,0.8984375,0.01,3,1.1535,0.11736518160240106,0.982513427734375,0.0,0.15225,0.0,1.00125,0.1259727973365358,8.371421696963273,475.32441919196805,0.005585003733380881,0.0708751015984828,False,0
ira_0340.wav,WhatsApp Ptt 2026-09-06 at 11.32.06 PM.wav,S08,Ptt,False,True,-77,0.19921875,66,0.7578125,0.03,8,1.6335,0.19342810063414723,1.0,0.01147842056932966,0.0425625,0.43725,1.1536875,0.2301605831727813,5.169879643761869,925.0638978852847,0.013862826428860007,0.11475033480007653,True,3
ira_0341.wav,WhatsApp Ptt 2026-09-06 at 11.32.09 PM.wav,S08,Ptt,True,True,93,0.86328125,116,0.953125,0.05,2,1.0735,0.1249454586475895,0.654449462890625,0.0,0.1565,0.0,0.917,0.13518749933851892,5.2378811520994075,267.1161247763356,0.010458495469963362,0.09764192139737991,False,0
ira_0342.wav,WhatsApp Ptt 2026-09-06 at 11.32.10 PM.wav,S08,Ptt,True,True,-11,0.45703125,108,0.921875,0.01,9,1.7135,0.18402638434099997,0.999969482421875,0.010942515319521447,0.1620625,6.25e-05,1.551375,0.19340289102034058,5.433837577164677,682.8497093845045,0.008657242260094719,0.11982491336859384,True,3
ira_0343.wav,WhatsApp Ptt 2026-09-06 at 11.32.12 PM.wav,S08,Ptt,True,True,66,0.7578125,93,0.86328125,0.01,2,1.0135,0.14573637580457063,0.89825439453125,0.0,0.1653125,0.0,0.8481875,0.15930631627686132,6.163556555954088,199.56107291682764,0.0009526474526811607,0.05729263028060438,False,0
ira_0344.wav,WhatsApp Ptt 2026-09-06 at 11.32.16 PM.wav,S08,Ptt,True,True,122,0.9765625,122,0.9765625,0.0,1,0.9535,0.15522134839439877,0.999969482421875,0.03932878867330886,0.1605625,0.0,0.7929375,0.17021250057500634,6.442216182023318,251.83944272300224,0.0008227649356495338,0.060635857096034085,True,6
ira_0345.wav,WhatsApp Ptt 2026-09-06 at 11.32.19 PM.wav,S08,Ptt,True,True,112,0.9375,112,0.9375,0.0,1,0.9735,0.1387966032219178,0.94622802734375,0.0,0.1618125,0.0,0.8116875,0.15200299818175908,6.817371645838146,267.2678524536071,0.001184201938528229,0.06484751203852328,False,0
ira_0346.wav,WhatsApp Ptt 2026-09-06 at 11.32.23 PM.wav,S08,Ptt,True,True,106,0.9140625,116,0.953125,0.04,6,1.4735,0.11894435958303731,0.904266357421875,0.0,0.1706875,0.0,1.3028125,0.12649607325250975,7.602431595678898,371.4948650429431,0.0007920259582263461,0.051410392364793216,False,0
ira_0347.wav,WhatsApp Ptt 2026-09-06 at 11.32.26 PM.wav,S08,Ptt,True,True,121,0.97265625,124,0.984375,0.04,4,1.2135,0.0967043832085066,0.672515869140625,0.0,0.1659375,0.0,1.0475625,0.10408193915160426,6.954347329744068,384.8680149400284,0.0008771525086961215,0.054957507082152975,False,0
ira_0348.wav,WhatsApp Ptt 2026-09-06 at 11.32.33 PM.wav,S08,Ptt,True,True,6,0.5234375,33,0.62890625,0.06,6,1.4535,0.1580346336357971,0.984832763671875,0.0,0.027,0.0,1.4265,0.1595230758992297,6.231752755800969,579.5053394239507,0.008193983315420117,0.08479896796387873,False,0
ira_0349.wav,WhatsApp Ptt 2026-09-06 at 11.33.04 PM.wav,S08,Ptt,False,True,-81,0.18359375,22,0.5859375,0.09,6,1.4135,0.1561783281969775,0.994842529296875,0.0,0.03,0.0,1.3835,0.15786252309092688,6.369914064146886,949.4452303725457,0.015139158759689209,0.12204289188591642,False,0
ira_0350.wav,WhatsApp Ptt 2026-09-06 at 11.33.25 PM.wav,S08,Ptt,True,True,38,0.6484375,102,0.8984375,0.02,7,1.5335,0.09547673584572793,0.93402099609375,0.0,0.03,0.018875,1.484625,0.0970355638698851,9.78270767030566,636.4173432381683,0.0027715022505726996,0.11224780925208885,False,0
ira_0351.wav,WhatsApp Ptt 2026-09-06 at 11.33.31 PM.wav,S08,Ptt,True,True,61,0.73828125,118,0.9609375,0.05,10,1.8135,0.16039881998345965,1.0,0.006892748828232699,0.1641875,0.00075,1.6485625,0.16823126153783077,6.234459830210223,518.4309572369373,0.01666310354416322,0.12996725831466482,True,2
ira_0352.wav,WhatsApp Ptt 2026-09-06 at 11.33.35 PM.wav,S08,Ptt,True,True,74,0.7890625,118,0.9609375,0.04,6,1.4935,0.12413002227717325,0.971038818359375,0.0,0.038875,0.0053125,1.4493125,0.1260077368908266,7.822755531221258,432.9351371610971,0.0025405082235743196,0.10244821092278719,False,0
ira_0353.wav,WhatsApp Ptt 2026-09-06 at 11.33.45 PM.wav,S08,Ptt,True,True,87,0.83984375,111,0.93359375,0.06,5,1.3735,0.15861468336158013,1.0,0.02275209319257372,0.0490625,0.00325,1.3211875,0.16172396526978466,6.304586554073224,764.4055099689484,0.015112455579295296,0.12400455062571103,True,5
ira_0354.wav,WhatsApp Ptt 2026-09-06 at 11.33.52 PM.wav,S08,Ptt,True,True,87,0.83984375,119,0.96484375,0.03,21,2.9135,0.11296418679839051,1.0,0.01716148961729878,0.039125,0.0,2.874375,0.1137303394300988,8.852363110307875,565.1419251795843,0.021256787175463216,0.09960313203904322,True,8
ira_0355.wav,WhatsApp Ptt 2026-09-06 at 11.33.54 PM.wav,S08,Ptt,True,True,66,0.7578125,118,0.9609375,0.02,8,1.6935,0.21410975920255088,1.0,0.0775022143489814,0.159375,0.0019375,1.5321875,0.22509813295657335,4.67050172642521,363.77698782306544,0.006950818225035345,0.09592175678169404,True,21
ira_0356.wav,WhatsApp Ptt 2026-09-06 at 11.33.59 PM.wav,S08,Ptt,True,True,33,0.62890625,116,0.953125,0.03,7,1.5535,0.13349598978845015,0.949951171875,0.0,0.0381875,6.25e-05,1.51525,0.13517022981220939,7.11595287154602,585.1737510458983,0.012155902096177241,0.11514785757392879,False,0
ira_0357.wav,WhatsApp Ptt 2026-09-06 at 11.34.03 PM.wav,S08,Ptt,False,True,-33,0.37109375,77,0.80078125,0.02,6,1.4935,0.18284238003135128,1.0,0.004184800803481755,0.047125,0.0005625,1.4458125,0.18583282457603909,5.469191550823905,637.2574380229025,0.009810385967924948,0.12923205691567274,True,1
ira_0358.wav,WhatsApp Ptt 2026-09-06 at 11.34.06 PM.wav,S08,Ptt,True,True,38,0.6484375,100,0.890625,0.03,8,1.6135,0.20924758043060052,1.0,0.01936783390145646,0.0445,0.0005625,1.5684375,0.21223179855643717,4.779027781072298,400.08119287566456,0.005237555709508725,0.10722448189037381,True,5
ira_0359.wav,WhatsApp Ptt 2026-09-06 at 11.34.09 PM.wav,S08,Ptt,True,True,104,0.90625,120,0.96875,0.03,4,1.2135,0.07990163903064891,0.804443359375,0.0,0.03175,0.0001875,1.1815625,0.08097427152003832,10.067920622584841,876.7086522708297,0.003881695827210075,0.1275302601081638,False,0
ira_0360.wav,WhatsApp Ptt 2026-09-06 at 11.34.12 PM.wav,S08,Ptt,True,True,100,0.890625,114,0.9453125,0.04,4,1.2135,0.07439422484062301,0.656768798828125,0.0,0.0301875,0.057,1.1263125,0.07721993033031685,8.828222892773473,1104.928844432437,0.0037744907911804043,0.12093741952098892,False,0
ira_0361.wav,WhatsApp Ptt 2026-09-06 at 11.36.19 PM.wav,S09,Ptt,True,True,57,0.72265625,114,0.9453125,0.03,7,1.5935,0.13111476651249718,0.90264892578125,0.0,0.031375,6.25e-05,1.5620625,0.13242752067254898,6.884418512046194,294.7797558275587,0.002961236493587274,0.10347126887625024,False,0
ira_0362.wav,WhatsApp Ptt 2026-09-06 at 11.36.25 PM.wav,S09,Ptt,True,True,66,0.7578125,116,0.953125,0.06,9,1.7335,0.15244684267444433,0.999969482421875,0.007210845111047014,0.040875,0.139,1.553625,0.16102999506027535,6.5594633832945,431.91627142683717,0.003746282040141154,0.1044889129259059,True,2
ira_0363.wav,WhatsApp Ptt 2026-09-06 at 11.36.29 PM.wav,S09,Ptt,True,True,53,0.70703125,108,0.921875,0.02,5,1.3535,0.1722635054168391,0.998443603515625,0.0,0.039625,0.027625,1.28625,0.17670875712569195,5.796025113384377,467.99071496958686,0.00283926417077813,0.10865850842761487,False,0
ira_0364.wav,WhatsApp Ptt 2026-09-06 at 11.36.32 PM.wav,S09,Ptt,True,True,77,0.80078125,111,0.93359375,0.06,4,1.2135,0.19253321952838146,0.98553466796875,0.0,0.1685,0.0188125,1.0261875,0.20936747371680212,5.118777270659371,528.2205720921272,0.0014180515515337592,0.10517640999227401,False,0
ira_0365.wav,WhatsApp Ptt 2026-09-06 at 11.36.35 PM.wav,S09,Ptt,False,False,-66,0.2421875,-66,0.2421875,0.0,1,0.9335,0.1149187009979794,0.9044189453125,0.0,0.0328125,0.0005,0.9001875,0.11702557727957114,7.87007630140548,949.9922841157405,0.001522496779516481,0.12587880816873118,False,0
ira_0366.wav,WhatsApp Ptt 2026-09-06 at 11.37.07 PM.wav,S09,Ptt,True,True,125,0.98828125,127,0.99609375,0.03,3,1.1935,0.1698289938622785,0.96160888671875,0.0,0.0474375,0.0034375,1.142625,0.17356814716546562,5.662218593243031,495.47528301911194,0.007236616673933326,0.14076983503534957,False,0
ira_0367.wav,WhatsApp Ptt 2026-09-06 at 11.37.11 PM.wav,S09,Ptt,True,True,116,0.953125,123,0.98046875,0.02,4,1.2335,0.19370465213472454,0.999969482421875,0.020267531414673693,0.167375,0.007375,1.05875,0.2090795342366023,5.162341076487833,511.5713780635314,0.006669020610636144,0.10727134532556372,True,4
ira_0368.wav,WhatsApp Ptt 2026-09-06 at 11.37.15 PM.wav,S09,Ptt,False,False,-61,0.26171875,-61,0.26171875,0.0,1,0.9735,0.2036504634889697,0.999969482421875,0.038520801232665644,0.16725,0.0,0.80625,0.22377812407126965,4.910224436960519,748.8856532699667,0.012872736274787957,0.12308186195826645,True,6
ira_0369.wav,WhatsApp Ptt 2026-09-06 at 11.37.18 PM.wav,S09,Ptt,True,True,111,0.93359375,124,0.984375,0.03,4,1.2735,0.1575590409342315,0.999969482421875,0.02453867294856694,0.0300625,0.0330625,1.210375,0.16161463863515163,6.346633468271005,874.3475707099476,0.016589871840071897,0.10822085889570553,True,5
ira_0370.wav,WhatsApp Ptt 2026-09-06 at 11.37.22 PM.wav,S09,Ptt,True,True,119,0.96484375,123,0.98046875,0.02,7,1.5735,0.15446697897249978,0.999969482421875,0.023832221163012392,0.18525,0.0559375,1.3323125,0.1678658937488203,6.473677993015598,1104.373857475271,0.03204605320003509,0.18037735849056605,True,6
ira_0371.wav,WhatsApp Ptt 2026-09-06 at 11.37.32 PM.wav,S09,Ptt,True,True,-11,0.45703125,-11,0.45703125,0.0,1,0.9735,0.20134869932974173,0.999237060546875,0.0064201335387776065,0.1656875,0.0006875,0.807125,0.2211287698572291,4.962719222290378,541.1030008241918,0.006613816455888606,0.1319422150882825,True,1
ira_0372.wav,WhatsApp Ptt 2026-09-06 at 11.37.34 PM.wav,S09,Ptt,False,False,-33,0.37109375,-33,0.37109375,0.0,1,0.9535,0.19191844962660573,0.999969482421875,0.013109596224436287,0.034125,0.0,0.919375,0.19544770653184257,5.210387455543768,753.9269970101352,0.009659486052347007,0.11569977056702721,True,2
ira_0373.wav,WhatsApp Ptt 2026-09-06 at 11.40.18 PM.wav,S10,Ptt,True,True,109,0.92578125,109,0.92578125,0.0,1,0.7335,0.22920040717204992,0.999969482421875,0.017041581458759374,0.03975,0.221,0.47275,0.28548798529250796,4.362860846365098,481.0440822229211,0.0033595472395084743,0.09782701320835109,True,2
ira_0374.wav,WhatsApp Ptt 2026-09-06 at 11.40.21 PM.wav,S10,Ptt,True,True,95,0.87109375,111,0.93359375,0.04,6,1.4735,0.1544312843253538,0.996429443359375,0.0,0.1679375,0.1044375,1.201125,0.17104652234586698,6.45225122430576,770.3265347596811,0.020581132932078815,0.12742311770943796,False,0
ira_0375.wav,WhatsApp Ptt 2026-09-06 at 11.40.26 PM.wav,S10,Ptt,True,True,74,0.7890625,74,0.7890625,0.0,1,0.9935,0.18726879063459947,0.999969482421875,0.025163563160543533,0.169125,0.0020625,0.8223125,0.20583999508381567,5.339755113669871,403.83493463633187,0.003273680404456407,0.09499842717835798,True,4
ira_0376.wav,WhatsApp Ptt 2026-09-06 at 11.40.28 PM.wav,S10,Ptt,True,True,108,0.921875,108,0.921875,0.0335,2,1.0335,0.18481879865846793,0.999969482421875,0.09071117561683599,0.0375625,0.0026875,0.99325,0.1885258090087981,5.410539889233605,512.9879281669766,0.004520353129838754,0.09948593891744784,True,15
ira_0377.wav,WhatsApp Ptt 2026-09-06 at 11.40.31 PM.wav,S10,Ptt,True,True,98,0.8828125,98,0.8828125,0.0,1,0.7735,0.03761589192076708,0.30938720703125,0.0,0.03,6.25e-05,0.7434375,0.03836888862686744,8.224906847428565,451.3930174196799,0.00268620447452998,0.08678787878787879,False,0
ira_0378.wav,WhatsApp Ptt 2026-09-06 at 11.40.35 PM.wav,S10,Ptt,True,True,53,0.70703125,112,0.9375,0.02,4,1.2935,0.18897852017445324,0.999969482421875,0.028991109393119444,0.173375,0.029125,1.091,0.20576948007789703,5.291445194399688,427.07946517822677,0.004123506670661936,0.10867359265523073,True,6
ira_0379.wav,WhatsApp Ptt 2026-09-06 at 11.40.43 PM.wav,S10,Ptt,True,True,61,0.73828125,119,0.96484375,0.06,2,1.0735,0.2190076918020711,0.999969482421875,0.01746623195156032,0.174875,0.0031875,0.8954375,0.2397956001668749,4.5659103303348845,357.36514420154833,0.003919264671607301,0.07994177583697235,True,3
ira_0380.wav,WhatsApp Ptt 2026-09-06 at 11.40.46 PM.wav,S10,Ptt,True,True,116,0.953125,116,0.953125,0.0335,2,1.0335,0.11282070494676781,0.999969482421875,0.018142235123367198,0.032375,0.0,1.001125,0.11463029664446285,8.863350773190884,715.9261359156957,0.0029768536541270713,0.0893256728152404,True,3
ira_0381.wav,WhatsApp Ptt 2026-09-06 at 11.40.53 PM.wav,S10,Ptt,True,True,84,0.828125,123,0.98046875,0.03,3,1.1335,0.1735925469258342,0.999969482421875,0.005513895015438906,0.0341875,0.0,1.0993125,0.17627093163283677,5.7604401809318615,408.79565651677825,0.004794932288772252,0.10846429556106975,True,1
ira_0382.wav,WhatsApp Ptt 2026-09-06 at 11.41.13 PM.wav,S10,Ptt,True,True,100,0.890625,111,0.93359375,0.02,4,1.2935,0.17244484021670417,0.951416015625,0.0,0.0338125,0.0,1.2596875,0.17474374905512816,5.517219386961045,483.68474846756425,0.012725171334927102,0.10649915438511717,False,0
ira_0383.wav,WhatsApp Ptt 2026-09-06 at 11.41.15 PM.wav,S10,Ptt,True,True,38,0.6484375,38,0.6484375,0.0,1,0.8935,0.19664615029192406,0.999969482421875,0.02797985450475658,0.0484375,0.0,0.8450625,0.20220280530944953,5.085121071210424,522.3805710410871,0.004867886983850196,0.09891570479188527,True,4
ira_0384.wav,WhatsApp Audio 2026-09-06 at 11.44.27 PM (1).wav,S11,Audio,True,True,127,0.99609375,127,0.99609375,0.17,12,2.0335,0.062071373095744606,0.616943359375,0.0,0.1591875,0.1789375,1.695375,0.0679798275982958,9.939257480632332,866.8183491533014,0.006332842989448468,0.11344705701552174,False,0
ira_0385.wav,WhatsApp Audio 2026-09-06 at 11.44.27 PM.wav,S11,Audio,True,True,119,0.96484375,123,0.98046875,0.36,10,1.8735,0.14494792067584483,0.999969482421875,0.020016012810248198,0.03,0.2411875,1.6023125,0.15673467288344464,6.8988190914319,489.66616607726036,0.005823919567914084,0.08440366972477065,True,6
ira_0386.wav,WhatsApp Audio 2026-09-06 at 11.44.28 PM (1).wav,S11,Audio,True,True,127,0.99609375,127,0.99609375,0.4,14,2.2335,0.054698150808848676,0.83587646484375,0.0,0.1591875,0.09175,1.9825625,0.058056433793384855,15.281622001534426,953.8808290283914,0.015507589001473898,0.11501329229047152,False,0
ira_0387.wav,WhatsApp Audio 2026-09-06 at 11.44.28 PM (2).wav,S11,Audio,True,True,-17,0.43359375,11,0.54296875,0.22,8,1.6535,0.17240560427717525,0.9989013671875,0.0,0.3500625,0.49225,0.8111875,0.24614179444081993,5.793903112230467,406.4241915422305,0.0040234402552262235,0.09533169533169533,False,0
ira_0388.wav,WhatsApp Audio 2026-09-06 at 11.44.28 PM.wav,S11,Audio,True,True,126,0.9921875,127,0.99609375,0.72,16,2.4335,0.049025658841431466,0.637451171875,0.0,0.1591875,0.0625625,2.21175,0.05142443798322648,13.002398885383087,768.1870328439152,0.00774325216196925,0.10951585976627713,False,0
ira_0389.wav,WhatsApp Audio 2026-09-07 at 1.09.51 AM.wav,S17,Audio,False,True,-87,0.16015625,-17,0.43359375,0.03,12,2.0935,0.11004485912312403,0.999969482421875,0.011941724385001195,0.1516875,0.14025,1.8015625,0.11862621457997927,9.086925917212143,593.7264103028834,0.014071349007154888,0.10864308105687416,True,4
ira_0390.wav,WhatsApp Audio 2026-09-07 at 1.09.52 AM (1).wav,S17,Audio,True,True,17,0.56640625,38,0.6484375,0.41,6,1.4935,0.18067036193706806,0.966644287109375,0.0,0.53125,0.1903125,0.7719375,0.2512968362038671,5.350320200532288,512.2450921299302,0.001653997741239336,0.09621259677756853,False,0
ira_0391.wav,WhatsApp Audio 2026-09-07 at 1.09.52 AM (2).wav,S17,Audio,True,True,106,0.9140625,106,0.9140625,0.0,17,2.5135,0.11513345532050952,0.964447021484375,0.0,0.3715625,0.17575,1.9661875,0.13017406224798392,8.37677475065383,759.6342287031835,0.005561860100518666,0.09765013054830288,False,0
ira_0392.wav,WhatsApp Audio 2026-09-07 at 1.09.52 AM.wav,S17,Audio,True,True,22,0.5859375,48,0.6875,0.06,7,1.5135,0.16504723858285597,0.999969482421875,0.004129501156260323,0.4671875,0.182125,0.8641875,0.2184175886483694,6.058686537308388,595.9439324669615,0.0047432371420862785,0.09403262440635969,True,1
ira_0393.wav,WhatsApp Audio 2026-09-07 at 1.09.53 AM (1).wav,S17,Audio,False,False,-119,0.03515625,-84,0.171875,0.03,4,1.2135,0.08708433044365112,0.77630615234375,0.0,0.4398125,0.058,0.7156875,0.11339373097742689,8.914418338969346,617.6467764774394,0.002587739105017346,0.0879732165851146,False,0
ira_0394.wav,WhatsApp Audio 2026-09-07 at 1.09.53 AM (2).wav,S17,Audio,False,True,-27,0.39453125,77,0.80078125,0.04,2,1.0535,0.10198921648034436,0.85137939453125,0.0,0.5140625,0.0358125,0.503625,0.14750613114139108,8.347739338651849,579.5233097407747,0.001474502864112436,0.08454464550578464,False,0
ira_0395.wav,WhatsApp Audio 2026-09-07 at 1.09.53 AM.wav,S17,Audio,False,False,-109,0.07421875,-102,0.1015625,0.28,4,1.2935,0.10622303510664377,0.88916015625,0.0,0.507625,0.0505625,0.7353125,0.140883183405989,8.37069055085197,572.7058454936966,0.0024219786661255735,0.08673592655230732,False,0
ira_0396.wav,WhatsApp Audio 2026-09-07 at 1.09.54 AM (1).wav,S17,Audio,False,True,-43,0.33203125,57,0.72265625,0.07,2,1.0935,0.18790190848708638,0.999969482421875,0.005715592135345221,0.2663125,0.08,0.7471875,0.22731045076204626,5.321763309767544,500.1252478840123,0.0013993678723108083,0.08122320663046585,True,1
ira_0397.wav,WhatsApp Audio 2026-09-07 at 1.09.54 AM (2).wav,S17,Audio,False,True,-74,0.2109375,53,0.70703125,0.05,4,1.2735,0.10902986950004419,0.652099609375,0.0,0.44425,0.0055625,0.8236875,0.13556853524070409,5.980926257778706,667.9681132122823,0.00151645256727244,0.09114110429447853,False,0
ira_0398.wav,WhatsApp Audio 2026-09-07 at 1.09.54 AM.wav,S17,Audio,True,True,90,0.8515625,108,0.921875,0.03,2,1.0335,0.1352931967866876,0.959503173828125,0.0,0.301375,0.0066875,0.7254375,0.16148368963504625,7.09202825136095,671.7171111416676,0.0007840984405890813,0.0768672512851527,False,0
ira_0399.wav,WhatsApp Audio 2026-09-07 at 1.09.55 AM (1).wav,S17,Audio,True,True,121,0.97265625,122,0.9765625,0.02,2,1.0335,0.13256115039687433,0.913330078125,0.0,0.2001875,0.002,0.8313125,0.14780464509595098,6.889877429326651,774.9076211473576,0.0003443546461120078,0.09307529482915029,False,0
ira_0400.wav,WhatsApp Audio 2026-09-07 at 1.09.55 AM (2).wav,S17,Audio,True,True,114,0.9453125,122,0.9765625,0.03,2,1.0935,0.11346024851854498,0.82330322265625,0.0,0.245375,0.0048125,0.8433125,0.1291981531707236,7.256314289860574,739.4765993377396,0.000515484552346275,0.07945127179194056,False,0
ira_0401.wav,WhatsApp Audio 2026-09-07 at 1.09.55 AM.wav,S17,Audio,False,False,-90,0.1484375,-43,0.33203125,0.02,3,1.1335,0.11587059899960808,0.807708740234375,0.0,0.452625,0.0084375,0.6724375,0.15043536905271668,6.97078246947793,789.3164597931861,0.0013203506175937573,0.08100358422939068,False,0
ira_0402.wav,WhatsApp Audio 2026-09-07 at 1.09.56 AM (1).wav,S17,Audio,True,True,100,0.890625,113,0.94140625,0.03,2,1.0535,0.19056958678810362,0.9805908203125,0.0,0.223875,0.0025625,0.8270625,0.21507979699880575,5.145578771720954,559.518881873384,0.003241782023738681,0.09706318599822011,False,0
ira_0403.wav,WhatsApp Audio 2026-09-07 at 1.09.56 AM (2).wav,S17,Audio,True,True,104,0.90625,108,0.921875,0.08,3,1.1735,0.19213459882493306,0.999969482421875,0.005325948018747337,0.2211875,0.0045,0.9478125,0.21378830526816345,5.204525830004285,529.2867044153375,0.0029562904082765743,0.09901464713715047,True,1
ira_0404.wav,WhatsApp Audio 2026-09-07 at 1.09.56 AM.wav,S17,Audio,True,True,102,0.8984375,112,0.9375,0.04,2,1.0535,0.1745082328671028,0.999969482421875,0.011865211200759373,0.218375,0.003625,0.8315,0.19642661660225977,5.730213789875487,740.3092112949821,0.0006446373343505937,0.09006229605458321,True,2
ira_0405.wav,WhatsApp Audio 2026-09-07 at 1.09.57 AM (1).wav,S17,Audio,True,True,106,0.9140625,119,0.96484375,0.06,7,1.5935,0.152621475007049,1.0,0.02745528710385943,0.255625,0.0001875,1.3376875,0.1665760387234797,6.552157879183214,510.85375717628784,0.0032645389621610713,0.09013532065110806,True,7
ira_0406.wav,WhatsApp Audio 2026-09-07 at 1.09.57 AM (2).wav,S17,Audio,True,True,11,0.54296875,11,0.54296875,0.04,7,1.5735,0.11001167488913807,0.875244140625,0.0,0.3953125,0.0,1.1781875,0.127133444152708,7.955920510318643,659.2749795987634,0.0025868901089313263,0.09092353525322741,False,0
ira_0407.wav,WhatsApp Audio 2026-09-07 at 1.09.57 AM.wav,S17,Audio,True,True,53,0.70703125,93,0.86328125,0.03,4,1.2935,0.15120768611702134,0.996368408203125,0.0,0.24275,0.0001875,1.0505625,0.16778139249089738,6.589403183063222,565.0251417243422,0.0028410018398575417,0.09050495288717081,False,0
ira_0408.wav,WhatsApp Audio 2026-09-07 at 1.09.58 AM (1).wav,S17,Audio,True,True,11,0.54296875,11,0.54296875,0.0,1,0.9935,0.1695436277433557,0.999969482421875,0.006290890790135883,0.2255625,0.0008125,0.767125,0.1929431295675139,5.898006877236134,642.1414175926595,0.0006750994882163769,0.08726014469959106,True,1
ira_0409.wav,WhatsApp Audio 2026-09-07 at 1.09.58 AM (2).wav,S17,Audio,True,True,109,0.92578125,121,0.97265625,0.03,3,1.1735,0.175805372914742,0.997894287109375,0.0,0.1805,0.001125,0.991875,0.19122465202671982,5.676130772142616,519.0579329807381,0.005482170318735341,0.09262316910785619,False,0
ira_0410.wav,WhatsApp Audio 2026-09-07 at 1.09.58 AM.wav,S17,Audio,True,True,53,0.70703125,53,0.70703125,0.0,1,0.9735,0.12133208260774285,0.7298583984375,0.0,0.245125,0.0044375,0.7239375,0.14069822233154644,6.015378478230487,797.4227148251763,0.0008606643422258447,0.08468699839486356,False,0
ira_0411.wav,WhatsApp Audio 2026-09-07 at 1.09.59 AM (1).wav,S17,Audio,True,True,118,0.9609375,123,0.98046875,0.02,2,1.0535,0.19016602699306892,0.999969482421875,0.005932605600379687,0.192625,0.001,0.859875,0.2104892163803821,5.258402345747705,566.7487383182812,0.0047671552271657735,0.07321269652921981,True,1
ira_0412.wav,WhatsApp Audio 2026-09-07 at 1.09.59 AM (2).wav,S17,Audio,True,True,114,0.9453125,125,0.98828125,0.04,5,1.3335,0.1501283648297872,0.899261474609375,0.0,0.0305,0.000125,1.302875,0.15188247461256718,5.98995050421645,656.0245771753589,0.007313502167708683,0.07213498945394892,False,0
ira_0413.wav,WhatsApp Audio 2026-09-07 at 1.09.59 AM.wav,S17,Audio,True,True,87,0.83984375,113,0.94140625,0.02,3,1.1535,0.16364667581316708,0.9837646484375,0.0,0.1808125,0.0015,0.9711875,0.1783457477105773,6.011516234895288,601.0055896823852,0.006614620035977012,0.06724464914657274,False,0
ira_0414.wav,WhatsApp Audio 2026-09-07 at 1.10.00 AM (1).wav,S17,Audio,True,True,123,0.98046875,125,0.98828125,0.04,3,1.1535,0.16034841627289387,0.999969482421875,0.010836584308625921,0.18275,0.0,0.97075,0.17479106885986467,6.236229241703556,604.1157579412256,0.006310248868952246,0.07949065293958277,True,2
ira_0415.wav,WhatsApp Audio 2026-09-07 at 1.10.00 AM (2).wav,S17,Audio,True,True,121,0.97265625,122,0.9765625,0.04,5,1.3535,0.173345641321363,1.0,0.023088289619504987,0.1951875,0.0,1.1583125,0.18738177768438433,5.76882113895275,611.8882951736335,0.0034755983415526064,0.06848302932348188,True,5
ira_0416.wav,WhatsApp Audio 2026-09-07 at 1.10.00 AM.wav,S17,Audio,True,True,118,0.9609375,122,0.9765625,0.04,3,1.1335,0.16277615137938442,0.907989501953125,0.0,0.1669375,0.0,0.9665625,0.1762729382321993,5.578148237679256,676.5133670635507,0.005941818357008522,0.06225530741659774,False,0
ira_0417.wav,WhatsApp Audio 2026-09-07 at 1.10.01 AM (1).wav,S17,Audio,True,True,111,0.93359375,120,0.96875,0.06,5,1.3535,0.16026652927845547,0.999969482421875,0.009235315847801994,0.166375,0.0,1.187125,0.17112892652157144,6.239415596780508,1048.7092153284882,0.010408154254615762,0.08847841145232048,True,2
ira_0418.wav,WhatsApp Audio 2026-09-07 at 1.10.01 AM (2).wav,S17,Audio,True,True,124,0.984375,124,0.984375,0.0,1,0.9935,0.1600504310660395,0.960784912109375,0.0,0.1705,0.0,0.823,0.17584902775119046,6.003013585842446,816.4023069840657,0.005681849484723544,0.07536961308587606,False,0
ira_0419.wav,WhatsApp Audio 2026-09-07 at 1.10.01 AM.wav,S17,Audio,True,True,90,0.8515625,120,0.96875,0.03,3,1.1935,0.15300400277641318,0.999969482421875,0.010473397570171763,0.169875,0.000125,1.0235,0.16522244977063574,6.535577267760399,901.0974813775484,0.01043645302267595,0.09258968316313171,True,2
ira_0420.wav,WhatsApp Audio 2026-09-07 at 1.10.02 AM (1).wav,S17,Audio,True,True,124,0.984375,126,0.9921875,0.01,2,1.0935,0.17770288419984742,0.99871826171875,0.0,0.18025,0.00025,0.913,0.19447628332498237,5.620157861903783,525.9885895838488,0.0024732682513482693,0.0735067162046299,False,0
ira_0421.wav,WhatsApp Audio 2026-09-07 at 1.10.02 AM (2).wav,S17,Audio,True,True,104,0.90625,104,0.90625,0.0,1,0.9135,0.07864901612839263,0.478973388671875,0.0,0.1563125,0.0,0.7571875,0.08638643019798228,6.0900111946723205,869.2602275592709,0.0022301133952656806,0.08299692097160452,False,0
ira_0422.wav,WhatsApp Audio 2026-09-07 at 1.10.02 AM (3).wav,S17,Audio,True,True,98,0.8828125,119,0.96484375,0.02,4,1.2735,0.12811363805795054,0.88055419921875,0.0,0.03,0.0,1.2435,0.12964982398264366,6.873227648257423,704.2589757100078,0.002358317606111228,0.08480981595092024,False,0
ira_0423.wav,WhatsApp Audio 2026-09-07 at 1.10.02 AM.wav,S17,Audio,True,True,117,0.95703125,124,0.984375,0.04,2,1.0735,0.17085663132119644,0.999969482421875,0.011644154634373545,0.171,0.0006875,0.9018125,0.186411699054361,5.852681717351751,721.7989272479358,0.004911317842024507,0.10212518195050946,True,2
ira_0424.wav,WhatsApp Audio 2026-09-07 at 1.10.03 AM (1).wav,S17,Audio,True,True,123,0.98046875,126,0.9921875,0.02,2,1.0935,0.1262431324022261,0.89324951171875,0.0,0.179125,0.0,0.914375,0.1380554335696929,7.07562854882868,564.8342268301249,0.002787174362517996,0.09379822806516147,False,0
ira_0425.wav,WhatsApp Audio 2026-09-07 at 1.10.03 AM (2).wav,S17,Audio,True,True,127,0.99609375,127,0.99609375,0.01,2,1.0135,0.14829089787163227,0.974853515625,0.0,0.1846875,0.0,0.8288125,0.16398253334302862,6.573926853345241,514.8753314796078,0.002603580929708063,0.08017267961763799,False,0
ira_0426.wav,WhatsApp Audio 2026-09-07 at 1.10.03 AM.wav,S17,Audio,True,True,115,0.94921875,123,0.98046875,0.04,4,1.2135,0.17569514467185485,0.98663330078125,0.0,0.03675,0.0005625,1.1761875,0.17846001662752095,5.615597987206654,604.3659901335909,0.0030125871410702307,0.09018799896986866,False,0
ira_0427.wav,WhatsApp Audio 2026-09-07 at 1.10.04 AM (1).wav,S17,Audio,True,True,116,0.953125,125,0.98828125,0.05,3,1.1535,0.17129252132410602,0.999969482421875,0.005418292154312961,0.19225,0.0,0.96125,0.18764077387595318,5.837788332450385,795.6940035243705,0.004842931776111655,0.09834733134651856,True,1
ira_0428.wav,WhatsApp Audio 2026-09-07 at 1.10.04 AM (2).wav,S17,Audio,True,True,113,0.94140625,113,0.94140625,0.02,2,1.0335,0.15231760003432923,0.999969482421875,0.024189646831156264,0.03,0.0,1.0035,0.15457762656679852,6.56502913777858,898.6746294423453,0.008795197335767157,0.10922286059872997,True,4
ira_0429.wav,WhatsApp Audio 2026-09-07 at 1.10.04 AM.wav,S17,Audio,True,True,124,0.984375,126,0.9921875,0.02,3,1.1335,0.14307334246142514,0.94354248046875,0.0,0.1825,0.0,0.951,0.15619883063365883,6.594816785825382,685.8742840422176,0.0032248002481046743,0.09396195202646816,False,0
ira_0430.wav,WhatsApp Audio 2026-09-07 at 1.14.10 AM (1).wav,S18,Audio,True,True,100,0.890625,121,0.97265625,0.02,3,1.1135,0.20913045646258804,1.0,0.0056129321957790745,0.0309375,0.001,1.0815625,0.21219561600852,4.781704285998596,606.6112314287893,0.003675105957989549,0.10468706146505753,True,1
ira_0431.wav,WhatsApp Audio 2026-09-07 at 1.14.10 AM.wav,S18,Audio,True,True,95,0.87109375,116,0.953125,0.03,3,1.1935,0.22365327880238728,0.985260009765625,0.0,0.187625,0.0,1.005875,0.24361995112820284,4.405300986605113,472.17092689476306,0.002703783357762643,0.08164440953129092,False,0
ira_0432.wav,WhatsApp Audio 2026-09-07 at 1.14.11 AM (1).wav,S18,Audio,True,True,87,0.83984375,113,0.94140625,0.03,6,1.4135,0.1795226622787664,1.0,0.017686593562079942,0.0305,0.0029375,1.3800625,0.18168429038754863,5.570327374307651,708.8332497203296,0.011820326787574404,0.09440636745522883,True,4
ira_0433.wav,WhatsApp Audio 2026-09-07 at 1.14.11 AM (2).wav,S18,Audio,True,True,106,0.9140625,106,0.9140625,0.0,1,0.9735,0.26700757987012813,1.0,0.057781201848998466,0.2219375,0.0,0.7515625,0.30388261300797237,3.7452120291356437,301.0199304515617,0.0010457566056932964,0.06401284109149277,True,9
ira_0434.wav,WhatsApp Audio 2026-09-07 at 1.14.11 AM.wav,S18,Audio,True,True,104,0.90625,117,0.95703125,0.03,2,1.0535,0.24081322716410733,0.999969482421875,0.005932605600379687,0.03,0.0,1.0235,0.24431699327669212,4.152469090663464,349.3605405400781,0.0013589958030101078,0.08312073568673985,True,1
ira_0435.wav,WhatsApp Audio 2026-09-07 at 1.14.12 AM (1).wav,S18,Audio,True,True,43,0.66796875,108,0.921875,0.05,5,1.3335,0.22789578808871006,0.99609375,0.0,0.1898125,0.0164375,1.12725,0.24786788928559939,4.370830011181529,374.8284692269997,0.001548355610799777,0.07344738692289665,False,0
ira_0436.wav,WhatsApp Audio 2026-09-07 at 1.14.12 AM (2).wav,S18,Audio,True,True,120,0.96875,124,0.984375,0.04,4,1.2535,0.19313150438676593,0.999969482421875,0.014958117271639409,0.2075625,0.005875,1.0400625,0.21202275512563898,5.177661125754668,417.32128533762614,0.002137234348163502,0.06841186736474694,True,3
ira_0437.wav,WhatsApp Audio 2026-09-07 at 1.14.12 AM.wav,S18,Audio,True,True,74,0.7890625,109,0.92578125,0.06,3,1.1735,0.1916797908818711,1.0,0.010651896037494673,0.1600625,0.0,1.0134375,0.20626185843528771,5.217034072289251,537.9390343394601,0.0032987828598126075,0.0826098535286285,True,2
ira_0438.wav,WhatsApp Audio 2026-09-07 at 1.14.13 AM (1).wav,S18,Audio,True,True,102,0.8984375,122,0.9765625,0.05,3,1.1735,0.21477023996951525,0.999969482421875,0.005325948018747337,0.183875,0.0005,0.989125,0.23393140752488742,4.655996485191858,585.542959602716,0.004659613645963597,0.09805592543275632,True,1
ira_0439.wav,WhatsApp Audio 2026-09-07 at 1.14.13 AM (2).wav,S18,Audio,True,True,109,0.92578125,120,0.96875,0.01,4,1.2335,0.24059918246945355,0.999969482421875,0.005066882853668423,0.1848125,0.002375,1.0463125,0.2612352621516531,4.1561632594027245,382.96672050269257,0.0015935385223386379,0.07636179376741829,True,1
ira_0440.wav,WhatsApp Audio 2026-09-07 at 1.14.13 AM.wav,S18,Audio,True,True,95,0.87109375,98,0.8828125,0.01,4,1.2135,0.17936890028725577,0.9830322265625,0.0,0.15725,0.00075,1.0555,0.19232562850503618,5.480505399699687,580.9853556804081,0.009949134712187155,0.09420551120267834,False,0
ira_0441.wav,WhatsApp Audio 2026-09-07 at 1.14.14 AM (1).wav,S18,Audio,True,True,38,0.6484375,109,0.92578125,0.03,5,1.3935,0.17603970335882907,0.97198486328125,0.0,0.037625,0.0025,1.353375,0.1786300117685152,5.521395712079864,533.6808365656972,0.003517740138160801,0.09769006503700381,False,0
ira_0442.wav,WhatsApp Audio 2026-09-07 at 1.14.14 AM (2).wav,S18,Audio,True,True,113,0.94140625,117,0.95703125,0.01,2,1.0135,0.14185203722153447,0.7147216796875,0.0,0.1763125,0.000125,0.8370625,0.1560871757073445,5.0385013404587085,546.4724184652654,0.002613891870285209,0.07110699969164354,False,0
ira_0443.wav,WhatsApp Audio 2026-09-07 at 1.14.14 AM.wav,S18,Audio,True,True,112,0.9375,120,0.96875,0.07,4,1.2935,0.17841061655931875,0.99285888671875,0.0,0.03,0.0003125,1.2631875,0.18053854745841588,5.565021330379405,624.2971881160335,0.0052330169596535555,0.08784730611258758,False,0
ira_0444.wav,WhatsApp Audio 2026-09-07 at 1.14.15 AM (1).wav,S18,Audio,True,True,100,0.890625,119,0.96484375,0.02,5,1.3135,0.22355426407335227,1.0,0.00475827940616673,0.17275,0.0005,1.14025,0.2399366025096306,4.473186875432989,394.6292008247058,0.003957575014080811,0.084796573875803,True,1
ira_0445.wav,WhatsApp Audio 2026-09-07 at 1.14.15 AM.wav,S18,Audio,False,True,-53,0.29296875,70,0.7734375,0.06,3,1.1335,0.10128097658747631,0.907318115234375,0.0,0.030625,0.0,1.102875,0.10267751100431351,8.958425815046569,594.069821866544,0.002140412141178509,0.07400055141990626,False,0
ira_0446.wav,WhatsApp Audio 2026-09-07 at 1.14.16 AM (1).wav,S18,Audio,True,True,121,0.97265625,125,0.98828125,0.07,5,1.3735,0.12800772928712204,0.94769287109375,0.0,0.042,0.0,1.3315,0.13001077391338633,7.403403500487613,478.2862172205273,0.002739826221275446,0.10111490329920364,False,0
ira_0447.wav,WhatsApp Audio 2026-09-07 at 1.14.16 AM (2).wav,S18,Audio,True,True,114,0.9453125,124,0.984375,0.03,3,1.1935,0.10566357660569499,0.768096923828125,0.0,0.03075,0.0011875,1.1615625,0.10710625183081555,7.269268640171381,640.6376653274809,0.001934218996289041,0.09426551453260015,False,0
ira_0448.wav,WhatsApp Audio 2026-09-07 at 1.14.16 AM.wav,S18,Audio,True,True,6,0.5234375,102,0.8984375,0.04,6,1.4135,0.10045067410641226,0.840179443359375,0.0,0.0310625,0.0005625,1.381875,0.101593549012177,8.364099602450972,375.1708581545023,0.002740010296958951,0.085651116515587,False,0
ira_0449.wav,WhatsApp Audio 2026-09-07 at 1.14.17 AM.wav,S18,Audio,True,True,102,0.8984375,102,0.8984375,0.0,1,0.9735,0.06625005404610304,0.435211181640625,0.0,0.03,0.0,0.9435,0.06729507027290288,6.569220024149172,662.5973524358053,0.0030271551968836553,0.09990369181380418,False,0
ira_0450.wav,WhatsApp Audio 2026-09-07 at 1.21.31 AM.wav,S19,Audio,True,True,38,0.6484375,93,0.86328125,0.06,4,1.2135,0.19116229343327007,0.9915771484375,0.0,0.22525,0.00725,0.981,0.21261070138075147,5.1870958996609575,435.82447426749474,0.0010140408128321914,0.08689157867628122,False,0
ira_0451.wav,WhatsApp Audio 2026-09-07 at 1.21.32 AM (1).wav,S19,Audio,True,True,0,0.5,70,0.7734375,0.02,3,1.1535,0.12119154497684491,0.72613525390625,0.0,0.2368125,0.000625,0.9160625,0.13599280696184712,5.991632948032693,496.0945302627304,0.000557783335283974,0.08073692766188025,False,0
ira_0452.wav,WhatsApp Audio 2026-09-07 at 1.21.32 AM (2).wav,S19,Audio,True,True,61,0.73828125,106,0.9140625,0.06,4,1.2135,0.20596711244365062,0.99615478515625,0.0,0.267375,0.0045625,0.9415625,0.2338244282532448,4.836474975725954,359.0133586748062,0.0008649133055704992,0.08524336852948751,False,0
ira_0453.wav,WhatsApp Audio 2026-09-07 at 1.21.32 AM.wav,S19,Audio,False,True,-48,0.3125,87,0.83984375,0.05,5,1.3135,0.20514468891503246,1.0,0.00951655881233346,0.2218125,0.02925,1.0624375,0.228097651379081,4.874608283981378,405.77304337859016,0.000689724993875938,0.08598620033309541,True,2
ira_0454.wav,WhatsApp Audio 2026-09-07 at 1.21.33 AM (1).wav,S19,Audio,False,False,-53,0.29296875,-53,0.29296875,0.0,1,0.9935,0.1500340654507471,0.735443115234375,0.0,0.2543125,0.000125,0.7390625,0.17395242380517528,4.901840878768994,388.1045668416749,0.0004133627525310388,0.0837370242214533,False,0
ira_0455.wav,WhatsApp Audio 2026-09-07 at 1.21.33 AM (2).wav,S19,Audio,True,True,57,0.72265625,66,0.7578125,0.02,4,1.2335,0.10291438727972206,0.558624267578125,0.0,0.233125,0.006375,0.994,0.11464356534415421,5.428048325835921,486.2932942008343,0.0006409206627522399,0.08984038510260958,False,0
ira_0456.wav,WhatsApp Audio 2026-09-07 at 1.21.33 AM.wav,S19,Audio,True,True,77,0.80078125,102,0.8984375,0.03,4,1.2535,0.19454277756326985,1.0,0.01994415636218588,0.2355,0.0,1.018,0.21587491909146767,5.14025764680355,497.36990363734697,0.002964832923595166,0.08092744951383694,True,4
ira_0457.wav,WhatsApp Audio 2026-09-07 at 1.21.34 AM (1).wav,S19,Audio,True,True,-22,0.4140625,74,0.7890625,0.03,4,1.2335,0.19172011425334642,0.927276611328125,0.0,0.2185625,0.0095,1.0054375,0.21235230756097734,4.8366162045093795,378.610071843359,0.0005685255007757008,0.08928299974664301,False,0
ira_0458.wav,WhatsApp Audio 2026-09-07 at 1.21.34 AM (2).wav,S19,Audio,True,True,0,0.5,70,0.7734375,0.03,3,1.1535,0.16097228404583178,0.98358154296875,0.0,0.248625,0.0319375,0.8729375,0.18503917332625364,6.11025400303512,603.9425152756121,0.0016105347429970604,0.1104849634245462,False,0
ira_0459.wav,WhatsApp Audio 2026-09-07 at 1.21.34 AM (3).wav,S19,Audio,True,True,84,0.828125,112,0.9375,0.04,3,1.1935,0.21935093915354056,0.999969482421875,0.005236698785085881,0.23125,0.0669375,0.8953125,0.2532544575227351,4.558765448101955,458.66981479737905,0.001618076047531111,0.09007593610892904,True,1
ira_0460.wav,WhatsApp Audio 2026-09-07 at 1.21.34 AM.wav,S19,Audio,True,True,81,0.81640625,81,0.81640625,0.0,1,0.9335,0.1917274164452005,0.94775390625,0.0,0.222125,0.0,0.711375,0.219629182478862,4.943236203888905,365.7911333601965,0.00104663654449498,0.09193170405088717,False,0
ira_0461.wav,WhatsApp Audio 2026-09-07 at 1.21.35 AM (1).wav,S19,Audio,True,True,90,0.8515625,116,0.953125,0.09,3,1.1935,0.16636750147322488,0.747283935546875,0.0,0.1915,0.0004375,1.0015625,0.18161010287726834,4.491766294074823,470.8749357289036,0.001597428161641406,0.09567949725058916,False,0
ira_0462.wav,WhatsApp Audio 2026-09-07 at 1.21.35 AM.wav,S19,Audio,True,True,87,0.83984375,120,0.96875,0.03,5,1.3735,0.20241243506270554,0.985443115234375,0.0,0.0390625,0.00125,1.3331875,0.20544925932749758,4.868490984405645,360.08453206947837,0.0007935184117523138,0.09042093287827076,False,0
ira_0463.wav,WhatsApp Audio 2026-09-07 at 1.21.36 AM (1).wav,S19,Audio,True,True,108,0.921875,108,0.921875,0.0,1,0.9535,0.08787930782200688,0.388671875,0.0,0.1838125,6.25e-05,0.769625,0.0978148514615271,4.422791720062548,515.1214734180239,0.001563768287158552,0.08987217305801376,False,0
ira_0464.wav,WhatsApp Audio 2026-09-07 at 1.21.36 AM (2).wav,S19,Audio,True,True,117,0.95703125,117,0.95703125,0.0,3,1.1935,0.18581514766893678,0.83038330078125,0.0,0.2231875,0.0006875,0.969625,0.20615246368391346,4.468867641839016,359.12625110207904,0.0006253413985094298,0.08101597276774025,False,0
ira_0465.wav,WhatsApp Audio 2026-09-07 at 1.21.36 AM (3).wav,S19,Audio,True,True,98,0.8828125,120,0.96875,0.06,3,1.1535,0.17978557560064815,0.802154541015625,0.0,0.211125,0.000625,0.94175,0.19897289175109525,4.461729136699069,348.46804237554306,0.0007390899326207388,0.08984015172040098,False,0
ira_0466.wav,WhatsApp Audio 2026-09-07 at 1.21.36 AM.wav,S19,Audio,True,True,114,0.9453125,115,0.94921875,0.02,6,1.4135,0.12485772905743504,0.748565673828125,0.0,0.1895,0.000125,1.223875,0.13418178244662546,5.995349102367398,467.6486293958802,0.0022170073619312055,0.09560026531063454,False,0
ira_0467.wav,WhatsApp Audio 2026-09-07 at 1.21.37 AM (1).wav,S19,Audio,True,True,100,0.890625,104,0.90625,0.01,3,1.1135,0.13256328489871122,0.6474609375,0.0,0.2119375,0.0,0.9015625,0.14732207424469454,4.884164857522285,411.88978647042944,0.0012712067972360502,0.08144821779399383,False,0
ira_0468.wav,WhatsApp Audio 2026-09-07 at 1.21.37 AM (2).wav,S19,Audio,True,True,116,0.953125,119,0.96484375,0.03,6,1.4335,0.14724499181418035,0.810333251953125,0.0,0.206875,0.0015625,1.2250625,0.15927897548548375,5.503299242773202,317.9490131865308,0.0009982079620927907,0.09932417702201875,False,0
ira_0469.wav,WhatsApp Audio 2026-09-07 at 1.21.37 AM.wav,S19,Audio,True,True,95,0.87109375,114,0.9453125,0.01,8,1.6335,0.15931024552557937,0.90997314453125,0.0,0.21325,0.00025,1.42,0.17086678699657798,5.711956199233537,335.0785153421368,0.0016313482484790413,0.08976468337478477,False,0
ira_0470.wav,WhatsApp Audio 2026-09-07 at 1.21.38 AM (1).wav,S19,Audio,True,True,0,0.5,48,0.6875,0.06,5,1.3135,0.1980461122874385,0.9620361328125,0.0,0.2204375,0.0014375,1.091625,0.21724170979876314,4.857637050790616,436.40652806045716,0.001714932021548395,0.07585058291696407,False,0
ira_0471.wav,WhatsApp Audio 2026-09-07 at 1.21.38 AM (2).wav,S19,Audio,True,True,100,0.890625,115,0.94921875,0.07,5,1.3535,0.16632542220074503,0.728668212890625,0.0,0.20025,6.25e-05,1.1531875,0.18019239195711298,4.380979186760549,314.6277390216974,0.0005271026980937964,0.08667744169937659,False,0
ira_0472.wav,WhatsApp Audio 2026-09-07 at 1.21.38 AM.wav,S19,Audio,False,True,-87,0.16015625,-11,0.45703125,0.02,7,1.5135,0.06841062115260291,0.5595703125,0.0,0.03,0.000625,1.482875,0.0691134256712343,8.179582396303228,748.3647411214635,0.0006443637000876628,0.0926285360313855,False,0
ira_0473.wav,WhatsApp Audio 2026-09-07 at 1.21.39 AM (1).wav,S19,Audio,False,True,-95,0.12890625,48,0.6875,0.03,4,1.2935,0.21065093201411128,1.0,0.009663703131039814,0.2060625,0.0865625,1.000875,0.23946841622496604,4.7471900097409065,412.055442196603,0.0012882660331394646,0.09219618265281469,True,2
ira_0474.wav,WhatsApp Audio 2026-09-07 at 1.21.39 AM (2).wav,S19,Audio,False,False,-38,0.3515625,-38,0.3515625,0.0,1,0.9735,0.21888609596897646,0.989349365234375,0.0,0.209125,0.0025625,0.7618125,0.24743404020982607,4.519927868669187,439.3841848414412,0.0014865187614062003,0.078330658105939,False,0
ira_0475.wav,WhatsApp Audio 2026-09-07 at 1.21.39 AM (3).wav,S19,Audio,True,True,0,0.5,87,0.83984375,0.04,4,1.2935,0.22277207181110584,1.0,0.009663703131039814,0.2011875,0.000375,1.0919375,0.24246187632047655,4.488893028062897,329.3082963545805,0.0008872846296658387,0.08069582024643633,True,2
ira_0476.wav,WhatsApp Audio 2026-09-07 at 1.21.39 AM.wav,S19,Audio,True,True,57,0.72265625,77,0.80078125,0.02,2,1.0535,0.14555090738307272,0.8204345703125,0.0,0.223875,0.0005,0.829125,0.1640667068136774,5.636753387962148,415.2516090406603,0.0007113487558058464,0.0778404034411154,False,0
ira_0477.wav,WhatsApp Audio 2026-09-07 at 1.21.40 AM (1).wav,S19,Audio,True,True,33,0.62890625,95,0.87109375,0.01,5,1.3935,0.08909834996424523,0.5513916015625,0.0,0.201125,0.0003125,1.1920625,0.09633229277490298,6.188572535672893,643.1772291847698,0.0005910825065813699,0.08302309934962997,False,0
ira_0478.wav,WhatsApp Audio 2026-09-07 at 1.21.40 AM (2).wav,S19,Audio,False,False,-100,0.109375,-27,0.39453125,0.05,5,1.3335,0.1761480916667444,0.96160888671875,0.0,0.2024375,0.187875,0.9431875,0.20944629192900768,5.459093411798202,654.1782827189004,0.0011665277312976627,0.0995547222873213,False,0
ira_0479.wav,WhatsApp Audio 2026-09-07 at 1.21.40 AM.wav,S19,Audio,False,True,-61,0.26171875,-6,0.4765625,0.04,3,1.1935,0.09896068892256178,0.715240478515625,0.0,0.034,0.0,1.1595,0.10040101833831806,7.227521213755003,706.9749756172339,0.00048038405173444695,0.0912280701754386,False,0
ira_0480.wav,WhatsApp Audio 2026-09-07 at 1.21.41 AM (1).wav,S19,Audio,True,True,57,0.72265625,77,0.80078125,0.03,3,1.1135,0.18588682524176192,0.971343994140625,0.0,0.2164375,0.0001875,0.896875,0.20712221875593217,5.225459054870123,383.9128436086997,0.0015277347785282631,0.0876789222565254,False,0
ira_0481.wav,WhatsApp Audio 2026-09-07 at 1.21.41 AM (2).wav,S19,Audio,True,True,-17,0.43359375,43,0.66796875,0.03,2,1.0335,0.21120159982741024,0.924774169921875,0.0,0.204,0.002625,0.826875,0.23611863378043768,4.378632409402117,457.1019954538007,0.00127760209849227,0.09089809495010584,False,0
ira_0482.wav,WhatsApp Audio 2026-09-07 at 1.21.41 AM.wav,S19,Audio,True,True,22,0.5859375,93,0.86328125,0.07,6,1.4535,0.174435780063855,0.95989990234375,0.0,0.194375,0.0013125,1.2578125,0.187514122311533,5.502884224740838,446.37474288460646,0.0023398669098831887,0.0926682433885186,False,0
ira_0483.wav,WhatsApp Audio 2026-09-07 at 1.21.42 AM (1).wav,S19,Audio,True,True,-17,0.43359375,102,0.8984375,0.05,5,1.3135,0.1783250510036002,0.98919677734375,0.0,0.2075625,0.0035,1.1024375,0.1946470165072194,5.547155443257264,414.74612163817204,0.0010685227339117603,0.08788960266476327,False,0
ira_0484.wav,WhatsApp Audio 2026-09-07 at 1.21.42 AM (2).wav,S19,Audio,True,True,87,0.83984375,106,0.9140625,0.02,5,1.3135,0.16391658399059275,0.968902587890625,0.0,0.2215625,0.0031875,1.08875,0.18004128040381379,5.910949119987949,395.473305538554,0.0010875325510920388,0.08527242445871996,False,0
ira_0485.wav,WhatsApp Audio 2026-09-07 at 1.21.42 AM.wav,S19,Audio,True,True,57,0.72265625,87,0.83984375,0.04,3,1.1535,0.1718728738090827,0.82098388671875,0.0,0.2238125,6.25e-05,0.929625,0.19145226495239487,4.776692613115338,464.3410717038803,0.001254900855457449,0.08832294771064753,False,0
ira_0486.wav,WhatsApp Audio 2026-09-07 at 1.21.43 AM (1).wav,S19,Audio,True,True,90,0.8515625,119,0.96484375,0.04,2,1.0735,0.16919246959851278,0.8074951171875,0.0,0.193625,0.0,0.879875,0.18688310729115792,4.772642181437831,399.6594422048999,0.001497968525093559,0.08622998544395924,False,0
ira_0487.wav,WhatsApp Audio 2026-09-07 at 1.21.43 AM (2).wav,S19,Audio,True,True,104,0.90625,113,0.94140625,0.03,4,1.2135,0.1609847495296847,0.8406982421875,0.0,0.2196875,0.0,0.9938125,0.17788963206859423,5.222222879145952,343.1822263416697,0.0008697820892376031,0.08287406644347155,False,0
ira_0488.wav,WhatsApp Audio 2026-09-07 at 1.21.43 AM.wav,S19,Audio,True,True,81,0.81640625,113,0.94140625,0.06,5,1.3535,0.15379623560480177,0.933135986328125,0.0,0.190375,0.0025625,1.1605625,0.1660882202832504,6.067352576339593,429.6249290104434,0.0010730461898082817,0.09702147310090048,False,0
ira_0489.wav,WhatsApp Audio 2026-09-07 at 1.21.44 AM (1).wav,S19,Audio,True,True,114,0.9453125,114,0.9453125,0.0135,2,1.0135,0.18167038744076178,0.999969482421875,0.006166748889985201,0.221875,0.000375,0.79125,0.20560660156551708,5.504306433804135,339.45533527637946,0.0008004175662395949,0.08350292938637065,True,1
ira_0490.wav,WhatsApp Audio 2026-09-07 at 1.21.44 AM (2).wav,S19,Audio,True,True,77,0.80078125,100,0.890625,0.01,5,1.3135,0.09044795217388367,0.503082275390625,0.0,0.19925,0.0,1.11425,0.09820214086356574,5.562119023142318,569.5348719306696,0.0012794861814313457,0.08779443254817987,False,0
ira_0491.wav,WhatsApp Audio 2026-09-07 at 1.21.44 AM.wav,S19,Audio,True,True,120,0.96875,123,0.98046875,0.02,9,1.7935,0.1668838247629541,1.0,0.006969612489545581,0.182125,0.0071875,1.6041875,0.17645595219576524,5.992192481329,470.3793440945957,0.003720016303127977,0.09935528837776617,True,2
ira_0492.wav,WhatsApp Audio 2026-09-07 at 1.21.45 AM (1).wav,S19,Audio,True,True,0,0.5,95,0.87109375,0.06,3,1.1535,0.19406514819538753,0.8616943359375,0.0,0.201625,0.00225,0.949625,0.21388425572913822,4.440232282562833,437.0884355558256,0.000615587127153638,0.0969926849092387,False,0
ira_0493.wav,WhatsApp Audio 2026-09-07 at 1.21.45 AM (2).wav,S19,Audio,True,True,108,0.921875,118,0.9609375,0.03,4,1.2135,0.2017659176607936,0.969482421875,0.0,0.1901875,0.002,1.0213125,0.21993133953030797,4.804986060653127,462.3019470726462,0.0009720630125805385,0.09971671388101983,False,0
ira_0494.wav,WhatsApp Audio 2026-09-07 at 1.21.45 AM.wav,S19,Audio,True,True,70,0.7734375,106,0.9140625,0.02,3,1.1935,0.13199732508160947,0.889801025390625,0.0,0.04225,0.0026875,1.1485625,0.13455448364026637,6.741053463322012,547.2162463039117,0.0006059618499640606,0.09379418695993716,False,0
ira_0495.wav,WhatsApp Audio 2026-09-07 at 1.21.46 AM (1).wav,S19,Audio,True,True,115,0.94921875,122,0.9765625,0.04,5,1.3935,0.13376198721779453,0.669036865234375,0.0,0.0300625,0.0003125,1.363125,0.13524407738806893,5.00169651445917,479.7022411461553,0.0010970608232933772,0.09616505943036555,False,0
ira_0496.wav,WhatsApp Audio 2026-09-07 at 1.21.46 AM (2).wav,S19,Audio,True,True,106,0.9140625,106,0.9140625,0.03,2,1.0735,0.2248282946948469,0.947998046875,0.0,0.0405625,0.0,1.0329375,0.22920011232027163,4.216542442585757,368.0930826184787,0.0005810932385550535,0.08727802037845706,False,0
ira_0497.wav,WhatsApp Audio 2026-09-07 at 1.21.46 AM.wav,S19,Audio,True,True,98,0.8828125,120,0.96875,0.04,4,1.2935,0.1561802150730573,0.709014892578125,0.0,0.03025,0.0025,1.26075,0.1581955946424185,4.539722859559805,451.5786412108768,0.0006704099027219307,0.0966900217443827,False,0
ira_0498.wav,WhatsApp Audio 2026-09-07 at 1.21.47 AM (1).wav,S19,Audio,True,True,61,0.73828125,61,0.73828125,0.0,1,0.9735,0.1506696744627963,0.67669677734375,0.0,0.199125,0.0,0.774375,0.16893336896801547,4.491260631951796,455.49288055218,0.0006226049247676368,0.0886677367576244,False,0
ira_0499.wav,WhatsApp Audio 2026-09-07 at 1.21.47 AM (2).wav,S19,Audio,True,True,81,0.81640625,81,0.81640625,0.0,1,0.9335,0.13658205744684881,0.633270263671875,0.0,0.1991875,0.0006875,0.733625,0.1540672584190336,4.636555309750795,462.96332476744857,0.000693135799486438,0.08978908603950451,False,0
ira_0500.wav,WhatsApp Audio 2026-09-07 at 1.21.47 AM (3).wav,S19,Audio,True,True,95,0.87109375,124,0.984375,0.05,3,1.1535,0.15900310548416888,0.79986572265625,0.0,0.1980625,0.0005,0.9549375,0.17475298874307327,5.030503776769873,440.1815049750894,0.0008370464994756397,0.09612571118937957,False,0
ira_0501.wav,WhatsApp Audio 2026-09-07 at 1.21.47 AM.wav,S19,Audio,True,True,117,0.95703125,123,0.98046875,0.02,2,1.0535,0.1304353692117196,0.614715576171875,0.0,0.181625,0.00075,0.871125,0.14344017006220666,4.712798222498096,392.28900271441955,0.0006638264851221877,0.0918421833283892,False,0
ira_0502.wav,WhatsApp Audio 2026-09-07 at 1.21.48 AM (1).wav,S19,Audio,True,True,84,0.828125,109,0.92578125,0.06,4,1.2535,0.12914928042775864,0.736907958984375,0.0,0.0438125,0.0001875,1.2095,0.13147722784899665,5.705861902936224,496.9904619927301,0.0004976847346192478,0.0993767140363999,False,0
ira_0503.wav,WhatsApp Audio 2026-09-07 at 1.21.48 AM (2).wav,S19,Audio,True,True,119,0.96484375,125,0.98828125,0.03,2,1.0535,0.0947428019905968,0.533935546875,0.0,0.1816875,0.0,0.8718125,0.10414773273615792,5.635631791088393,644.3321492414531,0.0008860816760943247,0.09409670720854346,False,0
ira_0504.wav,WhatsApp Audio 2026-09-07 at 1.21.48 AM.wav,S19,Audio,True,True,90,0.8515625,117,0.95703125,0.03,4,1.2135,0.0742891751434448,0.47357177734375,0.0,0.0301875,6.25e-05,1.18325,0.07523278121713545,6.374707707136758,740.8682669538525,0.0007355335591118564,0.11125418490857585,False,0
ira_0505.wav,WhatsApp Audio 2026-09-07 at 1.21.49 AM (1).wav,S19,Audio,True,True,118,0.9609375,125,0.98828125,0.04,2,1.0935,0.09460030537584498,0.55694580078125,0.0,0.0371875,6.25e-05,1.05625,0.09625384884495715,5.887357324783639,592.1982890122183,0.0009575373612837003,0.09865675907402115,False,0
ira_0506.wav,WhatsApp Audio 2026-09-07 at 1.21.49 AM (2).wav,S19,Audio,True,True,100,0.890625,118,0.9609375,0.04,3,1.1335,0.13121376070545807,0.88494873046875,0.0,0.044,0.0,1.0895,0.13383685988784683,6.7443286871049875,464.6832537940926,0.0005160238303005258,0.08624207333884754,False,0
ira_0507.wav,WhatsApp Audio 2026-09-07 at 1.21.49 AM.wav,S19,Audio,True,True,114,0.9453125,122,0.9765625,0.03,4,1.2135,0.1353762581800544,0.75299072265625,0.0,0.0311875,0.000125,1.1821875,0.13715734678082048,5.562206643758393,407.61443613999444,0.000506036098961487,0.08890033479268607,False,0
ira_0508.wav,WhatsApp Audio 2026-09-07 at 1.21.50 AM (1).wav,S19,Audio,True,True,118,0.9609375,124,0.984375,0.04,4,1.2135,0.08427683344700855,0.471954345703125,0.0,0.0301875,0.000375,1.1829375,0.08535857164390166,5.600048392894112,617.0655221884315,0.0009787894753134484,0.10270409477208343,False,0
ira_0509.wav,WhatsApp Audio 2026-09-07 at 1.21.50 AM.wav,S19,Audio,True,True,125,0.98828125,127,0.99609375,0.02,3,1.1535,0.09997589589821997,0.6600341796875,0.0,0.173375,0.0,0.980125,0.10845812794976818,6.601933133556963,609.1987583213676,0.0008012476995750596,0.09731780005418586,False,0
ira_0510.wav,WhatsApp Audio 2026-09-07 at 1.21.51 AM.wav,S19,Audio,True,True,109,0.92578125,120,0.96875,0.07,5,1.3335,0.11624650375971958,0.72625732421875,0.0,0.1954375,0.0,1.1380625,0.12583209461368564,6.247562728595408,534.6894924712229,0.0007438954990875943,0.10447621279587532,False,0
ira_0516.wav,WhatsApp Audio 2026-09-07 at 12.04.05 AM (1).wav,S12,Audio,True,True,126,0.9921875,126,0.9921875,0.14,15,2.3335,0.11297919073525824,1.0,0.018748660809942145,0.210625,0.0585625,2.0643125,0.12011953673849064,8.851187492954159,637.8202938167382,0.008922114810658735,0.11388777286728272,True,7
ira_0517.wav,WhatsApp Audio 2026-09-07 at 12.04.05 AM (2).wav,S12,Audio,True,True,98,0.8828125,123,0.98046875,0.17,10,1.8535,0.1467565880452159,0.999969482421875,0.003371998920960345,0.1591875,0.401625,1.2926875,0.17573039642967564,6.813796203232682,490.6603137070988,0.00530793051759966,0.0919237902545945,True,1
ira_0518.wav,WhatsApp Audio 2026-09-07 at 12.04.05 AM.wav,S12,Audio,True,True,109,0.92578125,123,0.98046875,0.15,9,1.7135,0.11729171504163971,0.98974609375,0.0,0.2285625,0.3295,1.1554375,0.1428348942902464,8.43832911300368,676.2974150645399,0.007636131086260161,0.09505745030093014,False,0
ira_0519.wav,WhatsApp Audio 2026-09-07 at 12.04.06 AM (1).wav,S12,Audio,True,True,125,0.98828125,126,0.9921875,0.06,7,1.5935,0.07051268005378496,0.781707763671875,0.0,0.0383125,0.628125,0.9270625,0.09244488100095959,11.086059458747162,632.2210030371257,0.001855519642676373,0.11763090802118062,False,0
ira_0520.wav,WhatsApp Audio 2026-09-07 at 12.04.06 AM.wav,S12,Audio,True,True,124,0.984375,125,0.98828125,0.04,10,1.8735,0.07645714769740207,0.4794921875,0.0,0.527625,0.0,1.345875,0.09020667678174037,6.271384716020378,582.60428264221,0.0017345944391717735,0.08957464553794829,False,0
ira_0521.wav,WhatsApp Audio 2026-09-07 at 12.04.07 AM (1).wav,S12,Audio,True,True,112,0.9375,115,0.94921875,0.34,16,2.4535,0.037228959042881704,0.355194091796875,0.0,0.1591875,0.1016875,2.192625,0.03938127376995896,9.540801057256239,576.117668746661,0.0009875834217181966,0.10171952617500955,False,0
ira_0522.wav,WhatsApp Audio 2026-09-07 at 12.04.07 AM (2).wav,S12,Audio,True,True,33,0.62890625,115,0.94921875,0.09,8,1.6935,0.06217554145895622,0.828277587890625,0.0,0.0398125,0.5849375,1.06875,0.07826533129948594,13.321598307871492,723.5417212821541,0.001744459474770472,0.11636833364089315,False,0
ira_0523.wav,WhatsApp Audio 2026-09-07 at 12.04.07 AM.wav,S12,Audio,True,True,98,0.8828125,102,0.8984375,0.32,9,1.7135,0.05782608026132648,0.795806884765625,0.0,0.15925,0.6135625,0.9406875,0.0780428137876866,13.762075540469459,809.1447732811314,0.0019601967076840706,0.13291993434251323,False,0
ira_0524.wav,WhatsApp Audio 2026-09-07 at 12.04.08 AM (1).wav,S12,Audio,True,True,108,0.921875,117,0.95703125,0.39,9,1.7135,0.058223906187147165,0.83953857421875,0.0,0.15925,0.0,1.55425,0.06113399113890903,14.419138618426752,802.7522324378476,0.0020907490217469057,0.09786613167973737,False,0
ira_0525.wav,WhatsApp Audio 2026-09-07 at 12.04.08 AM (2).wav,S12,Audio,True,True,112,0.9375,115,0.94921875,0.42,9,1.7535,0.05018486437985194,0.74066162109375,0.0,0.1591875,0.3109375,1.283375,0.05866025391455239,14.758665391374626,818.2607165333475,0.002100208092247912,0.12354304045624666,False,0
ira_0526.wav,WhatsApp Audio 2026-09-07 at 12.04.08 AM.wav,S12,Audio,True,True,126,0.9921875,127,0.99609375,0.36,7,1.5735,0.039214580019937204,0.358856201171875,0.0,0.0341875,0.0283125,1.511,0.04001727590816637,9.151091277515349,434.9285835631204,0.0011784489721255538,0.11134061569016881,False,0
ira_0527.wav,WhatsApp Audio 2026-09-07 at 12.04.09 AM (1).wav,S12,Audio,True,True,114,0.9453125,122,0.9765625,0.02,11,1.9135,0.04730120511820615,0.58349609375,0.0,0.1591875,0.248875,1.5054375,0.053327457572265154,12.335755342635306,824.8029100379605,0.0018375705749234586,0.11327780499755022,False,0
ira_0528.wav,WhatsApp Audio 2026-09-07 at 12.04.09 AM (2).wav,S12,Audio,True,True,125,0.98828125,126,0.9921875,0.35,8,1.6335,0.03657735947073611,0.359619140625,0.0,0.1591875,0.0133125,1.461,0.03867639951808803,9.831741433186696,646.0920375972378,0.00420314957725854,0.12787449779988522,False,0
ira_0529.wav,WhatsApp Audio 2026-09-07 at 12.04.09 AM.wav,S12,Audio,True,True,111,0.93359375,119,0.96484375,0.37,5,1.3935,0.055512778314835864,0.374359130859375,0.0,0.1591875,0.0305,1.2038125,0.05972633414981115,6.743656906095205,419.675807053597,0.0010300605923362564,0.1521417358152052,False,0
ira_0530.wav,WhatsApp Audio 2026-09-07 at 12.04.10 AM (1).wav,S12,Audio,True,True,126,0.9921875,127,0.99609375,0.01,4,1.2335,0.11675676859573361,0.96435546875,0.0,0.15925,0.370125,0.704125,0.15453268609536178,8.25952516799303,457.3195991421079,0.001857594900567704,0.12080060805675197,False,0
ira_0531.wav,WhatsApp Audio 2026-09-07 at 12.04.10 AM (2).wav,S12,Audio,True,True,109,0.92578125,123,0.98046875,0.35,8,1.6735,0.08472814550304246,0.95947265625,0.0,0.041,0.2409375,1.3915625,0.09291538049497107,11.324131438891776,793.7327076721355,0.002309338177569526,0.11973856209150327,False,0
ira_0532.wav,WhatsApp Audio 2026-09-07 at 12.04.10 AM.wav,S12,Audio,True,True,120,0.96875,127,0.99609375,0.04,2,1.0935,0.019321827931654014,0.13995361328125,0.0,0.031875,0.0010625,1.0605625,0.019619556805335225,7.243290530083377,654.6560022243773,0.006771902740006878,0.10877393541011718,False,0
ira_0533.wav,WhatsApp Audio 2026-09-07 at 12.04.11 AM (1).wav,S12,Audio,True,True,70,0.7734375,121,0.97265625,0.03,5,1.3935,0.0669860131231633,0.60345458984375,0.0,0.0393125,0.3616875,0.9925,0.07937100977901183,9.00866556626102,687.1304770561728,0.0018411315243830335,0.12312177618300067,False,0
ira_0534.wav,WhatsApp Audio 2026-09-07 at 12.04.11 AM (2).wav,S12,Audio,True,True,127,0.99609375,127,0.99609375,0.06,6,1.4735,0.029490428220676844,0.22674560546875,0.0,0.1591875,0.1599375,1.154375,0.03331796322862916,7.688786469020147,323.58708925019874,0.0005922807801413886,0.11092258748674444,False,0
ira_0535.wav,WhatsApp Audio 2026-09-07 at 12.04.11 AM.wav,S12,Audio,True,True,66,0.7578125,100,0.890625,0.64,12,2.0135,0.053363597692937255,0.51678466796875,0.0,0.1591875,0.1388125,1.7155,0.057812961919749,9.684217150095694,600.0671229085322,0.0034940358171123287,0.08601583113456464,False,0
ira_0536.wav,WhatsApp Audio 2026-09-07 at 12.04.12 AM (1).wav,S12,Audio,False,True,-95,0.12890625,6,0.5234375,0.06,4,1.2135,0.14141411986928665,0.999969482421875,0.005150391429748661,0.3720625,0.2425,0.5989375,0.2012853196599459,7.0712138458746345,508.2873064843931,0.001172071145821143,0.07396343033736802,True,1
ira_0537.wav,WhatsApp Audio 2026-09-07 at 12.04.12 AM (2).wav,S12,Audio,False,True,-70,0.2265625,66,0.7578125,0.03,8,1.6135,0.18276451781266867,1.0,0.01936783390145646,0.2438125,0.0370625,1.332625,0.20110288007534985,5.471521562106423,460.73205992352945,0.004845729624327592,0.06608560914197172,True,5
ira_0538.wav,WhatsApp Audio 2026-09-07 at 12.04.12 AM.wav,S12,Audio,False,True,-93,0.13671875,-17,0.43359375,0.02,9,1.7335,0.0784373378434523,0.54071044921875,0.0,0.1591875,0.0086875,1.565625,0.08253534315918377,6.893533922555057,518.6621281517346,0.0028075275137353565,0.087254371732468,False,0
ira_0539.wav,WhatsApp Audio 2026-09-07 at 12.04.13 AM (1).wav,S12,Audio,False,False,-70,0.2265625,-53,0.29296875,0.01,11,1.9935,0.062499192473173044,0.349700927734375,0.0,0.1591875,0.34875,1.4855625,0.07239960753932963,5.595287137261486,364.4759912359519,0.0007807187293330038,0.08813293619689606,False,0
ira_0540.wav,WhatsApp Audio 2026-09-07 at 12.04.13 AM (2).wav,S12,Audio,False,True,-57,0.27734375,-11,0.45703125,0.02,10,1.8135,0.05476446321174451,0.394989013671875,0.0,0.0495,0.1961875,1.5678125,0.05889920709210951,7.212505893551197,482.52898319016015,0.0027355870764860873,0.09153885921075305,False,0
ira_0541.wav,WhatsApp Audio 2026-09-07 at 12.04.13 AM.wav,S12,Audio,True,True,112,0.9375,115,0.94921875,0.54,15,2.3535,0.06155560237117746,0.42523193359375,0.0,0.1591875,0.2164375,1.977875,0.06714663751575325,6.908094750330294,404.3217947563735,0.0010622114557883612,0.09536582127207542,False,0
ira_0542.wav,WhatsApp Audio 2026-09-07 at 12.04.14 AM (1).wav,S12,Audio,True,True,33,0.62890625,111,0.93359375,0.51,16,2.4335,0.04189746716588864,0.36175537109375,0.0,0.03,0.060625,2.342875,0.042700089802077144,8.634301678939623,548.3934195203353,0.000985052985934016,0.092436111467831,False,0
ira_0543.wav,WhatsApp Audio 2026-09-07 at 12.04.14 AM.wav,S12,Audio,True,True,-22,0.4140625,43,0.66796875,0.04,8,1.6535,0.08658062591053318,0.52490234375,0.0,0.15925,0.082125,1.412125,0.09368840201890773,6.062584304858227,431.06058956854235,0.0010137680181522722,0.07726327726327727,False,0
ira_0544.wav,WhatsApp Audio 2026-09-07 at 12.04.15 AM (1).wav,S12,Audio,True,True,53,0.70703125,61,0.73828125,0.26,6,1.4735,0.0412118893149603,0.36572265625,0.0,0.03,0.1675,1.276,0.044286377069398336,8.874202622815432,541.8802457782483,0.000443831089810284,0.10935312831389184,False,0
ira_0545.wav,WhatsApp Audio 2026-09-07 at 12.04.15 AM (2).wav,S12,Audio,True,True,17,0.56640625,57,0.72265625,0.06,13,2.1735,0.10437496168304133,0.996124267578125,0.0,0.207875,0.1009375,1.8646875,0.11268645371178074,9.543709061212269,311.09183737771264,0.0016895490110917799,0.05912293314162473,False,0
ira_0546.wav,WhatsApp Audio 2026-09-07 at 12.04.15 AM.wav,S12,Audio,False,True,-33,0.37109375,-22,0.4140625,0.28,7,1.5735,0.05289379637059417,0.29559326171875,0.0,0.15925,0.0083125,1.4059375,0.05595698743846827,5.588429683657239,651.2086638898334,0.0004943043903037024,0.08385302879841112,False,0
ira_0547.wav,WhatsApp Audio 2026-09-07 at 12.04.16 AM (1).wav,S12,Audio,True,True,93,0.86328125,93,0.86328125,0.4735,6,1.4735,0.03399631790699,0.31195068359375,0.0,0.1591875,0.0603125,1.254,0.036851489969769974,9.176013839122549,605.5133599803299,0.0027056730988504574,0.1247932131495228,False,0
ira_0548.wav,WhatsApp Audio 2026-09-07 at 12.04.16 AM (2).wav,S12,Audio,True,True,17,0.56640625,84,0.828125,0.39,10,1.8535,0.03233888088367187,0.2828369140625,0.0,0.030375,0.324875,1.49825,0.035968808968852156,8.746032835208789,366.3960685241938,0.0007820057903285804,0.102647108413421,False,0
ira_0549.wav,WhatsApp Audio 2026-09-07 at 12.04.16 AM.wav,S12,Audio,True,True,27,0.60546875,43,0.66796875,0.64,8,1.6735,0.02661568308909674,0.21990966796875,0.0,0.1591875,0.0001875,1.514125,0.0279813835039177,8.262409318317935,674.4999789335437,0.0014251087950850033,0.08862745098039215,False,0
ira_0550.wav,WhatsApp Audio 2026-09-07 at 12.04.17 AM (1).wav,S12,Audio,True,True,48,0.6875,117,0.95703125,0.63,9,1.7335,0.03984539458934618,0.300506591796875,0.0,0.1591875,0.0056875,1.568625,0.041887077093874146,7.541814929779215,853.5751742876479,0.005128822131138725,0.1221561204254552,False,0
ira_0551.wav,WhatsApp Audio 2026-09-07 at 12.04.17 AM.wav,S12,Audio,True,True,100,0.890625,123,0.98046875,0.03,12,2.0935,0.05974828161436134,0.566192626953125,0.0,0.1591875,0.158875,1.7754375,0.06487969412746127,9.476299763858524,817.0938640186947,0.0041518817658091605,0.09577548887893715,False,0
ira_0552.wav,WhatsApp Audio 2026-09-07 at 12.04.18 AM (1).wav,S12,Audio,True,True,106,0.9140625,124,0.984375,0.02,12,2.0135,0.040804234406117725,0.5262451171875,0.0,0.1591875,0.079,1.7753125,0.04345528384149994,12.896826146763846,540.7891394029883,0.0016506602055767535,0.10017072792177557,False,0
ira_0553.wav,WhatsApp Audio 2026-09-07 at 12.04.18 AM (2).wav,S12,Audio,True,True,-6,0.4765625,38,0.6484375,0.03,12,2.0335,0.02585002725312288,0.2076416015625,0.0,0.03375,0.15775,1.842,0.02716051771527141,8.032548651855494,667.4237860678752,0.005814443669239836,0.0900875979714154,False,0
ira_0554.wav,WhatsApp Audio 2026-09-07 at 12.04.18 AM.wav,S12,Audio,True,True,116,0.953125,123,0.98046875,0.04,7,1.5535,0.02888613158502249,0.27978515625,0.0,0.0318125,0.178875,1.3428125,0.03106969632835997,9.685795255293689,708.3070281567364,0.0022829433022418526,0.08658217662442165,False,0
ira_0555.wav,WhatsApp Audio 2026-09-07 at 12.24.58 AM (1).wav,S13,Audio,True,True,123,0.98046875,123,0.98046875,0.58,12,2.0135,0.06444046354901503,0.438629150390625,0.0,0.1591875,0.0296875,1.824625,0.06769336275650217,6.806734871747046,465.33637362914914,0.002035951906908607,0.09706658388949248,False,0
ira_0556.wav,WhatsApp Audio 2026-09-07 at 12.24.58 AM.wav,S13,Audio,False,False,-53,0.29296875,-53,0.29296875,0.6935,8,1.6935,0.08745104966327143,0.761474609375,0.0,0.1591875,0.074625,1.4596875,0.09419472171865001,8.707438187500816,326.15149173517557,0.001293114241427558,0.07864919726886879,False,0
ira_0557.wav,WhatsApp Audio 2026-09-07 at 12.24.59 AM (1).wav,S13,Audio,True,True,61,0.73828125,109,0.92578125,0.25,11,1.9335,0.14542040825508176,0.999969482421875,0.0032324799586242563,0.219875,0.4415625,1.2720625,0.17928338943673727,6.876404037236849,534.0645988809235,0.0030511482860218985,0.11103927590108291,True,1
ira_0558.wav,WhatsApp Audio 2026-09-07 at 12.24.59 AM (2).wav,S13,Audio,True,True,22,0.5859375,93,0.86328125,0.05,14,2.2335,0.14397774503830463,0.881103515625,0.0,0.2404375,0.4194375,1.573625,0.17152802738378167,6.119720206692961,620.6898176174052,0.0037102139193386746,0.08952007835455436,False,0
ira_0559.wav,WhatsApp Audio 2026-09-07 at 12.24.59 AM.wav,S13,Audio,True,True,66,0.7578125,111,0.93359375,0.37,9,1.7335,0.07132660981148588,0.702178955078125,0.0,0.1591875,0.0,1.5743125,0.07484585177157782,9.844558109995178,767.9606012228661,0.00783849619401843,0.07413016044708852,False,0
ira_0560.wav,WhatsApp Audio 2026-09-07 at 12.25.00 AM (1).wav,S13,Audio,True,True,98,0.8828125,112,0.9375,0.09,4,1.2335,0.20929633408900802,1.0,0.025334414268342115,0.2698125,0.12575,0.8379375,0.2539333151126314,4.777914550451358,531.0672723004003,0.0025072379730310943,0.12404357740055738,True,5
ira_0561.wav,WhatsApp Audio 2026-09-07 at 12.25.00 AM (2).wav,S13,Audio,True,True,123,0.98046875,123,0.98046875,0.1,8,1.6335,0.09650561266596634,0.829681396484375,0.0,0.0636875,0.0084375,1.561375,0.09870907465970379,8.597234643296249,478.78032879363116,0.002396452863745312,0.08368088769848862,False,0
ira_0562.wav,WhatsApp Audio 2026-09-07 at 12.25.00 AM.wav,S13,Audio,True,True,115,0.94921875,124,0.984375,0.74,12,2.0135,0.1605564132719658,1.0,0.037248572138068044,0.396125,0.5864375,1.0309375,0.2243777811235224,6.228340429516848,484.6361165952597,0.005040852895503898,0.09060996430234362,True,12
ira_0563.wav,WhatsApp Audio 2026-09-07 at 12.25.01 AM (1).wav,S13,Audio,True,True,87,0.83984375,100,0.890625,0.52,8,1.6935,0.09433315254690881,0.999969482421875,0.003690581635665781,0.4915,0.0196875,1.1823125,0.11289713416094636,10.600403521175895,1329.2243070407515,0.004651973153360835,0.1355600664329212,True,1
ira_0564.wav,WhatsApp Audio 2026-09-07 at 12.25.01 AM (2).wav,S13,Audio,True,True,66,0.7578125,87,0.83984375,0.42,6,1.4935,0.07065903895829805,0.701751708984375,0.0,0.2825625,0.0005625,1.210375,0.07848885245168678,9.931520713132524,988.8751779796359,0.00415182022714462,0.12102950408035154,False,0
ira_0565.wav,WhatsApp Audio 2026-09-07 at 12.25.01 AM.wav,S13,Audio,True,True,116,0.953125,124,0.984375,0.33,7,1.5735,0.08403650397839274,0.85498046875,0.0,0.245375,0.00575,1.322375,0.09166877163939888,10.173917622392175,962.647524401445,0.004197599144304943,0.09962264150943397,False,0
ira_0566.wav,WhatsApp Audio 2026-09-07 at 12.25.02 AM (1).wav,S13,Audio,True,True,122,0.9765625,123,0.98046875,0.47,12,2.0335,0.05999569665544914,0.566375732421875,0.0,0.3101875,0.162,1.5613125,0.068469083853593,9.440272619460176,561.2049651321522,0.0022513987336801253,0.09002612571077301,False,0
ira_0567.wav,WhatsApp Audio 2026-09-07 at 12.25.02 AM.wav,S13,Audio,True,True,43,0.66796875,95,0.87109375,0.42,12,2.0735,0.04827393565628527,0.4259033203125,0.0,0.2378125,0.219,1.6166875,0.054670165587219884,8.822635124365448,807.2147871102138,0.005809170745955629,0.11050489826676714,False,0
ira_0568.wav,WhatsApp Audio 2026-09-07 at 12.25.03 AM (1).wav,S13,Audio,True,True,122,0.9765625,124,0.984375,0.54,10,1.8735,0.059264421274097555,0.6712646484375,0.0,0.264,0.2824375,1.3270625,0.07041546597279427,11.326604293204948,1022.4006536417636,0.003313896735947972,0.13124270225187656,False,0
ira_0569.wav,WhatsApp Audio 2026-09-07 at 12.25.03 AM (2).wav,S13,Audio,True,True,118,0.9609375,120,0.96875,0.12,6,1.4335,0.08698324457065058,0.829193115234375,0.0,0.285875,0.0,1.147625,0.09721485935365763,9.532791278679857,1057.1369985137285,0.004473465763278621,0.13869631567473295,False,0
ira_0570.wav,WhatsApp Audio 2026-09-07 at 12.25.03 AM.wav,S13,Audio,True,True,116,0.953125,118,0.9609375,0.52,14,2.2735,0.09415853561280507,0.98773193359375,0.0,0.0566875,0.0081875,2.208625,0.09553109516028899,10.49009446849791,948.4088378277165,0.0060650987241148095,0.08951202749140894,False,0
ira_0571.wav,WhatsApp Audio 2026-09-07 at 12.25.04 AM (1).wav,S13,Audio,True,True,113,0.94140625,124,0.984375,0.13,4,1.2735,0.17370299674156187,0.966796875,0.0,0.0455625,0.0351875,1.19275,0.17948520180412986,5.565804235596557,439.0056893112353,0.0018422410928388931,0.09334969325153374,False,0
ira_0572.wav,WhatsApp Audio 2026-09-07 at 12.25.04 AM (2).wav,S13,Audio,True,True,126,0.9921875,127,0.99609375,0.13,7,1.5535,0.09600506481106642,0.931549072265625,0.0,0.306625,0.17875,1.068125,0.11578048743713124,9.703124247651632,904.1206976770953,0.0028012431131415293,0.11052102192717762,False,0
ira_0573.wav,WhatsApp Audio 2026-09-07 at 12.25.04 AM.wav,S13,Audio,False,False,-61,0.26171875,-43,0.33203125,0.13,7,1.5735,0.1221340578433755,1.0,0.003972036860502065,0.0590625,0.0,1.5144375,0.12449246774752754,8.187724355170433,822.9531917564736,0.0048321258281976915,0.1197219463753724,True,1
ira_0574.wav,WhatsApp Audio 2026-09-07 at 12.25.05 AM (1).wav,S13,Audio,False,True,-53,0.29296875,-17,0.43359375,0.02,10,1.8335,0.14194875953848485,0.999969482421875,0.02386146713935097,0.03,0.18475,1.61875,0.15107065185817453,7.044580633695255,1816.2332198973188,0.020138131662105478,0.1407533662860065,True,7
ira_0575.wav,WhatsApp Audio 2026-09-07 at 12.25.05 AM.wav,S13,Audio,True,True,109,0.92578125,114,0.9453125,0.47,7,1.5335,0.04539127737141585,0.5255126953125,0.0,0.03,0.0,1.5035,0.04584189604717204,11.577393846233328,826.574374630717,0.005608706348425231,0.10568575504381496,False,0
ira_0576.wav,WhatsApp Audio 2026-09-07 at 12.25.06 AM (1).wav,S13,Audio,False,True,-57,0.27734375,22,0.5859375,0.01,13,2.1335,0.0895240309398266,0.84423828125,0.0,0.1591875,0.596,1.3783125,0.11137852373439013,9.430297903112217,1448.009249338054,0.009621960699202512,0.1230701625897173,False,0
ira_0577.wav,WhatsApp Audio 2026-09-07 at 12.25.06 AM (2).wav,S13,Audio,False,True,-98,0.1171875,-22,0.4140625,0.03,8,1.6535,0.1501793335642169,0.730499267578125,0.0,0.15925,0.0089375,1.4853125,0.15845325786897999,4.864179712621794,335.80079849896407,0.0008472625296282613,0.07979587979587979,False,0
ira_0578.wav,WhatsApp Audio 2026-09-07 at 12.25.06 AM.wav,S13,Audio,False,True,-53,0.29296875,27,0.60546875,0.02,9,1.7135,0.04114316837941313,0.35858154296875,0.0,0.1591875,0.0,1.5543125,0.04319864204471232,8.71545768332645,844.8404142770306,0.0035376925706819724,0.08925770563560095,False,0
ira_0579.wav,WhatsApp Audio 2026-09-07 at 12.25.07 AM (1).wav,S13,Audio,True,True,111,0.93359375,125,0.98828125,0.45,9,1.7535,0.03422747144827796,0.284088134765625,0.0,0.037875,0.2598125,1.4558125,0.037564232945081336,8.300003556935783,421.90038442528817,0.0016952002043243688,0.07945107823917305,False,0
ira_0580.wav,WhatsApp Audio 2026-09-07 at 12.25.07 AM (2).wav,S13,Audio,True,True,127,0.99609375,127,0.99609375,0.2,4,1.2535,0.09550588857759237,0.999969482421875,0.00498603909054647,0.3298125,0.001375,0.9223125,0.11133946533183327,10.470239032533206,807.7787834408704,0.0042905527127556345,0.07404637247569185,True,1
ira_0581.wav,WhatsApp Audio 2026-09-07 at 12.25.07 AM.wav,S13,Audio,False,True,-33,0.37109375,81,0.81640625,0.03,4,1.2735,0.07122587680489727,0.86590576171875,0.0,0.03825,0.0209375,1.2143125,0.0729408081682948,12.157179392689667,487.47555037167785,0.004926859118476475,0.08348466257668712,False,0
ira_0582.wav,WhatsApp Audio 2026-09-07 at 12.25.08 AM (1).wav,S13,Audio,True,True,100,0.890625,100,0.890625,0.0,1,0.9735,0.11748100894153665,0.999969482421875,0.0064201335387776065,0.0300625,0.18375,0.7596875,0.1329873072782369,8.511754294853738,549.5226421313594,0.003309424638822945,0.0874478330658106,True,1
ira_0583.wav,WhatsApp Audio 2026-09-07 at 12.25.08 AM (2).wav,S13,Audio,True,True,115,0.94921875,126,0.9921875,0.04,2,1.0535,0.1603683805811427,0.999969482421875,0.005932605600379687,0.299,0.3161875,0.4383125,0.24862153456494615,6.235452891637286,705.2837434181431,0.0038306706229085494,0.10459804212399881,True,1
ira_0584.wav,WhatsApp Audio 2026-09-07 at 12.25.08 AM.wav,S13,Audio,True,True,123,0.98046875,125,0.98828125,0.08,4,1.2535,0.10566580237161023,0.999969482421875,0.014958117271639409,0.0300625,0.0024375,1.221,0.10706275291714243,9.46351099388937,2020.4174056015568,0.014790868660675058,0.1511343804537522,True,3
ira_0585.wav,WhatsApp Audio 2026-09-07 at 12.25.09 AM (1).wav,S13,Audio,True,True,106,0.9140625,109,0.92578125,0.46,9,1.7135,0.12674701060415997,1.0,0.0036475051065071487,0.2190625,0.04275,1.4516875,0.13770231729411997,7.889732430243045,544.4918928257216,0.00428949916997927,0.08236366952398322,True,1
ira_0586.wav,WhatsApp Audio 2026-09-07 at 12.25.09 AM.wav,S13,Audio,True,True,120,0.96875,120,0.96875,0.3,7,1.5335,0.05347518001721036,0.625762939453125,0.0,0.15925,0.0786875,1.2955625,0.05817875572531765,11.701932359119324,690.4452005998088,0.003679501255765044,0.06953331974729977,False,0
ira_0587.wav,WhatsApp Audio 2026-09-07 at 12.25.10 AM (1).wav,S13,Audio,True,True,117,0.95703125,125,0.98828125,0.02,4,1.2935,0.06291328378042373,0.561309814453125,0.0,0.1591875,0.009,1.1253125,0.06745075685191841,8.921960208152157,612.5245179355898,0.0018346944384429792,0.0845131674317468,False,0
ira_0588.wav,WhatsApp Audio 2026-09-07 at 12.25.10 AM (2).wav,S13,Audio,True,True,127,0.99609375,127,0.99609375,0.04,7,1.5335,0.06965848690991093,0.654510498046875,0.0,0.03,0.4405,1.063,0.08366454685360662,9.395990741133254,448.96335276038565,0.0002570016184041854,0.10609333605054004,False,0
ira_0589.wav,WhatsApp Audio 2026-09-07 at 12.25.10 AM.wav,S13,Audio,True,True,123,0.98046875,125,0.98828125,0.04,5,1.3935,0.09101656984090369,1.0,0.004485109436670255,0.1591875,0.00175,1.2325625,0.09677610970010923,10.987010406434706,1110.7571936279628,0.006580274380757889,0.11024893473873065,True,1
ira_0590.wav,WhatsApp Audio 2026-09-07 at 12.25.11 AM (1).wav,S13,Audio,True,True,115,0.94921875,115,0.94921875,0.6,8,1.6735,0.0736163607258095,0.989715576171875,0.0,0.825,0.4179375,0.4305625,0.14512794904992768,13.444233950359978,894.3147878263785,0.0024793872246089014,0.1430812324929972,False,0
ira_0591.wav,WhatsApp Audio 2026-09-07 at 12.25.11 AM.wav,S13,Audio,True,True,127,0.99609375,127,0.99609375,0.04,7,1.5935,0.02862422011450763,0.26702880859375,0.0,0.1591875,0.2533125,1.181,0.033249387455335545,9.32877149230737,585.081065509562,0.001858889060814605,0.1118258482055305,False,0
ira_0592.wav,WhatsApp Audio 2026-09-07 at 12.25.12 AM (1).wav,S13,Audio,True,True,122,0.9765625,122,0.9765625,0.0,1,0.9735,0.026729336327727827,0.195068359375,0.0,0.1591875,6.25e-05,0.81425,0.02922647663292867,7.29791256255939,289.10675026244934,0.00045118041908353136,0.10420545746388443,False,0
ira_0593.wav,WhatsApp Audio 2026-09-07 at 12.25.12 AM (2).wav,S13,Audio,True,True,114,0.9453125,114,0.9453125,0.2135,4,1.2135,0.02767205810540754,0.276123046875,0.0,0.1591875,0.0001875,1.054125,0.029690282908180335,9.978406587005589,593.4169318395668,0.00120800842612804,0.11419005923255215,False,0
ira_0594.wav,WhatsApp Audio 2026-09-07 at 12.25.12 AM.wav,S13,Audio,True,True,124,0.984375,127,0.99609375,0.05,4,1.2335,0.04730642409736696,0.361846923828125,0.0,0.1591875,0.1445625,0.92975,0.05448775835198722,7.6490018159767255,576.5114461727123,0.0021963886081083016,0.10093742082594376,False,0
ira_0595.wav,WhatsApp Audio 2026-09-07 at 12.25.13 AM (1).wav,S13,Audio,True,True,108,0.921875,120,0.96875,0.53,17,2.5735,0.04120310415460478,0.526123046875,0.0,0.1591875,0.8761875,1.538125,0.05329597159857008,12.76901480288595,396.1780705618888,0.0005648421786169834,0.12111718275652703,False,0
ira_0596.wav,WhatsApp Audio 2026-09-07 at 12.25.13 AM.wav,S13,Audio,True,True,90,0.8515625,116,0.953125,0.53,7,1.5535,0.021052590350367825,0.22705078125,0.0,0.1591875,0.0,1.3943125,0.022221875589381275,10.784933230130184,408.7967401048138,0.001238334974571699,0.13932810299738482,False,0
ira_0597.wav,WhatsApp Audio 2026-09-07 at 12.25.14 AM (1).wav,S13,Audio,True,True,122,0.9765625,126,0.9921875,0.02,11,1.9135,0.017476250884520553,0.1929931640625,0.0,0.1589375,0.2593125,1.49525,0.019769916417772045,11.043167401163949,576.9844183410719,0.0047705158062791185,0.13800424628450106,False,0
ira_0598.wav,WhatsApp Audio 2026-09-07 at 12.25.14 AM (2).wav,S13,Audio,True,True,126,0.9921875,126,0.9921875,0.22,9,1.7135,0.03427017376667194,0.3223876953125,0.0,0.1591875,0.39125,1.1630625,0.04159633588755389,9.407238419842066,509.52286295745387,0.0012471982530025104,0.11767280685755974,False,0
ira_0599.wav,WhatsApp Audio 2026-09-07 at 12.25.14 AM.wav,S13,Audio,True,True,126,0.9921875,126,0.9921875,0.02,5,1.3135,0.040153209175700394,0.340728759765625,0.0,0.1591875,0.31975,0.8345625,0.05037278983799301,8.485716752418996,367.1455834721763,0.0007376649327456199,0.1126814180347371,False,0
ira_0600.wav,WhatsApp Audio 2026-09-07 at 12.25.15 AM (1).wav,S13,Audio,True,True,109,0.92578125,121,0.97265625,0.02,7,1.5535,0.021761926428130213,0.259735107421875,0.0,0.1591875,0.0001875,1.394125,0.02297213284393547,11.93529939914384,511.1314249323296,0.0011603077656668515,0.09845101589217461,False,0
ira_0601.wav,WhatsApp Audio 2026-09-07 at 12.25.15 AM (2).wav,S13,Audio,True,True,90,0.8515625,113,0.94140625,0.02,6,1.4735,0.018847000697898474,0.221405029296875,0.0,0.0315,0.059375,1.382625,0.019456506916155244,11.747494089155664,629.5320141631915,0.0025340435548553437,0.11465535524920467,False,0
ira_0602.wav,WhatsApp Audio 2026-09-07 at 12.25.15 AM.wav,S13,Audio,True,True,106,0.9140625,120,0.96875,0.04,7,1.5735,0.014299357179600658,0.20001220703125,0.0,0.034125,0.2189375,1.3204375,0.015609555720583932,13.987496397151736,585.2123389323086,0.0024440673070667287,0.11463753723932472,False,0
ira_0603.wav,WhatsApp Audio 2026-09-07 at 12.25.16 AM (1).wav,S13,Audio,True,True,116,0.953125,126,0.9921875,0.05,4,1.2335,0.05525128417459375,0.597900390625,0.0,0.1591875,0.139125,0.9351875,0.06345443789052982,10.821475003832274,517.9420415835832,0.0007695134925469229,0.08771218647073727,False,0
ira_0604.wav,WhatsApp Audio 2026-09-07 at 12.25.16 AM (2).wav,S13,Audio,True,True,112,0.9375,123,0.98046875,0.05,7,1.5135,0.0925437031120213,0.98345947265625,0.0,0.2439375,0.27175,0.9978125,0.1139749739608232,10.626973414558552,1053.414013513961,0.008396884888326345,0.10497625438777618,False,0
ira_0605.wav,WhatsApp Audio 2026-09-07 at 12.25.16 AM.wav,S13,Audio,True,True,122,0.9765625,127,0.99609375,0.05,7,1.5135,0.02006033726182404,0.19158935546875,0.0,0.0334375,0.0393125,1.44075,0.020560556449956413,9.550654755608493,565.287149294329,0.002110078720820106,0.10691720008259344,False,0
ira_0606.wav,WhatsApp Audio 2026-09-07 at 12.25.17 AM (1).wav,S13,Audio,True,True,126,0.9921875,127,0.99609375,0.02,5,1.3935,0.09178572090540046,0.972564697265625,0.0,0.035,0.1615,1.197,0.09903316768626855,10.59603484803486,639.4634432148897,0.0029812363429054297,0.08513119533527697,False,0
ira_0607.wav,WhatsApp Audio 2026-09-07 at 12.25.17 AM (2).wav,S13,Audio,True,True,119,0.96484375,123,0.98046875,0.03,8,1.6935,0.09736258797321391,1.0,0.007381163271331562,0.15925,0.3099375,1.2243125,0.11450841978164744,10.270885571315306,1062.431701134259,0.01225976321423038,0.11385864550655102,True,2
ira_0608.wav,WhatsApp Audio 2026-09-07 at 12.25.17 AM.wav,S13,Audio,True,True,122,0.9765625,127,0.99609375,0.03,6,1.4735,0.10613174085335071,1.0,0.00848320325755005,0.15925,0.241875,1.072375,0.12440739486748256,9.422251929154413,782.7826392209345,0.007309999527441709,0.12492046659597031,True,2
ira_0609.wav,WhatsApp Audio 2026-09-07 at 12.25.18 AM (1).wav,S13,Audio,True,True,115,0.94921875,118,0.9609375,0.04,14,2.2135,0.11684413887754846,0.999969482421875,0.0056471651231082,0.2005625,0.3410625,1.671875,0.13444426549661845,8.558148419150347,577.1792233677951,0.005186945369640955,0.11997741070168008,True,2
ira_0610.wav,WhatsApp Audio 2026-09-07 at 12.25.18 AM.wav,S13,Audio,True,True,74,0.7890625,111,0.93359375,0.04,9,1.7735,0.07292940712306302,0.993316650390625,0.0,0.1591875,0.0800625,1.53425,0.07840961972881219,13.620248533139398,816.4708292683126,0.0036816261646664275,0.10974449339207049,False,0
ira_0611.wav,WhatsApp Audio 2026-09-07 at 12.25.19 AM (1).wav,S13,Audio,True,True,108,0.921875,122,0.9765625,0.02,10,1.8535,0.05301156315517695,0.531158447265625,0.0,0.0458125,0.019625,1.7880625,0.053972820943443106,10.01967147640606,721.4240814422734,0.001691999545801855,0.10382734783341764,False,0
ira_0612.wav,WhatsApp Audio 2026-09-07 at 12.25.19 AM (2).wav,S13,Audio,True,True,70,0.7734375,123,0.98046875,0.03,10,1.8735,0.08168640789205878,0.960540771484375,0.0,0.15925,0.0046875,1.7095625,0.08551328267116518,11.758881266435942,470.0142675823581,0.0005828051526919553,0.08343619683069224,False,0
ira_0613.wav,WhatsApp Audio 2026-09-07 at 12.25.19 AM.wav,S13,Audio,True,True,90,0.8515625,104,0.90625,0.54,11,1.9335,0.04160543708727599,0.60089111328125,0.0,0.0341875,0.004125,1.8951875,0.04202382001862307,14.442610277612442,811.7231100416283,0.004496035917220685,0.10425084855341846,False,0
ira_0614.wav,WhatsApp Audio 2026-09-07 at 12.25.20 AM (1).wav,S13,Audio,True,True,122,0.9765625,126,0.9921875,0.15,8,1.6935,0.04110964236739474,0.528900146484375,0.0,0.1591875,0.361125,1.1731875,0.049391437006441816,12.865598337188677,632.7312951308209,0.002715058303247275,0.1061450452112936,False,0
ira_0615.wav,WhatsApp Audio 2026-09-07 at 12.25.20 AM.wav,S13,Audio,True,True,87,0.83984375,116,0.953125,0.02,6,1.4935,0.04295744533385932,0.456024169921875,0.0,0.0455625,0.1864375,1.2615,0.04674076938251853,10.615719030256997,666.8122603455328,0.0018535327545913518,0.1121573550952082,False,0
ira_0616.wav,WhatsApp Audio 2026-09-07 at 12.30.48 AM.wav,S14,Audio,True,True,90,0.8515625,95,0.87109375,0.24,7,1.5335,0.1721843331443388,0.999969482421875,0.0040756439517443755,0.345375,0.068,1.120125,0.20146355654619363,5.807552081893652,414.0025435001149,0.0052471813921457925,0.09113511310372936,True,1
ira_0617.wav,WhatsApp Audio 2026-09-07 at 12.30.49 AM (1).wav,S14,Audio,True,True,124,0.984375,126,0.9921875,0.02,3,1.1535,0.11086841510646708,0.839996337890625,0.0,0.15925,6.25e-05,0.9941875,0.11942126925869681,7.576516152810297,481.7438286397971,0.0037339689106837123,0.08425900839880791,False,0
ira_0618.wav,WhatsApp Audio 2026-09-07 at 12.30.49 AM (2).wav,S14,Audio,True,True,117,0.95703125,125,0.98828125,0.04,3,1.1935,0.13164292511261746,0.839141845703125,0.0,0.15925,0.0380625,0.9961875,0.14409091968825494,6.374378607777506,465.1087327448784,0.0013936718265050837,0.0826394344069128,False,0
ira_0619.wav,WhatsApp Audio 2026-09-07 at 12.30.49 AM.wav,S14,Audio,True,True,106,0.9140625,125,0.98828125,0.03,4,1.2135,0.12061945588905922,0.92401123046875,0.0,0.0310625,0.0,1.1824375,0.1221934617073588,7.660548819906942,506.58942858230574,0.002138120723288082,0.08632500643832089,False,0
ira_0620.wav,WhatsApp Audio 2026-09-07 at 12.30.50 AM (1).wav,S14,Audio,True,True,106,0.9140625,122,0.9765625,0.05,3,1.1535,0.03622490163979666,0.19219970703125,0.0,0.1591875,0.0,0.9943125,0.03901700174614075,5.305734407297866,321.32292328487114,0.00034308230314252213,0.08052018423191547,False,0
ira_0621.wav,WhatsApp Audio 2026-09-07 at 12.30.50 AM (2).wav,S14,Audio,True,True,115,0.94921875,126,0.9921875,0.03,3,1.1935,0.14234607374342956,0.91046142578125,0.0,0.22425,0.0064375,0.9628125,0.15848268954140698,6.3961119673894435,422.7974376972045,0.0012708394066290574,0.08190625818277036,False,0
ira_0622.wav,WhatsApp Audio 2026-09-07 at 12.30.50 AM.wav,S14,Audio,True,True,119,0.96484375,124,0.984375,0.06,6,1.4135,0.057329741493667805,0.421844482421875,0.0,0.032375,0.1199375,1.2611875,0.060692697581312315,7.358213580440942,477.7497759035167,0.004814245087937577,0.0864912668582799,False,0
ira_0623.wav,WhatsApp Audio 2026-09-07 at 12.30.51 AM (1).wav,S14,Audio,True,True,124,0.984375,126,0.9921875,0.04,5,1.3335,0.020503326229519017,0.1900634765625,0.0,0.0400625,0.099625,1.1938125,0.021669648891837433,9.26988501450375,530.123011990835,0.001774557233599582,0.11038200140614014,False,0
ira_0624.wav,WhatsApp Audio 2026-09-07 at 12.30.51 AM (2).wav,S14,Audio,True,True,57,0.72265625,87,0.83984375,0.41,8,1.6935,0.0296259601565775,0.36541748046875,0.0,0.1591875,0.0033125,1.531,0.031158514167000648,12.334367512055831,640.9760226356084,0.0007895544789987736,0.09127145229747186,False,0
ira_0625.wav,WhatsApp Audio 2026-09-07 at 12.30.51 AM.wav,S14,Audio,True,True,122,0.9765625,125,0.98828125,0.02,4,1.2735,0.020954461396998615,0.2066650390625,0.0,0.034,0.138125,1.101375,0.022532423796421217,9.862579388086845,664.2944224882958,0.0024690216594108697,0.1065521472392638,False,0
ira_0626.wav,WhatsApp Audio 2026-09-07 at 12.30.52 AM (1).wav,S14,Audio,True,True,109,0.92578125,121,0.97265625,0.04,4,1.2335,0.01820819201073177,0.20208740234375,0.0,0.03,0.0,1.2035,0.018433735211221693,11.098707780796754,537.6108021871892,0.0017996595193942341,0.12196605016468204,False,0
ira_0627.wav,WhatsApp Audio 2026-09-07 at 12.30.52 AM (2).wav,S14,Audio,True,True,120,0.96875,125,0.98828125,0.06,4,1.2535,0.03449250583991488,0.289398193359375,0.0,0.1591875,0.0031875,1.091125,0.036969955988235104,8.390175961773185,416.5211549754289,0.0003917067310970018,0.08102717526801297,False,0
ira_0628.wav,WhatsApp Audio 2026-09-07 at 12.30.52 AM.wav,S14,Audio,True,True,87,0.83984375,102,0.8984375,0.41,6,1.4335,0.024457976242802274,0.258209228515625,0.0,0.0300625,0.000125,1.4033125,0.02471963814255321,10.557260582490478,535.7176962011484,0.0021264294812737877,0.1313712666230652,False,0
ira_0629.wav,WhatsApp Audio 2026-09-07 at 12.30.53 AM (1).wav,S14,Audio,True,True,120,0.96875,122,0.9765625,0.28,5,1.3535,0.022272252028571634,0.29364013671875,0.0,0.0343125,0.0,1.3191875,0.022560038422794988,13.184124189240407,686.0508164404154,0.0018924608107174043,0.1031632417455553,False,0
ira_0630.wav,WhatsApp Audio 2026-09-07 at 12.30.53 AM (2).wav,S14,Audio,True,True,111,0.93359375,114,0.9453125,0.06,5,1.3335,0.014209117749271742,0.137908935546875,0.0,0.03175,0.0003125,1.3014375,0.014383076538615779,9.70566491040186,601.5580387109445,0.0014959474319939951,0.13573939535973753,False,0
ira_0631.wav,WhatsApp Audio 2026-09-07 at 12.30.53 AM.wav,S14,Audio,True,True,119,0.96484375,119,0.96484375,0.3135,5,1.3135,0.04680911262347028,0.346832275390625,0.0,0.1591875,0.0,1.1543125,0.04993250019260857,7.409503320016408,250.78438609683135,0.0007845625359996418,0.08451106352605282,False,0
ira_0632.wav,WhatsApp Audio 2026-09-07 at 12.30.54 AM (1).wav,S14,Audio,True,True,124,0.984375,126,0.9921875,0.04,8,1.6135,0.02219463451224618,0.202392578125,0.0,0.1591875,0.278625,1.1756875,0.026000716231157715,9.118986753907897,375.09656449460783,0.000917674151488365,0.105287623474724,False,0
ira_0633.wav,WhatsApp Audio 2026-09-07 at 12.30.54 AM (2).wav,S14,Audio,True,True,90,0.8515625,114,0.9453125,0.05,3,1.1735,0.024617269984533445,0.18634033203125,0.0,0.0326875,0.0,1.1408125,0.024967437987693287,7.56949621742476,362.0150501141714,0.0005721497670099846,0.0959254327563249,False,0
ira_0634.wav,WhatsApp Audio 2026-09-07 at 12.30.54 AM.wav,S14,Audio,True,True,112,0.9375,113,0.94140625,0.42,12,2.0335,0.02777138015722729,0.19915771484375,0.0,0.0420625,0.0,1.9914375,0.028063099991304883,7.171329394370079,493.2256280810978,0.003395499887797051,0.06645151375441832,False,0
ira_0635.wav,WhatsApp Audio 2026-09-07 at 12.30.55 AM.wav,S14,Audio,True,True,114,0.9453125,114,0.9453125,0.4535,6,1.4535,0.035674113860136344,0.4197998046875,0.0,0.036375,0.0,1.417125,0.036129029550608746,11.76763090271461,652.4851492226015,0.0012447360758861816,0.07267254353902386,False,0
ira_0636.wav,WhatsApp Audio 2026-09-07 at 12.31.15 AM.wav,S14,Audio,True,True,74,0.7890625,118,0.9609375,0.04,9,1.7535,0.0786534597360043,0.618194580078125,0.0,0.1591875,6.25e-05,1.59425,0.08248822346461065,7.859725206660441,408.0259360763926,0.0010162469799413112,0.07542327570842987,False,0
ira_0637.wav,WhatsApp Audio 2026-09-07 at 12.31.16 AM.wav,S14,Audio,True,True,109,0.92578125,121,0.97265625,0.07,7,1.5135,0.08189093885327599,0.905303955078125,0.0,0.048375,0.0008125,1.4643125,0.08325470153190152,11.054995433623716,394.96058740132895,0.0010236194105300587,0.08176749948379104,False,0
ira_0638.wav,WhatsApp Audio 2026-09-07 at 12.48.58 AM (1).wav,S15,Audio,True,True,95,0.87109375,106,0.9140625,0.19,4,1.2335,0.03365015208144706,0.4150390625,0.0,0.032625,0.0,1.200875,0.03410416572542635,12.333943142231172,816.9910098007521,0.001072916714674474,0.08168229034709906,False,0
ira_0639.wav,WhatsApp Audio 2026-09-07 at 12.48.58 AM.wav,S15,Audio,False,True,-33,0.37109375,27,0.60546875,0.57,9,1.7135,0.04231730294466191,0.336639404296875,0.0,0.0359375,0.1201875,1.557375,0.044387756122130737,7.955124284198744,509.03508324564393,0.0007494074713137097,0.08892941820171439,False,0
ira_0640.wav,WhatsApp Audio 2026-09-07 at 12.48.59 AM (1).wav,S15,Audio,False,False,-120,0.03125,-120,0.03125,0.0,4,1.2135,0.09384818567734336,0.616668701171875,0.0,0.0513125,0.0,1.1621875,0.09589742305974673,6.570917665814289,299.6662556129769,0.0008897719570167552,0.05300025753283544,False,0
ira_0641.wav,WhatsApp Audio 2026-09-07 at 12.48.59 AM (2).wav,S15,Audio,True,True,33,0.62890625,61,0.73828125,0.05,5,1.3535,0.046018839782726584,0.44158935546875,0.0,0.0310625,0.0,1.3224375,0.04655615131529962,9.595838520781285,677.9037505369616,0.001218969520007765,0.07485569152620641,False,0
ira_0642.wav,WhatsApp Audio 2026-09-07 at 12.48.59 AM.wav,S15,Audio,False,False,-87,0.16015625,-87,0.16015625,0.2335,4,1.2335,0.03554877725248551,0.25714111328125,0.0,0.03,0.24025,0.96325,0.040227644485033257,7.233472798653606,198.68768636653073,0.0004490635989906071,0.07281479604763111,False,0
ira_0643.wav,WhatsApp Audio 2026-09-07 at 12.49.00 AM (1).wav,S15,Audio,True,True,90,0.8515625,102,0.8984375,0.06,2,1.0935,0.016725977603969593,0.13714599609375,0.0,0.03,0.0001875,1.0633125,0.016961739598818998,8.199580278117855,611.6964260570818,0.001592491437847799,0.10763075164332667,False,0
ira_0644.wav,WhatsApp Audio 2026-09-07 at 12.49.00 AM (2).wav,S15,Audio,True,True,84,0.828125,87,0.83984375,0.28,6,1.4335,0.005609940347148181,0.07562255859375,0.0,0.032125,0.0,1.401375,0.005673873897977866,13.480100306626756,733.45999522285,0.001967138282270314,0.13878351863963376,False,0
ira_0645.wav,WhatsApp Audio 2026-09-07 at 12.49.00 AM.wav,S15,Audio,True,True,111,0.93359375,111,0.93359375,0.0,1,0.9735,0.0308486751798276,0.217803955078125,0.0,0.151625,0.0023125,0.8195625,0.03362085690450797,7.0603989898584105,492.72055909003717,0.0006019659468132559,0.10613162118780096,False,0
ira_0646.wav,WhatsApp Audio 2026-09-07 at 12.49.01 AM (1).wav,S15,Audio,True,True,95,0.87109375,102,0.8984375,0.34,6,1.4135,0.0027922472087863236,0.0347900390625,0.0,0.0295625,0.0,1.3839375,0.002821908365308315,12.45951252203841,668.4368067375906,0.0032744855994882205,0.15803670130444394,False,0
ira_0647.wav,WhatsApp Audio 2026-09-07 at 12.49.01 AM (2).wav,S15,Audio,True,True,81,0.81640625,81,0.81640625,0.3,7,1.5335,0.013345320459476062,0.15966796875,0.0,0.0316875,0.1420625,1.35975,0.014172318870530982,11.96434130112066,762.0251150339102,0.000619246666634971,0.13747707356837172,False,0
ira_0648.wav,WhatsApp Audio 2026-09-07 at 12.49.01 AM.wav,S15,Audio,True,True,53,0.70703125,81,0.81640625,0.36,6,1.4735,0.004759980264942071,0.049346923828125,0.0,0.0300625,0.0979375,1.3455,0.004981245252244284,10.367043786204762,712.8021853059029,0.0018816642679147645,0.14540827147401908,False,0
ira_0649.wav,WhatsApp Audio 2026-09-07 at 12.49.02 AM (1).wav,S15,Audio,True,True,48,0.6875,48,0.6875,0.2135,4,1.2135,0.005475914904933926,0.043548583984375,0.0,0.03,0.0,1.1835,0.005544883410864361,7.952750314862768,687.0240065063135,0.0019303400765673165,0.12814833891321142,False,0
ira_0650.wav,WhatsApp Audio 2026-09-07 at 12.49.02 AM (2).wav,S15,Audio,True,True,102,0.8984375,114,0.9453125,0.23,5,1.3535,0.03198047641685125,0.22869873046875,0.0,0.3426875,0.0020625,1.00875,0.03704349202663646,7.151198358891345,530.9930538300197,0.0003097742467751968,0.09184945740013854,False,0
ira_0651.wav,WhatsApp Audio 2026-09-07 at 12.49.02 AM.wav,S15,Audio,True,True,102,0.8984375,109,0.92578125,0.43,11,1.9935,0.009453031862597095,0.120513916015625,0.0,0.03,0.121125,1.842375,0.009833091858133493,12.748705152731327,739.5555978516107,0.001108109165604519,0.1555416209437216,False,0
ira_0652.wav,WhatsApp Audio 2026-09-07 at 12.49.03 AM (1).wav,S15,Audio,True,True,70,0.7734375,77,0.80078125,0.28,4,1.2935,0.006750684810582462,0.0611572265625,0.0,0.0305,0.0004375,1.2625625,0.006832889405203607,9.05941075291045,619.7473571828293,0.001712217828043407,0.14776516066682774,False,0
ira_0653.wav,WhatsApp Audio 2026-09-07 at 12.49.03 AM (2).wav,S15,Audio,True,True,33,0.62890625,84,0.828125,0.25,6,1.4135,0.01899251700131678,0.154388427734375,0.0,0.1145,0.0,1.299,0.01981176567538512,8.12890822862873,574.1524042825429,0.0006427141825901287,0.11116515586999778,False,0
ira_0654.wav,WhatsApp Audio 2026-09-07 at 12.49.03 AM.wav,S15,Audio,True,True,22,0.5859375,66,0.7578125,0.02,2,1.0335,0.005506828962774282,0.048370361328125,0.0,0.0305625,0.0,1.0029375,0.0055901022147463635,8.783705042430903,615.8394959760803,0.00164515188853994,0.12488660417296643,False,0
ira_0655.wav,WhatsApp Audio 2026-09-07 at 12.49.04 AM (1).wav,S15,Audio,True,True,95,0.87109375,111,0.93359375,0.67,9,1.7135,0.015067736004626586,0.166473388671875,0.0,0.03,0.0,1.6835,0.015201395236377091,11.048334575330955,623.138571937516,0.00103186766679959,0.12394674448294729,False,0
ira_0656.wav,WhatsApp Audio 2026-09-07 at 12.49.04 AM (2).wav,S15,Audio,True,True,70,0.7734375,90,0.8515625,0.56,7,1.5735,0.015947332722815705,0.19683837890625,0.0,0.04725,0.000125,1.526125,0.016192945107460086,12.343028287397248,648.1225521108639,0.0010088340603549547,0.12925521350546176,False,0
ira_0657.wav,WhatsApp Audio 2026-09-07 at 12.49.04 AM.wav,S15,Audio,False,False,-57,0.27734375,-33,0.37109375,0.34,7,1.5335,0.011851891634582537,0.21240234375,0.0,0.0383125,6.25e-05,1.495125,0.01200301830384026,17.92138759775975,672.3249884886832,0.0026803554602436597,0.14893009985734665,False,0
ira_0658.wav,WhatsApp Audio 2026-09-07 at 12.49.16 AM.wav,S15,Audio,False,False,-43,0.33203125,-43,0.33203125,0.2,6,1.4535,0.10099654416186254,0.950164794921875,0.0,0.32025,0.0695625,1.0636875,0.11805927559226048,9.40789412951684,328.05018067877575,0.0050505138720205595,0.07641367447860675,False,0
ira_0659.wav,WhatsApp Audio 2026-09-07 at 12.49.17 AM (1).wav,S15,Audio,True,True,81,0.81640625,111,0.93359375,0.02,5,1.3935,0.17736607979993158,0.951324462890625,0.0,0.2125,0.035125,1.145875,0.19559344200783385,5.363621183733193,406.65983675336736,0.00517494289801292,0.08338192419825073,False,0
ira_0660.wav,WhatsApp Audio 2026-09-07 at 12.49.17 AM (2).wav,S15,Audio,True,True,61,0.73828125,108,0.921875,0.09,5,1.3735,0.16722380982512514,1.0,0.009100837277029487,0.2095625,0.27025,0.8936875,0.20730710859609203,5.980009671145235,389.2860839501339,0.006569353353912772,0.0892377701934016,True,2
ira_0661.wav,WhatsApp Audio 2026-09-07 at 12.49.17 AM.wav,S15,Audio,True,True,114,0.9453125,118,0.9609375,0.08,6,1.4135,0.16716074864364688,0.999969482421875,0.0044216483905199855,0.4355625,0.410375,0.5675625,0.2637967252439289,5.982083057988745,336.6660545209604,0.0019115459173046933,0.09630776033606013,True,1
ira_0662.wav,WhatsApp Audio 2026-09-07 at 12.49.18 AM (1).wav,S15,Audio,True,True,48,0.6875,98,0.8828125,0.04,3,1.1735,0.12898157779887537,0.74237060546875,0.0,0.394625,0.00025,0.778625,0.15834336356718265,5.75563284414422,338.54682931877693,0.0015828909150927396,0.078508655126498,False,0
ira_0663.wav,WhatsApp Audio 2026-09-07 at 12.49.18 AM (2).wav,S15,Audio,True,True,111,0.93359375,120,0.96875,0.06,3,1.1935,0.21094533578229044,1.0,0.04189359028068705,0.232375,0.0785625,0.8825625,0.24530145180030086,4.7405646410312965,354.47316753866187,0.0035295003473545345,0.06938989264205289,True,8
ira_0664.wav,WhatsApp Audio 2026-09-07 at 12.49.18 AM.wav,S15,Audio,True,True,57,0.72265625,113,0.94140625,0.04,5,1.3335,0.15390253148211122,0.999969482421875,0.004686914135733034,0.2605,0.465,0.608,0.2279203631039934,6.497420625846599,349.7363531385152,0.0036610555353939543,0.10086711975626904,True,1
ira_0665.wav,WhatsApp Audio 2026-09-07 at 12.49.19 AM (1).wav,S15,Audio,True,True,48,0.6875,115,0.94921875,0.05,5,1.3535,0.22284108679492015,0.999969482421875,0.03232360546730698,0.2181875,0.0021875,1.133125,0.24354770717909902,4.48736584803207,336.9355969372838,0.0015175086118809232,0.057723389517432465,True,7
ira_0666.wav,WhatsApp Audio 2026-09-07 at 12.49.19 AM (2).wav,S15,Audio,True,True,81,0.81640625,100,0.890625,0.42,7,1.5935,0.16341174305881925,0.999969482421875,0.011766551615939756,0.3275,0.103,1.163,0.19127723808565103,6.119324497150372,355.0446957767169,0.0021415818473102008,0.0673857619141008,True,3
ira_0667.wav,WhatsApp Audio 2026-09-07 at 12.49.19 AM (3).wav,S15,Audio,True,True,33,0.62890625,102,0.8984375,0.35,11,1.9135,0.16953137400368593,1.0,0.02286386203292396,0.22275,0.2601875,1.4305625,0.19606893380832333,5.898613196978267,377.7742062996265,0.003708529169013339,0.08325983994773804,True,7
ira_0668.wav,WhatsApp Audio 2026-09-07 at 12.49.19 AM.wav,S15,Audio,True,True,-17,0.43359375,74,0.7890625,0.21,6,1.4135,0.18785718502044657,0.994476318359375,0.0,0.2345625,0.0039375,1.175,0.20604098500544363,5.293789099688336,372.7259368174495,0.004751797450230835,0.07561353084236126,False,0
ira_0669.wav,WhatsApp Audio 2026-09-07 at 12.49.20 AM (1).wav,S15,Audio,True,True,102,0.8984375,123,0.98046875,0.03,8,1.6735,0.17941764659841017,1.0,0.03361219002091425,0.21375,0.5069375,0.9528125,0.23777532659681572,5.573587765523958,434.2611260998528,0.0025520689541435318,0.08862745098039215,True,9
ira_0670.wav,WhatsApp Audio 2026-09-07 at 12.49.20 AM (2).wav,S15,Audio,True,True,84,0.828125,120,0.96875,0.37,8,1.6535,0.10444688014689675,0.82208251953125,0.0,0.20425,0.1138125,1.3354375,0.11622018232450167,7.870819294698436,469.68686357763266,0.003594397066071217,0.07677187677187677,False,0
ira_0671.wav,WhatsApp Audio 2026-09-07 at 12.49.20 AM.wav,S15,Audio,True,True,90,0.8515625,100,0.890625,0.06,8,1.6335,0.0951395275124451,0.6148681640625,0.0,0.21275,0.1625,1.25825,0.10840142424856981,6.462804474008657,367.8045099861217,0.0016312744502676997,0.07556916013009374,False,0
ira_0672.wav,WhatsApp Audio 2026-09-07 at 12.49.21 AM (1).wav,S15,Audio,True,True,111,0.93359375,119,0.96484375,0.37,8,1.6135,0.0846047972207185,0.54351806640625,0.0,0.253875,0.035,1.324625,0.0933747266358842,6.424199150177151,476.69224678098635,0.002603852302606366,0.09924462521789656,False,0
ira_0673.wav,WhatsApp Audio 2026-09-07 at 12.49.21 AM (2).wav,S15,Audio,True,True,98,0.8828125,109,0.92578125,0.06,7,1.5535,0.19532567070342932,1.0,0.02413904087544255,0.2159375,0.0116875,1.325875,0.21142719220458167,5.119654761192857,401.17483594568654,0.0027660800780980894,0.0792194729430698,True,6
ira_0674.wav,WhatsApp Audio 2026-09-07 at 12.49.21 AM.wav,S15,Audio,True,True,127,0.99609375,127,0.99609375,0.24,7,1.5935,0.08290886037117094,0.63336181640625,0.0,0.225625,0.1499375,1.2179375,0.09483347180481863,7.63925367651637,407.4906425672153,0.003234257528284812,0.07283781133555599,False,0
ira_0675.wav,WhatsApp Audio 2026-09-07 at 12.49.22 AM (1).wav,S15,Audio,True,True,117,0.95703125,119,0.96484375,0.33,6,1.4335,0.066529288587479,0.36846923828125,0.0,0.2769375,0.0,1.1565625,0.07406660674506173,5.538451501653317,387.24754658567747,0.001354275633348351,0.06431218661434489,False,0
ira_0676.wav,WhatsApp Audio 2026-09-07 at 12.49.22 AM (2).wav,S15,Audio,True,True,109,0.92578125,111,0.93359375,0.07,7,1.5735,0.06325364699126824,0.45758056640625,0.0,0.2346875,0.006625,1.3321875,0.06874353820366995,7.23405824283011,389.38860768460836,0.0018225957181323073,0.059622641509433964,False,0
ira_0677.wav,WhatsApp Audio 2026-09-07 at 12.49.22 AM.wav,S15,Audio,True,True,104,0.90625,106,0.9140625,0.06,8,1.6535,0.16596646565363318,1.0,0.011339582703356516,0.223375,0.2234375,1.2066875,0.1942749880905533,6.0253135840523875,389.1492295859518,0.00223531662030634,0.06618786618786619,True,3
ira_0678.wav,WhatsApp Audio 2026-09-07 at 12.53.24 AM (1).wav,S16,Audio,True,True,6,0.5234375,102,0.8984375,0.05,4,1.2135,0.14759011672767935,0.938079833984375,0.0,0.23,0.000125,0.983375,0.1639518656475058,6.355980026191317,671.9026054150365,0.002868441625439498,0.07911408704609837,False,0
ira_0679.wav,WhatsApp Audio 2026-09-07 at 12.53.24 AM.wav,S16,Audio,True,True,90,0.8515625,115,0.94921875,0.04,5,1.3335,0.15495610071747273,0.999969482421875,0.009373828271466067,0.2438125,0.00475,1.0849375,0.1717909053815385,6.453243710908112,738.578991907454,0.003942496613034414,0.07888446215139443,True,2
ira_0680.wav,WhatsApp Audio 2026-09-07 at 12.53.25 AM (1).wav,S16,Audio,True,True,33,0.62890625,93,0.86328125,0.06,6,1.4335,0.1631075331581106,0.99993896484375,0.004359958144401814,0.2121875,0.0938125,1.1275,0.18391301828141177,6.130550474786746,544.2785140387307,0.001728972700547375,0.08506649226073687,True,1
ira_0681.wav,WhatsApp Audio 2026-09-07 at 12.53.25 AM (2).wav,S16,Audio,True,True,33,0.62890625,33,0.62890625,0.2535,4,1.2535,0.1370307794488783,1.0,0.029916234543278818,0.5529375,0.004,0.6965625,0.18382233558920355,7.2976305325116195,472.5535338015683,0.0016218351623632798,0.10595861381201695,True,6
ira_0682.wav,WhatsApp Audio 2026-09-07 at 12.53.25 AM.wav,S16,Audio,False,False,-120,0.03125,-117,0.04296875,0.05,5,1.3335,0.1500923754042347,1.0,0.018747656542932135,0.0305,0.0003125,1.3026875,0.15185704482429335,6.662563619949118,905.5186883950374,0.008838731277526579,0.09828919615655027,True,4
ira_0683.wav,WhatsApp Audio 2026-09-07 at 12.53.26 AM (1).wav,S16,Audio,False,True,-43,0.33203125,0,0.5,0.41,6,1.4135,0.04963223405757857,0.5001220703125,0.0,0.70675,0.235625,0.471125,0.08596739005576624,10.076557701035705,616.287904966359,0.00226330015815261,0.10674331196108777,False,0
ira_0684.wav,WhatsApp Audio 2026-09-07 at 12.53.26 AM.wav,S16,Audio,False,True,-48,0.3125,-22,0.4140625,0.09,2,1.0935,0.053512958953597554,0.395538330078125,0.0,0.035125,0.02025,1.038125,0.05492143228966,7.391449432297443,627.5853757204032,0.0031415174318517726,0.1700485853100886,False,0
ira_0685.wav,WhatsApp Audio 2026-09-07 at 12.53.27 AM (1).wav,S16,Audio,False,False,-87,0.16015625,-87,0.16015625,0.2,4,1.2535,0.05714317463650539,0.445098876953125,0.0,0.5878125,0.2080625,0.457625,0.0945729680148035,7.789187068874849,688.0391110577401,0.0013559574446006986,0.11528297182747445,False,0
ira_0686.wav,WhatsApp Audio 2026-09-07 at 12.53.27 AM (2).wav,S16,Audio,True,True,-11,0.45703125,-11,0.45703125,0.4,6,1.4335,0.05565071073119577,0.40985107421875,0.0,0.6275625,0.3158125,0.490125,0.0951724015236063,7.364705119372399,719.1625491560031,0.001266468019074689,0.1237410071942446,False,0
ira_0687.wav,WhatsApp Audio 2026-09-07 at 12.53.27 AM (3).wav,S16,Audio,False,False,-66,0.2421875,-53,0.29296875,0.21,5,1.3335,0.05302048761571949,0.465087890625,0.0,0.6699375,0.2069375,0.456625,0.09060499406354354,8.77185238272141,744.681946588219,0.0026352557465411197,0.15495664401218653,False,0
ira_0688.wav,WhatsApp Audio 2026-09-07 at 12.53.27 AM.wav,S16,Audio,True,True,-22,0.4140625,-22,0.4140625,0.3,5,1.3335,0.05492275876511384,0.4471435546875,0.0,0.41575,0.2079375,0.7098125,0.0752784923455222,8.141316363946366,670.5305197912676,0.0014794469964699319,0.1336301851417858,False,0
ira_0689.wav,WhatsApp Audio 2026-09-07 at 12.53.28 AM (1).wav,S16,Audio,False,True,-38,0.3515625,-22,0.4140625,0.14,3,1.1735,0.07160812911072074,0.520233154296875,0.0,0.551125,0.1238125,0.4985625,0.10986025560978442,7.265001344923963,761.396068794004,0.001871593451675113,0.16644474034620507,False,0
ira_0690.wav,WhatsApp Audio 2026-09-07 at 12.53.28 AM (2).wav,S16,Audio,True,True,-17,0.43359375,17,0.56640625,0.04,2,1.0535,0.06400721806025471,0.465484619140625,0.0,0.53475,0.03675,0.482,0.09462802121807408,7.2723769794592545,700.5071169562664,0.0022302156840180686,0.1901512904182735,False,0
ira_0691.wav,WhatsApp Audio 2026-09-07 at 12.53.28 AM.wav,S16,Audio,False,True,-61,0.26171875,17,0.56640625,0.35,5,1.3735,0.08580264444648195,0.71502685546875,0.0,0.7060625,0.17375,0.4936875,0.1431154883733511,8.333389490282398,751.527691640108,0.0016703712271211035,0.14862343572241182,False,0
ira_0692.wav,WhatsApp Audio 2026-09-07 at 12.53.29 AM (1).wav,S16,Audio,False,False,-120,0.03125,-118,0.0390625,0.24,5,1.3735,0.04523290202528779,0.45782470703125,0.0,0.322375,0.0,1.051125,0.05170606207839012,10.121497550064324,668.809733275241,0.002324814166451575,0.12741751990898748,False,0
ira_0693.wav,WhatsApp Audio 2026-09-07 at 12.53.29 AM (2).wav,S16,Audio,False,False,-66,0.2421875,-66,0.2421875,0.3,5,1.3335,0.04643596833939396,0.462982177734375,0.0,0.3638125,0.0,0.9696875,0.05445444577078841,9.97033537344378,1059.811933008674,0.004626042829765041,0.1546754159831263,False,0
ira_0694.wav,WhatsApp Audio 2026-09-07 at 12.53.29 AM.wav,S16,Audio,False,False,-111,0.06640625,-98,0.1171875,0.06,3,1.1135,0.06177636981698502,0.466339111328125,0.0,0.70275,0.0,0.41075,0.10171330066539677,7.548826723060507,642.5566780795513,0.0027198322201647702,0.16222284591636263,False,0
ira_0695.wav,WhatsApp Audio 2026-09-07 at 12.53.30 AM (1).wav,S16,Audio,False,False,-77,0.19921875,-27,0.39453125,0.11,3,1.1335,0.026158335697475936,0.269012451171875,0.0,0.55475,0.0,0.57875,0.03660781156447612,10.28400484965993,666.4558161165147,0.005522336333264554,0.15439757375241248,False,0
ira_0696.wav,WhatsApp Audio 2026-09-07 at 12.53.30 AM (2).wav,S16,Audio,True,True,57,0.72265625,57,0.72265625,0.6335,8,1.6335,0.017042809539868094,0.1839599609375,0.0,0.03,0.0720625,1.5314375,0.01760144174509858,10.79399265169068,587.9107613581549,0.0060129091430428635,0.16013009374402143,False,0
ira_0697.wav,WhatsApp Audio 2026-09-07 at 12.53.30 AM.wav,S16,Audio,True,True,43,0.66796875,57,0.72265625,0.28,5,1.3335,0.021236529804715177,0.207000732421875,0.0,0.0301875,0.02925,1.2740625,0.021726225690387013,9.747389725411463,652.3724882934584,0.0024579201890516677,0.17951722521677993,False,0
ira_0698.wav,WhatsApp Audio 2026-09-07 at 12.53.31 AM (1).wav,S16,Audio,True,True,124,0.984375,124,0.984375,0.2,4,1.2135,0.07259868490942709,0.450927734375,0.0,0.5070625,0.3109375,0.3955,0.12716650291152273,6.211238329421118,306.9278676328819,0.0003175691408972602,0.08998197270151945,False,0
ira_0699.wav,WhatsApp Audio 2026-09-07 at 12.53.31 AM (2).wav,S16,Audio,True,True,87,0.83984375,100,0.890625,0.07,3,1.1935,0.07189542565578666,0.4427490234375,0.0,0.5256875,0.2259375,0.441875,0.11815734365686852,6.158236346735704,336.10563450723777,0.00037916833534244634,0.10285415030112595,False,0
ira_0700.wav,WhatsApp Audio 2026-09-07 at 12.53.31 AM (3).wav,S16,Audio,True,True,114,0.9453125,121,0.97265625,0.24,5,1.3535,0.0888150353622314,0.52642822265625,0.0,0.528125,0.3975625,0.4278125,0.15797244201231544,5.927242166928345,328.44841982994376,0.0002689248002138123,0.07753405679981529,False,0
ira_0701.wav,WhatsApp Audio 2026-09-07 at 12.53.31 AM.wav,S16,Audio,True,True,114,0.9453125,119,0.96484375,0.06,3,1.1335,0.07249158701589448,0.44818115234375,0.0,0.5538125,0.1946875,0.385,0.12438431891952259,6.182526425383431,309.57060492026494,0.000564911068302245,0.15798180314309346,False,0
ira_0702.wav,WhatsApp Audio 2026-09-07 at 12.53.32 AM (1).wav,S16,Audio,True,True,125,0.98828125,126,0.9921875,0.88,11,1.9135,0.030174299455182206,0.27239990234375,0.0,0.894625,0.2479375,0.7709375,0.04753760819962013,9.02754686147212,273.030055202824,0.0004465044862980942,0.17001469867711905,False,0
ira_0703.wav,WhatsApp Audio 2026-09-07 at 12.53.32 AM (2).wav,S16,Audio,True,True,124,0.984375,126,0.9921875,0.21,4,1.2735,0.06126637454586067,0.3831787109375,0.0,0.5828125,0.2390625,0.451625,0.10287977452153298,6.254306930642245,336.45696662976843,0.00041458438967169494,0.1474846625766871,False,0
ira_0704.wav,WhatsApp Audio 2026-09-07 at 12.53.32 AM.wav,S16,Audio,True,True,113,0.94140625,120,0.96875,0.44,6,1.4535,0.07329030899436124,0.470184326171875,0.0,0.923375,0.1060625,0.4240625,0.13568647397988148,6.415368315721656,283.81439020828765,0.0002700171919159863,0.09335626746936143,False,0
ira_0705.wav,WhatsApp Audio 2026-09-07 at 12.53.33 AM (1).wav,S16,Audio,True,True,109,0.92578125,114,0.9453125,0.29,4,1.2935,0.05583501253820832,0.348175048828125,0.0,0.5811875,0.2585625,0.45375,0.09427101207955842,6.235783480658595,395.6932622285663,0.0006816760884676527,0.14694370620922928,False,0
ira_0706.wav,WhatsApp Audio 2026-09-07 at 12.53.33 AM (2).wav,S16,Audio,True,True,100,0.890625,100,0.890625,0.2,4,1.2535,0.05025303988489781,0.33514404296875,0.0,0.63275,0.1703125,0.4504375,0.08383090199280005,6.669129742924636,274.3460878326279,0.000419095004196423,0.1636998254799302,False,0
ira_0707.wav,WhatsApp Audio 2026-09-07 at 12.53.33 AM.wav,S16,Audio,True,True,102,0.8984375,104,0.90625,0.33,6,1.4135,0.055138760216192254,0.36468505859375,0.0,0.6309375,0.335,0.4475625,0.0979878985987485,6.613951005859853,348.71711585950726,0.00029191909972321533,0.09462745965067433,False,0
ira_0708.wav,WhatsApp Audio 2026-09-07 at 12.53.34 AM (1).wav,S16,Audio,True,True,102,0.8984375,102,0.8984375,0.16,4,1.2535,0.031008770920206704,0.2274169921875,0.0,0.4334375,0.3650625,0.455,0.051467440096740626,7.333956988256665,351.56200797032346,0.0012054446465270977,0.1524806781351284,False,0
ira_0709.wav,WhatsApp Audio 2026-09-07 at 12.53.34 AM (2).wav,S16,Audio,True,True,77,0.80078125,81,0.81640625,0.08,4,1.2135,0.03413403186625795,0.25823974609375,0.0,0.4725,0.296,0.445,0.05636612890787412,7.565462735418145,331.42324335954333,0.0007128604290280317,0.11928920937419521,False,0
ira_0710.wav,WhatsApp Audio 2026-09-07 at 12.53.34 AM.wav,S16,Audio,True,True,124,0.984375,124,0.984375,0.2,4,1.2135,0.04811267860440736,0.263641357421875,0.0,0.669375,0.133875,0.41025,0.08274641731068812,5.479664925530131,252.400586675531,0.0004764976177483442,0.17491630182848314,False,0
ira_0711.wav,WhatsApp Audio 2026-09-07 at 12.53.35 AM (1).wav,S16,Audio,True,True,123,0.98046875,123,0.98046875,0.0,1,0.9935,0.04048746563653513,0.2410888671875,0.0,0.4553125,0.028375,0.5098125,0.05651931933868629,5.954654444212629,315.9509776314114,0.0009359853212890465,0.14539163258886442,False,0
ira_0712.wav,WhatsApp Audio 2026-09-07 at 12.53.35 AM (2).wav,S16,Audio,True,True,27,0.60546875,38,0.6484375,0.31,6,1.4735,0.04867038750999153,0.54150390625,0.0,0.8516875,0.0243125,0.5975,0.07643079046020211,11.12594195266752,476.61849646051536,0.0006879767628677442,0.1379003181336161,False,0
ira_0713.wav,WhatsApp Audio 2026-09-07 at 12.53.35 AM (3).wav,S16,Audio,True,True,121,0.97265625,121,0.97265625,0.08,3,1.1335,0.04646932109727928,0.43603515625,0.0,0.5145,0.0398125,0.5791875,0.06500790294034463,9.383290867047535,534.8516638613756,0.0006547443361231653,0.1770609318996416,False,0
ira_0714.wav,WhatsApp Audio 2026-09-07 at 12.53.35 AM.wav,S16,Audio,True,True,98,0.8828125,111,0.93359375,0.07,3,1.1135,0.046711269563868084,0.296173095703125,0.0,0.5066875,0.12625,0.4805625,0.07110277098796021,6.340506230475475,303.0501411194017,0.0006759233634772064,0.15694639348863318,False,0
ira_0715.wav,WhatsApp Audio 2026-09-07 at 12.53.36 AM (1).wav,S16,Audio,True,True,90,0.8515625,106,0.9140625,0.11,3,1.1335,0.0651072138829056,0.47589111328125,0.0,0.641125,0.0029375,0.4894375,0.09908107741234716,7.30934538432459,326.6420105492968,0.00023581110349824477,0.1590846429556107,False,0
ira_0716.wav,WhatsApp Audio 2026-09-07 at 12.53.36 AM (2).wav,S16,Audio,True,True,115,0.94921875,123,0.98046875,0.05,3,1.1335,0.04527260874589819,0.455078125,0.0,0.5240625,0.022625,0.5868125,0.0629208736040492,10.051952772463796,499.09099012898383,0.0008424360133758559,0.14425144747725394,False,0
ira_0717.wav,WhatsApp Audio 2026-09-07 at 12.53.36 AM.wav,S16,Audio,True,True,108,0.921875,121,0.97265625,0.07,3,1.1935,0.04409239844330197,0.357940673828125,0.0,0.2835,0.01725,0.89275,0.05098115513969361,8.1179678689604,450.6822960549417,0.00043752257793902767,0.1478397486252946,False,0
ira_0718.wav,WhatsApp Audio 2026-09-07 at 12.53.37 AM (1).wav,S16,Audio,True,True,81,0.81640625,104,0.90625,0.08,3,1.1335,0.047968070850494024,0.42144775390625,0.0,0.6114375,0.0,0.5220625,0.07068074021145916,8.786005908384567,495.87057476101324,0.0027971308637197347,0.16658395368072787,False,0
ira_0719.wav,WhatsApp Audio 2026-09-07 at 12.53.37 AM.wav,S16,Audio,True,True,6,0.5234375,77,0.80078125,0.04,9,1.7535,0.055426318358439544,0.48175048828125,0.0,0.03,0.00075,1.72275,0.05591876462440327,8.691728091441885,356.85028019226905,0.001761323322762724,0.18456603101051505,False,0
ira_0720.wav,WhatsApp Audio 2026-09-07 at 12.53.38 AM (1).wav,S16,Audio,True,True,53,0.70703125,53,0.70703125,0.54,7,1.5535,0.06198644496736633,0.646453857421875,0.0,0.03,0.109,1.4145,0.0649603210272446,10.428955197579247,505.50627909954676,0.0017450226859317304,0.13341380004023334,False,0
ira_0721.wav,WhatsApp Audio 2026-09-07 at 12.53.38 AM (2).wav,S16,Audio,True,True,108,0.921875,108,0.921875,0.0535,2,1.0535,0.050404539112893144,0.518707275390625,0.0,0.432125,0.2553125,0.3660625,0.08550756003477351,10.290884204473226,481.3418653710379,0.0012924959926589698,0.15971521803619104,False,0
ira_0722.wav,WhatsApp Audio 2026-09-07 at 12.53.38 AM (3).wav,S16,Audio,True,True,43,0.66796875,53,0.70703125,1.01,12,2.0135,0.06275393966075378,0.516815185546875,0.0,1.4219375,0.1525,0.4390625,0.13438526645336735,8.235581516328137,530.5829895790263,0.0009753111823226577,0.19956541983548037,False,0
ira_0723.wav,WhatsApp Audio 2026-09-07 at 12.53.38 AM.wav,S16,Audio,True,True,-22,0.4140625,48,0.6875,0.32,5,1.3535,0.061164013296025596,0.6729736328125,0.0,0.82625,0.1121875,0.4150625,0.11044972211952714,11.002771017581829,508.5146512775616,0.0031811451552879993,0.1885476795197414,False,0
ira_0724.wav,WhatsApp Audio 2026-09-07 at 12.53.39 AM (1).wav,S16,Audio,True,True,117,0.95703125,121,0.97265625,0.05,4,1.2135,0.033070346860258004,0.274658203125,0.0,0.0314375,0.319875,0.8621875,0.039233098402090695,8.305271314074666,596.3250824756817,0.0016722914916308769,0.16816894154004636,False,0
ira_0725.wav,WhatsApp Audio 2026-09-07 at 12.53.39 AM (2).wav,S16,Audio,True,True,104,0.90625,104,0.90625,0.0735,2,1.0735,0.047214091510512556,0.34674072265625,0.0,0.4881875,0.2001875,0.385125,0.07882530631243664,7.3440092049435215,614.656607754904,0.001634417639103157,0.17903930131004367,False,0
ira_0726.wav,WhatsApp Audio 2026-09-07 at 12.53.39 AM.wav,S16,Audio,True,True,120,0.96875,125,0.98828125,0.14,3,1.1935,0.08602128985380782,0.710418701171875,0.0,0.58,0.146,0.4675,0.13744367176208194,8.258638092723595,742.8824187916049,0.001216122570117256,0.1848127782141922,False,0
ira_0727.wav,WhatsApp Audio 2026-09-07 at 12.53.40 AM (1).wav,S16,Audio,True,True,117,0.95703125,118,0.9609375,0.59,8,1.6135,0.03513329397607202,0.264068603515625,0.0,1.0485,0.07225,0.49275,0.06357501270608933,7.516192580618041,496.0015357416346,0.0021055333104101305,0.17435599457679643,False,0
ira_0728.wav,WhatsApp Audio 2026-09-07 at 12.53.40 AM (2).wav,S16,Audio,True,True,38,0.6484375,90,0.8515625,0.44,6,1.4935,0.03476474303800271,0.310302734375,0.0,0.0389375,0.141625,1.3129375,0.03707790117713877,8.92578823424053,541.8137010453476,0.0024362496680812016,0.18556183301946014,False,0
ira_0729.wav,WhatsApp Audio 2026-09-07 at 12.53.40 AM.wav,S16,Audio,True,True,81,0.81640625,98,0.8828125,0.31,5,1.3535,0.033911797378722255,0.298919677734375,0.0,0.0321875,0.3016875,1.019625,0.039070910015928016,8.814622073730904,396.47147831563575,0.0015781683547817634,0.16047102285846224,False,0
ira_0730.wav,WhatsApp Audio 2026-09-07 at 12.53.41 AM (1).wav,S16,Audio,True,True,74,0.7890625,81,0.81640625,0.78,9,1.7935,0.02331575837728514,0.19677734375,0.0,0.03025,0.1898125,1.5734375,0.02489269898316412,8.439671597459423,340.32231287179735,0.002919028989810203,0.1497124934657606,False,0
ira_0731.wav,WhatsApp Audio 2026-09-07 at 12.53.41 AM (2).wav,S16,Audio,True,True,57,0.72265625,61,0.73828125,0.33,5,1.3535,0.03866101734988031,0.34442138671875,0.0,0.823875,0.0321875,0.4974375,0.06377195981600255,8.908751251984741,514.0719534833933,0.004664378203885392,0.1656430385592242,False,0
ira_0732.wav,WhatsApp Audio 2026-09-07 at 12.53.41 AM.wav,S16,Audio,True,True,121,0.97265625,123,0.98046875,0.51,7,1.5535,0.03928811956545709,0.399749755859375,0.0,0.336125,0.0,1.217375,0.04438173592554488,10.17482537420404,645.6720766670933,0.0014396780532710065,0.1496680748340374,False,0
ira_0733.wav,WhatsApp Audio 2026-09-07 at 12.53.42 AM (1).wav,S16,Audio,True,True,66,0.7578125,93,0.86328125,0.14,3,1.1535,0.03384828007125274,0.280029296875,0.0,0.03,0.1559375,0.9675625,0.03695734675440763,8.273073145386437,611.1364024387552,0.0033516947280360816,0.17794635600108372,False,0
ira_0734.wav,WhatsApp Audio 2026-09-07 at 12.53.42 AM (2).wav,S16,Audio,True,True,104,0.90625,106,0.9140625,0.42,6,1.4335,0.023515236777236,0.23175048828125,0.0,0.935875,0.051875,0.44575,0.04216930375119087,9.855332968860292,539.503930381366,0.010942580273558615,0.1831698277741443,False,0
ira_0735.wav,WhatsApp Audio 2026-09-07 at 12.53.42 AM.wav,S16,Audio,True,True,100,0.890625,106,0.9140625,0.28,4,1.2935,0.023214924608204082,0.2454833984375,0.0,0.0320625,0.229,1.0324375,0.02598445670290018,10.574378447507296,525.8725653569933,0.004113164753648096,0.17917371345735686,False,0
ira_0736.wav,WhatsApp Audio 2026-09-07 at 12.53.43 AM (1).wav,S16,Audio,True,True,17,0.56640625,43,0.66796875,0.13,3,1.1735,0.027478735859238036,0.23968505859375,0.0,0.686,0.0568125,0.4306875,0.045357912922043206,8.722564961559927,400.46811729705047,0.0047413766740731006,0.2026098535286285,False,0
ira_0737.wav,WhatsApp Audio 2026-09-07 at 12.53.43 AM (2).wav,S16,Audio,True,True,104,0.90625,111,0.93359375,0.25,5,1.3335,0.12562648420448197,0.94757080078125,0.0,0.1859375,0.2619375,0.885625,0.15415263263893805,7.542763031073058,434.59667261327536,0.0036059062119317433,0.16325287086946333,False,0
ira_0738.wav,WhatsApp Audio 2026-09-07 at 12.53.43 AM.wav,S16,Audio,True,True,118,0.9609375,121,0.97265625,0.22,4,1.2335,0.029695549706436643,0.3114013671875,0.0,0.030125,0.1418125,1.0615625,0.03200997686325149,10.486465826224538,397.5007345563963,0.0034124884202476817,0.15789206992652646,False,0
ira_0739.wav,WhatsApp Audio 2026-09-07 at 12.53.44 AM (1).wav,S16,Audio,True,True,116,0.953125,116,0.953125,0.1,3,1.1135,0.16031257095275916,0.999969482421875,0.028064660978895376,0.0355,0.0015,1.0765,0.16304423252306505,6.237623640360341,393.2132225128279,0.0015968051472532781,0.13280943025540276,True,5
ira_0740.wav,WhatsApp Audio 2026-09-07 at 12.53.44 AM (2).wav,S16,Audio,True,True,27,0.60546875,66,0.7578125,0.19,4,1.2735,0.15106840541760125,0.999969482421875,0.06380054966627405,0.482,0.0138125,0.7776875,0.19331689541854996,6.619315797089673,391.805410231552,0.0013954037066744415,0.1352638036809816,True,13
ira_0741.wav,WhatsApp Audio 2026-09-07 at 12.53.44 AM (3).wav,S16,Audio,False,False,-33,0.37109375,-33,0.37109375,0.19,4,1.2335,0.1103100467075234,0.708465576171875,0.0,0.67625,0.0530625,0.5041875,0.1725389912047927,6.422493665063021,395.1509812433876,0.001881186086994496,0.1582467696985052,False,0
ira_0742.wav,WhatsApp Audio 2026-09-07 at 12.53.44 AM.wav,S16,Audio,True,True,57,0.72265625,57,0.72265625,0.1,6,1.4935,0.1400748134241757,0.997833251953125,0.0,0.2020625,0.0,1.2914375,0.1506345788163186,7.123573664392315,526.3930774952304,0.010332986285661467,0.08976773383553044,False,0
ira_0743.wav,WhatsApp Audio 2026-09-07 at 12.53.45 AM (1).wav,S16,Audio,True,True,53,0.70703125,81,0.81640625,0.09,3,1.1135,0.07952168347821895,0.535125732421875,0.0,0.642375,0.0349375,0.4361875,0.12705530316515692,6.729305882570335,382.72870562418774,0.001215232817113948,0.15526241930957058,False,0
ira_0744.wav,WhatsApp Audio 2026-09-07 at 12.53.45 AM (2).wav,S16,Audio,False,False,-81,0.18359375,-38,0.3515625,0.06,2,1.0935,0.07007619526514845,0.436004638671875,0.0,0.6788125,0.0,0.4146875,0.11379371021629445,6.221865171505917,345.75045869589724,0.0010661029402899906,0.13598170905973136,False,0
ira_0745.wav,WhatsApp Audio 2026-09-07 at 12.53.45 AM.wav,S16,Audio,True,True,38,0.6484375,74,0.7890625,0.25,4,1.2735,0.06910935638528835,0.456756591796875,0.0,0.3499375,0.0155625,0.908,0.08184516977646558,6.609186016006756,400.26285706953195,0.0012232485683846604,0.15558282208588958,False,0
ira_0746.wav,WhatsApp Audio 2026-09-07 at 12.53.46 AM (1).wav,S16,Audio,True,True,84,0.828125,112,0.9375,0.23,4,1.2335,0.08091134846066984,0.602203369140625,0.0,0.6400625,0.181375,0.4120625,0.13998935418006672,7.4427553192164355,422.6820262918537,0.0009048768154475454,0.1573346845705599,False,0
ira_0747.wav,WhatsApp Audio 2026-09-07 at 12.53.46 AM (2).wav,S16,Audio,True,True,100,0.890625,115,0.94921875,0.23,4,1.2335,0.04193171125912583,0.29364013671875,0.0,0.714,0.0018125,0.5176875,0.06472568031057355,7.0028178650792245,304.8059883923834,0.0009452186484834207,0.1544464149987332,False,0
ira_0748.wav,WhatsApp Audio 2026-09-07 at 12.53.46 AM.wav,S16,Audio,False,False,-84,0.171875,-77,0.19921875,0.26,4,1.2735,0.07167345530334428,0.436676025390625,0.0,0.7859375,0.0046875,0.482875,0.11639618844856875,6.092576722337115,432.92106916294637,0.0016135031969643273,0.1394355828220859,False,0
ira_0749.wav,WhatsApp Audio 2026-09-07 at 12.53.47 AM (1).wav,S16,Audio,True,True,57,0.72265625,81,0.81640625,0.01,2,1.0335,0.048724687427121084,0.30047607421875,0.0,0.03075,0.0125625,0.9901875,0.04977882299636866,6.166813787531848,339.2716634854259,0.0014456312088384886,0.16915633504687028,False,0
ira_0750.wav,WhatsApp Audio 2026-09-07 at 12.53.47 AM (2).wav,S16,Audio,False,False,-84,0.171875,-84,0.171875,0.0,1,0.9735,0.05515339389905278,0.65966796875,0.0,0.0408125,0.0008125,0.931875,0.056371649587169115,11.960605179753577,366.71914007982105,0.001542410068070127,0.18504012841091494,False,0
ira_0751.wav,WhatsApp Audio 2026-09-07 at 12.53.47 AM.wav,S16,Audio,True,True,114,0.9453125,114,0.9453125,0.29,7,1.5135,0.04736976529148886,0.654541015625,0.0,0.03,0.001375,1.482125,0.047868507611455474,13.817695983868518,545.5671659217195,0.0020181674199086807,0.16023126161470164,False,0
ira_0752.wav,WhatsApp Audio 2026-09-07 at 12.53.48 AM (1).wav,S16,Audio,True,True,61,0.73828125,98,0.8828125,0.05,2,1.0735,0.10651294660017274,0.65997314453125,0.0,0.4331875,0.0580625,0.58225,0.1446261442258452,6.19617770043158,382.9033348134531,0.0008088498764444379,0.18276564774381368,False,0
ira_0753.wav,WhatsApp Audio 2026-09-07 at 12.53.48 AM (2).wav,S16,Audio,False,False,-84,0.171875,-84,0.171875,0.0,1,0.9535,0.10507420408226328,0.68280029296875,0.0,0.03525,6.25e-05,0.9181875,0.10707550485810209,6.498267571307808,352.8556217231992,0.001084678439185891,0.1136676499508358,False,0
ira_0754.wav,WhatsApp Audio 2026-09-07 at 12.53.48 AM.wav,S16,Audio,True,True,100,0.890625,111,0.93359375,0.04,2,1.0535,0.05130905582150267,0.51666259765625,0.0,0.0306875,0.003125,1.0196875,0.052152716794476646,10.069618109006916,397.71938151374275,0.0013829971992257062,0.1791753188964699,False,0
ira_0755.wav,WhatsApp Audio 2026-09-07 at 12.53.49 AM (1).wav,S16,Audio,True,True,33,0.62890625,93,0.86328125,0.01,2,1.0535,0.047045449963080695,0.354217529296875,0.0,0.0310625,0.0003125,1.022125,0.04776202605195412,7.529262225674324,605.762810507419,0.003560690498075677,0.17502224859092258,False,0
ira_0756.wav,WhatsApp Audio 2026-09-07 at 12.53.49 AM (2).wav,S16,Audio,True,True,61,0.73828125,61,0.73828125,0.0,1,0.9335,0.04732441741753137,0.239105224609375,0.0,0.49775,0.0,0.43575,0.06926625978823286,5.052470535449175,331.655363545251,0.0016229612704362483,0.12179444258453298,False,0
ira_0757.wav,WhatsApp Audio 2026-09-07 at 12.53.49 AM.wav,S16,Audio,False,False,-112,0.0625,-112,0.0625,0.0,1,0.9935,0.06692189892679162,0.449462890625,0.0,0.034875,0.000875,0.95775,0.06815941432590118,6.716230379485859,365.83676092601956,0.002097971857422919,0.20484429065743945,False,0
ira_0758.wav,WhatsApp Audio 2026-09-07 at 12.54.12 AM.wav,S16,Audio,True,True,125,0.98828125,125,0.98828125,0.0,8,1.6335,0.09239281910444382,0.8564453125,0.0,0.448625,0.26475,0.920125,0.12310264587119411,9.269609054052639,551.4932947913924,0.002494902902574007,0.08578534532236465,False,0
ira_0759.wav,WhatsApp Audio 2026-09-07 at 12.54.13 AM (1).wav,S16,Audio,True,True,109,0.92578125,109,0.92578125,0.0,1,0.9335,0.12697392972078866,0.9925537109375,0.0,0.2205,0.0028125,0.7101875,0.14557424067548644,7.816988204744798,503.0208960676894,0.0004591868111617397,0.06909943086709072,False,0
ira_0760.wav,WhatsApp Audio 2026-09-07 at 12.54.13 AM (2).wav,S16,Audio,True,True,126,0.9921875,126,0.9921875,0.03,3,1.1135,0.16268044813334953,0.999969482421875,0.011225864391558149,0.296875,0.0139375,0.8026875,0.19160366765578277,6.1468326027857865,603.1272813421081,0.0019651661916186207,0.07779960707269155,True,2
ira_0761.wav,WhatsApp Audio 2026-09-07 at 12.54.13 AM.wav,S16,Audio,True,True,120,0.96875,125,0.98828125,0.02,2,1.0935,0.19694184819886457,0.990264892578125,0.0,0.23375,0.0,0.85975,0.2221050455076136,5.028209604178144,387.33040096307263,0.0013575064580393572,0.07933695341526151,False,0
ira_0762.wav,WhatsApp Audio 2026-09-07 at 12.54.14 AM (1).wav,S16,Audio,True,True,100,0.890625,100,0.890625,0.0,1,0.9335,0.10993640060091343,0.921417236328125,0.0,0.413,0.0894375,0.4310625,0.16177806139170686,8.381366238039899,485.53567696628005,0.00044162611756112173,0.07505858721124875,False,0
ira_0763.wav,WhatsApp Audio 2026-09-07 at 12.54.14 AM (2).wav,S16,Audio,True,True,61,0.73828125,61,0.73828125,0.0,1,0.9935,0.07322473394795738,0.504974365234375,0.0,0.40925,0.0,0.58425,0.0954849187359762,6.896226698389546,466.0389951577428,0.00047067806389538755,0.08424032714690154,False,0
ira_0764.wav,WhatsApp Audio 2026-09-07 at 12.54.14 AM.wav,S16,Audio,True,True,98,0.8828125,111,0.93359375,0.02,2,1.0335,0.11213472018667338,0.8446044921875,0.0,0.212375,0.000375,0.82075,0.12583089038437348,7.532051542835854,492.36344979531214,0.00040694937266487886,0.08339885092228606,False,0
ira_0765.wav,WhatsApp Audio 2026-09-07 at 12.54.15 AM (1).wav,S16,Audio,True,True,53,0.70703125,81,0.81640625,0.08,4,1.2135,0.06601760387924946,0.510009765625,0.0,0.4215625,0.0955,0.6964375,0.08714253512372008,7.725360141180547,484.050641546702,0.0005353321691153505,0.08560391449909864,False,0
ira_0766.wav,WhatsApp Audio 2026-09-07 at 12.54.15 AM (2).wav,S16,Audio,True,True,87,0.83984375,87,0.83984375,0.0,1,0.9335,0.13591759058921987,0.962677001953125,0.0,0.036125,0.0095,0.887875,0.13936560359219322,7.082799200455209,480.8163424791787,0.00042897885596880397,0.08657515902243053,False,0
ira_0767.wav,WhatsApp Audio 2026-09-07 at 12.54.15 AM.wav,S16,Audio,True,True,0,0.5,104,0.90625,0.05,3,1.1935,0.17026626681625134,0.999969482421875,0.04189359028068705,0.277,0.000625,0.915875,0.19436511228413952,5.872974730226664,390.5354871184771,0.0009357975598151916,0.08656716417910448,True,8
ira_0768.wav,WhatsApp Audio 2026-09-07 at 12.54.16 AM (1).wav,S16,Audio,True,True,90,0.8515625,90,0.8515625,0.0,1,0.9335,0.018679069415973623,0.109466552734375,0.0,0.029875,0.0,0.903625,0.018985333166797604,5.860385777075351,379.36570707932003,0.003967077082769009,0.08021426180113826,False,0
ira_0769.wav,WhatsApp Audio 2026-09-07 at 12.54.16 AM (2).wav,S16,Audio,True,True,108,0.921875,114,0.9453125,0.04,3,1.1935,0.063024663670984,0.489654541015625,0.0,0.440875,0.0036875,0.7489375,0.07955978868458458,7.769252741622446,604.1782177472727,0.0006904062975661798,0.0926420528934276,False,0
ira_0770.wav,WhatsApp Audio 2026-09-07 at 12.54.16 AM (3).wav,S16,Audio,True,True,53,0.70703125,114,0.9453125,0.01,3,1.1735,0.06409760213959345,0.540252685546875,0.0,0.3890625,0.0893125,0.695125,0.08328072841991656,8.428594323548928,551.224859061521,0.00032496831711667783,0.0877762982689747,False,0
ira_0771.wav,WhatsApp Audio 2026-09-07 at 12.54.16 AM.wav,S16,Audio,True,True,38,0.6484375,81,0.81640625,0.51,7,1.5335,0.1011030269882285,0.905242919921875,0.0,0.43625,0.0215,1.07575,0.1207103985301962,8.953667826654419,503.81254135918,0.0023801726896227242,0.09190951701650703,False,0
ira_0772.wav,WhatsApp Audio 2026-09-07 at 12.54.17 AM (1).wav,S16,Audio,True,True,116,0.953125,120,0.96875,0.46,7,1.5935,0.05198555300224798,0.476348876953125,0.0,0.2310625,0.0001875,1.36225,0.05622487735279914,9.16310108180491,611.9382543208977,0.0015813039385895716,0.0898215336340459,False,0
ira_0773.wav,WhatsApp Audio 2026-09-07 at 12.54.17 AM (2).wav,S16,Audio,True,True,0,0.5,90,0.8515625,0.21,4,1.2735,0.1077650285778061,0.93695068359375,0.0,0.416875,0.00125,0.855375,0.13149067908571774,8.69438533036971,631.9419667185225,0.0009171677352506618,0.09276073619631901,False,0
ira_0774.wav,WhatsApp Audio 2026-09-07 at 12.54.17 AM.wav,S16,Audio,True,True,109,0.92578125,114,0.9453125,0.02,2,1.0535,0.10401834452695918,0.83935546875,0.0,0.3349375,0.0145625,0.704,0.1272439824202956,8.069302319385194,545.1878610197456,0.0005966122188987207,0.0921981607831504,False,0
ira_0775.wav,WhatsApp Audio 2026-09-07 at 12.54.18 AM (1).wav,S16,Audio,True,True,48,0.6875,87,0.83984375,0.03,4,1.2335,0.0826975200976302,0.69500732421875,0.0,0.49,0.0011875,0.7423125,0.10660050120910883,8.404209985961431,629.0124981220938,0.0006875759518024747,0.09495819609830251,False,0
ira_0776.wav,WhatsApp Audio 2026-09-07 at 12.54.18 AM (2).wav,S16,Audio,True,True,112,0.9375,117,0.95703125,0.22,4,1.2735,0.16848665889679862,1.0,0.06380054966627405,0.3115625,0.017,0.9449375,0.19559478112899684,5.9351880234773935,671.8190785846838,0.0027369923274305564,0.10002453987730062,True,13
ira_0777.wav,WhatsApp Audio 2026-09-07 at 12.54.18 AM.wav,S16,Audio,True,True,122,0.9765625,123,0.98046875,0.02,3,1.1335,0.16371946689974523,1.0,0.04962505513895015,0.25025,0.0220625,0.8611875,0.18782696901477453,6.108009138658856,667.1820780571026,0.0019101123369994475,0.09798731734215606,True,9
ira_0778.wav,WhatsApp Audio 2026-09-07 at 12.54.19 AM (1).wav,S16,Audio,True,True,112,0.9375,120,0.96875,0.03,4,1.2335,0.17243621616043583,0.999969482421875,0.020267531414673693,0.2198125,0.0201875,0.9935,0.19213757836835604,5.79906880751487,770.8567882802972,0.003335448859380514,0.10397770458576133,True,4
ira_0779.wav,WhatsApp Audio 2026-09-07 at 12.54.19 AM (2).wav,S16,Audio,False,False,-100,0.109375,-100,0.109375,0.0,1,0.9735,0.04332834496599217,0.23553466796875,0.0,0.0300625,0.0,0.9434375,0.04401325554222679,5.436041190902121,551.2298391144267,0.00141603773895312,0.08776886035313002,False,0
ira_0780.wav,WhatsApp Audio 2026-09-07 at 12.54.19 AM.wav,S16,Audio,True,True,113,0.94140625,123,0.98046875,0.08,5,1.3935,0.11696927013569697,0.999969482421875,0.004485109436670255,0.262,0.117875,1.013625,0.13714571234376527,8.548993092474651,684.2280527947548,0.00136563310626642,0.08759811616954474,True,1
ira_0781.wav,WhatsApp Audio 2026-09-07 at 12.54.20 AM (1).wav,S16,Audio,True,True,109,0.92578125,121,0.97265625,0.07,8,1.6335,0.1669448066861953,0.999969482421875,0.015304560759106214,0.204375,0.00475,1.424375,0.17878011112064623,5.989820841216756,699.3977310889532,0.003941345691872177,0.11214845991964797,True,4
ira_0782.wav,WhatsApp Audio 2026-09-07 at 12.54.20 AM (2).wav,S16,Audio,True,True,119,0.96484375,124,0.984375,0.02,14,2.2135,0.13195409468885658,0.999969482421875,0.0169414953693246,0.1830625,0.2704375,1.76,0.14797882764845233,7.578161820440436,660.140945035912,0.006356701059817216,0.10636735846392771,True,6
ira_0783.wav,WhatsApp Audio 2026-09-07 at 12.54.20 AM (3).wav,S16,Audio,True,True,22,0.5859375,74,0.7890625,0.09,5,1.3135,0.1878243886204162,0.999969482421875,0.01427483821850019,0.2565625,0.0003125,1.056625,0.20941342440422875,5.323959735829429,515.1099374561882,0.0025885658629548627,0.09226742802759934,True,3
ira_0784.wav,WhatsApp Audio 2026-09-07 at 12.54.20 AM.wav,S16,Audio,True,True,121,0.97265625,124,0.984375,0.04,17,2.5735,0.12124370373723357,0.999969482421875,0.014571595103944046,0.0344375,0.1515,2.3875625,0.12587566423118302,8.24759926988924,928.0061385417108,0.05484167593395966,0.12199149969641773,True,6
ira_0785.wav,WhatsApp Audio 2026-09-07 at 12.54.21 AM (1).wav,S16,Audio,True,True,90,0.8515625,90,0.8515625,0.0,1,0.9135,0.16897834384528193,0.971893310546875,0.0,0.2204375,0.0039375,0.689125,0.19455119336998153,5.751585016342385,525.0021249818476,0.0009091449826522476,0.0820390010263428,False,0
ira_0786.wav,WhatsApp Audio 2026-09-07 at 12.54.21 AM (2).wav,S16,Audio,True,True,113,0.94140625,113,0.94140625,0.0,1,0.9535,0.23177029573346508,0.999969482421875,0.006554798112218143,0.22,0.0,0.7335,0.26425002437722833,4.314485077810989,409.39396957284254,0.0010504590396943536,0.08475909537856441,True,1
ira_0787.wav,WhatsApp Audio 2026-09-07 at 12.54.21 AM.wav,S16,Audio,True,True,77,0.80078125,77,0.80078125,0.0,1,0.9935,0.1379266215899475,0.909393310546875,0.0,0.0325625,0.003625,0.9573125,0.14050902171295046,6.593312444427728,586.0117957083214,0.0007143918943575025,0.09411764705882353,False,0
ira_0788.wav,WhatsApp Audio 2026-09-07 at 12.54.22 AM (1).wav,S16,Audio,True,True,98,0.8828125,122,0.9765625,0.01,12,2.0335,0.10914546642636457,0.761016845703125,0.0,0.172625,0.05,1.810875,0.11565943079752213,6.97250074254388,393.79300600264565,0.0027327423999498886,0.09159366835715384,False,0
ira_0789.wav,WhatsApp Audio 2026-09-07 at 12.54.22 AM (2).wav,S16,Audio,True,True,109,0.92578125,122,0.9765625,0.05,4,1.2935,0.18430817004881186,1.0,0.009663703131039814,0.250625,0.00075,1.042125,0.20533642065069474,5.425695451998474,710.6534963704488,0.002560046230273821,0.09644841749214786,True,2
ira_0790.wav,WhatsApp Audio 2026-09-07 at 12.54.22 AM.wav,S16,Audio,True,True,-17,0.43359375,98,0.8828125,0.05,3,1.1335,0.04658974225558905,0.4144287109375,0.0,0.0304375,0.0004375,1.102625,0.047237508735513564,8.895278034893696,714.5834947558394,0.0009984534900572366,0.09633305762338021,False,0
ira_0791.wav,WhatsApp Audio 2026-09-07 at 12.54.23 AM (1).wav,S16,Audio,True,True,109,0.92578125,120,0.96875,0.07,5,1.3935,0.16240939196396023,0.999969482421875,0.00897021887334051,0.1993125,0.0021875,1.192,0.17560017918409906,6.157091473156769,681.420149576093,0.002978082685324376,0.10011213276519398,True,2
ira_0792.wav,WhatsApp Audio 2026-09-07 at 12.54.23 AM (2).wav,S16,Audio,True,True,90,0.8515625,123,0.98046875,0.03,3,1.1335,0.18041451435312023,0.999969482421875,0.005513895015438906,0.199125,0.0103125,0.9240625,0.19981535595533415,5.542622144383921,594.4509980669337,0.0015373735860678213,0.08971601874827681,True,1
ira_0793.wav,WhatsApp Audio 2026-09-07 at 12.54.23 AM.wav,S16,Audio,True,True,111,0.93359375,120,0.96875,0.01,5,1.3535,0.17414318339419665,0.992095947265625,0.0,0.19575,0.0010625,1.1566875,0.18837657690525916,5.697012813989288,555.6015442324201,0.0010404282563493783,0.09522050334795659,False,0
ira_0794.wav,WhatsApp Audio 2026-09-07 at 12.54.24 AM (1).wav,S16,Audio,True,True,106,0.9140625,122,0.9765625,0.05,2,1.0935,0.19582839248387546,1.0,0.005715592135345221,0.205375,0.0003125,0.8878125,0.217331745298595,5.1065118153504745,494.5778208143985,0.0011168564456679273,0.09111174621320377,True,1
ira_0795.wav,WhatsApp Audio 2026-09-07 at 12.54.24 AM (2).wav,S16,Audio,True,True,84,0.828125,122,0.9765625,0.04,3,1.1935,0.13265524696377579,0.999969482421875,0.005236698785085881,0.1828125,0.0016875,1.009,0.14427420151390644,7.538107276638194,720.2333338102289,0.0008007014134400975,0.08567687876407437,True,1
ira_0796.wav,WhatsApp Audio 2026-09-07 at 12.54.24 AM.wav,S16,Audio,True,True,120,0.96875,125,0.98828125,0.04,4,1.2135,0.1894726829494862,0.99981689453125,0.005150391429748661,0.2116875,0.0038125,0.998,0.2089286975770549,5.27683927290882,540.1554354378285,0.0009905418770598555,0.08529487509657481,True,1
ira_0797.wav,WhatsApp Audio 2026-09-07 at 12.54.25 AM (1).wav,S16,Audio,True,True,100,0.890625,100,0.890625,0.0,1,0.9335,0.1714341240089844,1.0,0.01339046598821639,0.2031875,0.0,0.7303125,0.193819464140002,5.83314439748059,603.2694049283954,0.0007327192341229094,0.0921325744894543,True,2
ira_0798.wav,WhatsApp Audio 2026-09-07 at 12.54.25 AM (2).wav,S16,Audio,True,True,93,0.86328125,93,0.86328125,0.0,1,0.9935,0.18600582494667822,1.0,0.04403623553095118,0.202125,0.000375,0.791,0.20845894687054564,5.3761757207693215,521.9295724334384,0.0015443228982446962,0.08719723183391004,True,7
ira_0799.wav,WhatsApp Audio 2026-09-07 at 12.54.25 AM.wav,S16,Audio,True,True,122,0.9765625,123,0.98046875,0.03,2,1.0535,0.03496178491425056,0.205596923828125,0.0,0.1513125,0.0,0.9021875,0.03778002996470737,5.880618633527572,544.8943247564293,0.002476684982831081,0.0778404034411154,False,0
ira_0800.wav,WhatsApp Audio 2026-09-07 at 12.54.26 AM (1).wav,S16,Audio,True,True,114,0.9453125,114,0.9453125,0.0,1,0.9735,0.19957601226536917,1.0,0.025680534155110426,0.212625,0.01275,0.748125,0.2276597490391882,5.010622211803367,480.99606455775915,0.0029432416467026316,0.08731942215088283,True,4
ira_0801.wav,WhatsApp Audio 2026-09-07 at 12.54.26 AM (2).wav,S16,Audio,True,True,120,0.96875,126,0.9921875,0.06,3,1.1135,0.19183957933020268,0.988800048828125,0.0,0.225,0.0505625,0.8379375,0.2211427948834109,5.1543068030093995,589.9722418425882,0.004431516256873026,0.09211338759472355,False,0
ira_0802.wav,WhatsApp Audio 2026-09-07 at 12.54.26 AM.wav,S16,Audio,True,True,117,0.95703125,117,0.95703125,0.0135,2,1.0135,0.2018117733542486,0.999969482421875,0.012333497779970401,0.2389375,0.0098125,0.76475,0.2323252866590521,4.954961079830496,650.1709672662421,0.0038185669045395225,0.08590810977489978,True,2
ira_0803.wav,WhatsApp Audio 2026-09-07 at 12.54.27 AM (1).wav,S16,Audio,True,True,100,0.890625,118,0.9609375,0.01,4,1.2335,0.20787068227020597,0.97540283203125,0.0,0.2364375,0.0053125,0.99175,0.23182489636218534,4.692354022119137,280.3549225580463,0.00027499239852203026,0.0719533823156828,False,0
ira_0804.wav,WhatsApp Audio 2026-09-07 at 12.54.27 AM (2).wav,S16,Audio,True,True,116,0.953125,116,0.953125,0.0,1,0.9735,0.2580393261760115,0.999969482421875,0.025680534155110426,0.2305625,0.0026875,0.74025,0.2959115879845598,3.875260012653206,347.440005062318,0.0007159581548850263,0.08385232744783307,True,4
ira_0805.wav,WhatsApp Audio 2026-09-07 at 12.54.27 AM (3).wav,S16,Audio,True,True,118,0.9609375,120,0.96875,0.01,2,1.0135,0.1887378674141162,0.9891357421875,0.0,0.2189375,0.012125,0.7824375,0.21480402586567743,5.2407911339657325,481.3408346672653,0.0004826806283979146,0.07240209682392847,False,0
ira_0806.wav,WhatsApp Audio 2026-09-07 at 12.54.27 AM.wav,S16,Audio,True,True,126,0.9921875,126,0.9921875,0.01,2,1.0335,0.2098482624008967,0.970794677734375,0.0,0.228125,0.0235,0.781875,0.24126115480898105,4.626174487352947,323.45533549254,0.00043094394657315144,0.07759298457816752,False,0
ira_0807.wav,WhatsApp Audio 2026-09-07 at 12.54.28 AM (1).wav,S16,Audio,True,True,66,0.7578125,111,0.93359375,0.05,6,1.4335,0.20311007732733932,1.0,0.1002790373212417,0.190125,0.003,1.240375,0.21834972131770397,4.923438625786966,418.8574769638799,0.0031244881379474242,0.08319162851536953,True,23
ira_0808.wav,WhatsApp Audio 2026-09-07 at 12.54.28 AM (2).wav,S16,Audio,True,True,117,0.95703125,124,0.984375,0.06,3,1.1935,0.20112679567394925,1.0,0.02618349392542941,0.203875,0.00275,0.986875,0.22118091572761106,4.971987927561479,401.1218250882799,0.00220286716594345,0.08321550144016758,True,5
ira_0809.wav,WhatsApp Audio 2026-09-07 at 12.54.28 AM.wav,S16,Audio,True,True,113,0.94140625,122,0.9765625,0.06,4,1.2335,0.20384161181274837,0.9998779296875,0.005066882853668423,0.2000625,0.00425,1.0291875,0.22315821438074382,4.905170837277333,380.3018230894985,0.0016051421183403683,0.08320243222700785,True,1
ira_0810.wav,WhatsApp Audio 2026-09-07 at 12.54.29 AM (1).wav,S16,Audio,True,True,109,0.92578125,112,0.9375,0.01,4,1.2335,0.24896340526143823,1.0,0.04560194568301581,0.2296875,0.0114375,0.992375,0.2775649645250412,4.016654571983754,351.88153576306854,0.0009127390718171582,0.08011147707119332,True,9
ira_0811.wav,WhatsApp Audio 2026-09-07 at 12.54.29 AM (2).wav,S16,Audio,True,True,120,0.96875,125,0.98828125,0.03,2,1.0735,0.23533095172934462,1.0,0.029110386585933862,0.229,0.0050625,0.8394375,0.26612382140085744,4.249334788524143,305.39624788994035,0.0016252049721099107,0.0750509461426492,True,5
ira_0812.wav,WhatsApp Audio 2026-09-07 at 12.54.29 AM.wav,S16,Audio,True,True,104,0.90625,109,0.92578125,0.05,4,1.2735,0.2017171521192692,1.0,0.004907734589713389,0.1766875,0.0044375,1.092375,0.21779871938420894,4.957436635872841,398.8534946240606,0.0009531024102615983,0.08402453987730062,True,1
ira_0813.wav,WhatsApp Audio 2026-09-07 at 12.54.30 AM (1).wav,S16,Audio,True,True,122,0.9765625,126,0.9921875,0.03,2,1.0535,0.20607572367922428,1.0,0.005932605600379687,0.194,0.0,0.8595,0.2281498410808697,4.852585166977705,390.038605986236,0.0008590265138433307,0.07956096113912786,True,1
ira_0814.wav,WhatsApp Audio 2026-09-07 at 12.54.30 AM (2).wav,S16,Audio,True,True,109,0.92578125,123,0.98046875,0.04,10,1.8735,0.13255873412270158,0.999969482421875,0.0033360021350413663,0.163875,0.0158125,1.6938125,0.13941233820339274,7.543595592096285,523.588083127158,0.006956744271949409,0.0873394495412844,True,1
ira_0815.wav,WhatsApp Audio 2026-09-07 at 12.54.30 AM.wav,S16,Audio,True,True,115,0.94921875,123,0.98046875,0.07,14,2.2535,0.1271676816886255,1.0,0.008320390503660973,0.1756875,0.088625,1.9891875,0.13535208716216604,7.8636331709540395,547.4307666452822,0.007577669934695656,0.0910275967272223,True,3
ira_0816.wav,WhatsApp Audio 2026-09-07 at 12.54.31 AM (1).wav,S16,Audio,True,True,33,0.62890625,90,0.8515625,0.03,4,1.2735,0.19647658800284434,0.999969482421875,0.009815469179426778,0.202125,0.0004375,1.0709375,0.21425254947432318,5.089509608174785,451.49167053598217,0.0019045046919115246,0.09423312883435583,True,2
ira_0817.wav,WhatsApp Audio 2026-09-07 at 12.54.31 AM.wav,S16,Audio,True,True,123,0.98046875,123,0.98046875,0.2,6,1.4335,0.17538960815048868,0.999969482421875,0.004359958144401814,0.1988125,0.001625,1.2330625,0.18910734514660743,5.701418076969966,584.1835509660968,0.0032369027729254834,0.09095269239154131,True,1
ira_0818.wav,WhatsApp Ptt 2026-09-07 at 12.05.44 AM.wav,S12,Ptt,True,True,124,0.984375,124,0.984375,0.0,1,0.7135,0.2085535679798166,0.999969482421875,0.0700770847932726,0.1663125,0.002,0.5451875,0.23858282741425002,4.7947848224713665,576.5011357004036,0.0035839416347811814,0.06298729741568113,True,8
ira_0819.wav,WhatsApp Ptt 2026-09-07 at 12.06.00 AM.wav,S12,Ptt,True,True,123,0.98046875,123,0.98046875,0.0,1,0.8135,0.20673717941087863,0.999969482421875,0.06146281499692685,0.1721875,0.00025,0.6410625,0.23288748534999995,4.8369117024397985,383.66918261581185,0.001248001554953922,0.05562812139838648,True,8
ira_0820.wav,WhatsApp Ptt 2026-09-07 at 12.06.04 AM.wav,S12,Ptt,True,True,124,0.984375,124,0.984375,0.0,1,0.9735,0.18192068908854317,0.999969482421875,0.08346173600410887,0.1756875,0.0,0.7978125,0.20095497631108744,5.496733150209082,462.0470644046168,0.002339798566345718,0.06863563402889246,True,13
ira_0821.wav,WhatsApp Ptt 2026-09-07 at 12.06.07 AM.wav,S12,Ptt,True,True,126,0.9921875,126,0.9921875,0.0,1,0.8735,0.16621553146566856,0.999969482421875,0.021465369204350316,0.1764375,0.0023125,0.69475,0.18637488179536815,6.016101345068445,392.03696691911244,0.0014886399999344002,0.052164579606440074,True,3
ira_0822.wav,WhatsApp Ptt 2026-09-07 at 12.06.10 AM.wav,S12,Ptt,True,True,123,0.98046875,123,0.98046875,0.0,1,0.9535,0.19081880752923638,0.999969482421875,0.01966439433665443,0.18275,0.000625,0.770125,0.21232412583410964,5.24041364354855,451.3681118428047,0.0012843220100249618,0.07754834480498198,True,3
ira_0823.wav,WhatsApp Ptt 2026-09-07 at 12.06.13 AM.wav,S12,Ptt,True,True,126,0.9921875,126,0.9921875,0.0,1,0.8335,0.12407545115769343,0.938873291015625,0.0,0.166375,0.0,0.667125,0.13868665414715442,7.56695448016035,374.450516216064,0.0007543356360539537,0.06284214473190851,False,0
ira_0824.wav,WhatsApp Ptt 2026-09-07 at 12.06.17 AM.wav,S12,Ptt,True,True,118,0.9609375,118,0.9609375,0.0,1,0.7935,0.06969874457047438,0.36492919921875,0.0,0.1566875,0.0,0.6368125,0.07780228664308948,5.235807351590956,430.4447533979892,0.0009417993104825441,0.0507286333202048,False,0
ira_0825.wav,WhatsApp Ptt 2026-09-07 at 12.06.20 AM.wav,S12,Ptt,True,True,126,0.9921875,126,0.9921875,0.0,1,0.9335,0.14262344245511863,0.969879150390625,0.0,0.180375,0.0,0.753125,0.15878656925676662,6.800278647711304,338.21622916396603,0.0006692874273369859,0.07197857381988618,False,0
ira_0826.wav,WhatsApp Ptt 2026-09-07 at 12.06.25 AM.wav,S12,Ptt,True,True,102,0.8984375,102,0.8984375,0.0,1,0.9335,0.07649675191139811,0.40582275390625,0.0,0.158375,0.0,0.775125,0.08394861147624104,5.30509784750458,359.07236690454516,0.0006821237257313324,0.04519584867760294,False,0
ira_0827.wav,WhatsApp Ptt 2026-09-07 at 12.06.28 AM.wav,S12,Ptt,True,True,123,0.98046875,123,0.98046875,0.0,1,0.8535,0.10473590157898999,0.51214599609375,0.0,0.165,0.0,0.6885,0.11661247311739475,4.88988005423812,311.2524148995901,0.0005034648037935573,0.043134383009886486,False,0
ira_0828.wav,WhatsApp Ptt 2026-09-07 at 12.06.34 AM.wav,S12,Ptt,True,True,123,0.98046875,123,0.98046875,0.0,1,0.9735,0.15129894792885704,0.905792236328125,0.0,0.1520625,0.0,0.8214375,0.16470866099511638,5.9867715455235135,262.7658875328587,0.0005175163690199316,0.04686998394863563,False,0
ira_0829.wav,WhatsApp Ptt 2026-09-07 at 12.06.38 AM.wav,S12,Ptt,True,True,126,0.9921875,126,0.9921875,0.0,1,0.9935,0.09530442176179685,0.701141357421875,0.0,0.1719375,0.00025,0.8213125,0.10481944174314425,7.356860725458284,250.4439416462879,0.0005935618852246661,0.0709027996225228,False,0
ira_0830.wav,WhatsApp Ptt 2026-09-07 at 12.06.41 AM.wav,S12,Ptt,True,True,117,0.95703125,117,0.95703125,0.0,1,0.9735,0.0715564167431268,0.4195556640625,0.0,0.1603125,0.0,0.8131875,0.07829266738458097,5.863284987684904,184.11005209926668,0.0005479554445411779,0.05900481540930979,False,0
ira_0831.wav,WhatsApp Ptt 2026-09-07 at 12.06.44 AM.wav,S12,Ptt,True,True,112,0.9375,112,0.9375,0.0,1,0.9935,0.09180831056712258,0.543212890625,0.0,0.1610625,0.0,0.8324375,0.1002973938113298,5.916816105965135,152.3206774182344,0.0002547678057272594,0.0413966656181189,False,0
ira_0832.wav,WhatsApp Ptt 2026-09-07 at 12.06.50 AM.wav,S12,Ptt,True,True,112,0.9375,112,0.9375,0.0,2,1.0335,0.08246842054480652,0.56341552734375,0.0,0.1604375,0.0,0.8730625,0.08972638432679604,6.831894240506723,274.91699013919884,0.0004948811145649851,0.04511641971575446,False,0
ira_0833.wav,WhatsApp Ptt 2026-09-07 at 12.06.53 AM.wav,S12,Ptt,False,True,-98,0.1171875,-22,0.4140625,0.03,2,1.0535,0.09972041589583869,0.825775146484375,0.0,0.16,0.0,0.8935,0.10828129361708706,8.280903554864079,150.1803696894065,0.00018200050114805427,0.0373183031741323,False,0
ira_0834.wav,WhatsApp Ptt 2026-09-07 at 12.06.56 AM.wav,S12,Ptt,True,True,119,0.96484375,119,0.96484375,0.0,2,1.0335,0.04405430740656557,0.3267822265625,0.0,0.162125,0.0,0.871375,0.04797772317587847,7.417713404201617,329.37575230135536,0.0009601226877508941,0.05388569700635017,False,0
ira_0835.wav,WhatsApp Ptt 2026-09-07 at 12.06.59 AM.wav,S12,Ptt,True,True,113,0.94140625,118,0.9609375,0.01,2,1.0735,0.0772378665256771,0.496978759765625,0.0,0.161125,0.0,0.912375,0.08378078008654763,6.434392638232809,241.93485612126398,0.0006764367147172515,0.04087336244541485,False,0
ira_0836.wav,WhatsApp Ptt 2026-09-07 at 12.07.02 AM.wav,S12,Ptt,True,True,123,0.98046875,123,0.98046875,0.0,2,1.0735,0.08423882328806068,0.51904296875,0.0,0.1525625,0.000375,0.9205625,0.09096753511136538,6.161564804568737,236.9839670235294,0.00040740517915661956,0.04296943231441048,False,0
