filename,duration_s,n_windows_100ms,fired_100ms,max_q_out_100ms,max_score_100ms,t_max_score_100ms,t_first_fire_100ms,n_firing_windows_100ms,n_windows_10ms,fired_10ms,max_q_out_10ms,max_score_10ms,t_max_score_10ms,t_first_fire_10ms,n_firing_windows_10ms,audio_sha1
ira_0001.wav,0.9735,1,True,100,0.890625,0.0,0.0,1,1,True,100,0.890625,0.0,0.0,1,07ee032010494f5cfadd43fc67e2e7f584126d63
ira_0002.wav,0.9535,1,True,124,0.984375,0.0,0.0,1,1,True,124,0.984375,0.0,0.0,1,2a71b6abdccd29747714ea8a7bd16e2f8ba6e580
ira_0003.wav,1.3335,5,True,115,0.94921875,0.3335,0.0,5,35,True,115,0.94921875,0.3335,0.0,32,c44075c4ce1c4ce2cb1ab9d0c907affe44dc0645
ira_0004.wav,1.2535,4,True,123,0.98046875,0.0,0.0,4,27,True,125,0.98828125,0.02,0.0,27,5bb242c2372965ee6c76e56f85a11de48ff12c7f
ira_0005.wav,1.3935,5,True,124,0.984375,0.0,0.0,5,41,True,126,0.9921875,0.06,0.0,41,5877f78ba38d26d14c3034a607659053b1876714
ira_0006.wav,1.0135,2,True,125,0.98828125,0.0135,0.0,2,3,True,126,0.9921875,0.01,0.0,3,34b1002884382f3fa09af59b8f473d3b0164fe53
ira_0007.wav,0.8935,1,True,112,0.9375,0.0,0.0,1,1,True,112,0.9375,0.0,0.0,1,df338bcbc668f2fa81994fc3a6e2af86f8005b6e
ira_0008.wav,1.3935,5,True,116,0.953125,0.1,0.0,4,41,True,123,0.98046875,0.08,0.0,40,7ecefb19284b8fa29934e3b67b5776c6ce4364f7
ira_0009.wav,1.5535,7,True,123,0.98046875,0.5,0.0,7,57,True,123,0.98046875,0.5,0.0,57,9dcda06b845e0c635824f8163955715184951ffb
ira_0010.wav,1.4335,6,True,123,0.98046875,0.1,0.0,6,45,True,126,0.9921875,0.06,0.0,45,69a39c4acdbaf56b7c2cf148ac309d74a2603fc7
ira_0011.wav,0.9535,1,True,126,0.9921875,0.0,0.0,1,1,True,126,0.9921875,0.0,0.0,1,aadbf6b11cefa929e9ef41930b5a481492175b28
ira_0012.wav,1.2335,4,True,121,0.97265625,0.0,0.0,3,25,True,121,0.97265625,0.0,0.0,18,b188cbdcf4fd74c2f6738c539fa8258d1833eb29
ira_0013.wav,1.3335,5,True,102,0.8984375,0.1,0.0,5,35,True,109,0.92578125,0.02,0.0,32,dd1b65fa4edebb7389beb4f59089f8df9ffa4246
ira_0014.wav,1.2735,4,True,119,0.96484375,0.1,0.0,4,29,True,124,0.984375,0.06,0.0,29,6eac0fb5c8172800f0e8ec15f1855f2279f091e7
ira_0015.wav,0.9935,1,True,115,0.94921875,0.0,0.0,1,1,True,115,0.94921875,0.0,0.0,1,34e382144aa3b05590471b1a4bcf30961ef923e8
ira_0016.wav,1.6535,8,False,-74,0.2109375,0.0,,0,67,False,-48,0.3125,0.02,,0,6853eb71b924937f630e1185279e4fd0e60126d6
ira_0017.wav,1.4735,6,True,-6,0.4765625,0.1,0.1,1,49,True,43,0.66796875,0.04,0.02,6,3fe4172882c88e7a6e07997fa70dd179c255e89a
ira_0018.wav,1.2535,4,False,-98,0.1171875,0.0,,0,27,False,-66,0.2421875,0.01,,0,c78a2cee0b460302e55a1064e2e89b89046ad103
ira_0019.wav,1.4535,6,True,11,0.54296875,0.0,0.0,1,47,True,90,0.8515625,0.25,0.0,19,b96b15e721e89ac29850d106f0f38241e82d3e49
ira_0020.wav,1.4535,6,True,100,0.890625,0.0,0.0,2,47,True,104,0.90625,0.01,0.0,28,bebfe2dfe6cde8cf4e6da03cfbc804139021ae8f
ira_0021.wav,1.6535,8,True,127,0.99609375,0.5,0.0,6,67,True,127,0.99609375,0.48,0.0,46,5a56427e661ba5dde592b39a1130cf69b7ebed70
ira_0022.wav,1.3335,5,True,66,0.7578125,0.3,0.0,3,35,True,102,0.8984375,0.23,0.0,28,ac2076af9e77a571d584f65fb5a66c2335773ca1
ira_0023.wav,1.3935,5,True,111,0.93359375,0.0,0.0,3,41,True,115,0.94921875,0.01,0.0,19,38962941683fd8e5cd1621cdaa4f8147ebafb0de
ira_0024.wav,1.2335,4,True,102,0.8984375,0.0,0.0,3,25,True,104,0.90625,0.02,0.0,16,137a1e30f14e63229a033e9a481db1b0c0eab10d
ira_0025.wav,0.8535,1,True,119,0.96484375,0.0,0.0,1,1,True,119,0.96484375,0.0,0.0,1,b43fde75c316a7ecfcc826faf34addb616d29ac9
ira_0026.wav,1.1335,3,True,87,0.83984375,0.1,0.0,3,15,True,113,0.94140625,0.09,0.0,14,901b93af9b5c7e600b13bee38427bf8e758da3ee
ira_0027.wav,1.2335,4,True,126,0.9921875,0.0,0.0,4,25,True,127,0.99609375,0.01,0.0,25,c64c9cd3636edadca96cae98fb71535272db7d8e
ira_0028.wav,1.4535,6,True,120,0.96875,0.4535,0.0,5,47,True,124,0.984375,0.27,0.0,39,3188e34a7f0e718faa2aef13740edc1777c6fd77
ira_0029.wav,1.7335,9,True,127,0.99609375,0.0,0.0,5,75,True,127,0.99609375,0.0,0.0,48,b96fe79c8482219912aadda4c97131c7d3c66f20
ira_0030.wav,1.1135,3,True,116,0.953125,0.0,0.0,3,13,True,118,0.9609375,0.04,0.0,13,a4ea1db1b8e3f093b5019cfae2bda1f282abf8b2
ira_0031.wav,0.9935,1,True,124,0.984375,0.0,0.0,1,1,True,124,0.984375,0.0,0.0,1,7f818433765e32ea6826f37bcdd4fe01d30711f2
ira_0032.wav,1.4335,6,True,126,0.9921875,0.0,0.0,6,45,True,126,0.9921875,0.0,0.0,45,93259219642f3af0fb63a4151c2f41eb33b36f22
ira_0033.wav,1.6335,8,True,111,0.93359375,0.0,0.0,3,65,True,120,0.96875,0.01,0.0,29,987254bec6860ffebe41e6c847747db2595e80f8
ira_0034.wav,1.0935,2,True,127,0.99609375,0.0,0.0,2,11,True,127,0.99609375,0.0,0.0,11,d601a7add93387d80cf3d8599ef0f8fc6bdd2336
ira_0035.wav,1.2535,4,True,124,0.984375,0.1,0.0,4,27,True,127,0.99609375,0.17,0.0,27,a867157babce67b58b5d540a1296305562734ee7
ira_0036.wav,1.1135,3,True,113,0.94140625,0.0,0.0,3,13,True,116,0.953125,0.04,0.0,13,92521a9385a0d8825b0c44ccf4b24a216461b7db
ira_0037.wav,1.3535,5,True,124,0.984375,0.0,0.0,3,37,True,126,0.9921875,0.01,0.0,26,81acd34c3376a34e6a396aeb00d08926b02b2c33
ira_0038.wav,1.2935,4,True,125,0.98828125,0.0,0.0,3,31,True,126,0.9921875,0.04,0.0,23,5cf9e161ebd650558f0a910442321373c58dc4bc
ira_0039.wav,1.0135,2,True,127,0.99609375,0.0,0.0,2,3,True,127,0.99609375,0.0,0.0,3,6c2353f0c76a4f39762f2027830070b2f5a9323d
ira_0040.wav,1.3735,5,True,109,0.92578125,0.0,0.0,2,39,True,109,0.92578125,0.0,0.0,16,0ef041471805ae12a801d8f33d7e06320202079a
ira_0041.wav,0.6735,1,True,119,0.96484375,0.0,0.0,1,1,True,119,0.96484375,0.0,0.0,1,a4cbe8fc334f319eca114f4c5864ea42e46823ee
ira_0042.wav,1.0135,2,True,125,0.98828125,0.0,0.0,2,3,True,125,0.98828125,0.0,0.0,3,c297b79c1eb212edf7b9f278c8b7f143a278b3d5
ira_0043.wav,1.3535,5,True,125,0.98828125,0.0,0.0,3,37,True,126,0.9921875,0.12,0.0,23,5fa6331952f89b6627a6e7c5c5b6f0a10275400d
ira_0044.wav,0.9135,1,True,114,0.9453125,0.0,0.0,1,1,True,114,0.9453125,0.0,0.0,1,0aef03c97b9e751c41b3f26121df9f354d75ca33
ira_0045.wav,0.9935,1,True,126,0.9921875,0.0,0.0,1,1,True,126,0.9921875,0.0,0.0,1,b6269a3617da9e9165b0c1b22bce6b46acf255a5
ira_0046.wav,2.0735,12,True,125,0.98828125,0.0,0.0,4,109,True,126,0.9921875,0.02,0.0,31,d2f18c59a73c480e938d3eca7f4da211b6f7262a
ira_0047.wav,1.0135,2,True,108,0.921875,0.0,0.0,2,3,True,108,0.921875,0.0,0.0,3,60d7e0a00d369e696ba3dd9aa8158b0812d1c432
ira_0048.wav,1.4535,6,True,127,0.99609375,0.0,0.0,4,47,True,127,0.99609375,0.0,0.0,35,f658477fa879c53568877a025236b832db5147e2
ira_0049.wav,1.5935,7,True,123,0.98046875,0.0,0.0,5,61,True,123,0.98046875,0.0,0.0,42,ad8e8b40b9965bfbc6f42b2dc463ff145bff68f2
ira_0050.wav,0.9735,1,True,127,0.99609375,0.0,0.0,1,1,True,127,0.99609375,0.0,0.0,1,85acfe883b6e23e44f9e27f221bf987065f99a5d
ira_0051.wav,1.1735,3,True,127,0.99609375,0.0,0.0,3,19,True,127,0.99609375,0.0,0.0,19,c5e3eebfb30aae72cd681a322a678abbf0b76f99
ira_0052.wav,1.5735,7,True,106,0.9140625,0.0,0.0,2,59,True,117,0.95703125,0.02,0.0,18,6e997a3521a6e2993e8245e30719be6d12afe52d
ira_0053.wav,1.5535,7,True,120,0.96875,0.0,0.0,7,57,True,126,0.9921875,0.45,0.0,57,c78eab8f88c47ac214196886ea2ecacc2e9eb442
ira_0054.wav,2.0335,12,True,53,0.70703125,0.0,0.0,2,105,True,108,0.921875,0.03,0.0,11,22529bf3935f76c86477063fd4d4f6f35a9ef3c8
ira_0055.wav,1.1935,3,True,121,0.97265625,0.0,0.0,3,21,True,121,0.97265625,0.0,0.0,19,772a35fd4f9124c049542db6bceaf1356243790b
ira_0056.wav,1.1535,3,True,127,0.99609375,0.0,0.0,3,17,True,127,0.99609375,0.0,0.0,17,0179463c9bbb9d20cec51c54409e6b68c9a2fd09
ira_0057.wav,1.1935,3,True,70,0.7734375,0.0,0.0,2,21,True,100,0.890625,0.05,0.0,11,14bf87a7fceea939dbf4cde50d04429285645ecd
ira_0058.wav,1.3135,5,True,57,0.72265625,0.0,0.0,1,33,True,57,0.72265625,0.0,0.0,8,722778bdb769203e54aefc70a4557e9d2fdb619e
ira_0059.wav,1.5335,7,True,111,0.93359375,0.0,0.0,2,55,True,114,0.9453125,0.02,0.0,14,2999ae8b6f0018b47637506613e5240a2e7e0a60
ira_0060.wav,2.0535,12,True,126,0.9921875,0.0,0.0,4,107,True,127,0.99609375,0.02,0.0,38,d1f5e98586c313042f0d4f23595169d2dd441f8e
ira_0061.wav,1.1735,3,True,127,0.99609375,0.1735,0.0,3,19,True,127,0.99609375,0.1735,0.0,19,61d68c1cb6413d4a68be5b8bb937f9f11eb44cf5
ira_0062.wav,1.3935,5,True,77,0.80078125,0.0,0.0,2,41,True,109,0.92578125,0.03,0.0,12,1eff5f6eafe04b0150467d43d5dcf7103086478c
ira_0063.wav,1.9735,11,True,118,0.9609375,0.9735,0.0,3,99,True,123,0.98046875,0.97,0.0,27,aa2917cb7bb39bfbf63b4b014300244fccdf6d42
ira_0064.wav,1.5335,7,True,74,0.7890625,0.5335,0.3,4,55,True,93,0.86328125,0.46,0.01,33,735623bef64c78e1e56cb910190f4494f2a5972c
ira_0065.wav,1.3535,5,True,124,0.984375,0.1,0.0,5,37,True,126,0.9921875,0.07,0.0,37,c8c58e76b55a3bbe8cd808d75a3cfd61c288fa0d
ira_0066.wav,1.3935,5,True,100,0.890625,0.1,0.0,5,41,True,114,0.9453125,0.09,0.0,41,d7ab067115a71749542f3e5a90267c9c4c798f20
ira_0067.wav,1.1935,3,True,123,0.98046875,0.0,0.0,3,21,True,126,0.9921875,0.01,0.0,21,16d83079e8f81f408683b33143b6b7a976d5d51d
ira_0068.wav,1.7935,9,True,119,0.96484375,0.0,0.0,2,81,True,123,0.98046875,0.02,0.0,12,3af4a9ff834dceb04513eb17c7b33d58adaa7755
ira_0069.wav,1.3535,5,True,74,0.7890625,0.0,0.0,1,37,True,102,0.8984375,0.01,0.0,13,c49b76eb23611d61e3bcc98389b4670e0e8e4540
ira_0070.wav,1.5535,7,True,84,0.828125,0.0,0.0,2,57,True,93,0.86328125,0.01,0.0,8,dcd1cca7cdfa54fdd734bb263b74f783f1adf78a
ira_0071.wav,1.3735,5,True,124,0.984375,0.0,0.0,4,39,True,126,0.9921875,0.02,0.0,37,8fa8de9693bdd61a8a886dc59b992ae3110f99d3
ira_0072.wav,1.3335,5,True,123,0.98046875,0.1,0.0,5,35,True,126,0.9921875,0.04,0.0,35,5f480b69cd975375eeaea22157b5f527b1aa17f2
ira_0073.wav,1.1535,3,True,125,0.98828125,0.0,0.0,3,17,True,127,0.99609375,0.03,0.0,17,8ef22bd56723efbf9e5b1b2b5159244e139d802a
ira_0074.wav,1.6335,8,True,125,0.98828125,0.0,0.0,4,65,True,127,0.99609375,0.02,0.0,34,31092b1defdbf6822bb1c98b204650e79b1765b7
ira_0075.wav,0.9735,1,True,120,0.96875,0.0,0.0,1,1,True,120,0.96875,0.0,0.0,1,141b4236e104c2225646b91f50409c856108d81a
ira_0076.wav,1.1335,3,True,120,0.96875,0.1,0.0,3,15,True,124,0.984375,0.04,0.0,15,0de9bb157de691268253c5ccb6d49b6f4245b8f8
ira_0077.wav,1.1735,3,True,109,0.92578125,0.0,0.0,2,19,True,116,0.953125,0.01,0.0,13,b4b622c1193df4295ed894d3be6558d1abc86cc3
ira_0078.wav,1.3735,5,True,-17,0.43359375,0.0,0.0,1,39,True,48,0.6875,0.04,0.0,8,6703edef95928b6485f3aca635f956e1cb97f18f
ira_0079.wav,1.4135,6,True,61,0.73828125,0.0,0.0,2,43,True,108,0.921875,0.07,0.0,28,ec65a4f327f8808e871ded076ceb7769c1feae38
ira_0080.wav,1.2535,4,True,126,0.9921875,0.0,0.0,4,27,True,126,0.9921875,0.0,0.0,27,6982f39a0bd01bbc6b5b92db30c49a52ef53755d
ira_0081.wav,1.0535,2,True,127,0.99609375,0.0535,0.0,2,7,True,127,0.99609375,0.01,0.0,7,df40ed96da5e97da083b47c43b7b80e0c9bae5b1
ira_0082.wav,1.5535,7,True,112,0.9375,0.0,0.0,3,57,True,113,0.94140625,0.02,0.0,17,2731f5377a67e0acd6183f9d890ecb33804463d6
ira_0083.wav,1.4135,6,True,123,0.98046875,0.0,0.0,6,43,True,125,0.98828125,0.07,0.0,43,8fe7090662c29eb146431dc6b64a2ee52e8c3a5d
ira_0084.wav,1.0335,2,True,108,0.921875,0.0,0.0,2,5,True,123,0.98046875,0.02,0.0,5,52a4af8603cb5be6f0dc4d556c29f6524118655a
ira_0085.wav,1.2735,4,True,125,0.98828125,0.0,0.0,4,29,True,127,0.99609375,0.01,0.0,29,af25a6e30f194b4212c8f60ffdc316991c799a01
ira_0086.wav,1.0735,2,True,113,0.94140625,0.0,0.0,2,9,True,113,0.94140625,0.0,0.0,9,c5a7f2aa8011515f8c2c3bd65a55bd4415bb23eb
ira_0087.wav,1.2535,4,True,123,0.98046875,0.0,0.0,4,27,True,126,0.9921875,0.02,0.0,22,583327fcdb818a302d44c2d54621bd9125f7cb0c
ira_0088.wav,1.3135,5,True,121,0.97265625,0.0,0.0,2,33,True,123,0.98046875,0.04,0.0,16,cb357c95d833c47f30110da69d85c4f5194c1cc3
ira_0089.wav,1.1735,3,True,123,0.98046875,0.0,0.0,3,19,True,124,0.984375,0.01,0.0,19,f4f3f8332979161811a8864e0acaca159dd6047a
ira_0090.wav,0.9535,1,True,120,0.96875,0.0,0.0,1,1,True,120,0.96875,0.0,0.0,1,c24958f719be634b861beef63d50ed1313a1df25
ira_0091.wav,1.1935,3,True,124,0.984375,0.0,0.0,3,21,True,127,0.99609375,0.01,0.0,21,90af85040f0c69b79ab985aad1a84e68cb638120
ira_0092.wav,1.1735,3,True,120,0.96875,0.0,0.0,3,19,True,125,0.98828125,0.01,0.0,17,12a727421c5777d8f3d265f5fef889321a23e3a7
ira_0093.wav,1.1135,3,True,127,0.99609375,0.0,0.0,3,13,True,127,0.99609375,0.0,0.0,13,aae28f4ae103406d1982287be1bb10c2d9c78488
ira_0094.wav,1.1935,3,True,115,0.94921875,0.0,0.0,2,21,True,122,0.9765625,0.05,0.0,15,e98895e39deef99eca67f1e4a63dd16a37c70167
ira_0095.wav,1.0535,2,True,120,0.96875,0.0,0.0,2,7,True,122,0.9765625,0.02,0.0,7,adff9dc77ff7c9cd7ce8ccbe649e79bf3c266bd8
ira_0096.wav,1.0335,2,True,126,0.9921875,0.0,0.0,2,5,True,126,0.9921875,0.0,0.0,5,47e9e603ecc276547b96d7d6ed49df1fcc3c2242
ira_0097.wav,1.3335,5,True,120,0.96875,0.0,0.0,5,35,True,123,0.98046875,0.01,0.0,34,21e29bfd4315c920bcea372f62b6b77730392652
ira_0098.wav,1.2535,4,True,123,0.98046875,0.0,0.0,3,27,True,125,0.98828125,0.04,0.0,25,a5f1822f778b3bed71e438d6c01abb1f39e86a3c
ira_0099.wav,1.4335,6,True,116,0.953125,0.0,0.0,3,45,True,122,0.9765625,0.04,0.0,29,25fc3ba9df90903fc0ab1e3c67e6d7cbea0919d3
ira_0100.wav,0.9935,1,True,120,0.96875,0.0,0.0,1,1,True,120,0.96875,0.0,0.0,1,4d675fa2693ff6511f602305d206c90c64bd95ed
ira_0101.wav,1.3335,5,True,115,0.94921875,0.0,0.0,3,35,True,122,0.9765625,0.06,0.0,17,5f1ce96a7ff6c2f720de420205f8cc97f34a2b6a
ira_0102.wav,1.0735,2,True,123,0.98046875,0.0735,0.0,2,9,True,125,0.98828125,0.03,0.0,9,d43c7ffad5d1b0d9b24cc21896d9fbc32e0168cd
ira_0103.wav,1.1935,3,True,127,0.99609375,0.1,0.0,3,21,True,127,0.99609375,0.01,0.0,21,5c52387edc88049cbed9ba264912d73cef6232b0
ira_0104.wav,1.1935,3,True,120,0.96875,0.0,0.0,2,21,True,123,0.98046875,0.05,0.0,17,015f1b0bf4761775b4734829b50a6681414db211
ira_0105.wav,1.2135,4,True,115,0.94921875,0.0,0.0,1,23,True,117,0.95703125,0.01,0.0,12,290bbd735d563dcb30bbe6d7db9cbada1bdc6a44
ira_0106.wav,1.4535,6,True,124,0.984375,0.0,0.0,4,47,True,126,0.9921875,0.02,0.0,30,a7605599d6f5a66aeb9136b78720deb94e0554a2
ira_0107.wav,1.2735,4,True,124,0.984375,0.0,0.0,3,29,True,126,0.9921875,0.04,0.0,27,6880551fdb43020523c6da5e76442965e4feef55
ira_0108.wav,1.4735,6,True,126,0.9921875,0.0,0.0,6,49,True,126,0.9921875,0.0,0.0,42,2ae61bc44112e9ca7b1f4899cd1f8e884e558d28
ira_0109.wav,1.2735,4,True,126,0.9921875,0.0,0.0,4,29,True,127,0.99609375,0.02,0.0,29,e9f14a6f1389c2f5d80bc4071a41d561899a3a7a
ira_0110.wav,1.1735,3,True,123,0.98046875,0.0,0.0,3,19,True,126,0.9921875,0.02,0.0,17,f97797b1df3a57f6d49d19a4c3437a22d928554a
ira_0111.wav,1.3135,5,True,126,0.9921875,0.0,0.0,5,33,True,126,0.9921875,0.0,0.0,32,e1cd2acaddae1e625badcc38a6a9ddb11d8a1870
ira_0112.wav,1.3335,5,True,125,0.98828125,0.0,0.0,5,35,True,127,0.99609375,0.01,0.0,34,bb9e98a6949e59cbec41e1ce77a6272c6adcda9b
ira_0113.wav,1.3935,5,True,126,0.9921875,0.0,0.0,3,41,True,126,0.9921875,0.0,0.0,34,8b0e4cb2fd7a763cb1991b0b42b43ad22139ce9c
ira_0114.wav,1.2935,4,True,126,0.9921875,0.0,0.0,4,31,True,126,0.9921875,0.0,0.0,31,8c1f55565f6d16a8fbd37deec652223614932514
ira_0115.wav,0.9935,1,True,126,0.9921875,0.0,0.0,1,1,True,126,0.9921875,0.0,0.0,1,1cc3af9f10065d92a2bda4e694f021ba4a0388f8
ira_0116.wav,0.8335,1,True,115,0.94921875,0.0,0.0,1,1,True,115,0.94921875,0.0,0.0,1,f0e7a6241f5acfb425bd95c35401952bb8d62630
ira_0117.wav,0.8935,1,True,123,0.98046875,0.0,0.0,1,1,True,123,0.98046875,0.0,0.0,1,81e8fd953be4e257812ffa610c3bb5c1910ed360
ira_0118.wav,1.2735,4,True,127,0.99609375,0.0,0.0,4,29,True,127,0.99609375,0.0,0.0,29,1e486c12a0b66454b4a6d27fd3c1fa17235f35eb
ira_0119.wav,1.1935,3,True,126,0.9921875,0.0,0.0,3,21,True,127,0.99609375,0.02,0.0,21,75cc81f65b7757fbdd97f67de2040ef8b6202dd2
ira_0120.wav,1.1135,3,True,124,0.984375,0.0,0.0,3,13,True,126,0.9921875,0.01,0.0,13,aba90818d1222790e2d5932235557d8a08d424e2
ira_0121.wav,1.0535,2,True,126,0.9921875,0.0,0.0,2,7,True,127,0.99609375,0.01,0.0,7,6f0b69f7a41b664584862cd5b8601927dc52b019
ira_0122.wav,0.9735,1,True,125,0.98828125,0.0,0.0,1,1,True,125,0.98828125,0.0,0.0,1,66037d0600b7891a8c37c343e96127c6a84b683a
ira_0123.wav,1.2135,4,True,125,0.98828125,0.0,0.0,4,23,True,127,0.99609375,0.03,0.0,23,6f9382a54d61ffbe7c214ed685d7850caba1e83d
ira_0124.wav,1.1735,3,True,126,0.9921875,0.0,0.0,3,19,True,127,0.99609375,0.06,0.0,19,46771f71921f6509452f9329768808303714b909
ira_0125.wav,0.8735,1,True,126,0.9921875,0.0,0.0,1,1,True,126,0.9921875,0.0,0.0,1,37cec9c0e876556a647ad5c8f5d6046072125f0b
ira_0126.wav,0.9535,1,True,122,0.9765625,0.0,0.0,1,1,True,122,0.9765625,0.0,0.0,1,a35a9824b4f29ae379c4c04f5dbb0a6e389506a9
ira_0127.wav,1.2935,4,True,127,0.99609375,0.1,0.0,4,31,True,127,0.99609375,0.02,0.0,31,dd22ecaa67afebb04b2deb3812ad5ff9393aba1b
ira_0128.wav,1.1535,3,True,127,0.99609375,0.1,0.0,3,17,True,127,0.99609375,0.01,0.0,17,257ce269602bfcc57c4dbc0592bac6a8193b29df
ira_0129.wav,1.4935,6,True,124,0.984375,0.0,0.0,4,51,True,125,0.98828125,0.03,0.0,34,0851f25101a008474f311e0e6d5724a422fde37b
ira_0130.wav,1.2135,4,True,102,0.8984375,0.0,0.0,4,23,True,117,0.95703125,0.03,0.0,21,e09a2dbfe2f4ec61039c7c855ad6d1405cc54964
ira_0131.wav,1.0935,2,True,127,0.99609375,0.0,0.0,2,11,True,127,0.99609375,0.0,0.0,11,1180ef138275d802c0bb87503c39fd64c47254a1
ira_0132.wav,1.2735,4,True,127,0.99609375,0.1,0.0,4,29,True,127,0.99609375,0.1,0.0,29,7e38bf98d687d72b17831e927635017547a42ee0
ira_0133.wav,1.2735,4,True,126,0.9921875,0.1,0.0,4,29,True,127,0.99609375,0.16,0.0,29,e53ef60fd9fb0d23577369c953ff7bde8dbeb06a
ira_0134.wav,1.0335,2,True,126,0.9921875,0.0335,0.0,2,5,True,126,0.9921875,0.02,0.0,5,c1e50492df7cec1aab02c6454fbe1231d3fbb513
ira_0135.wav,1.3135,5,True,124,0.984375,0.1,0.0,5,33,True,126,0.9921875,0.06,0.0,33,1487337c37064f18b2b2988320310f1418c27041
ira_0136.wav,1.1535,3,True,125,0.98828125,0.0,0.0,3,17,True,125,0.98828125,0.0,0.0,17,eca21e7fd00760943227ca0ead090817a05f9954
ira_0137.wav,1.3735,5,True,124,0.984375,0.0,0.0,5,39,True,126,0.9921875,0.04,0.0,39,9d54ee5ce9d8e4323a8f8103bda871c166fba267
ira_0138.wav,1.2935,4,True,124,0.984375,0.1,0.0,4,31,True,127,0.99609375,0.14,0.0,31,4f6913414a4c4ded85d85154a605d68b3663090d
ira_0139.wav,0.9935,1,True,125,0.98828125,0.0,0.0,1,1,True,125,0.98828125,0.0,0.0,1,842f25f6cc74443682fa7268f5c86e641e799271
ira_0140.wav,0.9735,1,True,121,0.97265625,0.0,0.0,1,1,True,121,0.97265625,0.0,0.0,1,1b7af785186aa197c05a423278a385d3806696fc
ira_0141.wav,1.1135,3,True,124,0.984375,0.0,0.0,3,13,True,127,0.99609375,0.03,0.0,13,f702b92a99f710914a212db947fbf75856cf70e6
ira_0142.wav,1.1735,3,True,123,0.98046875,0.0,0.0,3,19,True,125,0.98828125,0.02,0.0,17,db5da72984571840078734b0fe6dd8f3def00b47
ira_0143.wav,1.5135,7,True,93,0.86328125,0.0,0.0,3,53,True,100,0.890625,0.01,0.0,17,c2594c21b84c4632f0b4dccab8caf012595132ed
ira_0144.wav,1.2335,4,True,124,0.984375,0.0,0.0,4,25,True,126,0.9921875,0.03,0.0,25,003e6a7990ae9a334b59bc1da6a2d1f4bbca556f
ira_0145.wav,1.0135,2,True,116,0.953125,0.0135,0.0,2,3,True,118,0.9609375,0.01,0.0,3,77ced7684997df1c46ee1e18bfd76267b995404d
ira_0146.wav,1.0535,2,True,126,0.9921875,0.0,0.0,2,7,True,127,0.99609375,0.03,0.0,7,0c749efda8aec26afbceb39aacb5d44973a03665
ira_0147.wav,1.2935,4,True,126,0.9921875,0.0,0.0,4,31,True,127,0.99609375,0.01,0.0,31,970bcf6540e00f188d429b17c75131946090fbc0
ira_0148.wav,1.2535,4,True,124,0.984375,0.0,0.0,4,27,True,127,0.99609375,0.03,0.0,26,4217e49af64e459f188b10e3f2f579c67704b778
ira_0149.wav,1.1335,3,True,122,0.9765625,0.0,0.0,3,15,True,124,0.984375,0.04,0.0,15,d444e6321aa8517b032f8792ac36701adb141190
ira_0150.wav,1.1335,3,True,127,0.99609375,0.0,0.0,3,15,True,127,0.99609375,0.0,0.0,15,edf1a1657fd1adfd1273df783dc0a638ad20246c
ira_0151.wav,0.9935,1,True,125,0.98828125,0.0,0.0,1,1,True,125,0.98828125,0.0,0.0,1,e0d83aa238807ae5fa45b2c93d4abf56c007a0c4
ira_0152.wav,1.2935,4,True,127,0.99609375,0.0,0.0,4,31,True,127,0.99609375,0.0,0.0,31,f18a3f1b2445cbffc82765afc225def15384e2cc
ira_0153.wav,1.1935,3,True,127,0.99609375,0.0,0.0,3,21,True,127,0.99609375,0.0,0.0,21,7a0796863c1f8c0d95cd9ef11cf4e3ad4b3680e4
ira_0154.wav,1.0135,2,True,126,0.9921875,0.0135,0.0,2,3,True,126,0.9921875,0.01,0.0,3,a8f1a113f426bde7f78d9bf7ab7932657826f070
ira_0155.wav,0.9535,1,True,123,0.98046875,0.0,0.0,1,1,True,123,0.98046875,0.0,0.0,1,24c856a687acecfa042c58736a20a7994bd4c07d
ira_0156.wav,1.1135,3,True,123,0.98046875,0.0,0.0,3,13,True,123,0.98046875,0.0,0.0,13,cc8f527f4e1b400493b29f7f47318b54674abbd4
ira_0157.wav,0.9135,1,True,126,0.9921875,0.0,0.0,1,1,True,126,0.9921875,0.0,0.0,1,c73cf8a46fa0d4bedc3e99dc30808888af836125
ira_0158.wav,1.1735,3,True,127,0.99609375,0.0,0.0,3,19,True,127,0.99609375,0.0,0.0,19,fd8db5a6c3e1209176513673ad0cba997703f793
ira_0159.wav,1.1935,3,True,125,0.98828125,0.0,0.0,3,21,True,127,0.99609375,0.01,0.0,21,51e404aab23fb5d81890a9d37f04023c20335d50
ira_0160.wav,1.0935,2,True,112,0.9375,0.0,0.0,2,11,True,112,0.9375,0.0,0.0,11,f038bb9725829ca2f3d8e541c93cdda6d93249f0
ira_0161.wav,0.8735,1,True,123,0.98046875,0.0,0.0,1,1,True,123,0.98046875,0.0,0.0,1,0f9a27065ff672037ea2120ee3c6c9182979d15a
ira_0162.wav,1.0935,2,True,123,0.98046875,0.0,0.0,2,11,True,126,0.9921875,0.03,0.0,11,56bc7836013f37a8bcf93e0b636927e74c96183d
ira_0163.wav,1.1935,3,True,106,0.9140625,0.0,0.0,2,21,True,114,0.9453125,0.02,0.0,15,7951f34c3e1eb2c615ad55a6a4b82791e79adda8
ira_0164.wav,1.0135,2,True,106,0.9140625,0.0,0.0,2,3,True,106,0.9140625,0.0,0.0,3,6a1188d015b93832e419b81e56b7d8800c8dfad1
ira_0165.wav,0.9735,1,True,126,0.9921875,0.0,0.0,1,1,True,126,0.9921875,0.0,0.0,1,86b78ad503cb40b5058fc1824b6e432f06d9070c
ira_0166.wav,1.2735,4,True,122,0.9765625,0.0,0.0,3,29,True,125,0.98828125,0.02,0.0,16,aeef748f36e2202baab002070c1efd5fcb56cf53
ira_0167.wav,1.2135,4,True,120,0.96875,0.0,0.0,4,23,True,123,0.98046875,0.01,0.0,23,a1ee5a24cfcba42d3004b085f186c81d967c8bc6
ira_0168.wav,1.2535,4,True,122,0.9765625,0.0,0.0,3,27,True,122,0.9765625,0.0,0.0,23,875f4e401207ff9585ab4fd765f33bfa95f9f387
ira_0169.wav,1.3335,5,True,120,0.96875,0.0,0.0,5,35,True,124,0.984375,0.02,0.0,21,5015a993e6a318b83ce94b1b58f853ac5b85e78a
ira_0170.wav,1.0535,2,True,127,0.99609375,0.0535,0.0,2,7,True,127,0.99609375,0.01,0.0,7,1c12d69706cda6a1d02ea28ae58fe06ecc557a97
ira_0171.wav,1.0535,2,True,122,0.9765625,0.0,0.0,2,7,True,124,0.984375,0.02,0.0,7,f9d26a17258b6442af061b2df529bd169492c364
ira_0172.wav,1.3735,5,True,124,0.984375,0.0,0.0,3,39,True,127,0.99609375,0.02,0.0,23,195b993fa00aa5af94fb08d7f81b6c6e534c649b
ira_0173.wav,1.2335,4,True,126,0.9921875,0.1,0.0,4,25,True,126,0.9921875,0.04,0.0,25,4331c937d6d7ccba9b38b89348e0b3fa46f5f44e
ira_0174.wav,1.0935,2,True,125,0.98828125,0.0,0.0,2,11,True,125,0.98828125,0.0,0.0,11,30c8c5df62955412499e29919a5193a34826a14f
ira_0175.wav,0.9135,1,True,121,0.97265625,0.0,0.0,1,1,True,121,0.97265625,0.0,0.0,1,2a33bf3daf4bc2286c35ca6bc717a4fc6652f898
ira_0176.wav,1.2335,4,True,123,0.98046875,0.0,0.0,3,25,True,125,0.98828125,0.01,0.0,22,73b25e4c2b15c264a9223bb4ad24a75021a0dea3
ira_0177.wav,1.2335,4,True,125,0.98828125,0.0,0.0,4,25,True,126,0.9921875,0.02,0.0,23,9638f225913e7ded03c29d7f3169e49783c9e42f
ira_0178.wav,1.0935,2,True,127,0.99609375,0.0,0.0,2,11,True,127,0.99609375,0.0,0.0,11,a9ad81f610603ec010149c5b369c18ab9f502d25
ira_0179.wav,1.2335,4,True,125,0.98828125,0.0,0.0,4,25,True,127,0.99609375,0.04,0.0,25,6a21745ee7e9a47d02132eba82a173621cdc9d15
ira_0180.wav,1.5535,7,False,-109,0.07421875,0.5535,,0,57,False,-87,0.16015625,0.52,,0,81acf0299014f6e0d47020efc697339f1c545c60
ira_0181.wav,1.0935,2,False,-81,0.18359375,0.0935,,0,11,True,-22,0.4140625,0.09,0.09,1,f44011a747811f857355d7adb552ea588e7c495c
ira_0182.wav,3.3135,25,True,33,0.62890625,2.0,0.8,3,233,True,57,0.72265625,0.92,0.8,31,5a351144341f2d4a967ea248af13432385107a4e
ira_0183.wav,1.0935,2,False,-113,0.05859375,0.0935,,0,11,False,-98,0.1171875,0.09,,0,1d17f14fbf7e31debf09fc188fd79ce8f1bc5f65
ira_0184.wav,1.4935,6,False,-33,0.37109375,0.4935,,0,51,True,-22,0.4140625,0.49,0.49,1,50e6ad9f96c1c36be76c78f14b1ca3a7a91ea304
ira_0185.wav,1.5535,7,False,-38,0.3515625,0.1,,0,57,True,-11,0.45703125,0.09,0.09,3,59b9ff3cb932e0f3f303be551b6e31e73e0e74b1
ira_0186.wav,1.2735,4,False,-33,0.37109375,0.1,,0,29,True,22,0.5859375,0.06,0.06,3,4f78a8fa02f2d6bade9c2016230afb7c1218fd25
ira_0187.wav,1.3335,5,True,-22,0.4140625,0.1,0.1,1,35,True,61,0.73828125,0.05,0.01,17,77bce9813da0307adf7d4860de1d08dc2b338704
ira_0188.wav,1.4935,6,False,-66,0.2421875,0.3,,0,51,False,-48,0.3125,0.31,,0,38ad16d6f85cf8889e79c0f8a4804f0dc20547b9
ira_0189.wav,1.4335,6,False,-33,0.37109375,0.0,,0,45,False,-33,0.37109375,0.0,,0,8c193aed204b1e9d2510924839552bec4cdcbcff
ira_0190.wav,1.2935,4,False,-70,0.2265625,0.1,,0,31,False,-57,0.27734375,0.02,,0,8a1e919b3edb63f1c3ec55d5a545eda6914355fe
ira_0191.wav,1.4735,6,True,-22,0.4140625,0.1,0.1,1,49,True,22,0.5859375,0.11,0.03,8,80c9824f9c18e0287e21e173d8978ce4d2c825d3
ira_0192.wav,1.4335,6,True,-17,0.43359375,0.1,0.1,1,45,True,-6,0.4765625,0.06,0.04,10,99de45be47ea210ac19245fe362b6cf567e79512
ira_0193.wav,1.3135,5,False,-48,0.3125,0.3,,0,33,True,-17,0.43359375,0.15,0.15,4,1e9a17e4ef3c5b3d042e08d34a4457d411106911
ira_0194.wav,1.3535,5,False,-106,0.0859375,0.3535,,0,37,False,-93,0.13671875,0.25,,0,2f51b1d6b9416e5cb3938201ffd417a75af0707f
ira_0195.wav,1.1735,3,False,-61,0.26171875,0.1735,,0,19,False,-48,0.3125,0.13,,0,8f797d424607be4c582427c3e18671da5f76d57a
ira_0196.wav,1.2735,4,False,-104,0.09375,0.2,,0,29,False,-84,0.171875,0.24,,0,b7a73630ee7fe8c9086bd7c6e094498b6ad66837
ira_0197.wav,1.0935,2,False,-116,0.046875,0.0,,0,11,False,-115,0.05078125,0.01,,0,16e14bc083fda8d5048c976da838e0a621f6add6
ira_0198.wav,1.1535,3,False,-95,0.12890625,0.1,,0,17,False,-95,0.12890625,0.08,,0,39454231db8d73cbf61272cc37f797f71c67d91a
ira_0199.wav,1.4335,6,False,-90,0.1484375,0.3,,0,45,False,-84,0.171875,0.26,,0,94702af042939613461bf5e9896a54506da04840
ira_0200.wav,2.4335,16,True,57,0.72265625,1.2,0.8,2,145,True,77,0.80078125,1.04,0.8,9,f43a5efa7a9f8403deee6f7c81a380dccef03ef9
ira_0201.wav,2.3535,15,True,126,0.9921875,0.7,0.3,8,137,True,127,0.99609375,0.45,0.21,82,ef3af253bd8ba45679d32fbfd540353c696df49b
ira_0202.wav,2.2535,14,True,126,0.9921875,0.8,0.0,8,127,True,127,0.99609375,0.96,0.0,65,c1e6862dec7c7dfa186ed457bb12b38c53a26353
ira_0203.wav,2.9335,21,True,123,0.98046875,1.4,1.3,8,195,True,123,0.98046875,1.4,1.23,72,c5b44d57367a5d228ead33d302e576affd769b74
ira_0204.wav,2.4935,16,True,121,0.97265625,1.3,0.0,6,151,True,121,0.97265625,1.3,0.0,45,6f3e070d09009c04fe834f76fb1ee61e1c774255
ira_0205.wav,1.7735,9,True,106,0.9140625,0.4,0.2,6,79,True,111,0.93359375,0.43,0.11,66,64b8bd6fc096630c7cc03148f2f0fd8f12aefc26
ira_0206.wav,2.0935,12,True,118,0.9609375,1.0,0.7,5,111,True,120,0.96875,0.93,0.65,46,3141be470fc170dab6cfb288ce9c639c06d98316
ira_0207.wav,1.6135,8,False,-122,0.0234375,0.6,,0,63,False,-122,0.0234375,0.6,,0,7d0a08a47f24409f9e67a897307ac5c94cfd1f40
ira_0208.wav,1.6335,8,False,-124,0.015625,0.6335,,0,65,False,-121,0.02734375,0.63,,0,d676ae9dd7399d0f129de5488096f60f8107f453
ira_0209.wav,1.4335,6,False,-124,0.015625,0.0,,0,45,False,-120,0.03125,0.03,,0,d6fdb5f38aa5c84050e2b5875d05ad60ebb85ceb
ira_0210.wav,1.0935,2,True,111,0.93359375,0.0935,0.0,2,11,True,115,0.94921875,0.05,0.0,11,93b665c39ffdb92f498d19ea975bbf94444c0c3c
ira_0211.wav,1.5135,7,False,-100,0.109375,0.5135,,0,53,False,-90,0.1484375,0.49,,0,b685d8962639dd0f755a0e767a2d0a41ee57de99
ira_0212.wav,0.8335,1,True,17,0.56640625,0.0,0.0,1,1,True,17,0.56640625,0.0,0.0,1,d1f76499ddefacdfb25af8ac9e15281264a3abc1
ira_0213.wav,1.2335,4,False,-126,0.0078125,0.2335,,0,25,False,-126,0.0078125,0.2335,,0,be28c237814b8f221f840b2654602ae3638ed42e
ira_0214.wav,1.1535,3,True,43,0.66796875,0.0,0.0,2,17,True,57,0.72265625,0.01,0.0,7,0834d9201cb951f5c81a534a8f4d48bbc40a927f
ira_0215.wav,1.4935,6,False,-43,0.33203125,0.0,,0,51,True,-6,0.4765625,0.01,0.01,2,81f9b5d6e37630467740c09b144f4e9b9e910d9f
ira_0216.wav,2.6935,18,False,-48,0.3125,0.1,,0,171,True,53,0.70703125,0.03,0.02,5,12e43595d3f23a24f3aab5242d95fa89777956f7
ira_0217.wav,1.1335,3,True,53,0.70703125,0.1335,0.1,2,15,True,95,0.87109375,0.05,0.02,12,b8f1025550ead16658f4244660e333adb33485a0
ira_0218.wav,1.3935,5,False,-53,0.29296875,0.0,,0,41,True,11,0.54296875,0.06,0.02,3,35602598222afeaeec61c0f7fa1da3e721c5999c
ira_0219.wav,1.2135,4,True,17,0.56640625,0.0,0.0,2,23,True,70,0.7734375,0.04,0.0,11,c715e5cba55a5443cc010aa0a7c1e46d4bf59037
ira_0220.wav,1.7135,9,True,112,0.9375,0.1,0.0,8,73,True,114,0.9453125,0.18,0.0,53,6ce5eaf7568589b24cad97f73c5c17312fe39aef
ira_0221.wav,1.0335,2,True,119,0.96484375,0.0,0.0,2,5,True,119,0.96484375,0.0,0.0,5,feff2602b24a175bef4c9067c5e51398e5231292
ira_0222.wav,1.2935,4,True,122,0.9765625,0.2,0.1,3,31,True,124,0.984375,0.28,0.03,28,f86c6aab89760fddc6a7367ed3116759f6b35f85
ira_0223.wav,1.1935,3,True,125,0.98828125,0.1,0.0,3,21,True,126,0.9921875,0.11,0.0,21,02f4a465af828d369d3bb2726b625ad49688caf5
ira_0224.wav,0.9135,1,True,111,0.93359375,0.0,0.0,1,1,True,111,0.93359375,0.0,0.0,1,a93fce90266c976bad0f801991765dd10d42b8da
ira_0225.wav,2.4735,16,True,120,0.96875,0.1,0.0,10,149,True,120,0.96875,0.02,0.0,89,fd9cb14ec4a3f91d6f36c5035119a397deb3d9a0
ira_0226.wav,1.9535,11,True,104,0.90625,0.0,0.0,5,97,True,117,0.95703125,0.03,0.0,36,7e0f5ae42ecb3f0ea0628acfa9370a6c81de8fee
ira_0227.wav,1.4135,6,True,111,0.93359375,0.1,0.0,2,43,True,114,0.9453125,0.09,0.0,15,dfe02f731abcc3088386ae787de69afdfcb09a4c
ira_0228.wav,1.4335,6,True,126,0.9921875,0.0,0.0,2,45,True,126,0.9921875,0.0,0.0,23,4bba96a3070b7bd190bb35b5de481ece669d2264
ira_0229.wav,1.3735,5,True,121,0.97265625,0.1,0.0,2,39,True,124,0.984375,0.02,0.0,17,bb963842013d0db1171cd9522e236f4911abe78f
ira_0230.wav,2.3335,15,True,122,0.9765625,0.0,0.0,7,135,True,123,0.98046875,0.01,0.0,47,cc98f961280ccc213c3022380083656f3ee536b2
ira_0231.wav,1.8335,10,True,123,0.98046875,0.1,0.0,2,85,True,125,0.98828125,0.04,0.0,18,fdb7f0abeb6f3b80ed5735644903362e47d33466
ira_0232.wav,1.6335,8,True,106,0.9140625,0.1,0.0,2,65,True,121,0.97265625,0.02,0.0,15,bc480451a568e6c923800ca7ff9ccf4377558d77
ira_0233.wav,0.9335,1,True,-6,0.4765625,0.0,0.0,1,1,True,-6,0.4765625,0.0,0.0,1,fddb2560610f3c5aabdb3495bf12be67f3beb249
ira_0234.wav,1.5135,7,True,22,0.5859375,0.1,0.0,2,53,True,95,0.87109375,0.05,0.0,15,e29d0ab831301a7c822ae90e594ef66f4d4b94a0
ira_0235.wav,1.5135,7,True,48,0.6875,0.0,0.0,2,53,True,117,0.95703125,0.05,0.0,15,9a21a01c5b5ddbba5d8798b885f575e3bfaf902f
ira_0236.wav,1.5935,7,True,111,0.93359375,0.0,0.0,2,61,True,123,0.98046875,0.02,0.0,13,d63a50a85e21826d18fca4718378e9c0356d8962
ira_0237.wav,1.1335,3,False,-53,0.29296875,0.1,,0,15,True,33,0.62890625,0.03,0.03,3,41c7e0861e1e93eb55dd01a04138c34bf9a36692
ira_0238.wav,1.5735,7,True,90,0.8515625,0.0,0.0,4,59,True,118,0.9609375,0.02,0.0,18,22dcea83b6940684dd33a4c7dc302c7ca736bdf0
ira_0239.wav,1.8135,10,True,118,0.9609375,0.1,0.0,2,83,True,126,0.9921875,0.05,0.0,17,0260b350c6da5a621ec67f6d778bd059fdb783bf
ira_0240.wav,1.1735,3,False,-81,0.18359375,0.0,,0,19,False,-77,0.19921875,0.01,,0,bbab15d4f177b6a7115279289a0ba0c72c03ed39
ira_0241.wav,1.0535,2,True,33,0.62890625,0.0535,0.0535,1,7,True,90,0.8515625,0.04,0.02,5,8bfac00197415b2377e9a31ca86da390c9456bfd
ira_0242.wav,1.1335,3,True,-6,0.4765625,0.1,0.0,2,15,True,93,0.86328125,0.03,0.0,12,934c55fd136efab7f1ef73556b8f22a3ba2df297
ira_0243.wav,1.6735,8,True,119,0.96484375,0.1,0.0,3,69,True,125,0.98828125,0.03,0.0,23,7ccbbd305dd35001d2ead8b9ba04028c042b0035
ira_0244.wav,1.1535,3,False,-70,0.2265625,0.0,,0,17,True,43,0.66796875,0.07,0.03,3,f1669999cfdcf405cc8cffb0b3952f2e2e7c909c
ira_0245.wav,1.1135,3,False,-43,0.33203125,0.1,,0,13,True,-6,0.4765625,0.03,0.03,2,92b9264ff755b9c2fb40beb1e9e9f1b809ad8d25
ira_0246.wav,1.3135,5,True,43,0.66796875,0.0,0.0,2,33,True,113,0.94140625,0.03,0.0,16,0037adc8e1c4d97b45548c3369130d0ceb9c0ea4
ira_0247.wav,1.3735,5,True,38,0.6484375,0.0,0.0,2,39,True,100,0.890625,0.02,0.0,11,c22204be11c4013ce600e9974a4298b3a9940c60
ira_0248.wav,1.7735,9,True,114,0.9453125,0.1,0.0,2,79,True,124,0.984375,0.03,0.0,15,bd19b7d408af5dbf3f1a8eac275bc7db379bd128
ira_0249.wav,1.0735,2,True,93,0.86328125,0.0735,0.0,2,9,True,108,0.921875,0.02,0.0,9,56cb207161b7b1920ad388ac4b1251bf1700edbe
ira_0250.wav,0.9135,1,True,116,0.953125,0.0,0.0,1,1,True,116,0.953125,0.0,0.0,1,b220793af8f24cbbd89bf6a05397fa5017f7bde8
ira_0251.wav,1.0535,2,False,-61,0.26171875,0.0,,0,7,False,-61,0.26171875,0.0,,0,27524f9cc34e51cbda7d31a3f8bfd2390deb8120
ira_0252.wav,0.8735,1,True,124,0.984375,0.0,0.0,1,1,True,124,0.984375,0.0,0.0,1,c6736281673d39b36c6ef442fcb563f379038278
ira_0253.wav,1.0135,2,True,77,0.80078125,0.0,0.0,2,3,True,77,0.80078125,0.0,0.0,3,54508eb187fd4e314ad9defeca775dccac175865
ira_0254.wav,1.0135,2,True,125,0.98828125,0.0,0.0,2,3,True,125,0.98828125,0.0,0.0,3,609cd40103c70619925ee9f02acb9e9444161700
ira_0255.wav,1.0335,2,True,127,0.99609375,0.0,0.0,2,5,True,127,0.99609375,0.0,0.0,5,25195ea28648577e571cdf5d36c4216e1845a1e2
ira_0256.wav,1.1535,3,True,122,0.9765625,0.0,0.0,3,17,True,122,0.9765625,0.0,0.0,16,5241624f6fe9b99a55b7dfaf57dde19964f15adb
ira_0257.wav,1.1735,3,True,127,0.99609375,0.0,0.0,3,19,True,127,0.99609375,0.0,0.0,19,4f5968cc43759715b0d4dedbf6677e07c30b17c1
ira_0258.wav,1.1535,3,True,126,0.9921875,0.0,0.0,3,17,True,127,0.99609375,0.01,0.0,17,08e52c21c096b17f48ab7e2977fc43cb08f21c55
ira_0259.wav,0.9735,1,True,126,0.9921875,0.0,0.0,1,1,True,126,0.9921875,0.0,0.0,1,9677f31a91a1e90d044cd972910623e286cd09ee
ira_0260.wav,1.3135,5,True,124,0.984375,0.0,0.0,5,33,True,126,0.9921875,0.03,0.0,33,4e8da460067a024e4e20cef67ab69e6d0b6bd093
ira_0261.wav,0.9735,1,True,126,0.9921875,0.0,0.0,1,1,True,126,0.9921875,0.0,0.0,1,8ffa4ae4b1fa22d397ee04e322dfcc50d7862821
ira_0262.wav,1.0735,2,True,125,0.98828125,0.0,0.0,2,9,True,125,0.98828125,0.0,0.0,9,b3719a25c078f7b4a75f13b4c1e268187bae47c9
ira_0263.wav,0.8535,1,True,123,0.98046875,0.0,0.0,1,1,True,123,0.98046875,0.0,0.0,1,b0e6b43928830ed971625734c7389cf15b8fc537
ira_0264.wav,1.0735,2,True,126,0.9921875,0.0,0.0,2,9,True,127,0.99609375,0.01,0.0,9,ce96f4f7e2522379a0bea5d701c7f9689d004dfb
ira_0265.wav,1.0935,2,True,70,0.7734375,0.0,0.0,1,11,True,70,0.7734375,0.0,0.0,7,d885452a88f32de89900b898bca6acd8545429d0
ira_0266.wav,1.3335,5,True,126,0.9921875,0.0,0.0,5,35,True,127,0.99609375,0.03,0.0,35,666992789c0d8f6dc971475edfb36488ba0de0f5
ira_0267.wav,1.1335,3,True,120,0.96875,0.0,0.0,3,15,True,125,0.98828125,0.04,0.0,15,dbeedec68837ccb0263a90efb3a87e7af0cbf2ee
ira_0268.wav,0.8735,1,True,98,0.8828125,0.0,0.0,1,1,True,98,0.8828125,0.0,0.0,1,3f2e78c841231b359accd31bddb51f570ee0e1f5
ira_0269.wav,0.9135,1,True,113,0.94140625,0.0,0.0,1,1,True,113,0.94140625,0.0,0.0,1,c2bb832c03c2329109c005c9e860e61e3a6bd38a
ira_0270.wav,0.9735,1,True,124,0.984375,0.0,0.0,1,1,True,124,0.984375,0.0,0.0,1,52af1d13c8a98baab042416bc8cd9a1af2a62966
ira_0271.wav,0.8135,1,True,122,0.9765625,0.0,0.0,1,1,True,122,0.9765625,0.0,0.0,1,4d342a8626afcdc366d647e60117205e6188592b
ira_0272.wav,0.9935,1,True,118,0.9609375,0.0,0.0,1,1,True,118,0.9609375,0.0,0.0,1,5cf173317cf5d74b182f7a4b8fe8a7a569820e1d
ira_0273.wav,1.0935,2,True,124,0.984375,0.0935,0.0,2,11,True,126,0.9921875,0.03,0.0,11,c3d50e7047c4d667079d3dbf949bd0d10f197990
ira_0274.wav,0.9735,1,True,123,0.98046875,0.0,0.0,1,1,True,123,0.98046875,0.0,0.0,1,8b637012d0713763d555ac0c43892cc0fa39c166
ira_0275.wav,1.1135,3,True,127,0.99609375,0.0,0.0,3,13,True,127,0.99609375,0.0,0.0,13,07a9f5140159a2773a59a8b29b81f0b9328dc250
ira_0276.wav,1.2335,4,True,116,0.953125,0.1,0.0,4,25,True,124,0.984375,0.07,0.0,25,3973c0dc1f1067f0293e9c58bda031e972d0ef53
ira_0277.wav,1.0135,2,True,112,0.9375,0.0135,0.0,2,3,True,112,0.9375,0.0135,0.0,3,df0d3794d47103842d43a9898ed26d6c5dc8a08f
ira_0278.wav,1.0135,2,True,84,0.828125,0.0135,0.0,2,3,True,84,0.828125,0.0135,0.0,3,7a2c8fa49c7465b41c20b6e0a1186ec41d2085cd
ira_0279.wav,1.0335,2,True,117,0.95703125,0.0,0.0,2,5,True,120,0.96875,0.03,0.0,5,8b13f95dc4e9dc6d286eabe0662823b517aa3ca6
ira_0280.wav,0.9535,1,True,123,0.98046875,0.0,0.0,1,1,True,123,0.98046875,0.0,0.0,1,da553054bcf9603c35e3844435fa91294eaed328
ira_0281.wav,0.8535,1,True,121,0.97265625,0.0,0.0,1,1,True,121,0.97265625,0.0,0.0,1,9ae15c0a8b8e31ce487ddf2abdc352f802eb0020
ira_0282.wav,1.0135,2,True,126,0.9921875,0.0,0.0,2,3,True,126,0.9921875,0.0,0.0,3,c348c32dcb1cd6295a17b6e470d54a6b371ccc9d
ira_0283.wav,1.0735,2,True,122,0.9765625,0.0,0.0,2,9,True,122,0.9765625,0.0,0.0,9,aa8a941613941efc9e46cb481ab9bc90399c0e9b
ira_0284.wav,0.9735,1,True,127,0.99609375,0.0,0.0,1,1,True,127,0.99609375,0.0,0.0,1,ff70f83664683f5879057c4fc01282cb11401cf1
ira_0285.wav,1.0535,2,True,125,0.98828125,0.0535,0.0,2,7,True,126,0.9921875,0.03,0.0,7,fd8031fd9046ac8772a8e7bb49c547e499898b61
ira_0286.wav,0.9935,1,True,126,0.9921875,0.0,0.0,1,1,True,126,0.9921875,0.0,0.0,1,7f1beb8954fb4decdf609e61b939d55626362834
ira_0287.wav,0.9135,1,True,100,0.890625,0.0,0.0,1,1,True,100,0.890625,0.0,0.0,1,8809a34062862fd168d48ac252dae551535a68db
ira_0288.wav,1.1535,3,True,127,0.99609375,0.0,0.0,3,17,True,127,0.99609375,0.0,0.0,17,588d9cb6e73624bdea31055fee97aa26063b1ba3
ira_0289.wav,1.0135,2,True,38,0.6484375,0.0135,0.0135,1,3,True,48,0.6875,0.01,0.01,2,22099ca81570c8df00e1439a3f396062230fae09
ira_0290.wav,1.0735,2,True,127,0.99609375,0.0,0.0,2,9,True,127,0.99609375,0.0,0.0,9,d443220aa7e1428d1a9c975ab6979198b399a010
ira_0291.wav,0.9735,1,True,127,0.99609375,0.0,0.0,1,1,True,127,0.99609375,0.0,0.0,1,c36a863d943f701d761fbe559133b517b9fd1e97
ira_0292.wav,0.8535,1,True,124,0.984375,0.0,0.0,1,1,True,124,0.984375,0.0,0.0,1,15f419dd88f4404eb0b565866f8818aeccc6b56b
ira_0293.wav,1.0935,2,True,111,0.93359375,0.0,0.0,1,11,True,111,0.93359375,0.0,0.0,10,14c3d99a0617bb4e09a032d6da5fd57d44bc17aa
ira_0294.wav,1.0335,2,True,114,0.9453125,0.0335,0.0,2,5,True,117,0.95703125,0.03,0.0,5,96576b480677d4e6daa6dc2e04771a5a63724f6d
ira_0295.wav,1.0935,2,True,115,0.94921875,0.0,0.0,2,11,True,122,0.9765625,0.02,0.0,11,f6766bf190b10c4bb5f2a00b11f80f4056c0e1d3
ira_0296.wav,1.0735,2,True,111,0.93359375,0.0735,0.0,2,9,True,122,0.9765625,0.02,0.0,9,cc2ce0d7613e27e49c2dd33e1db67a0b0d0d4d6d
ira_0297.wav,1.2535,4,True,109,0.92578125,0.0,0.0,4,27,True,112,0.9375,0.02,0.0,22,f723b7ce41af0aca608fe0e63dc081488f92174b
ira_0298.wav,1.0335,2,True,122,0.9765625,0.0,0.0,2,5,True,122,0.9765625,0.0,0.0,5,01079dac6f3f075f720f3718d0378a64e5609b78
ira_0299.wav,1.0935,2,True,126,0.9921875,0.0,0.0,2,11,True,126,0.9921875,0.0,0.0,11,f0f5d79728ad8087075970321a08e5395fbefadb
ira_0300.wav,1.0935,2,True,120,0.96875,0.0,0.0,2,11,True,120,0.96875,0.0,0.0,11,1e90c6bff9794e90f2c29942b38f7f8388a30df1
ira_0301.wav,1.0135,2,True,118,0.9609375,0.0,0.0,2,3,True,118,0.9609375,0.0,0.0,3,9d1453b826c782815cf4c587f064d065a32a5867
ira_0302.wav,1.0535,2,True,120,0.96875,0.0,0.0,2,7,True,123,0.98046875,0.03,0.0,7,14a58764ae929e704a2ed67126a4d818192f5cc7
ira_0303.wav,1.1135,3,True,95,0.87109375,0.0,0.0,1,13,True,113,0.94140625,0.03,0.0,8,6599ebfbdc97207077b284786c80eabaa187a6b2
ira_0304.wav,1.0735,2,True,120,0.96875,0.0,0.0,2,9,True,123,0.98046875,0.02,0.0,9,e777266cdf5b0c618c0739d7a492a1e562663a4f
ira_0305.wav,1.2535,4,True,124,0.984375,0.0,0.0,3,27,True,125,0.98828125,0.02,0.0,20,0383b5c46a0e446de63369a2e8cf0d9e48a0a48e
ira_0306.wav,0.8935,1,True,113,0.94140625,0.0,0.0,1,1,True,113,0.94140625,0.0,0.0,1,9e30f1cfaff4f82d6768762c9fb53dc85e47c43f
ira_0307.wav,0.9535,1,True,125,0.98828125,0.0,0.0,1,1,True,125,0.98828125,0.0,0.0,1,910eaa7ca471633606b15782832f909f5a28e880
ira_0308.wav,0.9535,1,True,122,0.9765625,0.0,0.0,1,1,True,122,0.9765625,0.0,0.0,1,3d64937d1ba86d40387c8f7aaf97561dd3ab38ba
ira_0309.wav,1.1335,3,True,122,0.9765625,0.0,0.0,3,15,True,124,0.984375,0.02,0.0,15,fceb956e285061a47781899d5a1df3b75dcd6856
ira_0310.wav,1.1535,3,True,123,0.98046875,0.0,0.0,3,17,True,123,0.98046875,0.0,0.0,17,34f5b58d16c77f9afc5807247785be2ed7d552dd
ira_0311.wav,1.2535,4,True,124,0.984375,0.0,0.0,4,27,True,124,0.984375,0.0,0.0,25,94613729b96e29a4b8e8e8766984a0d83e46abf4
ira_0312.wav,1.2335,4,True,48,0.6875,0.0,0.0,1,25,True,48,0.6875,0.0,0.0,4,da9258f1545c4f39e72b989137a59ce16f0e67ec
ira_0313.wav,1.1735,3,True,127,0.99609375,0.1,0.0,3,19,True,127,0.99609375,0.02,0.0,19,a38d3d4a17e657a7e44f118cf0f738f033c44132
ira_0314.wav,1.0535,2,True,118,0.9609375,0.0,0.0,2,7,True,124,0.984375,0.04,0.0,7,d6cbef715ec321392e8ca111735130e0b1a2d4f4
ira_0315.wav,1.3135,5,True,22,0.5859375,0.0,0.0,1,33,True,22,0.5859375,0.0,0.0,5,ac4c65dffc62bded8b9635ca92f64a9fb235a6dd
ira_0316.wav,0.9935,1,True,122,0.9765625,0.0,0.0,1,1,True,122,0.9765625,0.0,0.0,1,0f553131737e6febff5204f7fe4825de43817054
ira_0317.wav,1.0135,2,True,123,0.98046875,0.0,0.0,2,3,True,123,0.98046875,0.0,0.0,3,fbbf491f3811f8e4cfc586ab9a87878d976330b7
ira_0318.wav,0.8335,1,True,117,0.95703125,0.0,0.0,1,1,True,117,0.95703125,0.0,0.0,1,a03dcedac4f97e32df0e56b4a31812f1c9305014
ira_0319.wav,1.1535,3,True,124,0.984375,0.0,0.0,3,17,True,124,0.984375,0.0,0.0,16,2917ccbcc82a01ee2604bde631dc4321d02e415a
ira_0320.wav,1.1735,3,True,66,0.7578125,0.0,0.0,1,19,True,81,0.81640625,0.04,0.0,8,2fb190836a23b4d50795cb924fd66e298c62b32a
ira_0321.wav,0.8935,1,True,125,0.98828125,0.0,0.0,1,1,True,125,0.98828125,0.0,0.0,1,1520ffe31ad10e5cce2d653f3b5b320d937bd7bd
ira_0322.wav,0.9935,1,True,120,0.96875,0.0,0.0,1,1,True,120,0.96875,0.0,0.0,1,fb8d53dd133ece740fe50ac876436e13a8456520
ira_0323.wav,0.9135,1,True,117,0.95703125,0.0,0.0,1,1,True,117,0.95703125,0.0,0.0,1,ce2284e44ff40b6034d16d1a33388ff94b7dbdde
ira_0324.wav,0.9535,1,True,115,0.94921875,0.0,0.0,1,1,True,115,0.94921875,0.0,0.0,1,247dcb85a8f9bc91f1ca61f7b74ca07a46ce2014
ira_0325.wav,1.1335,3,True,90,0.8515625,0.0,0.0,1,15,True,116,0.953125,0.01,0.0,10,27851f3b116d625a3bb449784ddf059369bfe3d9
ira_0326.wav,1.0535,2,True,100,0.890625,0.0,0.0,2,7,True,111,0.93359375,0.01,0.0,7,d2dfbdabe58415db051eb4be843fa589fe837080
ira_0327.wav,0.8935,1,True,120,0.96875,0.0,0.0,1,1,True,120,0.96875,0.0,0.0,1,356ae6bf789f80313974787e37cfcb9c9f580138
ira_0328.wav,1.1735,3,True,124,0.984375,0.0,0.0,3,19,True,126,0.9921875,0.04,0.0,18,db472991e328be9d03f014f218c8230ab5d889fa
ira_0329.wav,1.0735,2,True,123,0.98046875,0.0,0.0,2,9,True,124,0.984375,0.04,0.0,9,5c8ee802012687e3117367ae65a4bcf67b294698
ira_0330.wav,1.0135,2,True,114,0.9453125,0.0,0.0,2,3,True,116,0.953125,0.01,0.0,3,8d1925c4e4f2f40ea3ad1c50ddeaaee3fffb6627
ira_0331.wav,1.0535,2,True,119,0.96484375,0.0,0.0,2,7,True,124,0.984375,0.03,0.0,7,e80fb979aef573269b55fcdb8f6238c76838bf7f
ira_0332.wav,1.0735,2,True,109,0.92578125,0.0735,0.0,2,9,True,109,0.92578125,0.0735,0.0,9,87833882de11cb0f62ebe192dc924d8e77d8232b
ira_0333.wav,1.1135,3,True,123,0.98046875,0.1135,0.0,3,13,True,125,0.98828125,0.04,0.0,13,046665ceae9673428137ffe367edb6c39c51ce8f
ira_0334.wav,0.9735,1,True,126,0.9921875,0.0,0.0,1,1,True,126,0.9921875,0.0,0.0,1,ee22ef820b03ee9b977e5a70e9d942063130b324
ira_0335.wav,1.1135,3,True,125,0.98828125,0.0,0.0,3,13,True,125,0.98828125,0.0,0.0,13,1af572222a4c395fb641810222ec94a633c0993e
ira_0336.wav,1.0335,2,True,120,0.96875,0.0,0.0,2,5,True,123,0.98046875,0.02,0.0,5,44c746c09c55ed4a9e077e11588873788271776b
ira_0337.wav,0.9735,1,True,111,0.93359375,0.0,0.0,1,1,True,111,0.93359375,0.0,0.0,1,5d0922147c949e4c922725928848f484cfe65372
ira_0338.wav,1.5535,7,False,-90,0.1484375,0.0,,0,57,True,100,0.890625,0.03,0.01,7,9cbc2fe22245b1f4d1394de56346f5ff47dcd752
ira_0339.wav,1.1535,3,True,61,0.73828125,0.0,0.0,2,17,True,102,0.8984375,0.01,0.0,10,16f591d157ff6984992c9254df396298272d7e08
ira_0340.wav,1.6335,8,False,-77,0.19921875,0.0,,0,65,True,66,0.7578125,0.03,0.03,6,6742767d2d623a073d22af1fd97f932993b79d56
ira_0341.wav,1.0735,2,True,93,0.86328125,0.0,0.0,2,9,True,116,0.953125,0.05,0.0,9,9360acbd3a875f393d41b8c328dd508627670223
ira_0342.wav,1.7135,9,True,-11,0.45703125,0.0,0.0,1,73,True,108,0.921875,0.01,0.0,10,94d008c98ca135639615cf1c9a275be4d8973e01
ira_0343.wav,1.0135,2,True,66,0.7578125,0.0,0.0,2,3,True,93,0.86328125,0.01,0.0,3,8c051795540adf524aae207dbe94039ad35c7136
ira_0344.wav,0.9535,1,True,122,0.9765625,0.0,0.0,1,1,True,122,0.9765625,0.0,0.0,1,a492ad781af71c468da6db8d8a06017dc240bb2c
ira_0345.wav,0.9735,1,True,112,0.9375,0.0,0.0,1,1,True,112,0.9375,0.0,0.0,1,fd2c8790ff048115ceed9a0c955b2e56442190d9
ira_0346.wav,1.4735,6,True,106,0.9140625,0.0,0.0,2,49,True,116,0.953125,0.04,0.0,13,4d2436274eb5c30a6df7d5546b7eb944d2b91153
ira_0347.wav,1.2135,4,True,121,0.97265625,0.0,0.0,4,23,True,124,0.984375,0.04,0.0,21,bf73c57ed34bffc41f78b18783c7555d6e2dc45f
ira_0348.wav,1.4535,6,True,6,0.5234375,0.1,0.1,3,47,True,33,0.62890625,0.06,0.04,15,98b23c4c39a2ea3351f6c9bcaa80bbbd2dc38599
ira_0349.wav,1.4135,6,False,-81,0.18359375,0.2,,0,43,True,22,0.5859375,0.09,0.05,3,edccb376aaed91d3189ee9e7d3b153dd544e42df
ira_0350.wav,1.5335,7,True,38,0.6484375,0.0,0.0,4,55,True,102,0.8984375,0.02,0.0,24,807546d4befc7d59ee3fb8e973bc59310cb09e85
ira_0351.wav,1.8135,10,True,61,0.73828125,0.0,0.0,4,83,True,118,0.9609375,0.05,0.0,23,66194ee909e072199f5684a053b2d7a793dae1a9
ira_0352.wav,1.4935,6,True,74,0.7890625,0.0,0.0,2,51,True,118,0.9609375,0.04,0.0,13,13932f1bb2a58dcd9b79194576b2db8d2ef4699f
ira_0353.wav,1.3735,5,True,87,0.83984375,0.1,0.0,2,39,True,111,0.93359375,0.06,0.0,12,a1fdfc708f211f3e6668fc445967fd07bac0e002
ira_0354.wav,2.9135,21,True,87,0.83984375,0.1,0.0,2,193,True,119,0.96484375,0.03,0.0,32,2d5a08669f848ad2f3e142147673e454af4a82c1
ira_0355.wav,1.6935,8,True,66,0.7578125,0.0,0.0,2,71,True,118,0.9609375,0.02,0.0,12,138004b54bb18e82e7ab8ccd782a3340f318cc70
ira_0356.wav,1.5535,7,True,33,0.62890625,0.1,0.0,2,57,True,116,0.953125,0.03,0.0,12,073dd520776b1e64111ea579984ba31a862efd2d
ira_0357.wav,1.4935,6,False,-33,0.37109375,0.0,,0,51,True,77,0.80078125,0.02,0.01,7,687a9aa629cedb2052544e66b07ec7495065d520
ira_0358.wav,1.6135,8,True,38,0.6484375,0.0,0.0,1,63,True,100,0.890625,0.03,0.0,9,7294854ab37e756bfcf999dbbb9a9f58127ffefe
ira_0359.wav,1.2135,4,True,104,0.90625,0.0,0.0,4,23,True,120,0.96875,0.03,0.0,21,b666252b9138698c833245c191c549ecfaea4a9b
ira_0360.wav,1.2135,4,True,100,0.890625,0.0,0.0,1,23,True,114,0.9453125,0.04,0.0,11,d8ae9a7bd66de1cfd77b93e68273d2d8194f638a
ira_0361.wav,1.5935,7,True,57,0.72265625,0.0,0.0,2,61,True,114,0.9453125,0.03,0.0,12,6bfa32fe83414bac6856ed3be571c0e220ed61bc
ira_0362.wav,1.7335,9,True,66,0.7578125,0.1,0.0,4,75,True,116,0.953125,0.06,0.0,32,14dc2d8c4ea5b5c38dfd58034d852e006040cce1
ira_0363.wav,1.3535,5,True,53,0.70703125,0.0,0.0,2,37,True,108,0.921875,0.02,0.0,10,3ca4ff8a51fe8ff5d46f27390b4e2f8d99df7adf
ira_0364.wav,1.2135,4,True,77,0.80078125,0.0,0.0,2,23,True,111,0.93359375,0.06,0.0,13,2c175c70af42a146c38c175dbfaef49bf09b64f9
ira_0365.wav,0.9335,1,False,-66,0.2421875,0.0,,0,1,False,-66,0.2421875,0.0,,0,5edb1efd3ae2d1a3c56b49648c47a911022de7df
ira_0366.wav,1.1935,3,True,125,0.98828125,0.1,0.0,3,21,True,127,0.99609375,0.03,0.0,21,037dbd3e26b6605819eccb42f0eafd389f1ac787
ira_0367.wav,1.2335,4,True,116,0.953125,0.1,0.0,4,25,True,123,0.98046875,0.02,0.0,25,619ed700a26cee46090942368515c3151346ac2b
ira_0368.wav,0.9735,1,False,-61,0.26171875,0.0,,0,1,False,-61,0.26171875,0.0,,0,f45937ff0ca8de9cd7b6e4ee13ccddf407a7d6da
ira_0369.wav,1.2735,4,True,111,0.93359375,0.1,0.0,3,29,True,124,0.984375,0.03,0.0,27,81c494456acb0259d46b63020ae82cd21f167787
ira_0370.wav,1.5735,7,True,119,0.96484375,0.0,0.0,5,59,True,123,0.98046875,0.02,0.0,40,676dfeda30772ebc82ba3ea9bc7b6dde8d2cd3f7
ira_0371.wav,0.9735,1,True,-11,0.45703125,0.0,0.0,1,1,True,-11,0.45703125,0.0,0.0,1,a4997daa83bdcd668baf61943a226d08ba840c85
ira_0372.wav,0.9535,1,False,-33,0.37109375,0.0,,0,1,False,-33,0.37109375,0.0,,0,26e20135d0f04c9709adc6e22500567f0c76b50c
ira_0373.wav,0.7335,1,True,109,0.92578125,0.0,0.0,1,1,True,109,0.92578125,0.0,0.0,1,c7fae71fe070166bff52544a5cb7994dd3b7bce4
ira_0374.wav,1.4735,6,True,95,0.87109375,0.1,0.0,2,49,True,111,0.93359375,0.04,0.0,16,79ab80ebb4b08e3a99e90130d090e7c542a22906
ira_0375.wav,0.9935,1,True,74,0.7890625,0.0,0.0,1,1,True,74,0.7890625,0.0,0.0,1,ddc764155d8b983fe90a8772d73d8fd8aa3eb4a5
ira_0376.wav,1.0335,2,True,108,0.921875,0.0335,0.0,2,5,True,108,0.921875,0.0335,0.0,5,e8ec66b652462eb0209207860184620d41ee5d09
ira_0377.wav,0.7735,1,True,98,0.8828125,0.0,0.0,1,1,True,98,0.8828125,0.0,0.0,1,0f04687a871afee3bce1af6dd9fccc428caaa089
ira_0378.wav,1.2935,4,True,53,0.70703125,0.1,0.1,1,31,True,112,0.9375,0.02,0.01,10,3a62260e9c9a975766ec179b1d94d90be863bcfb
ira_0379.wav,1.0735,2,True,61,0.73828125,0.0735,0.0735,1,9,True,119,0.96484375,0.06,0.01,8,088f9208f166faa09f67810d13c7f8bb4d1dee5d
ira_0380.wav,1.0335,2,True,116,0.953125,0.0335,0.0,2,5,True,116,0.953125,0.0335,0.0,5,c706c6fc0e0621bff9b9f71270de729da9b7c314
ira_0381.wav,1.1335,3,True,84,0.828125,0.1,0.0,3,15,True,123,0.98046875,0.03,0.0,15,298bfa4af41292a1c2985a05e6ae705cac9daf79
ira_0382.wav,1.2935,4,True,100,0.890625,0.1,0.0,2,31,True,111,0.93359375,0.02,0.0,15,2ed1bf1d731ffc3ab034a82037487f6c5cf33f19
ira_0383.wav,0.8935,1,True,38,0.6484375,0.0,0.0,1,1,True,38,0.6484375,0.0,0.0,1,bce2cd427a3dc8b087f944a40a7f6d6fb808ea60
ira_0384.wav,2.0335,12,True,127,0.99609375,0.4,0.0,9,105,True,127,0.99609375,0.17,0.0,83,d2e9aa1ced19d87c26e632b0b74567d484f5bca4
ira_0385.wav,1.8735,10,True,119,0.96484375,0.3,0.0,9,89,True,123,0.98046875,0.36,0.0,80,f5aa450e984d27ad9e76ee94b721347b668ce590
ira_0386.wav,2.2335,14,True,127,0.99609375,0.4,0.0,9,125,True,127,0.99609375,0.4,0.0,85,561f9d185e3f7117db8e9b4f45ce4a5b6af6fa93
ira_0387.wav,1.6535,8,True,-17,0.43359375,0.3,0.3,1,67,True,11,0.54296875,0.22,0.22,4,813195c945af963a0b3f99f16c97f2b9816e8954
ira_0388.wav,2.4335,16,True,126,0.9921875,0.7,0.1,9,145,True,127,0.99609375,0.72,0.02,88,9c6a843e9f500882a84cb5cc4efa490a654dd3be
ira_0389.wav,2.0935,12,False,-87,0.16015625,0.0,,0,111,True,-17,0.43359375,0.03,0.03,2,d1dea3ee1a51db7224d120789dbf4a876aa9b093
ira_0390.wav,1.4935,6,True,17,0.56640625,0.4,0.4,1,51,True,38,0.6484375,0.41,0.01,16,2cd5c163f6c6c8a247421118a50dd2bf14d34e3d
ira_0391.wav,2.5135,17,True,106,0.9140625,0.0,0.0,4,153,True,106,0.9140625,0.0,0.0,27,552f4b4816036280824cfab76bb35d44b45bbf9f
ira_0392.wav,1.5135,7,True,22,0.5859375,0.0,0.0,2,53,True,48,0.6875,0.06,0.0,13,528c707baaa27ed4e9b2f20a1528c7b8bb707c06
ira_0393.wav,1.2135,4,False,-119,0.03515625,0.0,,0,23,False,-84,0.171875,0.03,,0,0e761ce2e89589b038d54abe0b8756135dcbb7ac
ira_0394.wav,1.0535,2,False,-27,0.39453125,0.0,,0,7,True,77,0.80078125,0.04,0.03,3,0ac66b8a3e7f6c902043199310bc1bd3214a281d
ira_0395.wav,1.2935,4,False,-109,0.07421875,0.2935,,0,31,False,-102,0.1015625,0.28,,0,72f602c2fd49d299ff415440e2177d8a029dba9c
ira_0396.wav,1.0935,2,False,-43,0.33203125,0.0935,,0,11,True,57,0.72265625,0.07,0.03,4,5de7caf2433cd7400f3b562e3ea6d86c333fc04a
ira_0397.wav,1.2735,4,False,-74,0.2109375,0.1,,0,29,True,53,0.70703125,0.05,0.01,8,9121f198351a087a681fc0b916ae1165a6134ba5
ira_0398.wav,1.0335,2,True,90,0.8515625,0.0335,0.0,2,5,True,108,0.921875,0.03,0.0,5,9b033fc73a6b4adecbb09c2e99f8312196eb8f73
ira_0399.wav,1.0335,2,True,121,0.97265625,0.0335,0.0,2,5,True,122,0.9765625,0.02,0.0,5,42ea4b50dd0c5504fd4686b889a37b34c4ad097b
ira_0400.wav,1.0935,2,True,114,0.9453125,0.0935,0.0,2,11,True,122,0.9765625,0.03,0.0,11,2477a24bf182274e3f596bac04f975b7f66fff5a
ira_0401.wav,1.1335,3,False,-90,0.1484375,0.1,,0,15,False,-43,0.33203125,0.02,,0,31e75c31ce14c74c0aa659803d600618a5a1a76f
ira_0402.wav,1.0535,2,True,100,0.890625,0.0535,0.0,2,7,True,113,0.94140625,0.03,0.0,7,4dd1ce3c9895bd9f759e86fdf7f946acbecc97d2
ira_0403.wav,1.1735,3,True,104,0.90625,0.1,0.0,2,19,True,108,0.921875,0.08,0.0,13,b0a69b33c558591c57683cbb2146dd2998750eca
ira_0404.wav,1.0535,2,True,102,0.8984375,0.0535,0.0,2,7,True,112,0.9375,0.04,0.0,7,bd0d0497c8dca5cd900b3a5299145ae8a82a019b
ira_0405.wav,1.5935,7,True,106,0.9140625,0.0,0.0,2,61,True,119,0.96484375,0.06,0.0,13,c74cc6c1c03e2bebe5dcf27cf4e2c31442d74d66
ira_0406.wav,1.5735,7,True,11,0.54296875,0.5735,0.5735,1,59,True,11,0.54296875,0.04,0.03,8,606681ec2d8424bda490c166f60757c432877f18
ira_0407.wav,1.2935,4,True,53,0.70703125,0.0,0.0,2,31,True,93,0.86328125,0.03,0.0,11,36f01d08203626017f97f7108be1461328c6e947
ira_0408.wav,0.9935,1,True,11,0.54296875,0.0,0.0,1,1,True,11,0.54296875,0.0,0.0,1,3134e64f2e3a2deeb6b077be7b107f99b395b6eb
ira_0409.wav,1.1735,3,True,109,0.92578125,0.1,0.0,3,19,True,121,0.97265625,0.03,0.0,17,84b68881a7c6bb9c2611b9eb5dd8f71e32aa6816
ira_0410.wav,0.9735,1,True,53,0.70703125,0.0,0.0,1,1,True,53,0.70703125,0.0,0.0,1,3bc8e979fbb4b2d929018982f0f79f67ba5dbd58
ira_0411.wav,1.0535,2,True,118,0.9609375,0.0,0.0,2,7,True,123,0.98046875,0.02,0.0,7,1fdd5f905edbee5514877b3390587630b4151aa1
ira_0412.wav,1.3335,5,True,114,0.9453125,0.1,0.0,3,35,True,125,0.98828125,0.04,0.0,25,4f3dc569086e0a929aeeea86e714faebd1290e6b
ira_0413.wav,1.1535,3,True,87,0.83984375,0.0,0.0,2,17,True,113,0.94140625,0.02,0.0,12,d8a3dd0e051cb170d5bcc05ea5018d960b3dc442
ira_0414.wav,1.1535,3,True,123,0.98046875,0.0,0.0,3,17,True,125,0.98828125,0.04,0.0,17,eae4c4d3b6f42b5e93d6453375290bca7eff944f
ira_0415.wav,1.3535,5,True,121,0.97265625,0.0,0.0,2,37,True,122,0.9765625,0.04,0.0,13,3487e9e0cdc0ace456273c828780d747f9236234
ira_0416.wav,1.1335,3,True,118,0.9609375,0.0,0.0,3,15,True,122,0.9765625,0.04,0.0,15,e97d865242021dfa086d1d7034357883e9d20983
ira_0417.wav,1.3535,5,True,111,0.93359375,0.0,0.0,4,37,True,120,0.96875,0.06,0.0,31,7df6314e095fe4a34d0c3744f7059831d3172bee
ira_0418.wav,0.9935,1,True,124,0.984375,0.0,0.0,1,1,True,124,0.984375,0.0,0.0,1,de75ef30dee8126eaaa7686e059820ab8e8c3b28
ira_0419.wav,1.1935,3,True,90,0.8515625,0.1,0.0,2,21,True,120,0.96875,0.03,0.0,13,04a94f2e4de92239ab371483129d4bd863596705
ira_0420.wav,1.0935,2,True,124,0.984375,0.0,0.0,2,11,True,126,0.9921875,0.01,0.0,11,474c3ed8c20ee187bb049a8421b550eb0065e877
ira_0421.wav,0.9135,1,True,104,0.90625,0.0,0.0,1,1,True,104,0.90625,0.0,0.0,1,78555ae14590b7b27ad79c23666df2931c850aab
ira_0422.wav,1.2735,4,True,98,0.8828125,0.1,0.0,2,29,True,119,0.96484375,0.02,0.0,13,8c0d4297565f57439af5d4d5866dc7915a4e5dd2
ira_0423.wav,1.0735,2,True,117,0.95703125,0.0735,0.0,2,9,True,124,0.984375,0.04,0.0,9,b3f4878d3c214a5581a375655675ba1be809926c
ira_0424.wav,1.0935,2,True,123,0.98046875,0.0,0.0,2,11,True,126,0.9921875,0.02,0.0,11,008cbdb9a44fb5e8386e68d8cabe36be42fc5b6b
ira_0425.wav,1.0135,2,True,127,0.99609375,0.0135,0.0,2,3,True,127,0.99609375,0.01,0.0,3,f556e217f085ac0e9bd9cea2bb6c68ebb46cdaff
ira_0426.wav,1.2135,4,True,115,0.94921875,0.1,0.0,4,23,True,123,0.98046875,0.04,0.0,23,b6856b0e286cf2bcae03adc9d7b1a69841ec872d
ira_0427.wav,1.1535,3,True,116,0.953125,0.0,0.0,3,17,True,125,0.98828125,0.05,0.0,17,25a5bb111caf39e044197a88966d2b2255792af2
ira_0428.wav,1.0335,2,True,113,0.94140625,0.0335,0.0,2,5,True,113,0.94140625,0.02,0.0,5,0199af0c734027b1acced93867944781d25ddb7a
ira_0429.wav,1.1335,3,True,124,0.984375,0.0,0.0,3,15,True,126,0.9921875,0.02,0.0,15,29b7d9b173ae15221d9f5bfdf955a78b685e9915
ira_0430.wav,1.1135,3,True,100,0.890625,0.1,0.0,3,13,True,121,0.97265625,0.02,0.0,13,7c78412651a3901214780152814359d8082d598c
ira_0431.wav,1.1935,3,True,95,0.87109375,0.1,0.0,2,21,True,116,0.953125,0.03,0.0,18,e2c794ef3f227d979d84de34b8f3c30513eae5a3
ira_0432.wav,1.4135,6,True,87,0.83984375,0.1,0.0,3,43,True,113,0.94140625,0.03,0.0,22,29fe22084d4fa45644df82df8c7f713293e9482a
ira_0433.wav,0.9735,1,True,106,0.9140625,0.0,0.0,1,1,True,106,0.9140625,0.0,0.0,1,fe3d31f27aaf514f6740af1885e1cadc9f1146f5
ira_0434.wav,1.0535,2,True,104,0.90625,0.0535,0.0,2,7,True,117,0.95703125,0.03,0.0,7,bc45b63072f77d90b8cd06f4d0282aefc1985493
ira_0435.wav,1.3335,5,True,43,0.66796875,0.1,0.1,1,35,True,108,0.921875,0.05,0.01,11,b7c89c7432ecffc4b5ebe21aa1c4d7037b245d4e
ira_0436.wav,1.2535,4,True,120,0.96875,0.0,0.0,3,27,True,124,0.984375,0.04,0.0,21,6f582634659bf0329a6274ed26fce33f83b353ad
ira_0437.wav,1.1735,3,True,74,0.7890625,0.0,0.0,2,19,True,109,0.92578125,0.06,0.0,11,104f45b9ce08864f2ed9a580bdcbf480e202e1da
ira_0438.wav,1.1735,3,True,102,0.8984375,0.1,0.0,3,19,True,122,0.9765625,0.05,0.0,18,2c551176968cd348d6f9d4a6edde27c29b327da3
ira_0439.wav,1.2335,4,True,109,0.92578125,0.0,0.0,2,25,True,120,0.96875,0.01,0.0,18,cd6ff8657f6e9eeace4cb017eab0916f2563fd94
ira_0440.wav,1.2135,4,True,95,0.87109375,0.0,0.0,1,23,True,98,0.8828125,0.01,0.0,10,af20a3ced8952a804ac19e880c0d5637bbf9c08d
ira_0441.wav,1.3935,5,True,38,0.6484375,0.1,0.0,2,41,True,109,0.92578125,0.03,0.0,13,bb9cacd9c6d0692c02a47925004922f5fe6f433f
ira_0442.wav,1.0135,2,True,113,0.94140625,0.0135,0.0,2,3,True,117,0.95703125,0.01,0.0,3,d66bf898442f058b9d7fbced7e3106bd1485fe03
ira_0443.wav,1.2935,4,True,112,0.9375,0.1,0.0,2,31,True,120,0.96875,0.07,0.0,16,93f485d07349cb9f04cbc4d7278d472b4f3364d9
ira_0444.wav,1.3135,5,True,100,0.890625,0.1,0.0,2,33,True,119,0.96484375,0.02,0.0,19,8047053a79ce3da6eddc75ed9fa621d33a5473d2
ira_0445.wav,1.1335,3,False,-53,0.29296875,0.1,,0,15,True,70,0.7734375,0.06,0.01,8,15a933893b56ef4a082291c79f328e1c033bf802
ira_0446.wav,1.3735,5,True,121,0.97265625,0.1,0.0,5,39,True,125,0.98828125,0.07,0.0,38,23b350484a74f9a291fb3caad7a9a2d6ede7a221
ira_0447.wav,1.1935,3,True,114,0.9453125,0.0,0.0,3,21,True,124,0.984375,0.03,0.0,20,c5fb2326d547a3a26319a8eebb96177b9dff001c
ira_0448.wav,1.4135,6,True,6,0.5234375,0.0,0.0,1,43,True,102,0.8984375,0.04,0.0,9,067fb124cbbb178a19ee0517311e017e21281f94
ira_0449.wav,0.9735,1,True,102,0.8984375,0.0,0.0,1,1,True,102,0.8984375,0.0,0.0,1,e73f66ea8d0b4bed558b6a88e08ecbfb65147e7c
ira_0450.wav,1.2135,4,True,38,0.6484375,0.1,0.0,2,23,True,93,0.86328125,0.06,0.0,11,f2c16634cbffe220c6d7c272c3922ea8b7908b69
ira_0451.wav,1.1535,3,True,0,0.5,0.0,0.0,1,17,True,70,0.7734375,0.02,0.0,7,e9a6b511fdc64c9f9494fc2b84b5c5287cdfe763
ira_0452.wav,1.2135,4,True,61,0.73828125,0.1,0.0,3,23,True,106,0.9140625,0.06,0.0,16,9f2cc40a530c3291ea38906a48d2ecf9b2d72a60
ira_0453.wav,1.3135,5,False,-48,0.3125,0.0,,0,33,True,87,0.83984375,0.05,0.01,10,134c139a6004a06a94101438e4ac661978194b5e
ira_0454.wav,0.9935,1,False,-53,0.29296875,0.0,,0,1,False,-53,0.29296875,0.0,,0,53edef6e7c45e74fe5ef70751be80081186d4d2e
ira_0455.wav,1.2335,4,True,57,0.72265625,0.0,0.0,1,25,True,66,0.7578125,0.02,0.0,9,b16142d99846174592679491bc3b392926d5085b
ira_0456.wav,1.2535,4,True,77,0.80078125,0.1,0.0,2,27,True,102,0.8984375,0.03,0.0,13,9c31dbd34c3e0874022e63c1a2c436f253b94a91
ira_0457.wav,1.2335,4,True,-22,0.4140625,0.0,0.0,1,25,True,74,0.7890625,0.03,0.0,10,64d389ffbcc938d1b8159403c6292a0efe76c718
ira_0458.wav,1.1535,3,True,0,0.5,0.0,0.0,1,17,True,70,0.7734375,0.03,0.0,7,a6d55c6fe535a92675fdb51615b4a68d01d99ed8
ira_0459.wav,1.1935,3,True,84,0.828125,0.0,0.0,2,21,True,112,0.9375,0.04,0.0,15,c5a8256b4a09bd68865bce8246ec420fad908888
ira_0460.wav,0.9335,1,True,81,0.81640625,0.0,0.0,1,1,True,81,0.81640625,0.0,0.0,1,04b5b5fa7d925e03b7a9a370e058e7c0f4d62c8a
ira_0461.wav,1.1935,3,True,90,0.8515625,0.1,0.0,2,21,True,116,0.953125,0.09,0.0,15,2f957ae5367d2f837b7888ed0558c5199239738b
ira_0462.wav,1.3735,5,True,87,0.83984375,0.0,0.0,2,39,True,120,0.96875,0.03,0.0,20,d32b2c9aaec4057cd3638fe557fd8ce7790047e9
ira_0463.wav,0.9535,1,True,108,0.921875,0.0,0.0,1,1,True,108,0.921875,0.0,0.0,1,b1815f5bcc146d734f67332f21e6f55331609b10
ira_0464.wav,1.1935,3,True,117,0.95703125,0.0,0.0,2,21,True,117,0.95703125,0.0,0.0,19,758e8e4706a2969f012a611cd9688743b3e34aee
ira_0465.wav,1.1535,3,True,98,0.8828125,0.1,0.0,2,17,True,120,0.96875,0.06,0.0,15,4c0c68da5eacda96762f0d343bd530d2eb3e34f3
ira_0466.wav,1.4135,6,True,114,0.9453125,0.1,0.0,3,43,True,115,0.94921875,0.02,0.0,18,1afb7d89591e1e7a924bf0f331a8f3c2d405f440
ira_0467.wav,1.1135,3,True,100,0.890625,0.0,0.0,2,13,True,104,0.90625,0.01,0.0,11,653e77ab1aefbb4c53fb911608bfb664ac1e32a7
ira_0468.wav,1.4335,6,True,116,0.953125,0.1,0.0,2,45,True,119,0.96484375,0.03,0.0,16,c9ad44e85c59a1e0504b533932e417664a519a1e
ira_0469.wav,1.6335,8,True,95,0.87109375,0.0,0.0,2,65,True,114,0.9453125,0.01,0.0,13,fa224ac2165cef2ec3d3abd5afe834acc9ddb976
ira_0470.wav,1.3135,5,True,0,0.5,0.0,0.0,1,33,True,48,0.6875,0.06,0.0,8,d410b600fde12fa5ff7ab494d63f9d3234d80a66
ira_0471.wav,1.3535,5,True,100,0.890625,0.1,0.0,2,37,True,115,0.94921875,0.07,0.0,14,a96ae763c6833c71166c974157f84cbf73c48805
ira_0472.wav,1.5135,7,False,-87,0.16015625,0.0,,0,53,True,-11,0.45703125,0.02,0.02,1,cc42df1f88956afe10cc2502d6865a37a4410f9d
ira_0473.wav,1.2935,4,False,-95,0.12890625,0.0,,0,31,True,48,0.6875,0.03,0.03,4,aadab22c7662571d6ea16cd7bb2965a64241f643
ira_0474.wav,0.9735,1,False,-38,0.3515625,0.0,,0,1,False,-38,0.3515625,0.0,,0,c803a7b62e2525aca99321f80cea597d80e28b6f
ira_0475.wav,1.2935,4,True,0,0.5,0.1,0.1,1,31,True,87,0.83984375,0.04,0.02,7,eba688dc56bd524ff1943666271ad32a9ef75b3f
ira_0476.wav,1.0535,2,True,57,0.72265625,0.0,0.0,2,7,True,77,0.80078125,0.02,0.0,7,832fd6f0c0134eb918670149c058b51149db0542
ira_0477.wav,1.3935,5,True,33,0.62890625,0.0,0.0,1,41,True,95,0.87109375,0.01,0.0,8,19a5385a4f59fec67d4b50c47b0f5b1ee7105783
ira_0478.wav,1.3335,5,False,-100,0.109375,0.0,,0,35,False,-27,0.39453125,0.05,,0,2c794e0999acd5fe3a3d4d973bd525bc3e5f5f88
ira_0479.wav,1.1935,3,False,-61,0.26171875,0.0,,0,21,True,-6,0.4765625,0.04,0.02,3,6b7ab1d46fe3e977d45354bfcdf050e30e742699
ira_0480.wav,1.1135,3,True,57,0.72265625,0.0,0.0,1,13,True,77,0.80078125,0.03,0.0,10,1fce9380122f3e4ee3c397b22d397ad7efbed224
ira_0481.wav,1.0335,2,True,-17,0.43359375,0.0335,0.0335,1,5,True,43,0.66796875,0.03,0.01,4,7655a49b7e08397a971930b48bd326e7e2ec8f95
ira_0482.wav,1.4535,6,True,22,0.5859375,0.0,0.0,2,47,True,93,0.86328125,0.07,0.0,11,70166a1c96e6221e42b259bf830e139c02bfb0bd
ira_0483.wav,1.3135,5,True,-17,0.43359375,0.1,0.1,1,33,True,102,0.8984375,0.05,0.01,10,9706a788e81d1dfa0626987cab72b530aab51125
ira_0484.wav,1.3135,5,True,87,0.83984375,0.0,0.0,2,33,True,106,0.9140625,0.02,0.0,11,d20f618bd2c5c00982816e5dfafda5bae57f489e
ira_0485.wav,1.1535,3,True,57,0.72265625,0.0,0.0,1,17,True,87,0.83984375,0.04,0.0,8,d77ebc527e63daec701c94f1fbe81c41a12db354
ira_0486.wav,1.0735,2,True,90,0.8515625,0.0735,0.0,2,9,True,119,0.96484375,0.04,0.0,9,644d874343afb512bfc8606bcd39c61f9e3a68b0
ira_0487.wav,1.2135,4,True,104,0.90625,0.0,0.0,1,23,True,113,0.94140625,0.03,0.0,11,c7f46b43933a5462f5bb2a1c8d25b8ac21533002
ira_0488.wav,1.3535,5,True,81,0.81640625,0.0,0.0,2,37,True,113,0.94140625,0.06,0.0,12,7820b101fbe84c31e3d54fdf65bb34cd781890d3
ira_0489.wav,1.0135,2,True,114,0.9453125,0.0135,0.0,2,3,True,114,0.9453125,0.0135,0.0,3,daec30902a27a464fc3aa3550718ad60ce94c2d4
ira_0490.wav,1.3135,5,True,77,0.80078125,0.0,0.0,1,33,True,100,0.890625,0.01,0.0,9,f514841a844f86e498ff79e171d8e619cde5307d
ira_0491.wav,1.7935,9,True,120,0.96875,0.1,0.0,2,81,True,123,0.98046875,0.02,0.0,15,a85cf26aee3c472b5d6e581807556fcf0543a97e
ira_0492.wav,1.1535,3,True,0,0.5,0.1,0.0,2,17,True,95,0.87109375,0.06,0.0,10,c988289b01bbcb168bcabf9225949d391cdae8a0
ira_0493.wav,1.2135,4,True,108,0.921875,0.1,0.0,2,23,True,118,0.9609375,0.03,0.0,12,26aae5cfaba1770c27e7748a205d64d6df82d78d
ira_0494.wav,1.1935,3,True,70,0.7734375,0.1,0.0,2,21,True,106,0.9140625,0.02,0.0,12,e615cf85308096659f31042ccb17a911f3fee60e
ira_0495.wav,1.3935,5,True,115,0.94921875,0.1,0.0,2,41,True,122,0.9765625,0.04,0.0,16,1327f848a00a271f03bfee61bbb9d9e4584bff66
ira_0496.wav,1.0735,2,True,106,0.9140625,0.0735,0.0,2,9,True,106,0.9140625,0.03,0.0,9,785534d06028ba09c1607fd9ecd3e61d9488701b
ira_0497.wav,1.2935,4,True,98,0.8828125,0.0,0.0,2,31,True,120,0.96875,0.04,0.0,14,57dc09509347b8b5f96b1565c74245e7ef5b0197
ira_0498.wav,0.9735,1,True,61,0.73828125,0.0,0.0,1,1,True,61,0.73828125,0.0,0.0,1,76fc1eb410c3910d74305d2534b4cc63f49bc859
ira_0499.wav,0.9335,1,True,81,0.81640625,0.0,0.0,1,1,True,81,0.81640625,0.0,0.0,1,751577d374ab19f5742e1885cd346c75cd12502a
ira_0500.wav,1.1535,3,True,95,0.87109375,0.0,0.0,2,17,True,124,0.984375,0.05,0.0,16,671bd6f1a8beb047d59cc2056aa398f9ea1cd043
ira_0501.wav,1.0535,2,True,117,0.95703125,0.0535,0.0,2,7,True,123,0.98046875,0.02,0.0,7,03c70d61c08e4d25f5649017ac9d8bd386ed9090
ira_0502.wav,1.2535,4,True,84,0.828125,0.1,0.0,2,27,True,109,0.92578125,0.06,0.0,13,6b9dd8796aba54345bb63d1d5e9fbf1a175b45c4
ira_0503.wav,1.0535,2,True,119,0.96484375,0.0535,0.0,2,7,True,125,0.98828125,0.03,0.0,7,8c2bf6a09a4ee01d05762c9713fd17829ceeb2ee
ira_0504.wav,1.2135,4,True,90,0.8515625,0.0,0.0,1,23,True,117,0.95703125,0.03,0.0,11,775121bc45b787816e7bd8ccca68d53e7652b150
ira_0505.wav,1.0935,2,True,118,0.9609375,0.0,0.0,2,11,True,125,0.98828125,0.04,0.0,11,c811a6599df97c427be16e4c27718c38d4e40aad
ira_0506.wav,1.1335,3,True,100,0.890625,0.0,0.0,3,15,True,118,0.9609375,0.04,0.0,15,45e42e763b8365c28943f325cbdc31e04a4a75a4
ira_0507.wav,1.2135,4,True,114,0.9453125,0.1,0.0,3,23,True,122,0.9765625,0.03,0.0,19,67983a5c531fd99a352ba617a3c677ac9822085a
ira_0508.wav,1.2135,4,True,118,0.9609375,0.1,0.0,2,23,True,124,0.984375,0.04,0.0,15,c9346d1cf64c41c9651504f3dec2e5b9b3bdd7a4
ira_0509.wav,1.1535,3,True,125,0.98828125,0.1,0.0,3,17,True,127,0.99609375,0.02,0.0,16,7bfc8e52758b2837f16a49b92239a463606961dc
ira_0510.wav,1.3335,5,True,109,0.92578125,0.1,0.0,2,35,True,120,0.96875,0.07,0.0,13,f5dd06531f151ce68532f571a8f1e21f6d756f69
ira_0511.wav,1.8735,10,True,119,0.96484375,0.3,0.0,9,89,True,123,0.98046875,0.36,0.0,80,f5aa450e984d27ad9e76ee94b721347b668ce590
ira_0512.wav,2.0335,12,True,127,0.99609375,0.4,0.0,9,105,True,127,0.99609375,0.17,0.0,83,d2e9aa1ced19d87c26e632b0b74567d484f5bca4
ira_0513.wav,2.2335,14,True,127,0.99609375,0.4,0.0,9,125,True,127,0.99609375,0.4,0.0,85,561f9d185e3f7117db8e9b4f45ce4a5b6af6fa93
ira_0514.wav,2.4335,16,True,126,0.9921875,0.7,0.1,9,145,True,127,0.99609375,0.72,0.02,88,9c6a843e9f500882a84cb5cc4efa490a654dd3be
ira_0515.wav,1.6535,8,True,-17,0.43359375,0.3,0.3,1,67,True,11,0.54296875,0.22,0.22,4,813195c945af963a0b3f99f16c97f2b9816e8954
ira_0516.wav,2.3335,15,True,126,0.9921875,0.3,0.0,8,135,True,126,0.9921875,0.14,0.0,76,4fdb0a8b666a9ef88f2af6ed1768ab9294c85dd2
ira_0517.wav,1.8535,10,True,98,0.8828125,0.2,0.1,8,87,True,123,0.98046875,0.17,0.01,84,6bc0e77e0424ab0e9234aed09bb8ef7f0c9646d2
ira_0518.wav,1.7135,9,True,109,0.92578125,0.1,0.0,8,73,True,123,0.98046875,0.15,0.0,72,d19c6a216baa12987c3017a6097ea699465ac995
ira_0519.wav,1.5935,7,True,125,0.98828125,0.3,0.0,7,61,True,126,0.9921875,0.06,0.0,61,6e937a1f1a3fbe90174e324e937c7c31688fbd2a
ira_0520.wav,1.8735,10,True,124,0.984375,0.2,0.0,6,89,True,125,0.98828125,0.04,0.0,58,523f7b0a2624911d9466090cd5f71126e3674b1d
ira_0521.wav,2.4535,16,True,112,0.9375,0.3,0.0,7,147,True,115,0.94921875,0.34,0.0,66,ed2563add56ce4b1ec21af3e83d762e53e9661b6
ira_0522.wav,1.6935,8,True,33,0.62890625,0.0,0.0,5,71,True,115,0.94921875,0.09,0.0,52,a42ae5ba547f0ea0d8593229c444cbbc278126e8
ira_0523.wav,1.7135,9,True,98,0.8828125,0.4,0.1,8,73,True,102,0.8984375,0.32,0.04,65,9115ff29af1b07010d1a7ebd48acc19b969e9064
ira_0524.wav,1.7135,9,True,108,0.921875,0.3,0.0,6,73,True,117,0.95703125,0.39,0.0,58,e72a4299d119e88d110bbc42d6706d4fcbc8b0d2
ira_0525.wav,1.7535,9,True,112,0.9375,0.5,0.1,6,77,True,115,0.94921875,0.42,0.02,64,89da456641fc45f17553bf1ddc2850975fddef01
ira_0526.wav,1.5735,7,True,126,0.9921875,0.5,0.1,6,59,True,127,0.99609375,0.36,0.02,57,4b4eddf7efcd85548e22ac6dc07146ab2f8d292b
ira_0527.wav,1.9135,11,True,114,0.9453125,0.1,0.0,6,93,True,122,0.9765625,0.02,0.0,59,bc0b59f06fbc9db368ee15bf7124714f5c255356
ira_0528.wav,1.6335,8,True,125,0.98828125,0.4,0.0,8,65,True,126,0.9921875,0.35,0.0,65,19bbd80824874e083e70b9f38a74ac2c93815430
ira_0529.wav,1.3935,5,True,111,0.93359375,0.3,0.0,5,41,True,119,0.96484375,0.37,0.0,41,dd2781f0f50b2a038630425063594011ae2f297f
ira_0530.wav,1.2335,4,True,126,0.9921875,0.2335,0.0,4,25,True,127,0.99609375,0.01,0.0,25,3f0d77da984adbc9257dae29d76d6fd1a9e0027a
ira_0531.wav,1.6735,8,True,109,0.92578125,0.5,0.0,8,69,True,123,0.98046875,0.35,0.0,69,dd4a4382afbd89b21a36cab7340230857a414e7d
ira_0532.wav,1.0935,2,True,120,0.96875,0.0,0.0,2,11,True,127,0.99609375,0.04,0.0,11,d8bf83565114d40f082c4c12d236fefcc8773c6e
ira_0533.wav,1.3935,5,True,70,0.7734375,0.3935,0.0,4,41,True,121,0.97265625,0.03,0.0,34,9b14fa42d9b066eb4005fc741202833b896a816e
ira_0534.wav,1.4735,6,True,127,0.99609375,0.3,0.0,6,49,True,127,0.99609375,0.06,0.0,49,3b3cd5fee7d14822ad8f4c90506e77e1ae5f2ddb
ira_0535.wav,2.0135,12,True,66,0.7578125,0.8,0.4,5,103,True,100,0.890625,0.64,0.4,49,a6b0b3b450434d4de8d74c2a5e7843700fbfc9ba
ira_0536.wav,1.2135,4,False,-95,0.12890625,0.1,,0,23,True,6,0.5234375,0.06,0.03,5,9b11349816d13a49caef0d87c82417bec60dea22
ira_0537.wav,1.6135,8,False,-70,0.2265625,0.1,,0,63,True,66,0.7578125,0.03,0.01,12,b6babbf657f26a028bb8599bc0b65f8a2739fad3
ira_0538.wav,1.7335,9,False,-93,0.13671875,0.0,,0,75,True,-17,0.43359375,0.02,0.02,1,e1f56990fba2459083a36ddd2601133420f97823
ira_0539.wav,1.9935,11,False,-70,0.2265625,0.8,,0,101,False,-53,0.29296875,0.01,,0,99ed2534460e6cc16b3897d03668e33ee7fe23f6
ira_0540.wav,1.8135,10,False,-57,0.27734375,0.8135,,0,83,True,-11,0.45703125,0.02,0.01,3,4d4e28ceeee87f459c24184e8e30ed198121ff66
ira_0541.wav,2.3535,15,True,112,0.9375,0.7,0.0,10,137,True,115,0.94921875,0.54,0.0,84,ca774de533a06b7a18951039e978144c39363d69
ira_0542.wav,2.4335,16,True,33,0.62890625,1.4,0.5,5,145,True,111,0.93359375,0.51,0.01,45,2137668bbd5271a203dda63b6c41bc662bf4abc9
ira_0543.wav,1.6535,8,True,-22,0.4140625,0.1,0.1,1,67,True,43,0.66796875,0.04,0.02,6,5a78d95ea26a51e7393d53ca82e328f407a0bed1
ira_0544.wav,1.4735,6,True,53,0.70703125,0.1,0.1,5,49,True,61,0.73828125,0.26,0.04,35,c9970cd6262da6e921de8f5aebf3c416fff0f6ca
ira_0545.wav,2.1735,13,True,17,0.56640625,0.1,0.1,1,119,True,57,0.72265625,0.06,0.01,10,39559f96b84bd3317bf001df5a07178646534c4c
ira_0546.wav,1.5735,7,False,-33,0.37109375,0.3,,0,59,True,-22,0.4140625,0.28,0.28,1,3a6ef84c1f7def65a2442dd4a155e9046a953c8d
ira_0547.wav,1.4735,6,True,93,0.86328125,0.4735,0.4,2,49,True,93,0.86328125,0.4735,0.01,19,e20a1cbf9e61c31a9e055c6743154afd1c3fdf25
ira_0548.wav,1.8535,10,True,17,0.56640625,0.3,0.3,2,87,True,84,0.828125,0.39,0.07,24,ea25e14ce03ea09d8e18faa386a5abb0fd336a56
ira_0549.wav,1.6735,8,True,27,0.60546875,0.5,0.5,3,69,True,43,0.66796875,0.64,0.48,18,01f76ac2b28bd4744a4bb6f00a17de807ba4b575
ira_0550.wav,1.7335,9,True,48,0.6875,0.7,0.0,6,75,True,117,0.95703125,0.63,0.0,47,59a309e17054942b0b80a88605461563cf101457
ira_0551.wav,2.0935,12,True,100,0.890625,0.0,0.0,5,111,True,123,0.98046875,0.03,0.0,31,426d2e42c00eb727d39723e71077a1b32f12b4a3
ira_0552.wav,2.0135,12,True,106,0.9140625,0.0,0.0,4,103,True,124,0.984375,0.02,0.0,30,59bf3410788394e9519fe5055d21670de6edf544
ira_0553.wav,2.0335,12,True,-6,0.4765625,0.4,0.4,3,105,True,38,0.6484375,0.03,0.01,28,6b3eb1b30a01bae3fd227b49abc412ad36d394fa
ira_0554.wav,1.5535,7,True,116,0.953125,0.2,0.0,7,57,True,123,0.98046875,0.04,0.0,57,04e13c64c70cdd7a50df0b625e39be19b59d511e
ira_0555.wav,2.0135,12,True,123,0.98046875,0.6,0.0,9,103,True,123,0.98046875,0.58,0.0,83,af509f7f0aae995da39fa41b333764044d319d6b
ira_0556.wav,1.6935,8,False,-53,0.29296875,0.6935,,0,71,False,-53,0.29296875,0.6935,,0,ce35f6aa5aaab9dbd59410f988a5e3ec4b1742fc
ira_0557.wav,1.9335,11,True,61,0.73828125,0.4,0.3,6,95,True,109,0.92578125,0.25,0.01,74,6412f8fbb33de78c410eadd1ecd9990ac411f8fe
ira_0558.wav,2.2335,14,True,22,0.5859375,0.0,0.0,2,125,True,93,0.86328125,0.05,0.0,22,9aa458eeb2a701331f9f880f7210bfaa6be171ba
ira_0559.wav,1.7335,9,True,66,0.7578125,0.2,0.2,4,75,True,111,0.93359375,0.37,0.03,56,babe0985684f1bd83c11a0f75815f0ca15660b5e
ira_0560.wav,1.2335,4,True,98,0.8828125,0.1,0.0,3,25,True,112,0.9375,0.09,0.0,23,e2631c18b899ec737189538024c264c9d24ca015
ira_0561.wav,1.6335,8,True,123,0.98046875,0.1,0.0,3,65,True,123,0.98046875,0.1,0.0,26,960624820827e52032daa9063437d951d9f3d865
ira_0562.wav,2.0135,12,True,115,0.94921875,0.8,0.4,8,103,True,124,0.984375,0.74,0.34,69,2442dd4c57767e4a9cb12f04f809c8a4e74f5853
ira_0563.wav,1.6935,8,True,87,0.83984375,0.6,0.1,6,71,True,100,0.890625,0.52,0.03,56,63322293fadf7416cb0c35945198c10d3efc3d9a
ira_0564.wav,1.4935,6,True,66,0.7578125,0.4,0.1,5,51,True,87,0.83984375,0.42,0.03,48,062518510bc1cae249b775a6521d6df76caef099
ira_0565.wav,1.5735,7,True,116,0.953125,0.4,0.1,6,59,True,124,0.984375,0.33,0.01,58,8a8e8b12e91dbdac24102fe413fbfd566ad134de
ira_0566.wav,2.0335,12,True,122,0.9765625,0.4,0.1,8,105,True,123,0.98046875,0.47,0.04,79,c81b53f53eb0f2b7ec6791a52a314f1fd882e5ac
ira_0567.wav,2.0735,12,True,43,0.66796875,1.0,0.1,5,109,True,95,0.87109375,0.42,0.01,47,6d40a9a921bf3628cce212afb5aed749332c5455
ira_0568.wav,1.8735,10,True,122,0.9765625,0.7,0.1,9,89,True,124,0.984375,0.54,0.01,77,74b283da53ed115cd069a2ac1623b3f6527ff0d2
ira_0569.wav,1.4335,6,True,118,0.9609375,0.4335,0.1,5,45,True,120,0.96875,0.12,0.01,44,0f39b4a9ca6b7b1ae2f01c313d8d1927686d0f28
ira_0570.wav,2.2735,14,True,116,0.953125,0.6,0.0,9,129,True,118,0.9609375,0.52,0.0,89,610ce48244e0ec396f388601cc08e367cdf92054
ira_0571.wav,1.2735,4,True,113,0.94140625,0.1,0.1,3,29,True,124,0.984375,0.13,0.01,28,5e520cf1780dac890414fa723cf8ad5f610bdd04
ira_0572.wav,1.5535,7,True,126,0.9921875,0.1,0.0,7,57,True,127,0.99609375,0.13,0.0,57,21d6ac56734d35a8ed762fdce265ada5dd277a20
ira_0573.wav,1.5735,7,False,-61,0.26171875,0.1,,0,59,False,-43,0.33203125,0.13,,0,6154175d62e085375555281659084a4c20e42b40
ira_0574.wav,1.8335,10,False,-53,0.29296875,0.0,,0,85,True,-17,0.43359375,0.02,0.02,1,3655e85905df577e260f858b8a49f697209551d7
ira_0575.wav,1.5335,7,True,109,0.92578125,0.5,0.0,7,55,True,114,0.9453125,0.47,0.0,55,6be6f4e5f51b9ae212ab2d5d9695daba14ee778e
ira_0576.wav,2.1335,13,False,-57,0.27734375,0.0,,0,115,True,22,0.5859375,0.01,0.01,4,12d275d8dcf05fb728bef138eca98f6d55d73c41
ira_0577.wav,1.6535,8,False,-98,0.1171875,0.0,,0,67,True,-22,0.4140625,0.03,0.03,1,4b7606fc148ebcd695c2c42cf81d0e337c281d93
ira_0578.wav,1.7135,9,False,-53,0.29296875,0.3,,0,73,True,27,0.60546875,0.02,0.02,5,a1be5202d2a200b518d822dc4c5019497ff22956
ira_0579.wav,1.7535,9,True,111,0.93359375,0.3,0.0,9,77,True,125,0.98828125,0.45,0.0,77,3b1c563866488035c6eb4b635410869ab0d0280e
ira_0580.wav,1.2535,4,True,127,0.99609375,0.2,0.0,4,27,True,127,0.99609375,0.2,0.0,27,dc8ead171be8730abef117e26d5ffbd5c4293d91
ira_0581.wav,1.2735,4,False,-33,0.37109375,0.0,,0,29,True,81,0.81640625,0.03,0.01,9,4637e9a7d6647af5551c57939a8c9bcd24198c51
ira_0582.wav,0.9735,1,True,100,0.890625,0.0,0.0,1,1,True,100,0.890625,0.0,0.0,1,9b6e9104b92f47e9d56d9c87e75a6d11a085f530
ira_0583.wav,1.0535,2,True,115,0.94921875,0.0535,0.0,2,7,True,126,0.9921875,0.04,0.0,7,6706e740a4730db632f7fa97dcc9076231f10cb0
ira_0584.wav,1.2535,4,True,123,0.98046875,0.0,0.0,4,27,True,125,0.98828125,0.08,0.0,27,a40e8b1a0d924adf8ade6ccc316745683cab7b61
ira_0585.wav,1.7135,9,True,106,0.9140625,0.3,0.3,6,73,True,109,0.92578125,0.46,0.03,48,88df8f57267dffd6130c2d1fd686ef5fa92a7d43
ira_0586.wav,1.5335,7,True,120,0.96875,0.3,0.1,6,55,True,120,0.96875,0.3,0.02,45,b9613fee85cfec2ba8b285dbfcf14dd3065f5dae
ira_0587.wav,1.2935,4,True,117,0.95703125,0.1,0.0,4,31,True,125,0.98828125,0.02,0.0,31,d29797125d052b992d6047a838ad73cec5b3f63b
ira_0588.wav,1.5335,7,True,127,0.99609375,0.2,0.0,7,55,True,127,0.99609375,0.04,0.0,55,75d31e85985fb64263fefd89504c1c1349164913
ira_0589.wav,1.3935,5,True,123,0.98046875,0.1,0.0,5,41,True,125,0.98828125,0.04,0.0,41,f2518d8ce7dcd8eff02c1401d5c6321d38e22615
ira_0590.wav,1.6735,8,True,115,0.94921875,0.6,0.2,6,69,True,115,0.94921875,0.6,0.15,49,251f93a34e401e22600efb7cf96d48299385e8cb
ira_0591.wav,1.5935,7,True,127,0.99609375,0.1,0.0,7,61,True,127,0.99609375,0.04,0.0,61,c47f9b9d00cf7aaa517b37a9f42b65db441780aa
ira_0592.wav,0.9735,1,True,122,0.9765625,0.0,0.0,1,1,True,122,0.9765625,0.0,0.0,1,d956a200c996fa3cb0a4b1a81a5bfb3eaac184e8
ira_0593.wav,1.2135,4,True,114,0.9453125,0.2135,0.1,3,23,True,114,0.9453125,0.2135,0.01,22,07e1eb941894fe9047eb7d5ddcd718058df93383
ira_0594.wav,1.2335,4,True,124,0.984375,0.1,0.0,4,25,True,127,0.99609375,0.05,0.0,25,bb63017941be9a623c73e9befcf502a39eb2238f
ira_0595.wav,2.5735,17,True,108,0.921875,0.5,0.3,6,159,True,120,0.96875,0.53,0.01,72,dcf93599026065d4159db81a9e6b559de33c36a6
ira_0596.wav,1.5535,7,True,90,0.8515625,0.5,0.0,5,57,True,116,0.953125,0.53,0.0,41,ff634826ba80316b87c6a27b00505fb2cd659a25
ira_0597.wav,1.9135,11,True,122,0.9765625,0.1,0.0,6,93,True,126,0.9921875,0.02,0.0,55,89d63d0b2ab5ef4cfaf2b75d80fe3eec63922772
ira_0598.wav,1.7135,9,True,126,0.9921875,0.3,0.0,9,73,True,126,0.9921875,0.22,0.0,73,9dfe1541bb61d5423c62fd5f09bf2b362ac881c8
ira_0599.wav,1.3135,5,True,126,0.9921875,0.3135,0.0,5,33,True,126,0.9921875,0.02,0.0,33,f0cc3ce3b7057b8de16f3fc2229687c0848d996e
ira_0600.wav,1.5535,7,True,109,0.92578125,0.1,0.0,5,57,True,121,0.97265625,0.02,0.0,41,692b56016ae1a1412dae84a49df45751c8543e70
ira_0601.wav,1.4735,6,True,90,0.8515625,0.0,0.0,3,49,True,113,0.94140625,0.02,0.0,35,9c8e1b8b5bf1ea86fe0104b755510244d6349690
ira_0602.wav,1.5735,7,True,106,0.9140625,0.5735,0.0,7,59,True,120,0.96875,0.04,0.0,59,6c518e8f1ee0edf20d382f3bc8e358173d48afa2
ira_0603.wav,1.2335,4,True,116,0.953125,0.1,0.0,4,25,True,126,0.9921875,0.05,0.0,25,2deb0361ba39b9c2ea6efa2e23f8061e604f795d
ira_0604.wav,1.5135,7,True,112,0.9375,0.1,0.0,5,53,True,123,0.98046875,0.05,0.0,42,3c6330c83c03e57bd2943339325a5a1249124615
ira_0605.wav,1.5135,7,True,122,0.9765625,0.2,0.0,6,53,True,127,0.99609375,0.05,0.0,50,c5f5495fa7cbd13b5e127c4e2844dd0a48d170f7
ira_0606.wav,1.3935,5,True,126,0.9921875,0.1,0.0,5,41,True,127,0.99609375,0.02,0.0,41,7259f9a996692d9798087807a3d444aa7a56f6a5
ira_0607.wav,1.6935,8,True,119,0.96484375,0.1,0.0,8,71,True,123,0.98046875,0.03,0.0,70,2f3fe4810893b633a3fff3b08718640135cba8c4
ira_0608.wav,1.4735,6,True,122,0.9765625,0.1,0.0,6,49,True,127,0.99609375,0.03,0.0,49,63b6398c93eea6ed95fa4b6deea50d3c63b36bcf
ira_0609.wav,2.2135,14,True,115,0.94921875,0.8,0.0,10,123,True,118,0.9609375,0.04,0.0,83,350b26f94c9dfe92f2fe217c23c038ed94dc4afd
ira_0610.wav,1.7735,9,True,74,0.7890625,0.1,0.0,6,79,True,111,0.93359375,0.04,0.0,59,ed22cfd0efb8cb0f18442251979b3bdc4973a3ba
ira_0611.wav,1.8535,10,True,108,0.921875,0.1,0.0,6,87,True,122,0.9765625,0.02,0.0,48,f4a7dea871437c54173cd31a43091651225687b7
ira_0612.wav,1.8735,10,True,70,0.7734375,0.2,0.0,5,89,True,123,0.98046875,0.03,0.0,48,c6e7ee39cbda358c42cb64d1e4e4586d7962b399
ira_0613.wav,1.9335,11,True,90,0.8515625,0.6,0.3,7,95,True,104,0.90625,0.54,0.01,68,104ca202c08e4d9c86481f7b562bf7cbcd1acb5e
ira_0614.wav,1.6935,8,True,122,0.9765625,0.1,0.0,7,71,True,126,0.9921875,0.15,0.0,68,be4ec9c85f1efb60198bf9aa4479de68d0e7cc0e
ira_0615.wav,1.4935,6,True,87,0.83984375,0.1,0.0,5,51,True,116,0.953125,0.02,0.0,46,5e8e4df0d3a3a68cd00480ef250bac16b9690772
ira_0616.wav,1.5335,7,True,90,0.8515625,0.4,0.2,4,55,True,95,0.87109375,0.24,0.08,25,8d2f1df88acf1d6a48c74f6378c80dc6b46564ff
ira_0617.wav,1.1535,3,True,124,0.984375,0.0,0.0,3,17,True,126,0.9921875,0.02,0.0,17,d5ffe8d2189c41dde31ea97bdd3533e17864386a
ira_0618.wav,1.1935,3,True,117,0.95703125,0.0,0.0,3,21,True,125,0.98828125,0.04,0.0,21,1700aa18b528705ded2b736b67f481dfb83fa220
ira_0619.wav,1.2135,4,True,106,0.9140625,0.0,0.0,4,23,True,125,0.98828125,0.03,0.0,23,f796daca7c4f1955af540504977b02ac092dae1e
ira_0620.wav,1.1535,3,True,106,0.9140625,0.1,0.0,3,17,True,122,0.9765625,0.05,0.0,17,724eec50b57b92693d6d54dc1258ab89f1b387ef
ira_0621.wav,1.1935,3,True,115,0.94921875,0.0,0.0,3,21,True,126,0.9921875,0.03,0.0,21,856904db55ef5a5c5e5084c56658ffc2640dd03b
ira_0622.wav,1.4135,6,True,119,0.96484375,0.3,0.0,6,43,True,124,0.984375,0.06,0.0,43,1c9ddab040946bea41ed97764d1d17e0a31b01c5
ira_0623.wav,1.3335,5,True,124,0.984375,0.2,0.0,5,35,True,126,0.9921875,0.04,0.0,35,1b67b001974e453bedec1d8a4069538330b2c6e6
ira_0624.wav,1.6935,8,True,57,0.72265625,0.4,0.2,6,71,True,87,0.83984375,0.41,0.05,58,41d6edd040a7f714d2cb5c75d744a00397e52d99
ira_0625.wav,1.2735,4,True,122,0.9765625,0.1,0.0,4,29,True,125,0.98828125,0.02,0.0,29,c561d762ea60b5a169ec3793d11383ba5805ba56
ira_0626.wav,1.2335,4,True,109,0.92578125,0.1,0.0,4,25,True,121,0.97265625,0.04,0.0,25,772c171bfadd196f9ba693cfc43cdf816f228cf6
ira_0627.wav,1.2535,4,True,120,0.96875,0.2,0.0,4,27,True,125,0.98828125,0.06,0.0,27,2b67c2e5460aeee6c1a373046c78871a02548964
ira_0628.wav,1.4335,6,True,87,0.83984375,0.4335,0.1,5,45,True,102,0.8984375,0.41,0.01,42,96f7631d722e59da9ae3bfdd6229e13b8a30a320
ira_0629.wav,1.3535,5,True,120,0.96875,0.2,0.0,5,37,True,122,0.9765625,0.28,0.0,36,632b433fffd1859882bbbc9a8626eb3f85ee44da
ira_0630.wav,1.3335,5,True,111,0.93359375,0.3,0.0,5,35,True,114,0.9453125,0.06,0.0,35,b8ec4abb000d71995670e1a8c4875f2f67fcceba
ira_0631.wav,1.3135,5,True,119,0.96484375,0.3135,0.1,4,33,True,119,0.96484375,0.3135,0.01,32,9006d95612d7d134c37741237680166e554e30a5
ira_0632.wav,1.6135,8,True,124,0.984375,0.3,0.0,8,63,True,126,0.9921875,0.04,0.0,63,93157beaf59da249d72d7bcb8d02774ce543ffc7
ira_0633.wav,1.1735,3,True,90,0.8515625,0.0,0.0,3,19,True,114,0.9453125,0.05,0.0,19,a46e70589aaa005b5dfca9d2dd055668124e5725
ira_0634.wav,2.0335,12,True,112,0.9375,0.1,0.0,8,105,True,113,0.94140625,0.42,0.0,75,3df00aef03b45a3c2183faddf6c7846e1d289150
ira_0635.wav,1.4535,6,True,114,0.9453125,0.4535,0.0,6,47,True,114,0.9453125,0.4535,0.0,47,4de99d1ab2f7691784fef800278f1efdc6ca2752
ira_0636.wav,1.7535,9,True,74,0.7890625,0.1,0.0,5,77,True,118,0.9609375,0.04,0.0,43,444dbbf792cf960700242ac1a00d0d83400c3727
ira_0637.wav,1.5135,7,True,109,0.92578125,0.1,0.0,7,53,True,121,0.97265625,0.07,0.0,53,9ccc9ee5c75490fb878824104f378435918f634e
ira_0638.wav,1.2335,4,True,95,0.87109375,0.2,0.0,4,25,True,106,0.9140625,0.19,0.0,25,a03d9512d3ed75ea5d1d15c7cbf600497959cef3
ira_0639.wav,1.7135,9,False,-33,0.37109375,0.7135,,0,73,True,27,0.60546875,0.57,0.41,4,87a0ac69094b484d3252141f477c6b69c3b5a7b2
ira_0640.wav,1.2135,4,False,-120,0.03125,0.0,,0,23,False,-120,0.03125,0.0,,0,5461e9473acceb508b79894c4b8736b5d3a56ddc
ira_0641.wav,1.3535,5,True,33,0.62890625,0.0,0.0,5,37,True,61,0.73828125,0.05,0.0,28,b9f3323da862f275d18aa60f347611bb61defe59
ira_0642.wav,1.2335,4,False,-87,0.16015625,0.2335,,0,25,False,-87,0.16015625,0.2335,,0,27556591c4fd7f6a52f0f1181ba8218f53e68a25
ira_0643.wav,1.0935,2,True,90,0.8515625,0.0935,0.0,2,11,True,102,0.8984375,0.06,0.0,11,2ce35071ce79eb0ca69b80e89489bc6819131eae
ira_0644.wav,1.4335,6,True,84,0.828125,0.2,0.1,4,45,True,87,0.83984375,0.28,0.03,38,e10171b89fe4d06b98c4ec00f18b7d881b5453ba
ira_0645.wav,0.9735,1,True,111,0.93359375,0.0,0.0,1,1,True,111,0.93359375,0.0,0.0,1,f26deef248caa0c9d2605f467b5fbe32c55c723f
ira_0646.wav,1.4135,6,True,95,0.87109375,0.3,0.1,5,43,True,102,0.8984375,0.34,0.06,30,c4c3f2f147eb48c949a7774440288b2636b95f9c
ira_0647.wav,1.5335,7,True,81,0.81640625,0.3,0.1,6,55,True,81,0.81640625,0.3,0.03,52,9d917b4969108637b427b8eb0584df2c6a5914ab
ira_0648.wav,1.4735,6,True,53,0.70703125,0.2,0.2,4,49,True,81,0.81640625,0.36,0.11,36,ee1e1a3944d0528cf8ae46dff74214b3cd9954af
ira_0649.wav,1.2135,4,True,48,0.6875,0.2135,0.0,3,23,True,48,0.6875,0.2135,0.0,21,5a5b02c43c503624a86352c1a881f2dd5ee3e4b9
ira_0650.wav,1.3535,5,True,102,0.8984375,0.3,0.1,4,37,True,114,0.9453125,0.23,0.03,34,a4746510886faec37fc4233f69f4224d66224824
ira_0651.wav,1.9935,11,True,102,0.8984375,0.5,0.2,7,101,True,109,0.92578125,0.43,0.14,68,475aaa38a0870e88f98f55e951ec0c3d015a3bb9
ira_0652.wav,1.2935,4,True,70,0.7734375,0.2,0.1,3,31,True,77,0.80078125,0.28,0.01,23,3115c6003b1d1855a85968138ca9f397358e9e2b
ira_0653.wav,1.4135,6,True,33,0.62890625,0.3,0.2,3,43,True,84,0.828125,0.25,0.07,31,83bf39b5874c9dd0154662d230f4f89b3681d9d2
ira_0654.wav,1.0335,2,True,22,0.5859375,0.0,0.0,1,5,True,66,0.7578125,0.02,0.0,2,c701fe05184c2e2b104c040d514d69221b954856
ira_0655.wav,1.7135,9,True,95,0.87109375,0.7,0.4,5,73,True,111,0.93359375,0.67,0.35,37,b5c0d75cdc847a3e640aff8e70fd42db5794ea23
ira_0656.wav,1.5735,7,True,70,0.7734375,0.4,0.3,4,59,True,90,0.8515625,0.56,0.3,28,7c5d186737a49da1129e82125d5e6ffb9e342a10
ira_0657.wav,1.5335,7,False,-57,0.27734375,0.4,,0,55,False,-33,0.37109375,0.34,,0,a4f71227aa741258e5d58dc31a37ed02104e9e4d
ira_0658.wav,1.4535,6,False,-43,0.33203125,0.2,,0,47,False,-43,0.33203125,0.2,,0,16ee6dd5f7f6d98f42f5b4c5b7b7bd0c4fac028b
ira_0659.wav,1.3935,5,True,81,0.81640625,0.1,0.0,4,41,True,111,0.93359375,0.02,0.0,30,33f25b5a492d6e8336b5c965b32ceff522a6f46d
ira_0660.wav,1.3735,5,True,61,0.73828125,0.1,0.0,2,39,True,108,0.921875,0.09,0.0,24,6e0643fb1b0ae4871afe937ad4a41b6c8d6cc7f9
ira_0661.wav,1.4135,6,True,114,0.9453125,0.1,0.0,6,43,True,118,0.9609375,0.08,0.0,42,faac08006474e3e107abc1a18c4417a94c236982
ira_0662.wav,1.1735,3,True,48,0.6875,0.1,0.0,2,19,True,98,0.8828125,0.04,0.0,12,a8c610c4c95e371f0591625ff0127147998603c0
ira_0663.wav,1.1935,3,True,111,0.93359375,0.0,0.0,3,21,True,120,0.96875,0.06,0.0,21,a8038b52b95299b401af260dfd3bc5eb8f579437
ira_0664.wav,1.3335,5,True,57,0.72265625,0.2,0.0,3,35,True,113,0.94140625,0.04,0.0,19,c25b7b9942fb953a4f51fadc6c15d9d6e4e2a425
ira_0665.wav,1.3535,5,True,48,0.6875,0.1,0.0,5,37,True,115,0.94921875,0.05,0.0,30,8755f3e382f0140f43af4744d8a7db4527249ec1
ira_0666.wav,1.5935,7,True,81,0.81640625,0.3,0.1,5,61,True,100,0.890625,0.42,0.06,44,55c491f2084351ecf10c930c1f9f1185c9e0f27f
ira_0667.wav,1.9135,11,True,33,0.62890625,0.5,0.1,4,93,True,102,0.8984375,0.35,0.01,52,a9562eff9acb1e102ad4d645342443c924610a25
ira_0668.wav,1.4135,6,True,-17,0.43359375,0.1,0.1,3,43,True,74,0.7890625,0.21,0.03,19,eecef5baf3a687fe9f707703e6e83e67eb6e2d7e
ira_0669.wav,1.6735,8,True,102,0.8984375,0.1,0.0,4,69,True,123,0.98046875,0.03,0.0,41,b45e77b39cdd7040f50ca57b62f75d955311cd0f
ira_0670.wav,1.6535,8,True,84,0.828125,0.4,0.0,6,67,True,120,0.96875,0.37,0.0,63,9de701482045e5261d0b103fefb13582d3152466
ira_0671.wav,1.6335,8,True,90,0.8515625,0.1,0.0,5,65,True,100,0.890625,0.06,0.0,48,0096f44b8f7cdd870332d1f3f63b6828c2e5c6f3
ira_0672.wav,1.6135,8,True,111,0.93359375,0.3,0.0,7,63,True,119,0.96484375,0.37,0.0,62,f40588fb721c387f46470b6731f361628af23efa
ira_0673.wav,1.5535,7,True,98,0.8828125,0.4,0.0,7,57,True,109,0.92578125,0.06,0.0,37,714e086fea0a4d30eeb34eb6269377484001f9a9
ira_0674.wav,1.5935,7,True,127,0.99609375,0.4,0.0,7,61,True,127,0.99609375,0.24,0.0,59,c743fa9f8fc3b09c0f7e15bbae8ca0550250f15a
ira_0675.wav,1.4335,6,True,117,0.95703125,0.4,0.0,6,45,True,119,0.96484375,0.33,0.0,45,5c48605c820bceb87148d5998101c8854a04c3ac
ira_0676.wav,1.5735,7,True,109,0.92578125,0.4,0.0,6,59,True,111,0.93359375,0.07,0.0,52,2be90605818af3d8554d1196b99d0d7d2a29847a
ira_0677.wav,1.6535,8,True,104,0.90625,0.1,0.0,6,67,True,106,0.9140625,0.06,0.0,54,9b8ec792e29d4be7bfb0d55507e88f201542cf0f
ira_0678.wav,1.2135,4,True,6,0.5234375,0.1,0.0,2,23,True,102,0.8984375,0.05,0.0,12,35bcf497e289260ed3f8fce004e1cbace3f20d12
ira_0679.wav,1.3335,5,True,90,0.8515625,0.0,0.0,4,35,True,115,0.94921875,0.04,0.0,26,6753771068c1bdc0f4dbac185c29ac4a406c4ecb
ira_0680.wav,1.4335,6,True,33,0.62890625,0.1,0.1,1,45,True,93,0.86328125,0.06,0.01,9,6fef8f56316ad134f72d5b40fc85e397850869f2
ira_0681.wav,1.2535,4,True,33,0.62890625,0.2535,0.1,2,27,True,33,0.62890625,0.2535,0.07,3,a01f21eb53994c02a29c975ea9c04d1f15b244cc
ira_0682.wav,1.3335,5,False,-120,0.03125,0.1,,0,35,False,-117,0.04296875,0.05,,0,a572c069e141628a3430f6f15d822f497b516b45
ira_0683.wav,1.4135,6,False,-43,0.33203125,0.4135,,0,43,True,0,0.5,0.41,0.25,3,b6adb75a8a5bddd4a1f7301ce38096694eb118fa
ira_0684.wav,1.0935,2,False,-48,0.3125,0.0935,,0,11,True,-22,0.4140625,0.09,0.09,1,ff2e3d5f802e6ca657c14e2e846dadd8b8b20043
ira_0685.wav,1.2535,4,False,-87,0.16015625,0.2,,0,27,False,-87,0.16015625,0.2,,0,e8de927b3b4ced2e2771e080de25bdaa0df23ca2
ira_0686.wav,1.4335,6,True,-11,0.45703125,0.4,0.4,1,45,True,-11,0.45703125,0.4,0.4,1,8f8e8eecf9715930de6633866fcd1b3c1363066b
ira_0687.wav,1.3335,5,False,-66,0.2421875,0.2,,0,35,False,-53,0.29296875,0.21,,0,bbc0b30e1794ac02b772510bb33604e0f6c9783a
ira_0688.wav,1.3335,5,True,-22,0.4140625,0.3,0.3,1,35,True,-22,0.4140625,0.3,0.3,1,a3ac520c76b77afab8cbd65171139ceccb2feef3
ira_0689.wav,1.1735,3,False,-38,0.3515625,0.1,,0,19,True,-22,0.4140625,0.14,0.14,1,3d38c3b27038b23fa55b32b9e695c0e91090d06d
ira_0690.wav,1.0535,2,True,-17,0.43359375,0.0535,0.0535,1,7,True,17,0.56640625,0.04,0.02,3,e732e926e3db905cd8ae972c02137a9d8e8bb6f7
ira_0691.wav,1.3735,5,False,-61,0.26171875,0.3,,0,39,True,17,0.56640625,0.35,0.27,2,73155f5a422068f0355a5845c0ffbbf09647d17e
ira_0692.wav,1.3735,5,False,-120,0.03125,0.3,,0,39,False,-118,0.0390625,0.24,,0,aa370c7e0e4cf31fb4cdaa39d776632e82711362
ira_0693.wav,1.3335,5,False,-66,0.2421875,0.3,,0,35,False,-66,0.2421875,0.3,,0,092cb3e266bd3aab614ea508ebbeda31677c4f52
ira_0694.wav,1.1135,3,False,-111,0.06640625,0.1,,0,13,False,-98,0.1171875,0.06,,0,a1fc3cb9f8df3c644feae5a8440d7f8b5c96c028
ira_0695.wav,1.1335,3,False,-77,0.19921875,0.1335,,0,15,False,-27,0.39453125,0.11,,0,9f3ab942117fcf215564854edc851d7569ab25bd
ira_0696.wav,1.6335,8,True,57,0.72265625,0.6335,0.6335,1,65,True,57,0.72265625,0.6335,0.48,9,55b7234ebefae0e4618bfc90d9678b4b756d3706
ira_0697.wav,1.3335,5,True,43,0.66796875,0.2,0.1,3,35,True,57,0.72265625,0.28,0.02,23,b7b60753163758a074b98922a04179822551252c
ira_0698.wav,1.2135,4,True,124,0.984375,0.2,0.0,4,23,True,124,0.984375,0.2,0.0,23,63c3c44fa777f45dd6b2922a8e81907d74552822
ira_0699.wav,1.1935,3,True,87,0.83984375,0.1935,0.0,3,21,True,100,0.890625,0.07,0.0,21,7629f453f7d7514ddd42ccdf58d040289ce7cf2e
ira_0700.wav,1.3535,5,True,114,0.9453125,0.2,0.0,5,37,True,121,0.97265625,0.24,0.0,37,46ccbb10c4c444e637b8651b52a6bcedf2cab527
ira_0701.wav,1.1335,3,True,114,0.9453125,0.1,0.0,3,15,True,119,0.96484375,0.06,0.0,15,85e41849319686029f7b2d1ea3326bb054331085
ira_0702.wav,1.9135,11,True,125,0.98828125,0.8,0.6,5,93,True,126,0.9921875,0.88,0.58,35,47642779b7389676c7a9d10a97b41bacef1e195e
ira_0703.wav,1.2735,4,True,124,0.984375,0.2735,0.1,3,29,True,126,0.9921875,0.21,0.01,28,14b5d119ce33c06c0564e9dc5b738118a44d7bcb
ira_0704.wav,1.4535,6,True,113,0.94140625,0.4535,0.3,3,47,True,120,0.96875,0.44,0.26,19,c0f20bb07e272e8ca309ba84ab47f97c7328afb2
ira_0705.wav,1.2935,4,True,109,0.92578125,0.2935,0.1,3,31,True,114,0.9453125,0.29,0.04,27,31b3a39609399b1ed3beab08f5344bf0c5e93fda
ira_0706.wav,1.2535,4,True,100,0.890625,0.2,0.1,3,27,True,100,0.890625,0.2,0.08,11,3f2ce34f251da3edf3d89dd40573494c6a10e939
ira_0707.wav,1.4135,6,True,102,0.8984375,0.4135,0.1,5,43,True,104,0.90625,0.33,0.05,37,9b2167e637d62981f8e50c94abd8ba312a55708e
ira_0708.wav,1.2535,4,True,102,0.8984375,0.2,0.0,4,27,True,102,0.8984375,0.16,0.0,27,3f342f082e689c7f2365299c22dcb343aed9c6ef
ira_0709.wav,1.2135,4,True,77,0.80078125,0.2,0.0,3,23,True,81,0.81640625,0.08,0.0,21,56c3508bd60df19b5970458ce0fb4e1490bf2afe
ira_0710.wav,1.2135,4,True,124,0.984375,0.2,0.1,3,23,True,124,0.984375,0.2,0.01,22,3b1da5babea373161de658271662dd230feb867a
ira_0711.wav,0.9935,1,True,123,0.98046875,0.0,0.0,1,1,True,123,0.98046875,0.0,0.0,1,0ad3aee054dae11c0ea3d27357d2fa8fa88dfba0
ira_0712.wav,1.4735,6,True,27,0.60546875,0.4735,0.3,2,49,True,38,0.6484375,0.31,0.3,15,043a56346d3c17da20e26d2a779042206f3fe624
ira_0713.wav,1.1335,3,True,121,0.97265625,0.1335,0.0,3,15,True,121,0.97265625,0.08,0.0,15,b74d0666f5fd0956d967675071b44c7906a1a353
ira_0714.wav,1.1135,3,True,98,0.8828125,0.1135,0.1,2,13,True,111,0.93359375,0.07,0.01,11,8417369b6829fe49a3952805a446cadd8777f916
ira_0715.wav,1.1335,3,True,90,0.8515625,0.1335,0.1,2,15,True,106,0.9140625,0.11,0.03,11,1b18b0273caafd901b9a98b6621f7edab01f558f
ira_0716.wav,1.1335,3,True,115,0.94921875,0.1,0.0,3,15,True,123,0.98046875,0.05,0.0,15,c6740a32069bfb0fb2a3289e8ee213640adcc4cb
ira_0717.wav,1.1935,3,True,108,0.921875,0.1,0.0,3,21,True,121,0.97265625,0.07,0.0,21,d1e517405c7e1fd7a7780437119c18ac387e36a2
ira_0718.wav,1.1335,3,True,81,0.81640625,0.1335,0.1,2,15,True,104,0.90625,0.08,0.04,11,a032b6fc0cf97df306a8b01a0e54a2811fb4bd0d
ira_0719.wav,1.7535,9,True,6,0.5234375,0.7,0.1,3,77,True,77,0.80078125,0.04,0.04,18,0e79ca491a9f906603a5729f362b1f311cf788c1
ira_0720.wav,1.5535,7,True,53,0.70703125,0.5535,0.5,2,57,True,53,0.70703125,0.54,0.48,9,b65e34d27fca2b066d7f9ba0684cdbc8b66b8fcb
ira_0721.wav,1.0535,2,True,108,0.921875,0.0535,0.0,2,7,True,108,0.921875,0.0535,0.0,7,f10068525d8faac2abdcbeef673b333c56321906
ira_0722.wav,2.0135,12,True,43,0.66796875,1.0135,1.0,2,103,True,53,0.70703125,1.01,0.93,5,f8b1c7460d4db81daa9feadb6e0349d9bd8b0e24
ira_0723.wav,1.3535,5,True,-22,0.4140625,0.3,0.3,1,37,True,48,0.6875,0.32,0.3,5,b12cfe881b4aad3e97938dbcc20bcd347ed74bc7
ira_0724.wav,1.2135,4,True,117,0.95703125,0.2135,0.0,4,23,True,121,0.97265625,0.05,0.0,23,6cca792a241985ad3085b455d4e626693d5c9f0e
ira_0725.wav,1.0735,2,True,104,0.90625,0.0735,0.0,2,9,True,104,0.90625,0.0735,0.0,9,2da8cddfdf05de4287db33a7a2a5a384cea403a1
ira_0726.wav,1.1935,3,True,120,0.96875,0.1,0.0,3,21,True,125,0.98828125,0.14,0.0,21,ad2a1c6c4a51fd7f6395782f12e601c04a240947
ira_0727.wav,1.6135,8,True,117,0.95703125,0.6135,0.5,3,63,True,118,0.9609375,0.59,0.41,21,c319f90ada422fa06dde781b1df0194413a31a9f
ira_0728.wav,1.4935,6,True,38,0.6484375,0.4935,0.4,2,51,True,90,0.8515625,0.44,0.35,15,6f2ed5ff895012aad397cae1610a813462384fed
ira_0729.wav,1.3535,5,True,81,0.81640625,0.3,0.1,4,37,True,98,0.8828125,0.31,0.03,34,b40a690fc3c6694f7cf1be1babc2621dc798c9cf
ira_0730.wav,1.7935,9,True,74,0.7890625,0.7,0.6,3,81,True,81,0.81640625,0.78,0.03,21,292e94557d3e20f84ee4da1c07709755f6f1a1e4
ira_0731.wav,1.3535,5,True,57,0.72265625,0.3535,0.3,2,37,True,61,0.73828125,0.33,0.3,6,6bbde69add68ce8d45708386c849b248955a727f
ira_0732.wav,1.5535,7,True,121,0.97265625,0.5,0.2,5,57,True,123,0.98046875,0.51,0.17,40,cb25f78c84b9361e8c87d5aa7f7178b506c14122
ira_0733.wav,1.1535,3,True,66,0.7578125,0.1535,0.1,2,17,True,93,0.86328125,0.14,0.05,12,2fc26aada611a81a00653629a041358541ce98e7
ira_0734.wav,1.4335,6,True,104,0.90625,0.4,0.4,2,45,True,106,0.9140625,0.42,0.32,12,8c957daa6b77469fb52f179764ced948187ca01a
ira_0735.wav,1.2935,4,True,100,0.890625,0.2,0.1,3,31,True,106,0.9140625,0.28,0.02,29,a4ab70cb505d45f546aa335cd288c3009899f224
ira_0736.wav,1.1735,3,True,17,0.56640625,0.1735,0.1,2,19,True,43,0.66796875,0.13,0.09,10,2d9587ad7df24e2ab3f65f6d1a1bd706abb88932
ira_0737.wav,1.3335,5,True,104,0.90625,0.3335,0.1,4,35,True,111,0.93359375,0.25,0.04,29,15668a1e195cce4c04108f443ef9c27bd46ce7d6
ira_0738.wav,1.2335,4,True,118,0.9609375,0.1,0.1,3,25,True,121,0.97265625,0.22,0.02,23,e6466175bcec438c09640cf6fff99dd858e721dd
ira_0739.wav,1.1135,3,True,116,0.953125,0.1,0.0,3,13,True,116,0.953125,0.1,0.0,13,cd028ed28e35418e0120a65d66dd59795a2752aa
ira_0740.wav,1.2735,4,True,27,0.60546875,0.2,0.2,2,29,True,66,0.7578125,0.19,0.11,9,97ea31f1f403e7795ee3762f297b684e673f2f4c
ira_0741.wav,1.2335,4,False,-33,0.37109375,0.2,,0,25,False,-33,0.37109375,0.19,,0,25ea7f19ea39e41deb16497304c580e2c925403f
ira_0742.wav,1.4935,6,True,57,0.72265625,0.1,0.1,3,51,True,57,0.72265625,0.1,0.06,20,7d78d8d92cfdc057eb05c7376004e78167783f1a
ira_0743.wav,1.1135,3,True,53,0.70703125,0.1,0.1,2,13,True,81,0.81640625,0.09,0.01,9,3bb179126b5aa16299017e8d21cf112a181dce57
ira_0744.wav,1.0935,2,False,-81,0.18359375,0.0935,,0,11,False,-38,0.3515625,0.06,,0,96f41c1f9ba64740668261971adc67cbf6b642ee
ira_0745.wav,1.2735,4,True,38,0.6484375,0.2735,0.2,2,29,True,74,0.7890625,0.25,0.17,12,83e25528c11726eb74ab03d6e7b23c31a86d2fd6
ira_0746.wav,1.2335,4,True,84,0.828125,0.2335,0.1,3,25,True,112,0.9375,0.23,0.05,18,7c579e7204646062a11c3c9fd74008676de5a552
ira_0747.wav,1.2335,4,True,100,0.890625,0.2335,0.2,2,25,True,115,0.94921875,0.23,0.13,12,40003388358abc0678015323e1b65330b12ef60b
ira_0748.wav,1.2735,4,False,-84,0.171875,0.2735,,0,29,False,-77,0.19921875,0.26,,0,5cd1d18e498d51692734804ac75b068af13551df
ira_0749.wav,1.0335,2,True,57,0.72265625,0.0,0.0,1,5,True,81,0.81640625,0.01,0.0,3,0f37fd6b9a5df21e148715e0e2fc7b882ed8671a
ira_0750.wav,0.9735,1,False,-84,0.171875,0.0,,0,1,False,-84,0.171875,0.0,,0,ae183761ea57850e168f1d4e206ac45665e0e848
ira_0751.wav,1.5135,7,True,114,0.9453125,0.5135,0.2,5,53,True,114,0.9453125,0.29,0.09,40,d71c1f168054461b2c0aa9fb9c6be43e638ce83c
ira_0752.wav,1.0735,2,True,61,0.73828125,0.0735,0.0,2,9,True,98,0.8828125,0.05,0.0,9,0b177c910e7f754fffd24db3368d039c543e6b3c
ira_0753.wav,0.9535,1,False,-84,0.171875,0.0,,0,1,False,-84,0.171875,0.0,,0,f3acba08f777ebb208165d33caece3fae250e9dc
ira_0754.wav,1.0535,2,True,100,0.890625,0.0535,0.0,2,7,True,111,0.93359375,0.04,0.0,7,e87e29c5f8096c595bc999eb1c3480f81ef282ff
ira_0755.wav,1.0535,2,True,33,0.62890625,0.0,0.0,1,7,True,93,0.86328125,0.01,0.0,2,63326ad243a2430762c8410291cfc4cf83ed1b80
ira_0756.wav,0.9335,1,True,61,0.73828125,0.0,0.0,1,1,True,61,0.73828125,0.0,0.0,1,b7eeab170dbf3b36639de60f9f96edd567e840b3
ira_0757.wav,0.9935,1,False,-112,0.0625,0.0,,0,1,False,-112,0.0625,0.0,,0,d15b41ee9054032767545009dab520489a5a6f6e
ira_0758.wav,1.6335,8,True,125,0.98828125,0.0,0.0,2,65,True,125,0.98828125,0.0,0.0,14,d4bb2b68bdc7ac9d8bf07f1c4c9bc53b669c5600
ira_0759.wav,0.9335,1,True,109,0.92578125,0.0,0.0,1,1,True,109,0.92578125,0.0,0.0,1,70aba8464debff6aafc55f8421591fe9156fc713
ira_0760.wav,1.1135,3,True,126,0.9921875,0.1135,0.0,3,13,True,126,0.9921875,0.03,0.0,13,6065b28257bad588f0bc632bc115160edc07c4b9
ira_0761.wav,1.0935,2,True,120,0.96875,0.0935,0.0,2,11,True,125,0.98828125,0.02,0.0,11,f8f19f42b92e5876417e5d6c4c09ac7067fadfb7
ira_0762.wav,0.9335,1,True,100,0.890625,0.0,0.0,1,1,True,100,0.890625,0.0,0.0,1,cd655a88ed9bc98afa897b3e59f805c3a1941c69
ira_0763.wav,0.9935,1,True,61,0.73828125,0.0,0.0,1,1,True,61,0.73828125,0.0,0.0,1,2ee99c785d61568915df26ef562faaf493620112
ira_0764.wav,1.0335,2,True,98,0.8828125,0.0335,0.0,2,5,True,111,0.93359375,0.02,0.0,5,4eae25aeabbaf406870bf9c97b500feb590e514d
ira_0765.wav,1.2135,4,True,53,0.70703125,0.2,0.0,3,23,True,81,0.81640625,0.08,0.0,12,5fa01b9f38097970a79b33c05e235968248fa2e7
ira_0766.wav,0.9335,1,True,87,0.83984375,0.0,0.0,1,1,True,87,0.83984375,0.0,0.0,1,19c8cb20f4f680c1d0675ee5b396c3efa17e1953
ira_0767.wav,1.1935,3,True,0,0.5,0.1,0.0,2,21,True,104,0.90625,0.05,0.0,16,66237a634fcfb6fa384ec8f9087c953e0c41d0a8
ira_0768.wav,0.9335,1,True,90,0.8515625,0.0,0.0,1,1,True,90,0.8515625,0.0,0.0,1,f42a2abd4847ce01f8f64ee2010cd494306f4615
ira_0769.wav,1.1935,3,True,108,0.921875,0.1935,0.0,3,21,True,114,0.9453125,0.04,0.0,21,bd3dba097b5f32038a99402523ade8f3ce1845c8
ira_0770.wav,1.1735,3,True,53,0.70703125,0.1,0.0,3,19,True,114,0.9453125,0.01,0.0,17,0653684fd9ea68847675a9f5eeebc412e3bd51c6
ira_0771.wav,1.5335,7,True,38,0.6484375,0.5,0.0,4,55,True,81,0.81640625,0.51,0.0,23,d8c69927404ff2712de8d655f670b5ff966dc8b8
ira_0772.wav,1.5935,7,True,116,0.953125,0.3,0.1,6,61,True,120,0.96875,0.46,0.02,59,43bfa3e0cb6a89afab828ebc6e288f582e6dd91f
ira_0773.wav,1.2735,4,True,0,0.5,0.2,0.0,2,29,True,90,0.8515625,0.21,0.0,22,9fccdbfd43bebc9bceb6002ed57d0b80d4381235
ira_0774.wav,1.0535,2,True,109,0.92578125,0.0535,0.0,2,7,True,114,0.9453125,0.02,0.0,7,26605e577695dff4feb251c1821ba10619ffc17a
ira_0775.wav,1.2335,4,True,48,0.6875,0.1,0.1,2,25,True,87,0.83984375,0.03,0.01,19,970010dfb552a9f2867ce458df27039e2a6e9c5b
ira_0776.wav,1.2735,4,True,112,0.9375,0.2,0.0,4,29,True,117,0.95703125,0.22,0.0,29,7b5bb1499ee8c0fcf46d58059669be0ad1c39f71
ira_0777.wav,1.1335,3,True,122,0.9765625,0.1,0.0,3,15,True,123,0.98046875,0.02,0.0,15,ef37d08e3ac22c23b333f524aea87595120e15e8
ira_0778.wav,1.2335,4,True,112,0.9375,0.1,0.0,3,25,True,120,0.96875,0.03,0.0,18,9def51c18b20e2cfbd33aef6e979681ac004c54d
ira_0779.wav,0.9735,1,False,-100,0.109375,0.0,,0,1,False,-100,0.109375,0.0,,0,0607ead5fba559f2c324b1171530a96fc3c0c7ab
ira_0780.wav,1.3935,5,True,113,0.94140625,0.0,0.0,5,41,True,123,0.98046875,0.08,0.0,38,6faa443186a1d6cd097e37fa4be914860a22cb9e
ira_0781.wav,1.6335,8,True,109,0.92578125,0.1,0.0,2,65,True,121,0.97265625,0.07,0.0,16,ea2cd997ad0f1cbb0b73ce1037e4614a6ebb6fc1
ira_0782.wav,2.2135,14,True,119,0.96484375,0.1,0.0,4,123,True,124,0.984375,0.02,0.0,27,e1a26e707cc2a08c3ceb5a45ece3ab820e2bcb72
ira_0783.wav,1.3135,5,True,22,0.5859375,0.0,0.0,2,33,True,74,0.7890625,0.09,0.0,12,19874ca2a352d018afad5134f1957402dac92ad1
ira_0784.wav,2.5735,17,True,121,0.97265625,0.1,0.0,4,159,True,124,0.984375,0.04,0.0,28,4b2f9ae18278829868806584924d1b28bf64c980
ira_0785.wav,0.9135,1,True,90,0.8515625,0.0,0.0,1,1,True,90,0.8515625,0.0,0.0,1,d821e7c214ddddf2b42de29ab00678fe1cf56b5f
ira_0786.wav,0.9535,1,True,113,0.94140625,0.0,0.0,1,1,True,113,0.94140625,0.0,0.0,1,4597bab5c56143f3b9f3e422b31c79a8911f526a
ira_0787.wav,0.9935,1,True,77,0.80078125,0.0,0.0,1,1,True,77,0.80078125,0.0,0.0,1,5bde12cbd82cdfd595568bf64bfdb0c19efcc034
ira_0788.wav,2.0335,12,True,98,0.8828125,0.0,0.0,2,105,True,122,0.9765625,0.01,0.0,15,1ea7499c782062ab5fe26e6ef714ed374ae2e435
ira_0789.wav,1.2935,4,True,109,0.92578125,0.1,0.0,4,31,True,122,0.9765625,0.05,0.0,29,15ffc4d54a5906dec229cd15a6445ca97599400f
ira_0790.wav,1.1335,3,True,-17,0.43359375,0.1,0.1,1,15,True,98,0.8828125,0.05,0.01,11,af5b7bd9a15c4b5bde6a2f32f371b2ebfe713e02
ira_0791.wav,1.3935,5,True,109,0.92578125,0.0,0.0,2,41,True,120,0.96875,0.07,0.0,18,202fd53ddd2051bd60fddd55bb8068c97a8e7260
ira_0792.wav,1.1335,3,True,90,0.8515625,0.1,0.0,2,15,True,123,0.98046875,0.03,0.0,13,b55bde052f15ae21b47eac109a16ecf9dea8b361
ira_0793.wav,1.3535,5,True,111,0.93359375,0.1,0.0,2,37,True,120,0.96875,0.01,0.0,15,e0bb0d0d12a9b483ca6a9692f3df0efd52d9643b
ira_0794.wav,1.0935,2,True,106,0.9140625,0.0935,0.0,2,11,True,122,0.9765625,0.05,0.0,11,621a5926fa81561f7a4c022b9fbc219bfd68f0b6
ira_0795.wav,1.1935,3,True,84,0.828125,0.0,0.0,2,21,True,122,0.9765625,0.04,0.0,15,bf3104381b2103c4d6f84a3c5330c40936e7c0f5
ira_0796.wav,1.2135,4,True,120,0.96875,0.1,0.0,4,23,True,125,0.98828125,0.04,0.0,23,ad76921c7f66985599cff5f17eb11c99469a3aaa
ira_0797.wav,0.9335,1,True,100,0.890625,0.0,0.0,1,1,True,100,0.890625,0.0,0.0,1,ad0bc6e058d8bb1704ebf5d733b25f17daf4b217
ira_0798.wav,0.9935,1,True,93,0.86328125,0.0,0.0,1,1,True,93,0.86328125,0.0,0.0,1,eb1aeb989b65a990cffb59377d1302299568e631
ira_0799.wav,1.0535,2,True,122,0.9765625,0.0535,0.0,2,7,True,123,0.98046875,0.03,0.0,7,b8a229ae00a9c1696a1945d4b4ee2feb0606c7ba
ira_0800.wav,0.9735,1,True,114,0.9453125,0.0,0.0,1,1,True,114,0.9453125,0.0,0.0,1,9d04a5fd9aae107ed9c3f06c196ac330217a5c7b
ira_0801.wav,1.1135,3,True,120,0.96875,0.1,0.0,3,13,True,126,0.9921875,0.06,0.0,13,f47d21419b2f7a9c1fa4943ab14e6be56e8f6cfa
ira_0802.wav,1.0135,2,True,117,0.95703125,0.0135,0.0,2,3,True,117,0.95703125,0.0135,0.0,3,8ce0aec1e89189b721b4ff505cdef163240bdbe7
ira_0803.wav,1.2335,4,True,100,0.890625,0.0,0.0,2,25,True,118,0.9609375,0.01,0.0,13,65e9124d5f6bf0b422e0c91d9b9eae482041afb0
ira_0804.wav,0.9735,1,True,116,0.953125,0.0,0.0,1,1,True,116,0.953125,0.0,0.0,1,b13165bc5c2b795ed5a0c2cd5f0ff0f40c8df16d
ira_0805.wav,1.0135,2,True,118,0.9609375,0.0,0.0,2,3,True,120,0.96875,0.01,0.0,3,379893e299b21a82ac7f9f68ac3d3ba2396f7442
ira_0806.wav,1.0335,2,True,126,0.9921875,0.0335,0.0,2,5,True,126,0.9921875,0.01,0.0,5,bb86935eb3bc5d6dfd3065276cef8213106dcc92
ira_0807.wav,1.4335,6,True,66,0.7578125,0.1,0.0,2,45,True,111,0.93359375,0.05,0.0,13,79bb078eae7eda9443143cfdafadb55a1faf3578
ira_0808.wav,1.1935,3,True,117,0.95703125,0.1,0.0,3,21,True,124,0.984375,0.06,0.0,21,3014a33871e89c3cc5c9c8f34d54a8e86306a92d
ira_0809.wav,1.2335,4,True,113,0.94140625,0.1,0.0,4,25,True,122,0.9765625,0.06,0.0,25,f1e77c9aafd393a8250c44fab6a17c382e87c0c8
ira_0810.wav,1.2335,4,True,109,0.92578125,0.0,0.0,3,25,True,112,0.9375,0.01,0.0,24,073ac1c468ed6a1cfb5d76c6f18aae3bfcd642ad
ira_0811.wav,1.0735,2,True,120,0.96875,0.0,0.0,2,9,True,125,0.98828125,0.03,0.0,9,a0871fe698ad7a3ac6c1a7cdede27494ab8227bd
ira_0812.wav,1.2735,4,True,104,0.90625,0.1,0.0,3,29,True,109,0.92578125,0.05,0.0,15,ddc8609ac76a4ece8751d4701a0e85af2eae742b
ira_0813.wav,1.0535,2,True,122,0.9765625,0.0,0.0,2,7,True,126,0.9921875,0.03,0.0,7,ea7f92a3e2c870e6e6a93017a1df632eaa22fd02
ira_0814.wav,1.8735,10,True,109,0.92578125,0.0,0.0,3,89,True,123,0.98046875,0.04,0.0,16,bc4ba66e70abd55cd93e4c3f8b1621af07f72922
ira_0815.wav,2.2535,14,True,115,0.94921875,0.1,0.0,4,127,True,123,0.98046875,0.07,0.0,38,1697e65a4fe63025f9693b4e82548249fecc1dff
ira_0816.wav,1.2735,4,True,33,0.62890625,0.1,0.1,2,29,True,90,0.8515625,0.03,0.01,12,5a68a29a0fc391787b617170cfca8d11c1733d3c
ira_0817.wav,1.4335,6,True,123,0.98046875,0.2,0.0,6,45,True,123,0.98046875,0.2,0.0,45,a12af2e3154627356732259df28e7843ab285784
ira_0818.wav,0.7135,1,True,124,0.984375,0.0,0.0,1,1,True,124,0.984375,0.0,0.0,1,8cc1da409bc30486541518ef6a2c7545bbdc41a6
ira_0819.wav,0.8135,1,True,123,0.98046875,0.0,0.0,1,1,True,123,0.98046875,0.0,0.0,1,5ab3d4fe19018adc6801521030cddc48e3d4bc21
ira_0820.wav,0.9735,1,True,124,0.984375,0.0,0.0,1,1,True,124,0.984375,0.0,0.0,1,55e54046bdf792f207781d5c2c24c8570fba3d97
ira_0821.wav,0.8735,1,True,126,0.9921875,0.0,0.0,1,1,True,126,0.9921875,0.0,0.0,1,8e310c45d9133c3d66651e736bbb578097bcdf15
ira_0822.wav,0.9535,1,True,123,0.98046875,0.0,0.0,1,1,True,123,0.98046875,0.0,0.0,1,8f93810c308ad28271fa3f975df14ad396448001
ira_0823.wav,0.8335,1,True,126,0.9921875,0.0,0.0,1,1,True,126,0.9921875,0.0,0.0,1,1103c6f55dbe6f58c66e08d9dcbc3b4f0320b6ba
ira_0824.wav,0.7935,1,True,118,0.9609375,0.0,0.0,1,1,True,118,0.9609375,0.0,0.0,1,e205f76edb71a31151bf33a8f19a5282f1e5577d
ira_0825.wav,0.9335,1,True,126,0.9921875,0.0,0.0,1,1,True,126,0.9921875,0.0,0.0,1,e5bff889c6affdb1aa7c3725660f971dcfa26336
ira_0826.wav,0.9335,1,True,102,0.8984375,0.0,0.0,1,1,True,102,0.8984375,0.0,0.0,1,1f7321c32c3a44e36b47cb872281f2dfda95aa00
ira_0827.wav,0.8535,1,True,123,0.98046875,0.0,0.0,1,1,True,123,0.98046875,0.0,0.0,1,82aaad4600ec4db503a988dca691cd0aeb8bb2c3
ira_0828.wav,0.9735,1,True,123,0.98046875,0.0,0.0,1,1,True,123,0.98046875,0.0,0.0,1,c7f90d3f16cc2d0b4bbd6f4ae775dc5e56dcab90
ira_0829.wav,0.9935,1,True,126,0.9921875,0.0,0.0,1,1,True,126,0.9921875,0.0,0.0,1,89ae436cbc18c57fb51f488f40880dac0aedd3a1
ira_0830.wav,0.9735,1,True,117,0.95703125,0.0,0.0,1,1,True,117,0.95703125,0.0,0.0,1,4d1de9cab2922b0c372bc60238a0596a866505ec
ira_0831.wav,0.9935,1,True,112,0.9375,0.0,0.0,1,1,True,112,0.9375,0.0,0.0,1,a8f8e5d9d21bec47e17de2c559d3fbd10e7e9933
ira_0832.wav,1.0335,2,True,112,0.9375,0.0,0.0,2,5,True,112,0.9375,0.0,0.0,5,87df51e090a159c8d431193305a0cd2d41112375
ira_0833.wav,1.0535,2,False,-98,0.1171875,0.0,,0,7,True,-22,0.4140625,0.03,0.03,1,10395ba349376b6e27ea7320e4f69d4b57e6d09e
ira_0834.wav,1.0335,2,True,119,0.96484375,0.0,0.0,2,5,True,119,0.96484375,0.0,0.0,5,7e379fc53787e5cb9df77f56e84c55062a8a0453
ira_0835.wav,1.0735,2,True,113,0.94140625,0.0,0.0,2,9,True,118,0.9609375,0.01,0.0,9,4649373d6d98c0650ce6788930f268643fcc6163
ira_0836.wav,1.0735,2,True,123,0.98046875,0.0,0.0,2,9,True,123,0.98046875,0.0,0.0,9,e14b63fbc1c61343d20af46bae3d3c90244ee21b
