name,path,duration_s,window_offset_s,q_out,score,detected,diag_best_q,diag_best_score,diag_best_offset_s,diag_any_fire,diag_n_windows,audio_sha1
WhatsApp Audio 2026-09-06 at 11.07.35 PM.wav,D:\SIH\ira-wakeword\today ira wav\today ira wav\WhatsApp Audio 2026-09-06 at 11.07.35 PM.wav,1.5535,0.5427,-104,0.09375,False,-87,0.16015625,0.52,False,57,81acf0299014f6e0d47020efc697339f1c545c60
WhatsApp Audio 2026-09-06 at 11.07.36 PM (1).wav,D:\SIH\ira-wakeword\today ira wav\today ira wav\WhatsApp Audio 2026-09-06 at 11.07.36 PM (1).wav,1.0935,0.0935,-81,0.18359375,False,-22,0.4140625,0.09,True,11,f44011a747811f857355d7adb552ea588e7c495c
WhatsApp Audio 2026-09-06 at 11.07.36 PM (2).wav,D:\SIH\ira-wakeword\today ira wav\today ira wav\WhatsApp Audio 2026-09-06 at 11.07.36 PM (2).wav,3.3135,0.1124,-104,0.09375,False,57,0.72265625,0.92,True,233,5a351144341f2d4a967ea248af13432385107a4e
WhatsApp Audio 2026-09-06 at 11.07.36 PM.wav,D:\SIH\ira-wakeword\today ira wav\today ira wav\WhatsApp Audio 2026-09-06 at 11.07.36 PM.wav,1.0935,0.0931,-114,0.0546875,False,-98,0.1171875,0.09,False,11,1d17f14fbf7e31debf09fc188fd79ce8f1bc5f65
WhatsApp Audio 2026-09-06 at 11.07.37 PM (1).wav,D:\SIH\ira-wakeword\today ira wav\today ira wav\WhatsApp Audio 2026-09-06 at 11.07.37 PM (1).wav,1.4935,0.2753,-95,0.12890625,False,-22,0.4140625,0.49,True,51,50e6ad9f96c1c36be76c78f14b1ca3a7a91ea304
WhatsApp Audio 2026-09-06 at 11.07.37 PM (2).wav,D:\SIH\ira-wakeword\today ira wav\today ira wav\WhatsApp Audio 2026-09-06 at 11.07.37 PM (2).wav,1.5535,0.1943,-104,0.09375,False,-11,0.45703125,0.09,True,57,59b9ff3cb932e0f3f303be551b6e31e73e0e74b1
WhatsApp Audio 2026-09-06 at 11.07.37 PM.wav,D:\SIH\ira-wakeword\today ira wav\today ira wav\WhatsApp Audio 2026-09-06 at 11.07.37 PM.wav,1.2735,0.1677,-43,0.33203125,False,22,0.5859375,0.06,True,29,4f78a8fa02f2d6bade9c2016230afb7c1218fd25
WhatsApp Audio 2026-09-06 at 11.07.38 PM (1).wav,D:\SIH\ira-wakeword\today ira wav\today ira wav\WhatsApp Audio 2026-09-06 at 11.07.38 PM (1).wav,1.3335,0.255,-74,0.2109375,False,61,0.73828125,0.05,True,35,77bce9813da0307adf7d4860de1d08dc2b338704
WhatsApp Audio 2026-09-06 at 11.07.38 PM (2).wav,D:\SIH\ira-wakeword\today ira wav\today ira wav\WhatsApp Audio 2026-09-06 at 11.07.38 PM (2).wav,1.4935,0.4528,-104,0.09375,False,-48,0.3125,0.31,False,51,38ad16d6f85cf8889e79c0f8a4804f0dc20547b9
WhatsApp Audio 2026-09-06 at 11.07.38 PM.wav,D:\SIH\ira-wakeword\today ira wav\today ira wav\WhatsApp Audio 2026-09-06 at 11.07.38 PM.wav,1.4335,0.1477,-66,0.2421875,False,-33,0.37109375,0.0,False,45,8c193aed204b1e9d2510924839552bec4cdcbcff
WhatsApp Audio 2026-09-06 at 11.07.39 PM (1).wav,D:\SIH\ira-wakeword\today ira wav\today ira wav\WhatsApp Audio 2026-09-06 at 11.07.39 PM (1).wav,1.2935,0.2072,-120,0.03125,False,-57,0.27734375,0.02,False,31,8a1e919b3edb63f1c3ec55d5a545eda6914355fe
WhatsApp Audio 2026-09-06 at 11.07.39 PM (2).wav,D:\SIH\ira-wakeword\today ira wav\today ira wav\WhatsApp Audio 2026-09-06 at 11.07.39 PM (2).wav,1.4735,0.2983,-111,0.06640625,False,22,0.5859375,0.11,True,49,80c9824f9c18e0287e21e173d8978ce4d2c825d3
WhatsApp Audio 2026-09-06 at 11.07.39 PM.wav,D:\SIH\ira-wakeword\today ira wav\today ira wav\WhatsApp Audio 2026-09-06 at 11.07.39 PM.wav,1.4335,0.3944,-111,0.06640625,False,-6,0.4765625,0.06,True,45,99de45be47ea210ac19245fe362b6cf567e79512
WhatsApp Audio 2026-09-06 at 11.07.40 PM (1).wav,D:\SIH\ira-wakeword\today ira wav\today ira wav\WhatsApp Audio 2026-09-06 at 11.07.40 PM (1).wav,1.3135,0.3135,-81,0.18359375,False,-17,0.43359375,0.15,True,33,1e9a17e4ef3c5b3d042e08d34a4457d411106911
WhatsApp Audio 2026-09-06 at 11.07.40 PM (2).wav,D:\SIH\ira-wakeword\today ira wav\today ira wav\WhatsApp Audio 2026-09-06 at 11.07.40 PM (2).wav,1.3535,0.2762,-115,0.05078125,False,-93,0.13671875,0.25,False,37,2f51b1d6b9416e5cb3938201ffd417a75af0707f
WhatsApp Audio 2026-09-06 at 11.07.40 PM.wav,D:\SIH\ira-wakeword\today ira wav\today ira wav\WhatsApp Audio 2026-09-06 at 11.07.40 PM.wav,1.1735,0.1735,-61,0.26171875,False,-48,0.3125,0.13,False,19,8f797d424607be4c582427c3e18671da5f76d57a
WhatsApp Audio 2026-09-06 at 11.07.41 PM (1).wav,D:\SIH\ira-wakeword\today ira wav\today ira wav\WhatsApp Audio 2026-09-06 at 11.07.41 PM (1).wav,1.2735,0.2709,-112,0.0625,False,-84,0.171875,0.24,False,29,b7a73630ee7fe8c9086bd7c6e094498b6ad66837
WhatsApp Audio 2026-09-06 at 11.07.41 PM (2).wav,D:\SIH\ira-wakeword\today ira wav\today ira wav\WhatsApp Audio 2026-09-06 at 11.07.41 PM (2).wav,1.0935,0.0922,-111,0.06640625,False,-111,0.06640625,0.0922,False,11,16e14bc083fda8d5048c976da838e0a621f6add6
WhatsApp Audio 2026-09-06 at 11.07.41 PM.wav,D:\SIH\ira-wakeword\today ira wav\today ira wav\WhatsApp Audio 2026-09-06 at 11.07.41 PM.wav,1.1535,0.1111,-113,0.05859375,False,-95,0.12890625,0.08,False,17,39454231db8d73cbf61272cc37f797f71c67d91a
WhatsApp Audio 2026-09-06 at 11.07.42 PM.wav,D:\SIH\ira-wakeword\today ira wav\today ira wav\WhatsApp Audio 2026-09-06 at 11.07.42 PM.wav,1.4335,0.1869,-77,0.19921875,False,-77,0.19921875,0.1869,False,45,94702af042939613461bf5e9896a54506da04840
WhatsApp Audio 2026-09-06 at 11.24.19 PM.wav,D:\SIH\ira-wakeword\today ira wav\today ira wav\WhatsApp Audio 2026-09-06 at 11.24.19 PM.wav,2.4335,1.0543,-106,0.0859375,False,77,0.80078125,1.04,True,145,f43a5efa7a9f8403deee6f7c81a380dccef03ef9
WhatsApp Audio 2026-09-06 at 11.24.20 PM (1).wav,D:\SIH\ira-wakeword\today ira wav\today ira wav\WhatsApp Audio 2026-09-06 at 11.24.20 PM (1).wav,2.3535,0.4527,127,0.99609375,True,127,0.99609375,0.4527,True,137,ef3af253bd8ba45679d32fbfd540353c696df49b
WhatsApp Audio 2026-09-06 at 11.24.20 PM (2).wav,D:\SIH\ira-wakeword\today ira wav\today ira wav\WhatsApp Audio 2026-09-06 at 11.24.20 PM (2).wav,2.2535,0.8079,109,0.92578125,True,127,0.99609375,0.96,True,127,c1e6862dec7c7dfa186ed457bb12b38c53a26353
WhatsApp Audio 2026-09-06 at 11.24.20 PM.wav,D:\SIH\ira-wakeword\today ira wav\today ira wav\WhatsApp Audio 2026-09-06 at 11.24.20 PM.wav,2.9335,1.6914,100,0.890625,True,123,0.98046875,1.4,True,195,c5b44d57367a5d228ead33d302e576affd769b74
WhatsApp Audio 2026-09-06 at 11.24.21 PM (1).wav,D:\SIH\ira-wakeword\today ira wav\today ira wav\WhatsApp Audio 2026-09-06 at 11.24.21 PM (1).wav,2.4935,1.1711,104,0.90625,True,121,0.97265625,1.3,True,151,6f3e070d09009c04fe834f76fb1ee61e1c774255
WhatsApp Audio 2026-09-06 at 11.24.21 PM (2).wav,D:\SIH\ira-wakeword\today ira wav\today ira wav\WhatsApp Audio 2026-09-06 at 11.24.21 PM (2).wav,1.7735,0.5389,70,0.7734375,True,111,0.93359375,0.43,True,79,64b8bd6fc096630c7cc03148f2f0fd8f12aefc26
WhatsApp Audio 2026-09-06 at 11.24.21 PM.wav,D:\SIH\ira-wakeword\today ira wav\today ira wav\WhatsApp Audio 2026-09-06 at 11.24.21 PM.wav,2.0935,0.7306,111,0.93359375,True,120,0.96875,0.93,True,111,3141be470fc170dab6cfb288ce9c639c06d98316
WhatsApp Audio 2026-09-06 at 11.24.22 PM (1).wav,D:\SIH\ira-wakeword\today ira wav\today ira wav\WhatsApp Audio 2026-09-06 at 11.24.22 PM (1).wav,1.6135,0.1476,-127,0.00390625,False,-122,0.0234375,0.6,False,63,7d0a08a47f24409f9e67a897307ac5c94cfd1f40
WhatsApp Audio 2026-09-06 at 11.24.22 PM (2).wav,D:\SIH\ira-wakeword\today ira wav\today ira wav\WhatsApp Audio 2026-09-06 at 11.24.22 PM (2).wav,1.6335,0.1816,-127,0.00390625,False,-121,0.02734375,0.63,False,65,d676ae9dd7399d0f129de5488096f60f8107f453
WhatsApp Audio 2026-09-06 at 11.24.22 PM (3).wav,D:\SIH\ira-wakeword\today ira wav\today ira wav\WhatsApp Audio 2026-09-06 at 11.24.22 PM (3).wav,1.4335,0.2086,-126,0.0078125,False,-120,0.03125,0.03,False,45,d6fdb5f38aa5c84050e2b5875d05ad60ebb85ceb
WhatsApp Audio 2026-09-06 at 11.24.22 PM.wav,D:\SIH\ira-wakeword\today ira wav\today ira wav\WhatsApp Audio 2026-09-06 at 11.24.22 PM.wav,1.0935,0.0935,111,0.93359375,True,115,0.94921875,0.05,True,11,93b665c39ffdb92f498d19ea975bbf94444c0c3c
WhatsApp Audio 2026-09-06 at 11.24.23 PM (1).wav,D:\SIH\ira-wakeword\today ira wav\today ira wav\WhatsApp Audio 2026-09-06 at 11.24.23 PM (1).wav,1.5135,0.078,-127,0.00390625,False,-90,0.1484375,0.49,False,53,b685d8962639dd0f755a0e767a2d0a41ee57de99
WhatsApp Audio 2026-09-06 at 11.24.23 PM (2).wav,D:\SIH\ira-wakeword\today ira wav\today ira wav\WhatsApp Audio 2026-09-06 at 11.24.23 PM (2).wav,0.8335,0.0,17,0.56640625,True,17,0.56640625,0.0,True,1,d1f76499ddefacdfb25af8ac9e15281264a3abc1
WhatsApp Audio 2026-09-06 at 11.24.23 PM.wav,D:\SIH\ira-wakeword\today ira wav\today ira wav\WhatsApp Audio 2026-09-06 at 11.24.23 PM.wav,1.2335,0.2335,-126,0.0078125,False,-126,0.0078125,0.2335,False,25,be28c237814b8f221f840b2654602ae3638ed42e
WhatsApp Audio 2026-09-06 at 11.24.24 PM (1).wav,D:\SIH\ira-wakeword\today ira wav\today ira wav\WhatsApp Audio 2026-09-06 at 11.24.24 PM (1).wav,1.1535,0.0346,-27,0.39453125,False,57,0.72265625,0.01,True,17,0834d9201cb951f5c81a534a8f4d48bbc40a927f
WhatsApp Audio 2026-09-06 at 11.24.24 PM.wav,D:\SIH\ira-wakeword\today ira wav\today ira wav\WhatsApp Audio 2026-09-06 at 11.24.24 PM.wav,1.4935,0.1208,-115,0.05078125,False,-6,0.4765625,0.01,True,51,81f9b5d6e37630467740c09b144f4e9b9e910d9f
WhatsApp Audio 2026-09-06 at 11.44.27 PM (1).wav,D:\SIH\ira-wakeword\today ira wav\today ira wav\WhatsApp Audio 2026-09-06 at 11.44.27 PM (1).wav,2.0335,0.4339,126,0.9921875,True,127,0.99609375,0.17,True,105,d2e9aa1ced19d87c26e632b0b74567d484f5bca4
WhatsApp Audio 2026-09-06 at 11.44.27 PM.wav,D:\SIH\ira-wakeword\today ira wav\today ira wav\WhatsApp Audio 2026-09-06 at 11.44.27 PM.wav,1.8735,0.3606,122,0.9765625,True,123,0.98046875,0.36,True,89,f5aa450e984d27ad9e76ee94b721347b668ce590
WhatsApp Audio 2026-09-06 at 11.44.28 PM (1).wav,D:\SIH\ira-wakeword\today ira wav\today ira wav\WhatsApp Audio 2026-09-06 at 11.44.28 PM (1).wav,2.2335,0.7681,115,0.94921875,True,127,0.99609375,0.4,True,125,561f9d185e3f7117db8e9b4f45ce4a5b6af6fa93
WhatsApp Audio 2026-09-06 at 11.44.28 PM (2).wav,D:\SIH\ira-wakeword\today ira wav\today ira wav\WhatsApp Audio 2026-09-06 at 11.44.28 PM (2).wav,1.6535,0.2307,-22,0.4140625,True,11,0.54296875,0.22,True,67,813195c945af963a0b3f99f16c97f2b9816e8954
WhatsApp Audio 2026-09-06 at 11.44.28 PM.wav,D:\SIH\ira-wakeword\today ira wav\today ira wav\WhatsApp Audio 2026-09-06 at 11.44.28 PM.wav,2.4335,0.788,125,0.98828125,True,127,0.99609375,0.72,True,145,9c6a843e9f500882a84cb5cc4efa490a654dd3be
WhatsApp Audio 2026-09-07 at 1.09.51 AM.wav,D:\SIH\ira-wakeword\today ira wav\today ira wav\WhatsApp Audio 2026-09-07 at 1.09.51 AM.wav,2.0935,0.9573,-122,0.0234375,False,-17,0.43359375,0.03,True,111,d1dea3ee1a51db7224d120789dbf4a876aa9b093
WhatsApp Audio 2026-09-07 at 1.09.52 AM (1).wav,D:\SIH\ira-wakeword\today ira wav\today ira wav\WhatsApp Audio 2026-09-07 at 1.09.52 AM (1).wav,1.4935,0.3854,-66,0.2421875,False,38,0.6484375,0.41,True,51,2cd5c163f6c6c8a247421118a50dd2bf14d34e3d
WhatsApp Audio 2026-09-07 at 1.09.52 AM (2).wav,D:\SIH\ira-wakeword\today ira wav\today ira wav\WhatsApp Audio 2026-09-07 at 1.09.52 AM (2).wav,2.5135,1.3149,-104,0.09375,False,106,0.9140625,0.0,True,153,552f4b4816036280824cfab76bb35d44b45bbf9f
WhatsApp Audio 2026-09-07 at 1.09.52 AM.wav,D:\SIH\ira-wakeword\today ira wav\today ira wav\WhatsApp Audio 2026-09-07 at 1.09.52 AM.wav,1.5135,0.4142,-33,0.37109375,False,48,0.6875,0.06,True,53,528c707baaa27ed4e9b2f20a1528c7b8bb707c06
WhatsApp Audio 2026-09-07 at 1.09.53 AM (1).wav,D:\SIH\ira-wakeword\today ira wav\today ira wav\WhatsApp Audio 2026-09-07 at 1.09.53 AM (1).wav,1.2135,0.2132,-123,0.01953125,False,-84,0.171875,0.03,False,23,0e761ce2e89589b038d54abe0b8756135dcbb7ac
WhatsApp Audio 2026-09-07 at 1.09.53 AM (2).wav,D:\SIH\ira-wakeword\today ira wav\today ira wav\WhatsApp Audio 2026-09-07 at 1.09.53 AM (2).wav,1.0535,0.0535,-33,0.37109375,False,77,0.80078125,0.04,True,7,0ac66b8a3e7f6c902043199310bc1bd3214a281d
WhatsApp Audio 2026-09-07 at 1.09.53 AM.wav,D:\SIH\ira-wakeword\today ira wav\today ira wav\WhatsApp Audio 2026-09-07 at 1.09.53 AM.wav,1.2935,0.2924,-109,0.07421875,False,-102,0.1015625,0.28,False,31,72f602c2fd49d299ff415440e2177d8a029dba9c
WhatsApp Audio 2026-09-07 at 1.09.54 AM (1).wav,D:\SIH\ira-wakeword\today ira wav\today ira wav\WhatsApp Audio 2026-09-07 at 1.09.54 AM (1).wav,1.0935,0.0935,-43,0.33203125,False,57,0.72265625,0.07,True,11,5de7caf2433cd7400f3b562e3ea6d86c333fc04a
WhatsApp Audio 2026-09-07 at 1.09.54 AM (2).wav,D:\SIH\ira-wakeword\today ira wav\today ira wav\WhatsApp Audio 2026-09-07 at 1.09.54 AM (2).wav,1.2735,0.2734,-98,0.1171875,False,53,0.70703125,0.05,True,29,9121f198351a087a681fc0b916ae1165a6134ba5
WhatsApp Audio 2026-09-07 at 1.09.54 AM.wav,D:\SIH\ira-wakeword\today ira wav\today ira wav\WhatsApp Audio 2026-09-07 at 1.09.54 AM.wav,1.0335,0.0335,90,0.8515625,True,108,0.921875,0.03,True,5,9b033fc73a6b4adecbb09c2e99f8312196eb8f73
WhatsApp Audio 2026-09-07 at 1.09.55 AM (1).wav,D:\SIH\ira-wakeword\today ira wav\today ira wav\WhatsApp Audio 2026-09-07 at 1.09.55 AM (1).wav,1.0335,0.0335,121,0.97265625,True,122,0.9765625,0.02,True,5,42ea4b50dd0c5504fd4686b889a37b34c4ad097b
WhatsApp Audio 2026-09-07 at 1.09.55 AM (2).wav,D:\SIH\ira-wakeword\today ira wav\today ira wav\WhatsApp Audio 2026-09-07 at 1.09.55 AM (2).wav,1.0935,0.0935,114,0.9453125,True,122,0.9765625,0.03,True,11,2477a24bf182274e3f596bac04f975b7f66fff5a
WhatsApp Audio 2026-09-07 at 1.09.55 AM.wav,D:\SIH\ira-wakeword\today ira wav\today ira wav\WhatsApp Audio 2026-09-07 at 1.09.55 AM.wav,1.1335,0.1335,-116,0.046875,False,-43,0.33203125,0.02,False,15,31e75c31ce14c74c0aa659803d600618a5a1a76f
WhatsApp Audio 2026-09-07 at 1.09.56 AM (1).wav,D:\SIH\ira-wakeword\today ira wav\today ira wav\WhatsApp Audio 2026-09-07 at 1.09.56 AM (1).wav,1.0535,0.0535,100,0.890625,True,113,0.94140625,0.03,True,7,4dd1ce3c9895bd9f759e86fdf7f946acbecc97d2
WhatsApp Audio 2026-09-07 at 1.09.56 AM (2).wav,D:\SIH\ira-wakeword\today ira wav\today ira wav\WhatsApp Audio 2026-09-07 at 1.09.56 AM (2).wav,1.1735,0.1735,-93,0.13671875,False,108,0.921875,0.08,True,19,b0a69b33c558591c57683cbb2146dd2998750eca
WhatsApp Audio 2026-09-07 at 1.09.56 AM.wav,D:\SIH\ira-wakeword\today ira wav\today ira wav\WhatsApp Audio 2026-09-07 at 1.09.56 AM.wav,1.0535,0.0535,102,0.8984375,True,112,0.9375,0.04,True,7,bd0d0497c8dca5cd900b3a5299145ae8a82a019b
WhatsApp Audio 2026-09-07 at 1.09.57 AM (1).wav,D:\SIH\ira-wakeword\today ira wav\today ira wav\WhatsApp Audio 2026-09-07 at 1.09.57 AM (1).wav,1.5935,0.4714,-84,0.171875,False,119,0.96484375,0.06,True,61,c74cc6c1c03e2bebe5dcf27cf4e2c31442d74d66
WhatsApp Audio 2026-09-07 at 1.09.57 AM (2).wav,D:\SIH\ira-wakeword\today ira wav\today ira wav\WhatsApp Audio 2026-09-07 at 1.09.57 AM (2).wav,1.5735,0.4438,-93,0.13671875,False,11,0.54296875,0.04,True,59,606681ec2d8424bda490c166f60757c432877f18
WhatsApp Audio 2026-09-07 at 1.09.57 AM.wav,D:\SIH\ira-wakeword\today ira wav\today ira wav\WhatsApp Audio 2026-09-07 at 1.09.57 AM.wav,1.2935,0.2703,-120,0.03125,False,93,0.86328125,0.03,True,31,36f01d08203626017f97f7108be1461328c6e947
WhatsApp Audio 2026-09-07 at 1.09.58 AM (1).wav,D:\SIH\ira-wakeword\today ira wav\today ira wav\WhatsApp Audio 2026-09-07 at 1.09.58 AM (1).wav,0.9935,0.0,11,0.54296875,True,11,0.54296875,0.0,True,1,3134e64f2e3a2deeb6b077be7b107f99b395b6eb
WhatsApp Audio 2026-09-07 at 1.09.58 AM (2).wav,D:\SIH\ira-wakeword\today ira wav\today ira wav\WhatsApp Audio 2026-09-07 at 1.09.58 AM (2).wav,1.1735,0.1731,74,0.7890625,True,121,0.97265625,0.03,True,19,84b68881a7c6bb9c2611b9eb5dd8f71e32aa6816
WhatsApp Audio 2026-09-07 at 1.09.58 AM.wav,D:\SIH\ira-wakeword\today ira wav\today ira wav\WhatsApp Audio 2026-09-07 at 1.09.58 AM.wav,0.9735,0.0,53,0.70703125,True,53,0.70703125,0.0,True,1,3bc8e979fbb4b2d929018982f0f79f67ba5dbd58
WhatsApp Audio 2026-09-07 at 1.09.59 AM (1).wav,D:\SIH\ira-wakeword\today ira wav\today ira wav\WhatsApp Audio 2026-09-07 at 1.09.59 AM (1).wav,1.0535,0.0535,118,0.9609375,True,123,0.98046875,0.02,True,7,1fdd5f905edbee5514877b3390587630b4151aa1
WhatsApp Audio 2026-09-07 at 1.09.59 AM (2).wav,D:\SIH\ira-wakeword\today ira wav\today ira wav\WhatsApp Audio 2026-09-07 at 1.09.59 AM (2).wav,1.3335,0.3161,-57,0.27734375,False,125,0.98828125,0.04,True,35,4f3dc569086e0a929aeeea86e714faebd1290e6b
WhatsApp Audio 2026-09-07 at 1.09.59 AM.wav,D:\SIH\ira-wakeword\today ira wav\today ira wav\WhatsApp Audio 2026-09-07 at 1.09.59 AM.wav,1.1535,0.1535,-125,0.01171875,False,113,0.94140625,0.02,True,17,d8a3dd0e051cb170d5bcc05ea5018d960b3dc442
WhatsApp Audio 2026-09-07 at 1.10.00 AM (1).wav,D:\SIH\ira-wakeword\today ira wav\today ira wav\WhatsApp Audio 2026-09-07 at 1.10.00 AM (1).wav,1.1535,0.1535,106,0.9140625,True,125,0.98828125,0.04,True,17,eae4c4d3b6f42b5e93d6453375290bca7eff944f
WhatsApp Audio 2026-09-07 at 1.10.00 AM (2).wav,D:\SIH\ira-wakeword\today ira wav\today ira wav\WhatsApp Audio 2026-09-07 at 1.10.00 AM (2).wav,1.3535,0.2406,-74,0.2109375,False,122,0.9765625,0.04,True,37,3487e9e0cdc0ace456273c828780d747f9236234
WhatsApp Audio 2026-09-07 at 1.10.00 AM.wav,D:\SIH\ira-wakeword\today ira wav\today ira wav\WhatsApp Audio 2026-09-07 at 1.10.00 AM.wav,1.1335,0.1335,118,0.9609375,True,122,0.9765625,0.04,True,15,e97d865242021dfa086d1d7034357883e9d20983
WhatsApp Audio 2026-09-07 at 1.10.01 AM (1).wav,D:\SIH\ira-wakeword\today ira wav\today ira wav\WhatsApp Audio 2026-09-07 at 1.10.01 AM (1).wav,1.3535,0.3535,-115,0.05078125,False,120,0.96875,0.06,True,37,7df6314e095fe4a34d0c3744f7059831d3172bee
WhatsApp Audio 2026-09-07 at 1.10.01 AM (2).wav,D:\SIH\ira-wakeword\today ira wav\today ira wav\WhatsApp Audio 2026-09-07 at 1.10.01 AM (2).wav,0.9935,0.0,124,0.984375,True,124,0.984375,0.0,True,1,de75ef30dee8126eaaa7686e059820ab8e8c3b28
WhatsApp Audio 2026-09-07 at 1.10.01 AM.wav,D:\SIH\ira-wakeword\today ira wav\today ira wav\WhatsApp Audio 2026-09-07 at 1.10.01 AM.wav,1.1935,0.1935,-102,0.1015625,False,120,0.96875,0.03,True,21,04a94f2e4de92239ab371483129d4bd863596705
WhatsApp Audio 2026-09-07 at 1.10.02 AM (1).wav,D:\SIH\ira-wakeword\today ira wav\today ira wav\WhatsApp Audio 2026-09-07 at 1.10.02 AM (1).wav,1.0935,0.0935,124,0.984375,True,126,0.9921875,0.01,True,11,474c3ed8c20ee187bb049a8421b550eb0065e877
WhatsApp Audio 2026-09-07 at 1.10.02 AM (2).wav,D:\SIH\ira-wakeword\today ira wav\today ira wav\WhatsApp Audio 2026-09-07 at 1.10.02 AM (2).wav,0.9135,0.0,104,0.90625,True,104,0.90625,0.0,True,1,78555ae14590b7b27ad79c23666df2931c850aab
WhatsApp Audio 2026-09-07 at 1.10.02 AM (3).wav,D:\SIH\ira-wakeword\today ira wav\today ira wav\WhatsApp Audio 2026-09-07 at 1.10.02 AM (3).wav,1.2735,0.2258,-98,0.1171875,False,119,0.96484375,0.02,True,29,8c0d4297565f57439af5d4d5866dc7915a4e5dd2
WhatsApp Audio 2026-09-07 at 1.10.02 AM.wav,D:\SIH\ira-wakeword\today ira wav\today ira wav\WhatsApp Audio 2026-09-07 at 1.10.02 AM.wav,1.0735,0.0735,117,0.95703125,True,124,0.984375,0.04,True,9,b3f4878d3c214a5581a375655675ba1be809926c
WhatsApp Audio 2026-09-07 at 1.10.03 AM (1).wav,D:\SIH\ira-wakeword\today ira wav\today ira wav\WhatsApp Audio 2026-09-07 at 1.10.03 AM (1).wav,1.0935,0.0935,120,0.96875,True,126,0.9921875,0.02,True,11,008cbdb9a44fb5e8386e68d8cabe36be42fc5b6b
WhatsApp Audio 2026-09-07 at 1.10.03 AM (2).wav,D:\SIH\ira-wakeword\today ira wav\today ira wav\WhatsApp Audio 2026-09-07 at 1.10.03 AM (2).wav,1.0135,0.0135,127,0.99609375,True,127,0.99609375,0.0135,True,3,f556e217f085ac0e9bd9cea2bb6c68ebb46cdaff
WhatsApp Audio 2026-09-07 at 1.10.03 AM.wav,D:\SIH\ira-wakeword\today ira wav\today ira wav\WhatsApp Audio 2026-09-07 at 1.10.03 AM.wav,1.2135,0.2033,-48,0.3125,False,123,0.98046875,0.04,True,23,b6856b0e286cf2bcae03adc9d7b1a69841ec872d
WhatsApp Audio 2026-09-07 at 1.10.04 AM (1).wav,D:\SIH\ira-wakeword\today ira wav\today ira wav\WhatsApp Audio 2026-09-07 at 1.10.04 AM (1).wav,1.1535,0.1535,22,0.5859375,True,125,0.98828125,0.05,True,17,25a5bb111caf39e044197a88966d2b2255792af2
WhatsApp Audio 2026-09-07 at 1.10.04 AM (2).wav,D:\SIH\ira-wakeword\today ira wav\today ira wav\WhatsApp Audio 2026-09-07 at 1.10.04 AM (2).wav,1.0335,0.0335,113,0.94140625,True,113,0.94140625,0.0335,True,5,0199af0c734027b1acced93867944781d25ddb7a
WhatsApp Audio 2026-09-07 at 1.10.04 AM.wav,D:\SIH\ira-wakeword\today ira wav\today ira wav\WhatsApp Audio 2026-09-07 at 1.10.04 AM.wav,1.1335,0.1335,104,0.90625,True,126,0.9921875,0.02,True,15,29b7d9b173ae15221d9f5bfdf955a78b685e9915
WhatsApp Audio 2026-09-07 at 1.14.10 AM (1).wav,D:\SIH\ira-wakeword\today ira wav\today ira wav\WhatsApp Audio 2026-09-07 at 1.14.10 AM (1).wav,1.1135,0.1135,74,0.7890625,True,121,0.97265625,0.02,True,13,7c78412651a3901214780152814359d8082d598c
WhatsApp Audio 2026-09-07 at 1.14.10 AM.wav,D:\SIH\ira-wakeword\today ira wav\today ira wav\WhatsApp Audio 2026-09-07 at 1.14.10 AM.wav,1.1935,0.1935,-87,0.16015625,False,116,0.953125,0.03,True,21,e2c794ef3f227d979d84de34b8f3c30513eae5a3
WhatsApp Audio 2026-09-07 at 1.14.11 AM (1).wav,D:\SIH\ira-wakeword\today ira wav\today ira wav\WhatsApp Audio 2026-09-07 at 1.14.11 AM (1).wav,1.4135,0.1911,-6,0.4765625,True,113,0.94140625,0.03,True,43,29fe22084d4fa45644df82df8c7f713293e9482a
WhatsApp Audio 2026-09-07 at 1.14.11 AM (2).wav,D:\SIH\ira-wakeword\today ira wav\today ira wav\WhatsApp Audio 2026-09-07 at 1.14.11 AM (2).wav,0.9735,0.0,106,0.9140625,True,106,0.9140625,0.0,True,1,fe3d31f27aaf514f6740af1885e1cadc9f1146f5
WhatsApp Audio 2026-09-07 at 1.14.11 AM.wav,D:\SIH\ira-wakeword\today ira wav\today ira wav\WhatsApp Audio 2026-09-07 at 1.14.11 AM.wav,1.0535,0.0535,104,0.90625,True,117,0.95703125,0.03,True,7,bc45b63072f77d90b8cd06f4d0282aefc1985493
WhatsApp Audio 2026-09-07 at 1.14.12 AM (1).wav,D:\SIH\ira-wakeword\today ira wav\today ira wav\WhatsApp Audio 2026-09-07 at 1.14.12 AM (1).wav,1.3335,0.1863,-111,0.06640625,False,108,0.921875,0.05,True,35,b7c89c7432ecffc4b5ebe21aa1c4d7037b245d4e
WhatsApp Audio 2026-09-07 at 1.14.12 AM (2).wav,D:\SIH\ira-wakeword\today ira wav\today ira wav\WhatsApp Audio 2026-09-07 at 1.14.12 AM (2).wav,1.2535,0.2379,-43,0.33203125,False,124,0.984375,0.04,True,27,6f582634659bf0329a6274ed26fce33f83b353ad
WhatsApp Audio 2026-09-07 at 1.14.12 AM.wav,D:\SIH\ira-wakeword\today ira wav\today ira wav\WhatsApp Audio 2026-09-07 at 1.14.12 AM.wav,1.1735,0.1653,-116,0.046875,False,109,0.92578125,0.06,True,19,104f45b9ce08864f2ed9a580bdcbf480e202e1da
WhatsApp Audio 2026-09-07 at 1.14.13 AM (1).wav,D:\SIH\ira-wakeword\today ira wav\today ira wav\WhatsApp Audio 2026-09-07 at 1.14.13 AM (1).wav,1.1735,0.1735,66,0.7578125,True,122,0.9765625,0.05,True,19,2c551176968cd348d6f9d4a6edde27c29b327da3
WhatsApp Audio 2026-09-07 at 1.14.13 AM (2).wav,D:\SIH\ira-wakeword\today ira wav\today ira wav\WhatsApp Audio 2026-09-07 at 1.14.13 AM (2).wav,1.2335,0.1943,-61,0.26171875,False,120,0.96875,0.01,True,25,cd6ff8657f6e9eeace4cb017eab0916f2563fd94
WhatsApp Audio 2026-09-07 at 1.14.13 AM.wav,D:\SIH\ira-wakeword\today ira wav\today ira wav\WhatsApp Audio 2026-09-07 at 1.14.13 AM.wav,1.2135,0.1633,-118,0.0390625,False,98,0.8828125,0.01,True,23,af20a3ced8952a804ac19e880c0d5637bbf9c08d
WhatsApp Audio 2026-09-07 at 1.14.14 AM (1).wav,D:\SIH\ira-wakeword\today ira wav\today ira wav\WhatsApp Audio 2026-09-07 at 1.14.14 AM (1).wav,1.3935,0.2276,-81,0.18359375,False,109,0.92578125,0.03,True,41,bb9cacd9c6d0692c02a47925004922f5fe6f433f
WhatsApp Audio 2026-09-07 at 1.14.14 AM (2).wav,D:\SIH\ira-wakeword\today ira wav\today ira wav\WhatsApp Audio 2026-09-07 at 1.14.14 AM (2).wav,1.0135,0.0135,113,0.94140625,True,117,0.95703125,0.01,True,3,d66bf898442f058b9d7fbced7e3106bd1485fe03
WhatsApp Audio 2026-09-07 at 1.14.14 AM.wav,D:\SIH\ira-wakeword\today ira wav\today ira wav\WhatsApp Audio 2026-09-07 at 1.14.14 AM.wav,1.2935,0.2064,-48,0.3125,False,120,0.96875,0.07,True,31,93f485d07349cb9f04cbc4d7278d472b4f3364d9
WhatsApp Audio 2026-09-07 at 1.14.15 AM (1).wav,D:\SIH\ira-wakeword\today ira wav\today ira wav\WhatsApp Audio 2026-09-07 at 1.14.15 AM (1).wav,1.3135,0.2392,-87,0.16015625,False,119,0.96484375,0.02,True,33,8047053a79ce3da6eddc75ed9fa621d33a5473d2
WhatsApp Audio 2026-09-07 at 1.14.15 AM.wav,D:\SIH\ira-wakeword\today ira wav\today ira wav\WhatsApp Audio 2026-09-07 at 1.14.15 AM.wav,1.1335,0.1335,-121,0.02734375,False,70,0.7734375,0.06,True,15,15a933893b56ef4a082291c79f328e1c033bf802
WhatsApp Audio 2026-09-07 at 1.14.16 AM (1).wav,D:\SIH\ira-wakeword\today ira wav\today ira wav\WhatsApp Audio 2026-09-07 at 1.14.16 AM (1).wav,1.3735,0.2339,119,0.96484375,True,125,0.98828125,0.07,True,39,23b350484a74f9a291fb3caad7a9a2d6ede7a221
WhatsApp Audio 2026-09-07 at 1.14.16 AM (2).wav,D:\SIH\ira-wakeword\today ira wav\today ira wav\WhatsApp Audio 2026-09-07 at 1.14.16 AM (2).wav,1.1935,0.1913,-33,0.37109375,False,124,0.984375,0.03,True,21,c5fb2326d547a3a26319a8eebb96177b9dff001c
WhatsApp Audio 2026-09-07 at 1.14.16 AM.wav,D:\SIH\ira-wakeword\today ira wav\today ira wav\WhatsApp Audio 2026-09-07 at 1.14.16 AM.wav,1.4135,0.2472,-122,0.0234375,False,102,0.8984375,0.04,True,43,067fb124cbbb178a19ee0517311e017e21281f94
WhatsApp Audio 2026-09-07 at 1.14.17 AM.wav,D:\SIH\ira-wakeword\today ira wav\today ira wav\WhatsApp Audio 2026-09-07 at 1.14.17 AM.wav,0.9735,0.0,102,0.8984375,True,102,0.8984375,0.0,True,1,e73f66ea8d0b4bed558b6a88e08ecbfb65147e7c
WhatsApp Audio 2026-09-07 at 1.21.31 AM.wav,D:\SIH\ira-wakeword\today ira wav\today ira wav\WhatsApp Audio 2026-09-07 at 1.21.31 AM.wav,1.2135,0.2132,-93,0.13671875,False,93,0.86328125,0.06,True,23,f2c16634cbffe220c6d7c272c3922ea8b7908b69
WhatsApp Audio 2026-09-07 at 1.21.32 AM (1).wav,D:\SIH\ira-wakeword\today ira wav\today ira wav\WhatsApp Audio 2026-09-07 at 1.21.32 AM (1).wav,1.1535,0.1535,-125,0.01171875,False,70,0.7734375,0.02,True,17,e9a6b511fdc64c9f9494fc2b84b5c5287cdfe763
WhatsApp Audio 2026-09-07 at 1.21.32 AM (2).wav,D:\SIH\ira-wakeword\today ira wav\today ira wav\WhatsApp Audio 2026-09-07 at 1.21.32 AM (2).wav,1.2135,0.2135,11,0.54296875,True,106,0.9140625,0.06,True,23,9f2cc40a530c3291ea38906a48d2ecf9b2d72a60
WhatsApp Audio 2026-09-07 at 1.21.32 AM.wav,D:\SIH\ira-wakeword\today ira wav\today ira wav\WhatsApp Audio 2026-09-07 at 1.21.32 AM.wav,1.3135,0.2316,-115,0.05078125,False,87,0.83984375,0.05,True,33,134c139a6004a06a94101438e4ac661978194b5e
WhatsApp Audio 2026-09-07 at 1.21.33 AM (1).wav,D:\SIH\ira-wakeword\today ira wav\today ira wav\WhatsApp Audio 2026-09-07 at 1.21.33 AM (1).wav,0.9935,0.0,-53,0.29296875,False,-53,0.29296875,0.0,False,1,53edef6e7c45e74fe5ef70751be80081186d4d2e
WhatsApp Audio 2026-09-07 at 1.21.33 AM (2).wav,D:\SIH\ira-wakeword\today ira wav\today ira wav\WhatsApp Audio 2026-09-07 at 1.21.33 AM (2).wav,1.2335,0.2328,-112,0.0625,False,66,0.7578125,0.02,True,25,b16142d99846174592679491bc3b392926d5085b
WhatsApp Audio 2026-09-07 at 1.21.33 AM.wav,D:\SIH\ira-wakeword\today ira wav\today ira wav\WhatsApp Audio 2026-09-07 at 1.21.33 AM.wav,1.2535,0.2535,-87,0.16015625,False,102,0.8984375,0.03,True,27,9c31dbd34c3e0874022e63c1a2c436f253b94a91
WhatsApp Audio 2026-09-07 at 1.21.34 AM (1).wav,D:\SIH\ira-wakeword\today ira wav\today ira wav\WhatsApp Audio 2026-09-07 at 1.21.34 AM (1).wav,1.2335,0.2183,-124,0.015625,False,74,0.7890625,0.03,True,25,64d389ffbcc938d1b8159403c6292a0efe76c718
WhatsApp Audio 2026-09-07 at 1.21.34 AM (2).wav,D:\SIH\ira-wakeword\today ira wav\today ira wav\WhatsApp Audio 2026-09-07 at 1.21.34 AM (2).wav,1.1535,0.1535,-119,0.03515625,False,70,0.7734375,0.03,True,17,a6d55c6fe535a92675fdb51615b4a68d01d99ed8
WhatsApp Audio 2026-09-07 at 1.21.34 AM (3).wav,D:\SIH\ira-wakeword\today ira wav\today ira wav\WhatsApp Audio 2026-09-07 at 1.21.34 AM (3).wav,1.1935,0.1935,-104,0.09375,False,112,0.9375,0.04,True,21,c5a8256b4a09bd68865bce8246ec420fad908888
WhatsApp Audio 2026-09-07 at 1.21.34 AM.wav,D:\SIH\ira-wakeword\today ira wav\today ira wav\WhatsApp Audio 2026-09-07 at 1.21.34 AM.wav,0.9335,0.0,81,0.81640625,True,81,0.81640625,0.0,True,1,04b5b5fa7d925e03b7a9a370e058e7c0f4d62c8a
WhatsApp Audio 2026-09-07 at 1.21.35 AM (1).wav,D:\SIH\ira-wakeword\today ira wav\today ira wav\WhatsApp Audio 2026-09-07 at 1.21.35 AM (1).wav,1.1935,0.1931,-87,0.16015625,False,116,0.953125,0.09,True,21,2f957ae5367d2f837b7888ed0558c5199239738b
WhatsApp Audio 2026-09-07 at 1.21.35 AM.wav,D:\SIH\ira-wakeword\today ira wav\today ira wav\WhatsApp Audio 2026-09-07 at 1.21.35 AM.wav,1.3735,0.2387,-87,0.16015625,False,120,0.96875,0.03,True,39,d32b2c9aaec4057cd3638fe557fd8ce7790047e9
WhatsApp Audio 2026-09-07 at 1.21.36 AM (1).wav,D:\SIH\ira-wakeword\today ira wav\today ira wav\WhatsApp Audio 2026-09-07 at 1.21.36 AM (1).wav,0.9535,0.0,108,0.921875,True,108,0.921875,0.0,True,1,b1815f5bcc146d734f67332f21e6f55331609b10
WhatsApp Audio 2026-09-07 at 1.21.36 AM (2).wav,D:\SIH\ira-wakeword\today ira wav\today ira wav\WhatsApp Audio 2026-09-07 at 1.21.36 AM (2).wav,1.1935,0.1933,-66,0.2421875,False,117,0.95703125,0.0,True,21,758e8e4706a2969f012a611cd9688743b3e34aee
WhatsApp Audio 2026-09-07 at 1.21.36 AM (3).wav,D:\SIH\ira-wakeword\today ira wav\today ira wav\WhatsApp Audio 2026-09-07 at 1.21.36 AM (3).wav,1.1535,0.1535,-102,0.1015625,False,120,0.96875,0.06,True,17,4c0c68da5eacda96762f0d343bd530d2eb3e34f3
WhatsApp Audio 2026-09-07 at 1.21.36 AM.wav,D:\SIH\ira-wakeword\today ira wav\today ira wav\WhatsApp Audio 2026-09-07 at 1.21.36 AM.wav,1.4135,0.2469,-93,0.13671875,False,115,0.94921875,0.02,True,43,1afb7d89591e1e7a924bf0f331a8f3c2d405f440
WhatsApp Audio 2026-09-07 at 1.21.37 AM (1).wav,D:\SIH\ira-wakeword\today ira wav\today ira wav\WhatsApp Audio 2026-09-07 at 1.21.37 AM (1).wav,1.1135,0.1135,-87,0.16015625,False,104,0.90625,0.01,True,13,653e77ab1aefbb4c53fb911608bfb664ac1e32a7
WhatsApp Audio 2026-09-07 at 1.21.37 AM (2).wav,D:\SIH\ira-wakeword\today ira wav\today ira wav\WhatsApp Audio 2026-09-07 at 1.21.37 AM (2).wav,1.4335,0.2754,-84,0.171875,False,119,0.96484375,0.03,True,45,c9ad44e85c59a1e0504b533932e417664a519a1e
WhatsApp Audio 2026-09-07 at 1.21.37 AM.wav,D:\SIH\ira-wakeword\today ira wav\today ira wav\WhatsApp Audio 2026-09-07 at 1.21.37 AM.wav,1.6335,0.4459,-108,0.078125,False,114,0.9453125,0.01,True,65,fa224ac2165cef2ec3d3abd5afe834acc9ddb976
WhatsApp Audio 2026-09-07 at 1.21.38 AM (1).wav,D:\SIH\ira-wakeword\today ira wav\today ira wav\WhatsApp Audio 2026-09-07 at 1.21.38 AM (1).wav,1.3135,0.2366,-126,0.0078125,False,48,0.6875,0.06,True,33,d410b600fde12fa5ff7ab494d63f9d3234d80a66
WhatsApp Audio 2026-09-07 at 1.21.38 AM (2).wav,D:\SIH\ira-wakeword\today ira wav\today ira wav\WhatsApp Audio 2026-09-07 at 1.21.38 AM (2).wav,1.3535,0.3018,-124,0.015625,False,115,0.94921875,0.07,True,37,a96ae763c6833c71166c974157f84cbf73c48805
WhatsApp Audio 2026-09-07 at 1.21.38 AM.wav,D:\SIH\ira-wakeword\today ira wav\today ira wav\WhatsApp Audio 2026-09-07 at 1.21.38 AM.wav,1.5135,0.1587,-127,0.00390625,False,-11,0.45703125,0.02,True,53,cc42df1f88956afe10cc2502d6865a37a4410f9d
WhatsApp Audio 2026-09-07 at 1.21.39 AM (1).wav,D:\SIH\ira-wakeword\today ira wav\today ira wav\WhatsApp Audio 2026-09-07 at 1.21.39 AM (1).wav,1.2935,0.2086,-126,0.0078125,False,48,0.6875,0.03,True,31,aadab22c7662571d6ea16cd7bb2965a64241f643
WhatsApp Audio 2026-09-07 at 1.21.39 AM (2).wav,D:\SIH\ira-wakeword\today ira wav\today ira wav\WhatsApp Audio 2026-09-07 at 1.21.39 AM (2).wav,0.9735,0.0,-38,0.3515625,False,-38,0.3515625,0.0,False,1,c803a7b62e2525aca99321f80cea597d80e28b6f
WhatsApp Audio 2026-09-07 at 1.21.39 AM (3).wav,D:\SIH\ira-wakeword\today ira wav\today ira wav\WhatsApp Audio 2026-09-07 at 1.21.39 AM (3).wav,1.2935,0.2011,-126,0.0078125,False,87,0.83984375,0.04,True,31,eba688dc56bd524ff1943666271ad32a9ef75b3f
WhatsApp Audio 2026-09-07 at 1.21.39 AM.wav,D:\SIH\ira-wakeword\today ira wav\today ira wav\WhatsApp Audio 2026-09-07 at 1.21.39 AM.wav,1.0535,0.0535,-22,0.4140625,True,77,0.80078125,0.02,True,7,832fd6f0c0134eb918670149c058b51149db0542
WhatsApp Audio 2026-09-07 at 1.21.40 AM (1).wav,D:\SIH\ira-wakeword\today ira wav\today ira wav\WhatsApp Audio 2026-09-07 at 1.21.40 AM (1).wav,1.3935,0.2008,-126,0.0078125,False,95,0.87109375,0.01,True,41,19a5385a4f59fec67d4b50c47b0f5b1ee7105783
WhatsApp Audio 2026-09-07 at 1.21.40 AM (2).wav,D:\SIH\ira-wakeword\today ira wav\today ira wav\WhatsApp Audio 2026-09-07 at 1.21.40 AM (2).wav,1.3335,0.1593,-128,0.0,False,-27,0.39453125,0.05,False,35,2c794e0999acd5fe3a3d4d973bd525bc3e5f5f88
WhatsApp Audio 2026-09-07 at 1.21.40 AM.wav,D:\SIH\ira-wakeword\today ira wav\today ira wav\WhatsApp Audio 2026-09-07 at 1.21.40 AM.wav,1.1935,0.1778,-127,0.00390625,False,-6,0.4765625,0.04,True,21,6b7ab1d46fe3e977d45354bfcdf050e30e742699
WhatsApp Audio 2026-09-07 at 1.21.41 AM (1).wav,D:\SIH\ira-wakeword\today ira wav\today ira wav\WhatsApp Audio 2026-09-07 at 1.21.41 AM (1).wav,1.1135,0.1135,-66,0.2421875,False,77,0.80078125,0.03,True,13,1fce9380122f3e4ee3c397b22d397ad7efbed224
WhatsApp Audio 2026-09-07 at 1.21.41 AM (2).wav,D:\SIH\ira-wakeword\today ira wav\today ira wav\WhatsApp Audio 2026-09-07 at 1.21.41 AM (2).wav,1.0335,0.0334,-27,0.39453125,False,43,0.66796875,0.03,True,5,7655a49b7e08397a971930b48bd326e7e2ec8f95
WhatsApp Audio 2026-09-07 at 1.21.41 AM.wav,D:\SIH\ira-wakeword\today ira wav\today ira wav\WhatsApp Audio 2026-09-07 at 1.21.41 AM.wav,1.4535,0.2487,-126,0.0078125,False,93,0.86328125,0.07,True,47,70166a1c96e6221e42b259bf830e139c02bfb0bd
WhatsApp Audio 2026-09-07 at 1.21.42 AM (1).wav,D:\SIH\ira-wakeword\today ira wav\today ira wav\WhatsApp Audio 2026-09-07 at 1.21.42 AM (1).wav,1.3135,0.2138,-124,0.015625,False,102,0.8984375,0.05,True,33,9706a788e81d1dfa0626987cab72b530aab51125
WhatsApp Audio 2026-09-07 at 1.21.42 AM (2).wav,D:\SIH\ira-wakeword\today ira wav\today ira wav\WhatsApp Audio 2026-09-07 at 1.21.42 AM (2).wav,1.3135,0.2501,-126,0.0078125,False,106,0.9140625,0.02,True,33,d20f618bd2c5c00982816e5dfafda5bae57f489e
WhatsApp Audio 2026-09-07 at 1.21.42 AM.wav,D:\SIH\ira-wakeword\today ira wav\today ira wav\WhatsApp Audio 2026-09-07 at 1.21.42 AM.wav,1.1535,0.1535,-125,0.01171875,False,87,0.83984375,0.04,True,17,d77ebc527e63daec701c94f1fbe81c41a12db354
WhatsApp Audio 2026-09-07 at 1.21.43 AM (1).wav,D:\SIH\ira-wakeword\today ira wav\today ira wav\WhatsApp Audio 2026-09-07 at 1.21.43 AM (1).wav,1.0735,0.0735,90,0.8515625,True,119,0.96484375,0.04,True,9,644d874343afb512bfc8606bcd39c61f9e3a68b0
WhatsApp Audio 2026-09-07 at 1.21.43 AM (2).wav,D:\SIH\ira-wakeword\today ira wav\today ira wav\WhatsApp Audio 2026-09-07 at 1.21.43 AM (2).wav,1.2135,0.2135,-116,0.046875,False,113,0.94140625,0.03,True,23,c7f46b43933a5462f5bb2a1c8d25b8ac21533002
WhatsApp Audio 2026-09-07 at 1.21.43 AM.wav,D:\SIH\ira-wakeword\today ira wav\today ira wav\WhatsApp Audio 2026-09-07 at 1.21.43 AM.wav,1.3535,0.2026,-126,0.0078125,False,113,0.94140625,0.06,True,37,7820b101fbe84c31e3d54fdf65bb34cd781890d3
WhatsApp Audio 2026-09-07 at 1.21.44 AM (1).wav,D:\SIH\ira-wakeword\today ira wav\today ira wav\WhatsApp Audio 2026-09-07 at 1.21.44 AM (1).wav,1.0135,0.0135,114,0.9453125,True,114,0.9453125,0.0135,True,3,daec30902a27a464fc3aa3550718ad60ce94c2d4
WhatsApp Audio 2026-09-07 at 1.21.44 AM (2).wav,D:\SIH\ira-wakeword\today ira wav\today ira wav\WhatsApp Audio 2026-09-07 at 1.21.44 AM (2).wav,1.3135,0.2199,-126,0.0078125,False,100,0.890625,0.01,True,33,f514841a844f86e498ff79e171d8e619cde5307d
WhatsApp Audio 2026-09-07 at 1.21.44 AM.wav,D:\SIH\ira-wakeword\today ira wav\today ira wav\WhatsApp Audio 2026-09-07 at 1.21.44 AM.wav,1.7935,0.5586,-106,0.0859375,False,123,0.98046875,0.02,True,81,a85cf26aee3c472b5d6e581807556fcf0543a97e
WhatsApp Audio 2026-09-07 at 1.21.45 AM (1).wav,D:\SIH\ira-wakeword\today ira wav\today ira wav\WhatsApp Audio 2026-09-07 at 1.21.45 AM (1).wav,1.1535,0.1535,-113,0.05859375,False,95,0.87109375,0.06,True,17,c988289b01bbcb168bcabf9225949d391cdae8a0
WhatsApp Audio 2026-09-07 at 1.21.45 AM (2).wav,D:\SIH\ira-wakeword\today ira wav\today ira wav\WhatsApp Audio 2026-09-07 at 1.21.45 AM (2).wav,1.2135,0.2131,-121,0.02734375,False,118,0.9609375,0.03,True,23,26aae5cfaba1770c27e7748a205d64d6df82d78d
WhatsApp Audio 2026-09-07 at 1.21.45 AM.wav,D:\SIH\ira-wakeword\today ira wav\today ira wav\WhatsApp Audio 2026-09-07 at 1.21.45 AM.wav,1.1935,0.1923,-116,0.046875,False,106,0.9140625,0.02,True,21,e615cf85308096659f31042ccb17a911f3fee60e
WhatsApp Audio 2026-09-07 at 1.21.46 AM (1).wav,D:\SIH\ira-wakeword\today ira wav\today ira wav\WhatsApp Audio 2026-09-07 at 1.21.46 AM (1).wav,1.3935,0.2375,-48,0.3125,False,122,0.9765625,0.04,True,41,1327f848a00a271f03bfee61bbb9d9e4584bff66
WhatsApp Audio 2026-09-07 at 1.21.46 AM (2).wav,D:\SIH\ira-wakeword\today ira wav\today ira wav\WhatsApp Audio 2026-09-07 at 1.21.46 AM (2).wav,1.0735,0.0735,106,0.9140625,True,106,0.9140625,0.0735,True,9,785534d06028ba09c1607fd9ecd3e61d9488701b
WhatsApp Audio 2026-09-07 at 1.21.46 AM.wav,D:\SIH\ira-wakeword\today ira wav\today ira wav\WhatsApp Audio 2026-09-07 at 1.21.46 AM.wav,1.2935,0.1999,-90,0.1484375,False,120,0.96875,0.04,True,31,57dc09509347b8b5f96b1565c74245e7ef5b0197
WhatsApp Audio 2026-09-07 at 1.21.47 AM (1).wav,D:\SIH\ira-wakeword\today ira wav\today ira wav\WhatsApp Audio 2026-09-07 at 1.21.47 AM (1).wav,0.9735,0.0,61,0.73828125,True,61,0.73828125,0.0,True,1,76fc1eb410c3910d74305d2534b4cc63f49bc859
WhatsApp Audio 2026-09-07 at 1.21.47 AM (2).wav,D:\SIH\ira-wakeword\today ira wav\today ira wav\WhatsApp Audio 2026-09-07 at 1.21.47 AM (2).wav,0.9335,0.0,81,0.81640625,True,81,0.81640625,0.0,True,1,751577d374ab19f5742e1885cd346c75cd12502a
WhatsApp Audio 2026-09-07 at 1.21.47 AM (3).wav,D:\SIH\ira-wakeword\today ira wav\today ira wav\WhatsApp Audio 2026-09-07 at 1.21.47 AM (3).wav,1.1535,0.1535,-38,0.3515625,False,124,0.984375,0.05,True,17,671bd6f1a8beb047d59cc2056aa398f9ea1cd043
WhatsApp Audio 2026-09-07 at 1.21.47 AM.wav,D:\SIH\ira-wakeword\today ira wav\today ira wav\WhatsApp Audio 2026-09-07 at 1.21.47 AM.wav,1.0535,0.0535,117,0.95703125,True,123,0.98046875,0.02,True,7,03c70d61c08e4d25f5649017ac9d8bd386ed9090
WhatsApp Audio 2026-09-07 at 1.21.48 AM (1).wav,D:\SIH\ira-wakeword\today ira wav\today ira wav\WhatsApp Audio 2026-09-07 at 1.21.48 AM (1).wav,1.2535,0.2164,-119,0.03515625,False,109,0.92578125,0.06,True,27,6b9dd8796aba54345bb63d1d5e9fbf1a175b45c4
WhatsApp Audio 2026-09-07 at 1.21.48 AM (2).wav,D:\SIH\ira-wakeword\today ira wav\today ira wav\WhatsApp Audio 2026-09-07 at 1.21.48 AM (2).wav,1.0535,0.0535,119,0.96484375,True,125,0.98828125,0.03,True,7,8c2bf6a09a4ee01d05762c9713fd17829ceeb2ee
WhatsApp Audio 2026-09-07 at 1.21.48 AM.wav,D:\SIH\ira-wakeword\today ira wav\today ira wav\WhatsApp Audio 2026-09-07 at 1.21.48 AM.wav,1.2135,0.1812,-126,0.0078125,False,117,0.95703125,0.03,True,23,775121bc45b787816e7bd8ccca68d53e7652b150
WhatsApp Audio 2026-09-07 at 1.21.49 AM (1).wav,D:\SIH\ira-wakeword\today ira wav\today ira wav\WhatsApp Audio 2026-09-07 at 1.21.49 AM (1).wav,1.0935,0.0935,116,0.953125,True,125,0.98828125,0.04,True,11,c811a6599df97c427be16e4c27718c38d4e40aad
WhatsApp Audio 2026-09-07 at 1.21.49 AM (2).wav,D:\SIH\ira-wakeword\today ira wav\today ira wav\WhatsApp Audio 2026-09-07 at 1.21.49 AM (2).wav,1.1335,0.1335,17,0.56640625,True,118,0.9609375,0.04,True,15,45e42e763b8365c28943f325cbdc31e04a4a75a4
WhatsApp Audio 2026-09-07 at 1.21.49 AM.wav,D:\SIH\ira-wakeword\today ira wav\today ira wav\WhatsApp Audio 2026-09-07 at 1.21.49 AM.wav,1.2135,0.2116,-17,0.43359375,True,122,0.9765625,0.03,True,23,67983a5c531fd99a352ba617a3c677ac9822085a
WhatsApp Audio 2026-09-07 at 1.21.50 AM (1).wav,D:\SIH\ira-wakeword\today ira wav\today ira wav\WhatsApp Audio 2026-09-07 at 1.21.50 AM (1).wav,1.2135,0.2121,-98,0.1171875,False,124,0.984375,0.04,True,23,c9346d1cf64c41c9651504f3dec2e5b9b3bdd7a4
WhatsApp Audio 2026-09-07 at 1.21.50 AM.wav,D:\SIH\ira-wakeword\today ira wav\today ira wav\WhatsApp Audio 2026-09-07 at 1.21.50 AM.wav,1.1535,0.1535,111,0.93359375,True,127,0.99609375,0.02,True,17,7bfc8e52758b2837f16a49b92239a463606961dc
WhatsApp Audio 2026-09-07 at 1.21.51 AM.wav,D:\SIH\ira-wakeword\today ira wav\today ira wav\WhatsApp Audio 2026-09-07 at 1.21.51 AM.wav,1.3335,0.2056,-125,0.01171875,False,120,0.96875,0.07,True,35,f5dd06531f151ce68532f571a8f1e21f6d756f69
WhatsApp Audio 2026-09-07 at 12.04.03 AM (1).wav,D:\SIH\ira-wakeword\today ira wav\today ira wav\WhatsApp Audio 2026-09-07 at 12.04.03 AM (1).wav,1.8735,0.3606,122,0.9765625,True,123,0.98046875,0.36,True,89,f5aa450e984d27ad9e76ee94b721347b668ce590
WhatsApp Audio 2026-09-07 at 12.04.03 AM.wav,D:\SIH\ira-wakeword\today ira wav\today ira wav\WhatsApp Audio 2026-09-07 at 12.04.03 AM.wav,2.0335,0.4339,126,0.9921875,True,127,0.99609375,0.17,True,105,d2e9aa1ced19d87c26e632b0b74567d484f5bca4
WhatsApp Audio 2026-09-07 at 12.04.04 AM (1).wav,D:\SIH\ira-wakeword\today ira wav\today ira wav\WhatsApp Audio 2026-09-07 at 12.04.04 AM (1).wav,2.2335,0.7681,115,0.94921875,True,127,0.99609375,0.4,True,125,561f9d185e3f7117db8e9b4f45ce4a5b6af6fa93
WhatsApp Audio 2026-09-07 at 12.04.04 AM (2).wav,D:\SIH\ira-wakeword\today ira wav\today ira wav\WhatsApp Audio 2026-09-07 at 12.04.04 AM (2).wav,2.4335,0.788,125,0.98828125,True,127,0.99609375,0.72,True,145,9c6a843e9f500882a84cb5cc4efa490a654dd3be
WhatsApp Audio 2026-09-07 at 12.04.04 AM.wav,D:\SIH\ira-wakeword\today ira wav\today ira wav\WhatsApp Audio 2026-09-07 at 12.04.04 AM.wav,1.6535,0.2307,-22,0.4140625,True,11,0.54296875,0.22,True,67,813195c945af963a0b3f99f16c97f2b9816e8954
WhatsApp Audio 2026-09-07 at 12.04.05 AM (1).wav,D:\SIH\ira-wakeword\today ira wav\today ira wav\WhatsApp Audio 2026-09-07 at 12.04.05 AM (1).wav,2.3335,0.2953,120,0.96875,True,126,0.9921875,0.14,True,135,4fdb0a8b666a9ef88f2af6ed1768ab9294c85dd2
WhatsApp Audio 2026-09-07 at 12.04.05 AM (2).wav,D:\SIH\ira-wakeword\today ira wav\today ira wav\WhatsApp Audio 2026-09-07 at 12.04.05 AM (2).wav,1.8535,0.2028,108,0.921875,True,123,0.98046875,0.17,True,87,6bc0e77e0424ab0e9234aed09bb8ef7f0c9646d2
WhatsApp Audio 2026-09-07 at 12.04.05 AM.wav,D:\SIH\ira-wakeword\today ira wav\today ira wav\WhatsApp Audio 2026-09-07 at 12.04.05 AM.wav,1.7135,0.2455,48,0.6875,True,123,0.98046875,0.15,True,73,d19c6a216baa12987c3017a6097ea699465ac995
WhatsApp Audio 2026-09-07 at 12.04.06 AM (1).wav,D:\SIH\ira-wakeword\today ira wav\today ira wav\WhatsApp Audio 2026-09-07 at 12.04.06 AM (1).wav,1.5935,0.03,114,0.9453125,True,126,0.9921875,0.06,True,61,6e937a1f1a3fbe90174e324e937c7c31688fbd2a
WhatsApp Audio 2026-09-07 at 12.04.06 AM.wav,D:\SIH\ira-wakeword\today ira wav\today ira wav\WhatsApp Audio 2026-09-07 at 12.04.06 AM.wav,1.8735,0.8735,-125,0.01171875,False,125,0.98828125,0.04,True,89,523f7b0a2624911d9466090cd5f71126e3674b1d
WhatsApp Audio 2026-09-07 at 12.04.07 AM (1).wav,D:\SIH\ira-wakeword\today ira wav\today ira wav\WhatsApp Audio 2026-09-07 at 12.04.07 AM (1).wav,2.4535,0.6172,0,0.5,True,115,0.94921875,0.34,True,147,ed2563add56ce4b1ec21af3e83d762e53e9661b6
WhatsApp Audio 2026-09-07 at 12.04.07 AM (2).wav,D:\SIH\ira-wakeword\today ira wav\today ira wav\WhatsApp Audio 2026-09-07 at 12.04.07 AM (2).wav,1.6935,0.03,102,0.8984375,True,115,0.94921875,0.09,True,71,a42ae5ba547f0ea0d8593229c444cbbc278126e8
WhatsApp Audio 2026-09-07 at 12.04.07 AM.wav,D:\SIH\ira-wakeword\today ira wav\today ira wav\WhatsApp Audio 2026-09-07 at 12.04.07 AM.wav,1.7135,0.6471,-6,0.4765625,True,102,0.8984375,0.32,True,73,9115ff29af1b07010d1a7ebd48acc19b969e9064
WhatsApp Audio 2026-09-07 at 12.04.08 AM (1).wav,D:\SIH\ira-wakeword\today ira wav\today ira wav\WhatsApp Audio 2026-09-07 at 12.04.08 AM (1).wav,1.7135,0.6282,-57,0.27734375,False,117,0.95703125,0.39,True,73,e72a4299d119e88d110bbc42d6706d4fcbc8b0d2
WhatsApp Audio 2026-09-07 at 12.04.08 AM (2).wav,D:\SIH\ira-wakeword\today ira wav\today ira wav\WhatsApp Audio 2026-09-07 at 12.04.08 AM (2).wav,1.7535,0.6406,-6,0.4765625,True,115,0.94921875,0.42,True,77,89da456641fc45f17553bf1ddc2850975fddef01
WhatsApp Audio 2026-09-07 at 12.04.08 AM.wav,D:\SIH\ira-wakeword\today ira wav\today ira wav\WhatsApp Audio 2026-09-07 at 12.04.08 AM.wav,1.5735,0.5734,123,0.98046875,True,127,0.99609375,0.36,True,59,4b4eddf7efcd85548e22ac6dc07146ab2f8d292b
WhatsApp Audio 2026-09-07 at 12.04.09 AM (1).wav,D:\SIH\ira-wakeword\today ira wav\today ira wav\WhatsApp Audio 2026-09-07 at 12.04.09 AM (1).wav,1.9135,0.5049,74,0.7890625,True,122,0.9765625,0.02,True,93,bc0b59f06fbc9db368ee15bf7124714f5c255356
WhatsApp Audio 2026-09-07 at 12.04.09 AM (2).wav,D:\SIH\ira-wakeword\today ira wav\today ira wav\WhatsApp Audio 2026-09-07 at 12.04.09 AM (2).wav,1.6335,0.6056,117,0.95703125,True,126,0.9921875,0.35,True,65,19bbd80824874e083e70b9f38a74ac2c93815430
WhatsApp Audio 2026-09-07 at 12.04.09 AM.wav,D:\SIH\ira-wakeword\today ira wav\today ira wav\WhatsApp Audio 2026-09-07 at 12.04.09 AM.wav,1.3935,0.3786,112,0.9375,True,119,0.96484375,0.37,True,41,dd2781f0f50b2a038630425063594011ae2f297f
WhatsApp Audio 2026-09-07 at 12.04.10 AM (1).wav,D:\SIH\ira-wakeword\today ira wav\today ira wav\WhatsApp Audio 2026-09-07 at 12.04.10 AM (1).wav,1.2335,0.1569,126,0.9921875,True,127,0.99609375,0.01,True,25,3f0d77da984adbc9257dae29d76d6fd1a9e0027a
WhatsApp Audio 2026-09-07 at 12.04.10 AM (2).wav,D:\SIH\ira-wakeword\today ira wav\today ira wav\WhatsApp Audio 2026-09-07 at 12.04.10 AM (2).wav,1.6735,0.4207,117,0.95703125,True,123,0.98046875,0.35,True,69,dd4a4382afbd89b21a36cab7340230857a414e7d
WhatsApp Audio 2026-09-07 at 12.04.10 AM.wav,D:\SIH\ira-wakeword\today ira wav\today ira wav\WhatsApp Audio 2026-09-07 at 12.04.10 AM.wav,1.0935,0.0935,114,0.9453125,True,127,0.99609375,0.04,True,11,d8bf83565114d40f082c4c12d236fefcc8773c6e
WhatsApp Audio 2026-09-07 at 12.04.11 AM (1).wav,D:\SIH\ira-wakeword\today ira wav\today ira wav\WhatsApp Audio 2026-09-07 at 12.04.11 AM (1).wav,1.3935,0.2343,38,0.6484375,True,121,0.97265625,0.03,True,41,9b14fa42d9b066eb4005fc741202833b896a816e
WhatsApp Audio 2026-09-07 at 12.04.11 AM (2).wav,D:\SIH\ira-wakeword\today ira wav\today ira wav\WhatsApp Audio 2026-09-07 at 12.04.11 AM (2).wav,1.4735,0.3139,116,0.953125,True,127,0.99609375,0.06,True,49,3b3cd5fee7d14822ad8f4c90506e77e1ae5f2ddb
WhatsApp Audio 2026-09-07 at 12.04.11 AM.wav,D:\SIH\ira-wakeword\today ira wav\today ira wav\WhatsApp Audio 2026-09-07 at 12.04.11 AM.wav,2.0135,0.7996,66,0.7578125,True,100,0.890625,0.64,True,103,a6b0b3b450434d4de8d74c2a5e7843700fbfc9ba
WhatsApp Audio 2026-09-07 at 12.04.12 AM (1).wav,D:\SIH\ira-wakeword\today ira wav\today ira wav\WhatsApp Audio 2026-09-07 at 12.04.12 AM (1).wav,1.2135,0.2135,-102,0.1015625,False,6,0.5234375,0.06,True,23,9b11349816d13a49caef0d87c82417bec60dea22
WhatsApp Audio 2026-09-07 at 12.04.12 AM (2).wav,D:\SIH\ira-wakeword\today ira wav\today ira wav\WhatsApp Audio 2026-09-07 at 12.04.12 AM (2).wav,1.6135,0.259,-77,0.19921875,False,66,0.7578125,0.03,True,63,b6babbf657f26a028bb8599bc0b65f8a2739fad3
WhatsApp Audio 2026-09-07 at 12.04.12 AM.wav,D:\SIH\ira-wakeword\today ira wav\today ira wav\WhatsApp Audio 2026-09-07 at 12.04.12 AM.wav,1.7335,0.4148,-123,0.01953125,False,-17,0.43359375,0.02,True,75,e1f56990fba2459083a36ddd2601133420f97823
WhatsApp Audio 2026-09-07 at 12.04.13 AM (1).wav,D:\SIH\ira-wakeword\today ira wav\today ira wav\WhatsApp Audio 2026-09-07 at 12.04.13 AM (1).wav,1.9935,0.4671,-109,0.07421875,False,-53,0.29296875,0.01,False,101,99ed2534460e6cc16b3897d03668e33ee7fe23f6
WhatsApp Audio 2026-09-07 at 12.04.13 AM (2).wav,D:\SIH\ira-wakeword\today ira wav\today ira wav\WhatsApp Audio 2026-09-07 at 12.04.13 AM (2).wav,1.8135,0.4701,-53,0.29296875,False,-11,0.45703125,0.02,True,83,4d4e28ceeee87f459c24184e8e30ed198121ff66
WhatsApp Audio 2026-09-07 at 12.04.13 AM.wav,D:\SIH\ira-wakeword\today ira wav\today ira wav\WhatsApp Audio 2026-09-07 at 12.04.13 AM.wav,2.3535,0.4343,-66,0.2421875,False,115,0.94921875,0.54,True,137,ca774de533a06b7a18951039e978144c39363d69
WhatsApp Audio 2026-09-07 at 12.04.14 AM (1).wav,D:\SIH\ira-wakeword\today ira wav\today ira wav\WhatsApp Audio 2026-09-07 at 12.04.14 AM (1).wav,2.4335,0.7586,-116,0.046875,False,111,0.93359375,0.51,True,145,2137668bbd5271a203dda63b6c41bc662bf4abc9
WhatsApp Audio 2026-09-07 at 12.04.14 AM.wav,D:\SIH\ira-wakeword\today ira wav\today ira wav\WhatsApp Audio 2026-09-07 at 12.04.14 AM.wav,1.6535,0.3272,-120,0.03125,False,43,0.66796875,0.04,True,67,5a78d95ea26a51e7393d53ca82e328f407a0bed1
WhatsApp Audio 2026-09-07 at 12.04.15 AM (1).wav,D:\SIH\ira-wakeword\today ira wav\today ira wav\WhatsApp Audio 2026-09-07 at 12.04.15 AM (1).wav,1.4735,0.03,-90,0.1484375,False,61,0.73828125,0.26,True,49,c9970cd6262da6e921de8f5aebf3c416fff0f6ca
WhatsApp Audio 2026-09-07 at 12.04.15 AM (2).wav,D:\SIH\ira-wakeword\today ira wav\today ira wav\WhatsApp Audio 2026-09-07 at 12.04.15 AM (2).wav,2.1735,0.8451,-127,0.00390625,False,57,0.72265625,0.06,True,119,39559f96b84bd3317bf001df5a07178646534c4c
WhatsApp Audio 2026-09-07 at 12.04.15 AM.wav,D:\SIH\ira-wakeword\today ira wav\today ira wav\WhatsApp Audio 2026-09-07 at 12.04.15 AM.wav,1.5735,0.5201,-109,0.07421875,False,-22,0.4140625,0.28,True,59,3a6ef84c1f7def65a2442dd4a155e9046a953c8d
WhatsApp Audio 2026-09-07 at 12.04.16 AM (1).wav,D:\SIH\ira-wakeword\today ira wav\today ira wav\WhatsApp Audio 2026-09-07 at 12.04.16 AM (1).wav,1.4735,0.4735,93,0.86328125,True,93,0.86328125,0.4735,True,49,e20a1cbf9e61c31a9e055c6743154afd1c3fdf25
WhatsApp Audio 2026-09-07 at 12.04.16 AM (2).wav,D:\SIH\ira-wakeword\today ira wav\today ira wav\WhatsApp Audio 2026-09-07 at 12.04.16 AM (2).wav,1.8535,0.5684,-48,0.3125,False,84,0.828125,0.39,True,87,ea25e14ce03ea09d8e18faa386a5abb0fd336a56
WhatsApp Audio 2026-09-07 at 12.04.16 AM.wav,D:\SIH\ira-wakeword\today ira wav\today ira wav\WhatsApp Audio 2026-09-07 at 12.04.16 AM.wav,1.6735,0.6735,22,0.5859375,True,43,0.66796875,0.64,True,69,01f76ac2b28bd4744a4bb6f00a17de807ba4b575
WhatsApp Audio 2026-09-07 at 12.04.17 AM (1).wav,D:\SIH\ira-wakeword\today ira wav\today ira wav\WhatsApp Audio 2026-09-07 at 12.04.17 AM (1).wav,1.7335,0.7334,27,0.60546875,True,117,0.95703125,0.63,True,75,59a309e17054942b0b80a88605461563cf101457
WhatsApp Audio 2026-09-07 at 12.04.17 AM.wav,D:\SIH\ira-wakeword\today ira wav\today ira wav\WhatsApp Audio 2026-09-07 at 12.04.17 AM.wav,2.0935,0.7141,-33,0.37109375,False,123,0.98046875,0.03,True,111,426d2e42c00eb727d39723e71077a1b32f12b4a3
WhatsApp Audio 2026-09-07 at 12.04.18 AM (1).wav,D:\SIH\ira-wakeword\today ira wav\today ira wav\WhatsApp Audio 2026-09-07 at 12.04.18 AM (1).wav,2.0135,0.9359,-27,0.39453125,False,124,0.984375,0.02,True,103,59bf3410788394e9519fe5055d21670de6edf544
WhatsApp Audio 2026-09-07 at 12.04.18 AM (2).wav,D:\SIH\ira-wakeword\today ira wav\today ira wav\WhatsApp Audio 2026-09-07 at 12.04.18 AM (2).wav,2.0335,0.5914,-27,0.39453125,False,38,0.6484375,0.03,True,105,6b3eb1b30a01bae3fd227b49abc412ad36d394fa
WhatsApp Audio 2026-09-07 at 12.04.18 AM.wav,D:\SIH\ira-wakeword\today ira wav\today ira wav\WhatsApp Audio 2026-09-07 at 12.04.18 AM.wav,1.5535,0.3736,61,0.73828125,True,123,0.98046875,0.04,True,57,04e13c64c70cdd7a50df0b625e39be19b59d511e
WhatsApp Audio 2026-09-07 at 12.24.58 AM (1).wav,D:\SIH\ira-wakeword\today ira wav\today ira wav\WhatsApp Audio 2026-09-07 at 12.24.58 AM (1).wav,2.0135,0.4258,121,0.97265625,True,123,0.98046875,0.58,True,103,af509f7f0aae995da39fa41b333764044d319d6b
WhatsApp Audio 2026-09-07 at 12.24.58 AM.wav,D:\SIH\ira-wakeword\today ira wav\today ira wav\WhatsApp Audio 2026-09-07 at 12.24.58 AM.wav,1.6935,0.3427,-84,0.171875,False,-53,0.29296875,0.6935,False,71,ce35f6aa5aaab9dbd59410f988a5e3ec4b1742fc
WhatsApp Audio 2026-09-07 at 12.24.59 AM (1).wav,D:\SIH\ira-wakeword\today ira wav\today ira wav\WhatsApp Audio 2026-09-07 at 12.24.59 AM (1).wav,1.9335,0.261,77,0.80078125,True,109,0.92578125,0.25,True,95,6412f8fbb33de78c410eadd1ecd9990ac411f8fe
WhatsApp Audio 2026-09-07 at 12.24.59 AM (2).wav,D:\SIH\ira-wakeword\today ira wav\today ira wav\WhatsApp Audio 2026-09-07 at 12.24.59 AM (2).wav,2.2335,0.4576,-74,0.2109375,False,93,0.86328125,0.05,True,125,9aa458eeb2a701331f9f880f7210bfaa6be171ba
WhatsApp Audio 2026-09-07 at 12.24.59 AM.wav,D:\SIH\ira-wakeword\today ira wav\today ira wav\WhatsApp Audio 2026-09-07 at 12.24.59 AM.wav,1.7335,0.3949,77,0.80078125,True,111,0.93359375,0.37,True,75,babe0985684f1bd83c11a0f75815f0ca15660b5e
WhatsApp Audio 2026-09-07 at 12.25.00 AM (1).wav,D:\SIH\ira-wakeword\today ira wav\today ira wav\WhatsApp Audio 2026-09-07 at 12.25.00 AM (1).wav,1.2335,0.2335,-66,0.2421875,False,112,0.9375,0.09,True,25,e2631c18b899ec737189538024c264c9d24ca015
WhatsApp Audio 2026-09-07 at 12.25.00 AM (2).wav,D:\SIH\ira-wakeword\today ira wav\today ira wav\WhatsApp Audio 2026-09-07 at 12.25.00 AM (2).wav,1.6335,0.2683,-102,0.1015625,False,123,0.98046875,0.1,True,65,960624820827e52032daa9063437d951d9f3d865
WhatsApp Audio 2026-09-07 at 12.25.00 AM.wav,D:\SIH\ira-wakeword\today ira wav\today ira wav\WhatsApp Audio 2026-09-07 at 12.25.00 AM.wav,2.0135,0.4208,108,0.921875,True,124,0.984375,0.74,True,103,2442dd4c57767e4a9cb12f04f809c8a4e74f5853
WhatsApp Audio 2026-09-07 at 12.25.01 AM (1).wav,D:\SIH\ira-wakeword\today ira wav\today ira wav\WhatsApp Audio 2026-09-07 at 12.25.01 AM (1).wav,1.6935,0.6868,33,0.62890625,True,100,0.890625,0.52,True,71,63322293fadf7416cb0c35945198c10d3efc3d9a
WhatsApp Audio 2026-09-07 at 12.25.01 AM (2).wav,D:\SIH\ira-wakeword\today ira wav\today ira wav\WhatsApp Audio 2026-09-07 at 12.25.01 AM (2).wav,1.4935,0.4485,6,0.5234375,True,87,0.83984375,0.42,True,51,062518510bc1cae249b775a6521d6df76caef099
WhatsApp Audio 2026-09-07 at 12.25.01 AM.wav,D:\SIH\ira-wakeword\today ira wav\today ira wav\WhatsApp Audio 2026-09-07 at 12.25.01 AM.wav,1.5735,0.564,116,0.953125,True,124,0.984375,0.33,True,59,8a8e8b12e91dbdac24102fe413fbfd566ad134de
WhatsApp Audio 2026-09-07 at 12.25.02 AM (1).wav,D:\SIH\ira-wakeword\today ira wav\today ira wav\WhatsApp Audio 2026-09-07 at 12.25.02 AM (1).wav,2.0335,0.4574,116,0.953125,True,123,0.98046875,0.47,True,105,c81b53f53eb0f2b7ec6791a52a314f1fd882e5ac
WhatsApp Audio 2026-09-07 at 12.25.02 AM.wav,D:\SIH\ira-wakeword\today ira wav\today ira wav\WhatsApp Audio 2026-09-07 at 12.25.02 AM.wav,2.0735,0.5044,90,0.8515625,True,95,0.87109375,0.42,True,109,6d40a9a921bf3628cce212afb5aed749332c5455
WhatsApp Audio 2026-09-07 at 12.25.03 AM (1).wav,D:\SIH\ira-wakeword\today ira wav\today ira wav\WhatsApp Audio 2026-09-07 at 12.25.03 AM (1).wav,1.8735,0.6962,123,0.98046875,True,124,0.984375,0.54,True,89,74b283da53ed115cd069a2ac1623b3f6527ff0d2
WhatsApp Audio 2026-09-07 at 12.25.03 AM (2).wav,D:\SIH\ira-wakeword\today ira wav\today ira wav\WhatsApp Audio 2026-09-07 at 12.25.03 AM (2).wav,1.4335,0.4335,118,0.9609375,True,120,0.96875,0.12,True,45,0f39b4a9ca6b7b1ae2f01c313d8d1927686d0f28
WhatsApp Audio 2026-09-07 at 12.25.03 AM.wav,D:\SIH\ira-wakeword\today ira wav\today ira wav\WhatsApp Audio 2026-09-07 at 12.25.03 AM.wav,2.2735,0.4029,-6,0.4765625,True,118,0.9609375,0.52,True,129,610ce48244e0ec396f388601cc08e367cdf92054
WhatsApp Audio 2026-09-07 at 12.25.04 AM (1).wav,D:\SIH\ira-wakeword\today ira wav\today ira wav\WhatsApp Audio 2026-09-07 at 12.25.04 AM (1).wav,1.2735,0.2725,98,0.8828125,True,124,0.984375,0.13,True,29,5e520cf1780dac890414fa723cf8ad5f610bdd04
WhatsApp Audio 2026-09-07 at 12.25.04 AM (2).wav,D:\SIH\ira-wakeword\today ira wav\today ira wav\WhatsApp Audio 2026-09-07 at 12.25.04 AM (2).wav,1.5535,0.3452,126,0.9921875,True,127,0.99609375,0.13,True,57,21d6ac56734d35a8ed762fdce265ada5dd277a20
WhatsApp Audio 2026-09-07 at 12.25.04 AM.wav,D:\SIH\ira-wakeword\today ira wav\today ira wav\WhatsApp Audio 2026-09-07 at 12.25.04 AM.wav,1.5735,0.3819,-104,0.09375,False,-43,0.33203125,0.13,False,59,6154175d62e085375555281659084a4c20e42b40
WhatsApp Audio 2026-09-07 at 12.25.05 AM (1).wav,D:\SIH\ira-wakeword\today ira wav\today ira wav\WhatsApp Audio 2026-09-07 at 12.25.05 AM (1).wav,1.8335,0.6388,-128,0.0,False,-17,0.43359375,0.02,True,85,3655e85905df577e260f858b8a49f697209551d7
WhatsApp Audio 2026-09-07 at 12.25.05 AM.wav,D:\SIH\ira-wakeword\today ira wav\today ira wav\WhatsApp Audio 2026-09-07 at 12.25.05 AM.wav,1.5335,0.5335,70,0.7734375,True,114,0.9453125,0.47,True,55,6be6f4e5f51b9ae212ab2d5d9695daba14ee778e
WhatsApp Audio 2026-09-07 at 12.25.06 AM (1).wav,D:\SIH\ira-wakeword\today ira wav\today ira wav\WhatsApp Audio 2026-09-07 at 12.25.06 AM (1).wav,2.1335,0.5884,-113,0.05859375,False,22,0.5859375,0.01,True,115,12d275d8dcf05fb728bef138eca98f6d55d73c41
WhatsApp Audio 2026-09-07 at 12.25.06 AM (2).wav,D:\SIH\ira-wakeword\today ira wav\today ira wav\WhatsApp Audio 2026-09-07 at 12.25.06 AM (2).wav,1.6535,0.3129,-127,0.00390625,False,-22,0.4140625,0.03,True,67,4b7606fc148ebcd695c2c42cf81d0e337c281d93
WhatsApp Audio 2026-09-07 at 12.25.06 AM.wav,D:\SIH\ira-wakeword\today ira wav\today ira wav\WhatsApp Audio 2026-09-07 at 12.25.06 AM.wav,1.7135,0.5176,-77,0.19921875,False,27,0.60546875,0.02,True,73,a1be5202d2a200b518d822dc4c5019497ff22956
WhatsApp Audio 2026-09-07 at 12.25.07 AM (1).wav,D:\SIH\ira-wakeword\today ira wav\today ira wav\WhatsApp Audio 2026-09-07 at 12.25.07 AM (1).wav,1.7535,0.3038,98,0.8828125,True,125,0.98828125,0.45,True,77,3b1c563866488035c6eb4b635410869ab0d0280e
WhatsApp Audio 2026-09-07 at 12.25.07 AM (2).wav,D:\SIH\ira-wakeword\today ira wav\today ira wav\WhatsApp Audio 2026-09-07 at 12.25.07 AM (2).wav,1.2535,0.2535,127,0.99609375,True,127,0.99609375,0.2535,True,27,dc8ead171be8730abef117e26d5ffbd5c4293d91
WhatsApp Audio 2026-09-07 at 12.25.07 AM.wav,D:\SIH\ira-wakeword\today ira wav\today ira wav\WhatsApp Audio 2026-09-07 at 12.25.07 AM.wav,1.2735,0.2219,-104,0.09375,False,81,0.81640625,0.03,True,29,4637e9a7d6647af5551c57939a8c9bcd24198c51
WhatsApp Audio 2026-09-07 at 12.25.08 AM (1).wav,D:\SIH\ira-wakeword\today ira wav\today ira wav\WhatsApp Audio 2026-09-07 at 12.25.08 AM (1).wav,0.9735,0.0,100,0.890625,True,100,0.890625,0.0,True,1,9b6e9104b92f47e9d56d9c87e75a6d11a085f530
WhatsApp Audio 2026-09-07 at 12.25.08 AM (2).wav,D:\SIH\ira-wakeword\today ira wav\today ira wav\WhatsApp Audio 2026-09-07 at 12.25.08 AM (2).wav,1.0535,0.0535,115,0.94921875,True,126,0.9921875,0.04,True,7,6706e740a4730db632f7fa97dcc9076231f10cb0
WhatsApp Audio 2026-09-07 at 12.25.08 AM.wav,D:\SIH\ira-wakeword\today ira wav\today ira wav\WhatsApp Audio 2026-09-07 at 12.25.08 AM.wav,1.2535,0.0258,122,0.9765625,True,125,0.98828125,0.08,True,27,a40e8b1a0d924adf8ade6ccc316745683cab7b61
WhatsApp Audio 2026-09-07 at 12.25.09 AM (1).wav,D:\SIH\ira-wakeword\today ira wav\today ira wav\WhatsApp Audio 2026-09-07 at 12.25.09 AM (1).wav,1.7135,0.2892,81,0.81640625,True,109,0.92578125,0.46,True,73,88df8f57267dffd6130c2d1fd686ef5fa92a7d43
WhatsApp Audio 2026-09-07 at 12.25.09 AM.wav,D:\SIH\ira-wakeword\today ira wav\today ira wav\WhatsApp Audio 2026-09-07 at 12.25.09 AM.wav,1.5335,0.3157,-6,0.4765625,True,120,0.96875,0.3,True,55,b9613fee85cfec2ba8b285dbfcf14dd3065f5dae
WhatsApp Audio 2026-09-07 at 12.25.10 AM (1).wav,D:\SIH\ira-wakeword\today ira wav\today ira wav\WhatsApp Audio 2026-09-07 at 12.25.10 AM (1).wav,1.2935,0.2609,98,0.8828125,True,125,0.98828125,0.02,True,31,d29797125d052b992d6047a838ad73cec5b3f63b
WhatsApp Audio 2026-09-07 at 12.25.10 AM (2).wav,D:\SIH\ira-wakeword\today ira wav\today ira wav\WhatsApp Audio 2026-09-07 at 12.25.10 AM (2).wav,1.5335,0.0298,120,0.96875,True,127,0.99609375,0.04,True,55,75d31e85985fb64263fefd89504c1c1349164913
WhatsApp Audio 2026-09-07 at 12.25.10 AM.wav,D:\SIH\ira-wakeword\today ira wav\today ira wav\WhatsApp Audio 2026-09-07 at 12.25.10 AM.wav,1.3935,0.2701,119,0.96484375,True,125,0.98828125,0.04,True,41,f2518d8ce7dcd8eff02c1401d5c6321d38e22615
WhatsApp Audio 2026-09-07 at 12.25.11 AM (1).wav,D:\SIH\ira-wakeword\today ira wav\today ira wav\WhatsApp Audio 2026-09-07 at 12.25.11 AM (1).wav,1.6735,0.6734,95,0.87109375,True,115,0.94921875,0.6,True,69,251f93a34e401e22600efb7cf96d48299385e8cb
WhatsApp Audio 2026-09-07 at 12.25.11 AM.wav,D:\SIH\ira-wakeword\today ira wav\today ira wav\WhatsApp Audio 2026-09-07 at 12.25.11 AM.wav,1.5935,0.3525,126,0.9921875,True,127,0.99609375,0.04,True,61,c47f9b9d00cf7aaa517b37a9f42b65db441780aa
WhatsApp Audio 2026-09-07 at 12.25.12 AM (1).wav,D:\SIH\ira-wakeword\today ira wav\today ira wav\WhatsApp Audio 2026-09-07 at 12.25.12 AM (1).wav,0.9735,0.0,122,0.9765625,True,122,0.9765625,0.0,True,1,d956a200c996fa3cb0a4b1a81a5bfb3eaac184e8
WhatsApp Audio 2026-09-07 at 12.25.12 AM (2).wav,D:\SIH\ira-wakeword\today ira wav\today ira wav\WhatsApp Audio 2026-09-07 at 12.25.12 AM (2).wav,1.2135,0.2135,114,0.9453125,True,114,0.9453125,0.2135,True,23,07e1eb941894fe9047eb7d5ddcd718058df93383
WhatsApp Audio 2026-09-07 at 12.25.12 AM.wav,D:\SIH\ira-wakeword\today ira wav\today ira wav\WhatsApp Audio 2026-09-07 at 12.25.12 AM.wav,1.2335,0.229,116,0.953125,True,127,0.99609375,0.05,True,25,bb63017941be9a623c73e9befcf502a39eb2238f
WhatsApp Audio 2026-09-07 at 12.25.13 AM (1).wav,D:\SIH\ira-wakeword\today ira wav\today ira wav\WhatsApp Audio 2026-09-07 at 12.25.13 AM (1).wav,2.5735,0.6991,102,0.8984375,True,120,0.96875,0.53,True,159,dcf93599026065d4159db81a9e6b559de33c36a6
WhatsApp Audio 2026-09-07 at 12.25.13 AM.wav,D:\SIH\ira-wakeword\today ira wav\today ira wav\WhatsApp Audio 2026-09-07 at 12.25.13 AM.wav,1.5535,0.5535,66,0.7578125,True,116,0.953125,0.53,True,57,ff634826ba80316b87c6a27b00505fb2cd659a25
WhatsApp Audio 2026-09-07 at 12.25.14 AM (1).wav,D:\SIH\ira-wakeword\today ira wav\today ira wav\WhatsApp Audio 2026-09-07 at 12.25.14 AM (1).wav,1.9135,0.2342,84,0.828125,True,126,0.9921875,0.02,True,93,89d63d0b2ab5ef4cfaf2b75d80fe3eec63922772
WhatsApp Audio 2026-09-07 at 12.25.14 AM (2).wav,D:\SIH\ira-wakeword\today ira wav\today ira wav\WhatsApp Audio 2026-09-07 at 12.25.14 AM (2).wav,1.7135,0.3507,123,0.98046875,True,126,0.9921875,0.22,True,73,9dfe1541bb61d5423c62fd5f09bf2b362ac881c8
WhatsApp Audio 2026-09-07 at 12.25.14 AM.wav,D:\SIH\ira-wakeword\today ira wav\today ira wav\WhatsApp Audio 2026-09-07 at 12.25.14 AM.wav,1.3135,0.159,121,0.97265625,True,126,0.9921875,0.02,True,33,f0cc3ce3b7057b8de16f3fc2229687c0848d996e
WhatsApp Audio 2026-09-07 at 12.25.15 AM (1).wav,D:\SIH\ira-wakeword\today ira wav\today ira wav\WhatsApp Audio 2026-09-07 at 12.25.15 AM (1).wav,1.5535,0.5094,-102,0.1015625,False,121,0.97265625,0.02,True,57,692b56016ae1a1412dae84a49df45751c8543e70
WhatsApp Audio 2026-09-07 at 12.25.15 AM (2).wav,D:\SIH\ira-wakeword\today ira wav\today ira wav\WhatsApp Audio 2026-09-07 at 12.25.15 AM (2).wav,1.4735,0.4146,17,0.56640625,True,113,0.94140625,0.02,True,49,9c8e1b8b5bf1ea86fe0104b755510244d6349690
WhatsApp Audio 2026-09-07 at 12.25.15 AM.wav,D:\SIH\ira-wakeword\today ira wav\today ira wav\WhatsApp Audio 2026-09-07 at 12.25.15 AM.wav,1.5735,0.3551,114,0.9453125,True,120,0.96875,0.04,True,59,6c518e8f1ee0edf20d382f3bc8e358173d48afa2
WhatsApp Audio 2026-09-07 at 12.25.16 AM (1).wav,D:\SIH\ira-wakeword\today ira wav\today ira wav\WhatsApp Audio 2026-09-07 at 12.25.16 AM (1).wav,1.2335,0.1534,114,0.9453125,True,126,0.9921875,0.05,True,25,2deb0361ba39b9c2ea6efa2e23f8061e604f795d
WhatsApp Audio 2026-09-07 at 12.25.16 AM (2).wav,D:\SIH\ira-wakeword\today ira wav\today ira wav\WhatsApp Audio 2026-09-07 at 12.25.16 AM (2).wav,1.5135,0.2433,53,0.70703125,True,123,0.98046875,0.05,True,53,3c6330c83c03e57bd2943339325a5a1249124615
WhatsApp Audio 2026-09-07 at 12.25.16 AM.wav,D:\SIH\ira-wakeword\today ira wav\today ira wav\WhatsApp Audio 2026-09-07 at 12.25.16 AM.wav,1.5135,0.4608,77,0.80078125,True,127,0.99609375,0.05,True,53,c5f5495fa7cbd13b5e127c4e2844dd0a48d170f7
WhatsApp Audio 2026-09-07 at 12.25.17 AM (1).wav,D:\SIH\ira-wakeword\today ira wav\today ira wav\WhatsApp Audio 2026-09-07 at 12.25.17 AM (1).wav,1.3935,0.2321,122,0.9765625,True,127,0.99609375,0.02,True,41,7259f9a996692d9798087807a3d444aa7a56f6a5
WhatsApp Audio 2026-09-07 at 12.25.17 AM (2).wav,D:\SIH\ira-wakeword\today ira wav\today ira wav\WhatsApp Audio 2026-09-07 at 12.25.17 AM (2).wav,1.6935,0.2374,84,0.828125,True,123,0.98046875,0.03,True,71,2f3fe4810893b633a3fff3b08718640135cba8c4
WhatsApp Audio 2026-09-07 at 12.25.17 AM.wav,D:\SIH\ira-wakeword\today ira wav\today ira wav\WhatsApp Audio 2026-09-07 at 12.25.17 AM.wav,1.4735,0.2348,106,0.9140625,True,127,0.99609375,0.03,True,49,63b6398c93eea6ed95fa4b6deea50d3c63b36bcf
WhatsApp Audio 2026-09-07 at 12.25.18 AM (1).wav,D:\SIH\ira-wakeword\today ira wav\today ira wav\WhatsApp Audio 2026-09-07 at 12.25.18 AM (1).wav,2.2135,0.5028,102,0.8984375,True,118,0.9609375,0.04,True,123,350b26f94c9dfe92f2fe217c23c038ed94dc4afd
WhatsApp Audio 2026-09-07 at 12.25.18 AM.wav,D:\SIH\ira-wakeword\today ira wav\today ira wav\WhatsApp Audio 2026-09-07 at 12.25.18 AM.wav,1.7735,0.2757,17,0.56640625,True,111,0.93359375,0.04,True,79,ed22cfd0efb8cb0f18442251979b3bdc4973a3ba
WhatsApp Audio 2026-09-07 at 12.25.19 AM (1).wav,D:\SIH\ira-wakeword\today ira wav\today ira wav\WhatsApp Audio 2026-09-07 at 12.25.19 AM (1).wav,1.8535,0.4023,17,0.56640625,True,122,0.9765625,0.02,True,87,f4a7dea871437c54173cd31a43091651225687b7
WhatsApp Audio 2026-09-07 at 12.25.19 AM (2).wav,D:\SIH\ira-wakeword\today ira wav\today ira wav\WhatsApp Audio 2026-09-07 at 12.25.19 AM (2).wav,1.8735,0.4457,6,0.5234375,True,123,0.98046875,0.03,True,89,c6e7ee39cbda358c42cb64d1e4e4586d7962b399
WhatsApp Audio 2026-09-07 at 12.25.19 AM.wav,D:\SIH\ira-wakeword\today ira wav\today ira wav\WhatsApp Audio 2026-09-07 at 12.25.19 AM.wav,1.9335,0.8706,-33,0.37109375,False,104,0.90625,0.54,True,95,104ca202c08e4d9c86481f7b562bf7cbcd1acb5e
WhatsApp Audio 2026-09-07 at 12.25.20 AM (1).wav,D:\SIH\ira-wakeword\today ira wav\today ira wav\WhatsApp Audio 2026-09-07 at 12.25.20 AM (1).wav,1.6935,0.3279,102,0.8984375,True,126,0.9921875,0.15,True,71,be4ec9c85f1efb60198bf9aa4479de68d0e7cc0e
WhatsApp Audio 2026-09-07 at 12.25.20 AM.wav,D:\SIH\ira-wakeword\today ira wav\today ira wav\WhatsApp Audio 2026-09-07 at 12.25.20 AM.wav,1.4935,0.3086,-33,0.37109375,False,116,0.953125,0.02,True,51,5e8e4df0d3a3a68cd00480ef250bac16b9690772
WhatsApp Audio 2026-09-07 at 12.30.48 AM.wav,D:\SIH\ira-wakeword\today ira wav\today ira wav\WhatsApp Audio 2026-09-07 at 12.30.48 AM.wav,1.5335,0.2627,-61,0.26171875,False,95,0.87109375,0.24,True,55,8d2f1df88acf1d6a48c74f6378c80dc6b46564ff
WhatsApp Audio 2026-09-07 at 12.30.49 AM (1).wav,D:\SIH\ira-wakeword\today ira wav\today ira wav\WhatsApp Audio 2026-09-07 at 12.30.49 AM (1).wav,1.1535,0.1535,116,0.953125,True,126,0.9921875,0.02,True,17,d5ffe8d2189c41dde31ea97bdd3533e17864386a
WhatsApp Audio 2026-09-07 at 12.30.49 AM (2).wav,D:\SIH\ira-wakeword\today ira wav\today ira wav\WhatsApp Audio 2026-09-07 at 12.30.49 AM (2).wav,1.1935,0.1751,104,0.90625,True,125,0.98828125,0.04,True,21,1700aa18b528705ded2b736b67f481dfb83fa220
WhatsApp Audio 2026-09-07 at 12.30.49 AM.wav,D:\SIH\ira-wakeword\today ira wav\today ira wav\WhatsApp Audio 2026-09-07 at 12.30.49 AM.wav,1.2135,0.2135,66,0.7578125,True,125,0.98828125,0.03,True,23,f796daca7c4f1955af540504977b02ac092dae1e
WhatsApp Audio 2026-09-07 at 12.30.50 AM (1).wav,D:\SIH\ira-wakeword\today ira wav\today ira wav\WhatsApp Audio 2026-09-07 at 12.30.50 AM (1).wav,1.1535,0.1535,90,0.8515625,True,122,0.9765625,0.05,True,17,724eec50b57b92693d6d54dc1258ab89f1b387ef
WhatsApp Audio 2026-09-07 at 12.30.50 AM (2).wav,D:\SIH\ira-wakeword\today ira wav\today ira wav\WhatsApp Audio 2026-09-07 at 12.30.50 AM (2).wav,1.1935,0.1898,113,0.94140625,True,126,0.9921875,0.03,True,21,856904db55ef5a5c5e5084c56658ffc2640dd03b
WhatsApp Audio 2026-09-07 at 12.30.50 AM.wav,D:\SIH\ira-wakeword\today ira wav\today ira wav\WhatsApp Audio 2026-09-07 at 12.30.50 AM.wav,1.4135,0.2969,125,0.98828125,True,125,0.98828125,0.2969,True,43,1c9ddab040946bea41ed97764d1d17e0a31b01c5
WhatsApp Audio 2026-09-07 at 12.30.51 AM (1).wav,D:\SIH\ira-wakeword\today ira wav\today ira wav\WhatsApp Audio 2026-09-07 at 12.30.51 AM (1).wav,1.3335,0.2351,125,0.98828125,True,126,0.9921875,0.04,True,35,1b67b001974e453bedec1d8a4069538330b2c6e6
WhatsApp Audio 2026-09-07 at 12.30.51 AM (2).wav,D:\SIH\ira-wakeword\today ira wav\today ira wav\WhatsApp Audio 2026-09-07 at 12.30.51 AM (2).wav,1.6935,0.6699,-53,0.29296875,False,87,0.83984375,0.41,True,71,41d6edd040a7f714d2cb5c75d744a00397e52d99
WhatsApp Audio 2026-09-07 at 12.30.51 AM.wav,D:\SIH\ira-wakeword\today ira wav\today ira wav\WhatsApp Audio 2026-09-07 at 12.30.51 AM.wav,1.2735,0.1534,124,0.984375,True,125,0.98828125,0.02,True,29,c561d762ea60b5a169ec3793d11383ba5805ba56
WhatsApp Audio 2026-09-07 at 12.30.52 AM (1).wav,D:\SIH\ira-wakeword\today ira wav\today ira wav\WhatsApp Audio 2026-09-07 at 12.30.52 AM (1).wav,1.2335,0.2335,104,0.90625,True,121,0.97265625,0.04,True,25,772c171bfadd196f9ba693cfc43cdf816f228cf6
WhatsApp Audio 2026-09-07 at 12.30.52 AM (2).wav,D:\SIH\ira-wakeword\today ira wav\today ira wav\WhatsApp Audio 2026-09-07 at 12.30.52 AM (2).wav,1.2535,0.2524,33,0.62890625,True,125,0.98828125,0.06,True,27,2b67c2e5460aeee6c1a373046c78871a02548964
WhatsApp Audio 2026-09-07 at 12.30.52 AM.wav,D:\SIH\ira-wakeword\today ira wav\today ira wav\WhatsApp Audio 2026-09-07 at 12.30.52 AM.wav,1.4335,0.4335,87,0.83984375,True,102,0.8984375,0.41,True,45,96f7631d722e59da9ae3bfdd6229e13b8a30a320
WhatsApp Audio 2026-09-07 at 12.30.53 AM (1).wav,D:\SIH\ira-wakeword\today ira wav\today ira wav\WhatsApp Audio 2026-09-07 at 12.30.53 AM (1).wav,1.3535,0.3535,87,0.83984375,True,122,0.9765625,0.28,True,37,632b433fffd1859882bbbc9a8626eb3f85ee44da
WhatsApp Audio 2026-09-07 at 12.30.53 AM (2).wav,D:\SIH\ira-wakeword\today ira wav\today ira wav\WhatsApp Audio 2026-09-07 at 12.30.53 AM (2).wav,1.3335,0.3333,87,0.83984375,True,114,0.9453125,0.06,True,35,b8ec4abb000d71995670e1a8c4875f2f67fcceba
WhatsApp Audio 2026-09-07 at 12.30.53 AM.wav,D:\SIH\ira-wakeword\today ira wav\today ira wav\WhatsApp Audio 2026-09-07 at 12.30.53 AM.wav,1.3135,0.3135,119,0.96484375,True,119,0.96484375,0.3135,True,33,9006d95612d7d134c37741237680166e554e30a5
WhatsApp Audio 2026-09-07 at 12.30.54 AM (1).wav,D:\SIH\ira-wakeword\today ira wav\today ira wav\WhatsApp Audio 2026-09-07 at 12.30.54 AM (1).wav,1.6135,0.3236,125,0.98828125,True,126,0.9921875,0.04,True,63,93157beaf59da249d72d7bcb8d02774ce543ffc7
WhatsApp Audio 2026-09-07 at 12.30.54 AM (2).wav,D:\SIH\ira-wakeword\today ira wav\today ira wav\WhatsApp Audio 2026-09-07 at 12.30.54 AM (2).wav,1.1735,0.1735,-11,0.45703125,True,114,0.9453125,0.05,True,19,a46e70589aaa005b5dfca9d2dd055668124e5725
WhatsApp Audio 2026-09-07 at 12.30.54 AM.wav,D:\SIH\ira-wakeword\today ira wav\today ira wav\WhatsApp Audio 2026-09-07 at 12.30.54 AM.wav,2.0335,0.8464,-117,0.04296875,False,113,0.94140625,0.42,True,105,3df00aef03b45a3c2183faddf6c7846e1d289150
WhatsApp Audio 2026-09-07 at 12.30.55 AM.wav,D:\SIH\ira-wakeword\today ira wav\today ira wav\WhatsApp Audio 2026-09-07 at 12.30.55 AM.wav,1.4535,0.4339,109,0.92578125,True,114,0.9453125,0.4535,True,47,4de99d1ab2f7691784fef800278f1efdc6ca2752
WhatsApp Audio 2026-09-07 at 12.31.15 AM.wav,D:\SIH\ira-wakeword\today ira wav\today ira wav\WhatsApp Audio 2026-09-07 at 12.31.15 AM.wav,1.7535,0.467,11,0.54296875,True,118,0.9609375,0.04,True,77,444dbbf792cf960700242ac1a00d0d83400c3727
WhatsApp Audio 2026-09-07 at 12.31.16 AM.wav,D:\SIH\ira-wakeword\today ira wav\today ira wav\WhatsApp Audio 2026-09-07 at 12.31.16 AM.wav,1.5135,0.3801,90,0.8515625,True,121,0.97265625,0.07,True,53,9ccc9ee5c75490fb878824104f378435918f634e
WhatsApp Audio 2026-09-07 at 12.48.58 AM (1).wav,D:\SIH\ira-wakeword\today ira wav\today ira wav\WhatsApp Audio 2026-09-07 at 12.48.58 AM (1).wav,1.2335,0.2335,48,0.6875,True,106,0.9140625,0.19,True,25,a03d9512d3ed75ea5d1d15c7cbf600497959cef3
WhatsApp Audio 2026-09-07 at 12.48.58 AM.wav,D:\SIH\ira-wakeword\today ira wav\today ira wav\WhatsApp Audio 2026-09-07 at 12.48.58 AM.wav,1.7135,0.5791,-6,0.4765625,True,27,0.60546875,0.57,True,73,87a0ac69094b484d3252141f477c6b69c3b5a7b2
WhatsApp Audio 2026-09-07 at 12.48.59 AM (1).wav,D:\SIH\ira-wakeword\today ira wav\today ira wav\WhatsApp Audio 2026-09-07 at 12.48.59 AM (1).wav,1.2135,0.2135,-127,0.00390625,False,-120,0.03125,0.0,False,23,5461e9473acceb508b79894c4b8736b5d3a56ddc
WhatsApp Audio 2026-09-07 at 12.48.59 AM (2).wav,D:\SIH\ira-wakeword\today ira wav\today ira wav\WhatsApp Audio 2026-09-07 at 12.48.59 AM (2).wav,1.3535,0.1849,-27,0.39453125,False,61,0.73828125,0.05,True,37,b9f3323da862f275d18aa60f347611bb61defe59
WhatsApp Audio 2026-09-07 at 12.48.59 AM.wav,D:\SIH\ira-wakeword\today ira wav\today ira wav\WhatsApp Audio 2026-09-07 at 12.48.59 AM.wav,1.2335,0.0238,-128,0.0,False,-87,0.16015625,0.2335,False,25,27556591c4fd7f6a52f0f1181ba8218f53e68a25
WhatsApp Audio 2026-09-07 at 12.49.00 AM (1).wav,D:\SIH\ira-wakeword\today ira wav\today ira wav\WhatsApp Audio 2026-09-07 at 12.49.00 AM (1).wav,1.0935,0.0935,90,0.8515625,True,102,0.8984375,0.06,True,11,2ce35071ce79eb0ca69b80e89489bc6819131eae
WhatsApp Audio 2026-09-07 at 12.49.00 AM (2).wav,D:\SIH\ira-wakeword\today ira wav\today ira wav\WhatsApp Audio 2026-09-07 at 12.49.00 AM (2).wav,1.4335,0.3878,-43,0.33203125,False,87,0.83984375,0.28,True,45,e10171b89fe4d06b98c4ec00f18b7d881b5453ba
WhatsApp Audio 2026-09-07 at 12.49.00 AM.wav,D:\SIH\ira-wakeword\today ira wav\today ira wav\WhatsApp Audio 2026-09-07 at 12.49.00 AM.wav,0.9735,0.0,111,0.93359375,True,111,0.93359375,0.0,True,1,f26deef248caa0c9d2605f467b5fbe32c55c723f
WhatsApp Audio 2026-09-07 at 12.49.01 AM (1).wav,D:\SIH\ira-wakeword\today ira wav\today ira wav\WhatsApp Audio 2026-09-07 at 12.49.01 AM (1).wav,1.4135,0.4135,22,0.5859375,True,102,0.8984375,0.34,True,43,c4c3f2f147eb48c949a7774440288b2636b95f9c
WhatsApp Audio 2026-09-07 at 12.49.01 AM (2).wav,D:\SIH\ira-wakeword\today ira wav\today ira wav\WhatsApp Audio 2026-09-07 at 12.49.01 AM (2).wav,1.5335,0.3941,17,0.56640625,True,81,0.81640625,0.3,True,55,9d917b4969108637b427b8eb0584df2c6a5914ab
WhatsApp Audio 2026-09-07 at 12.49.01 AM.wav,D:\SIH\ira-wakeword\today ira wav\today ira wav\WhatsApp Audio 2026-09-07 at 12.49.01 AM.wav,1.4735,0.375,-17,0.43359375,True,81,0.81640625,0.36,True,49,ee1e1a3944d0528cf8ae46dff74214b3cd9954af
WhatsApp Audio 2026-09-07 at 12.49.02 AM (1).wav,D:\SIH\ira-wakeword\today ira wav\today ira wav\WhatsApp Audio 2026-09-07 at 12.49.02 AM (1).wav,1.2135,0.2121,48,0.6875,True,48,0.6875,0.2121,True,23,5a5b02c43c503624a86352c1a881f2dd5ee3e4b9
WhatsApp Audio 2026-09-07 at 12.49.02 AM (2).wav,D:\SIH\ira-wakeword\today ira wav\today ira wav\WhatsApp Audio 2026-09-07 at 12.49.02 AM (2).wav,1.3535,0.3535,87,0.83984375,True,114,0.9453125,0.23,True,37,a4746510886faec37fc4233f69f4224d66224824
WhatsApp Audio 2026-09-07 at 12.49.02 AM.wav,D:\SIH\ira-wakeword\today ira wav\today ira wav\WhatsApp Audio 2026-09-07 at 12.49.02 AM.wav,1.9935,0.4547,93,0.86328125,True,109,0.92578125,0.43,True,101,475aaa38a0870e88f98f55e951ec0c3d015a3bb9
WhatsApp Audio 2026-09-07 at 12.49.03 AM (1).wav,D:\SIH\ira-wakeword\today ira wav\today ira wav\WhatsApp Audio 2026-09-07 at 12.49.03 AM (1).wav,1.2935,0.2934,66,0.7578125,True,77,0.80078125,0.28,True,31,3115c6003b1d1855a85968138ca9f397358e9e2b
WhatsApp Audio 2026-09-07 at 12.49.03 AM (2).wav,D:\SIH\ira-wakeword\today ira wav\today ira wav\WhatsApp Audio 2026-09-07 at 12.49.03 AM (2).wav,1.4135,0.4135,22,0.5859375,True,84,0.828125,0.25,True,43,83bf39b5874c9dd0154662d230f4f89b3681d9d2
WhatsApp Audio 2026-09-07 at 12.49.03 AM.wav,D:\SIH\ira-wakeword\today ira wav\today ira wav\WhatsApp Audio 2026-09-07 at 12.49.03 AM.wav,1.0335,0.0335,-48,0.3125,False,66,0.7578125,0.02,True,5,c701fe05184c2e2b104c040d514d69221b954856
WhatsApp Audio 2026-09-07 at 12.49.04 AM (1).wav,D:\SIH\ira-wakeword\today ira wav\today ira wav\WhatsApp Audio 2026-09-07 at 12.49.04 AM (1).wav,1.7135,0.7135,53,0.70703125,True,111,0.93359375,0.67,True,73,b5c0d75cdc847a3e640aff8e70fd42db5794ea23
WhatsApp Audio 2026-09-07 at 12.49.04 AM (2).wav,D:\SIH\ira-wakeword\today ira wav\today ira wav\WhatsApp Audio 2026-09-07 at 12.49.04 AM (2).wav,1.5735,0.5734,-27,0.39453125,False,90,0.8515625,0.56,True,59,7c5d186737a49da1129e82125d5e6ffb9e342a10
WhatsApp Audio 2026-09-07 at 12.49.04 AM.wav,D:\SIH\ira-wakeword\today ira wav\today ira wav\WhatsApp Audio 2026-09-07 at 12.49.04 AM.wav,1.5335,0.5335,-120,0.03125,False,-33,0.37109375,0.34,False,55,a4f71227aa741258e5d58dc31a37ed02104e9e4d
WhatsApp Audio 2026-09-07 at 12.49.16 AM.wav,D:\SIH\ira-wakeword\today ira wav\today ira wav\WhatsApp Audio 2026-09-07 at 12.49.16 AM.wav,1.4535,0.4012,-38,0.3515625,False,-38,0.3515625,0.4012,False,47,16ee6dd5f7f6d98f42f5b4c5b7b7bd0c4fac028b
WhatsApp Audio 2026-09-07 at 12.49.17 AM (1).wav,D:\SIH\ira-wakeword\today ira wav\today ira wav\WhatsApp Audio 2026-09-07 at 12.49.17 AM (1).wav,1.3935,0.2123,57,0.72265625,True,111,0.93359375,0.02,True,41,33f25b5a492d6e8336b5c965b32ceff522a6f46d
WhatsApp Audio 2026-09-07 at 12.49.17 AM (2).wav,D:\SIH\ira-wakeword\today ira wav\today ira wav\WhatsApp Audio 2026-09-07 at 12.49.17 AM (2).wav,1.3735,0.2089,43,0.66796875,True,108,0.921875,0.09,True,39,6e0643fb1b0ae4871afe937ad4a41b6c8d6cc7f9
WhatsApp Audio 2026-09-07 at 12.49.17 AM.wav,D:\SIH\ira-wakeword\today ira wav\today ira wav\WhatsApp Audio 2026-09-07 at 12.49.17 AM.wav,1.4135,0.1828,104,0.90625,True,118,0.9609375,0.08,True,43,faac08006474e3e107abc1a18c4417a94c236982
WhatsApp Audio 2026-09-07 at 12.49.18 AM (1).wav,D:\SIH\ira-wakeword\today ira wav\today ira wav\WhatsApp Audio 2026-09-07 at 12.49.18 AM (1).wav,1.1735,0.1735,-70,0.2265625,False,98,0.8828125,0.04,True,19,a8c610c4c95e371f0591625ff0127147998603c0
WhatsApp Audio 2026-09-07 at 12.49.18 AM (2).wav,D:\SIH\ira-wakeword\today ira wav\today ira wav\WhatsApp Audio 2026-09-07 at 12.49.18 AM (2).wav,1.1935,0.1935,98,0.8828125,True,120,0.96875,0.06,True,21,a8038b52b95299b401af260dfd3bc5eb8f579437
WhatsApp Audio 2026-09-07 at 12.49.18 AM.wav,D:\SIH\ira-wakeword\today ira wav\today ira wav\WhatsApp Audio 2026-09-07 at 12.49.18 AM.wav,1.3335,0.1566,66,0.7578125,True,113,0.94140625,0.04,True,35,c25b7b9942fb953a4f51fadc6c15d9d6e4e2a425
WhatsApp Audio 2026-09-07 at 12.49.19 AM (1).wav,D:\SIH\ira-wakeword\today ira wav\today ira wav\WhatsApp Audio 2026-09-07 at 12.49.19 AM (1).wav,1.3535,0.3411,-43,0.33203125,False,115,0.94921875,0.05,True,37,8755f3e382f0140f43af4744d8a7db4527249ec1
WhatsApp Audio 2026-09-07 at 12.49.19 AM (2).wav,D:\SIH\ira-wakeword\today ira wav\today ira wav\WhatsApp Audio 2026-09-07 at 12.49.19 AM (2).wav,1.5935,0.417,61,0.73828125,True,100,0.890625,0.42,True,61,55c491f2084351ecf10c930c1f9f1185c9e0f27f
WhatsApp Audio 2026-09-07 at 12.49.19 AM (3).wav,D:\SIH\ira-wakeword\today ira wav\today ira wav\WhatsApp Audio 2026-09-07 at 12.49.19 AM (3).wav,1.9135,0.4536,-43,0.33203125,False,102,0.8984375,0.35,True,93,a9562eff9acb1e102ad4d645342443c924610a25
WhatsApp Audio 2026-09-07 at 12.49.19 AM.wav,D:\SIH\ira-wakeword\today ira wav\today ira wav\WhatsApp Audio 2026-09-07 at 12.49.19 AM.wav,1.4135,0.2876,84,0.828125,True,84,0.828125,0.2876,True,43,eecef5baf3a687fe9f707703e6e83e67eb6e2d7e
WhatsApp Audio 2026-09-07 at 12.49.20 AM (1).wav,D:\SIH\ira-wakeword\today ira wav\today ira wav\WhatsApp Audio 2026-09-07 at 12.49.20 AM (1).wav,1.6735,0.1981,104,0.90625,True,123,0.98046875,0.03,True,69,b45e77b39cdd7040f50ca57b62f75d955311cd0f
WhatsApp Audio 2026-09-07 at 12.49.20 AM (2).wav,D:\SIH\ira-wakeword\today ira wav\today ira wav\WhatsApp Audio 2026-09-07 at 12.49.20 AM (2).wav,1.6535,0.5888,93,0.86328125,True,120,0.96875,0.37,True,67,9de701482045e5261d0b103fefb13582d3152466
WhatsApp Audio 2026-09-07 at 12.49.20 AM.wav,D:\SIH\ira-wakeword\today ira wav\today ira wav\WhatsApp Audio 2026-09-07 at 12.49.20 AM.wav,1.6335,0.3955,43,0.66796875,True,100,0.890625,0.06,True,65,0096f44b8f7cdd870332d1f3f63b6828c2e5c6f3
WhatsApp Audio 2026-09-07 at 12.49.21 AM (1).wav,D:\SIH\ira-wakeword\today ira wav\today ira wav\WhatsApp Audio 2026-09-07 at 12.49.21 AM (1).wav,1.6135,0.5834,-11,0.45703125,True,119,0.96484375,0.37,True,63,f40588fb721c387f46470b6731f361628af23efa
WhatsApp Audio 2026-09-07 at 12.49.21 AM (2).wav,D:\SIH\ira-wakeword\today ira wav\today ira wav\WhatsApp Audio 2026-09-07 at 12.49.21 AM (2).wav,1.5535,0.4337,98,0.8828125,True,109,0.92578125,0.06,True,57,714e086fea0a4d30eeb34eb6269377484001f9a9
WhatsApp Audio 2026-09-07 at 12.49.21 AM.wav,D:\SIH\ira-wakeword\today ira wav\today ira wav\WhatsApp Audio 2026-09-07 at 12.49.21 AM.wav,1.5935,0.455,124,0.984375,True,127,0.99609375,0.24,True,61,c743fa9f8fc3b09c0f7e15bbae8ca0550250f15a
WhatsApp Audio 2026-09-07 at 12.49.22 AM (1).wav,D:\SIH\ira-wakeword\today ira wav\today ira wav\WhatsApp Audio 2026-09-07 at 12.49.22 AM (1).wav,1.4335,0.4335,112,0.9375,True,119,0.96484375,0.33,True,45,5c48605c820bceb87148d5998101c8854a04c3ac
WhatsApp Audio 2026-09-07 at 12.49.22 AM (2).wav,D:\SIH\ira-wakeword\today ira wav\today ira wav\WhatsApp Audio 2026-09-07 at 12.49.22 AM (2).wav,1.5735,0.5346,-98,0.1171875,False,111,0.93359375,0.07,True,59,2be90605818af3d8554d1196b99d0d7d2a29847a
WhatsApp Audio 2026-09-07 at 12.49.22 AM.wav,D:\SIH\ira-wakeword\today ira wav\today ira wav\WhatsApp Audio 2026-09-07 at 12.49.22 AM.wav,1.6535,0.3162,33,0.62890625,True,106,0.9140625,0.06,True,67,9b8ec792e29d4be7bfb0d55507e88f201542cf0f
WhatsApp Audio 2026-09-07 at 12.53.24 AM (1).wav,D:\SIH\ira-wakeword\today ira wav\today ira wav\WhatsApp Audio 2026-09-07 at 12.53.24 AM (1).wav,1.2135,0.2135,-27,0.39453125,False,102,0.8984375,0.05,True,23,35bcf497e289260ed3f8fce004e1cbace3f20d12
WhatsApp Audio 2026-09-07 at 12.53.24 AM.wav,D:\SIH\ira-wakeword\today ira wav\today ira wav\WhatsApp Audio 2026-09-07 at 12.53.24 AM.wav,1.3335,0.2368,22,0.5859375,True,115,0.94921875,0.04,True,35,6753771068c1bdc0f4dbac185c29ac4a406c4ecb
WhatsApp Audio 2026-09-07 at 12.53.25 AM (1).wav,D:\SIH\ira-wakeword\today ira wav\today ira wav\WhatsApp Audio 2026-09-07 at 12.53.25 AM (1).wav,1.4335,0.2074,-117,0.04296875,False,93,0.86328125,0.06,True,45,6fef8f56316ad134f72d5b40fc85e397850869f2
WhatsApp Audio 2026-09-07 at 12.53.25 AM (2).wav,D:\SIH\ira-wakeword\today ira wav\today ira wav\WhatsApp Audio 2026-09-07 at 12.53.25 AM (2).wav,1.2535,0.2535,33,0.62890625,True,33,0.62890625,0.2535,True,27,a01f21eb53994c02a29c975ea9c04d1f15b244cc
WhatsApp Audio 2026-09-07 at 12.53.25 AM.wav,D:\SIH\ira-wakeword\today ira wav\today ira wav\WhatsApp Audio 2026-09-07 at 12.53.25 AM.wav,1.3335,0.3334,-127,0.00390625,False,-117,0.04296875,0.05,False,35,a572c069e141628a3430f6f15d822f497b516b45
WhatsApp Audio 2026-09-07 at 12.53.26 AM (1).wav,D:\SIH\ira-wakeword\today ira wav\today ira wav\WhatsApp Audio 2026-09-07 at 12.53.26 AM (1).wav,1.4135,0.3489,-53,0.29296875,False,0,0.5,0.41,True,43,b6adb75a8a5bddd4a1f7301ce38096694eb118fa
WhatsApp Audio 2026-09-07 at 12.53.26 AM.wav,D:\SIH\ira-wakeword\today ira wav\today ira wav\WhatsApp Audio 2026-09-07 at 12.53.26 AM.wav,1.0935,0.0935,-48,0.3125,False,-22,0.4140625,0.09,True,11,ff2e3d5f802e6ca657c14e2e846dadd8b8b20043
WhatsApp Audio 2026-09-07 at 12.53.27 AM (1).wav,D:\SIH\ira-wakeword\today ira wav\today ira wav\WhatsApp Audio 2026-09-07 at 12.53.27 AM (1).wav,1.2535,0.2531,-117,0.04296875,False,-87,0.16015625,0.2,False,27,e8de927b3b4ced2e2771e080de25bdaa0df23ca2
WhatsApp Audio 2026-09-07 at 12.53.27 AM (2).wav,D:\SIH\ira-wakeword\today ira wav\today ira wav\WhatsApp Audio 2026-09-07 at 12.53.27 AM (2).wav,1.4335,0.4326,-43,0.33203125,False,-11,0.45703125,0.4,True,45,8f8e8eecf9715930de6633866fcd1b3c1363066b
WhatsApp Audio 2026-09-07 at 12.53.27 AM (3).wav,D:\SIH\ira-wakeword\today ira wav\today ira wav\WhatsApp Audio 2026-09-07 at 12.53.27 AM (3).wav,1.3335,0.3335,-87,0.16015625,False,-53,0.29296875,0.21,False,35,bbc0b30e1794ac02b772510bb33604e0f6c9783a
WhatsApp Audio 2026-09-07 at 12.53.27 AM.wav,D:\SIH\ira-wakeword\today ira wav\today ira wav\WhatsApp Audio 2026-09-07 at 12.53.27 AM.wav,1.3335,0.3335,-95,0.12890625,False,-22,0.4140625,0.3,True,35,a3ac520c76b77afab8cbd65171139ceccb2feef3
WhatsApp Audio 2026-09-07 at 12.53.28 AM (1).wav,D:\SIH\ira-wakeword\today ira wav\today ira wav\WhatsApp Audio 2026-09-07 at 12.53.28 AM (1).wav,1.1735,0.1734,-95,0.12890625,False,-22,0.4140625,0.14,True,19,3d38c3b27038b23fa55b32b9e695c0e91090d06d
WhatsApp Audio 2026-09-07 at 12.53.28 AM (2).wav,D:\SIH\ira-wakeword\today ira wav\today ira wav\WhatsApp Audio 2026-09-07 at 12.53.28 AM (2).wav,1.0535,0.0535,-17,0.43359375,True,17,0.56640625,0.04,True,7,e732e926e3db905cd8ae972c02137a9d8e8bb6f7
WhatsApp Audio 2026-09-07 at 12.53.28 AM.wav,D:\SIH\ira-wakeword\today ira wav\today ira wav\WhatsApp Audio 2026-09-07 at 12.53.28 AM.wav,1.3735,0.3721,-74,0.2109375,False,17,0.56640625,0.35,True,39,73155f5a422068f0355a5845c0ffbbf09647d17e
WhatsApp Audio 2026-09-07 at 12.53.29 AM (1).wav,D:\SIH\ira-wakeword\today ira wav\today ira wav\WhatsApp Audio 2026-09-07 at 12.53.29 AM (1).wav,1.3735,0.3735,-122,0.0234375,False,-118,0.0390625,0.24,False,39,aa370c7e0e4cf31fb4cdaa39d776632e82711362
WhatsApp Audio 2026-09-07 at 12.53.29 AM (2).wav,D:\SIH\ira-wakeword\today ira wav\today ira wav\WhatsApp Audio 2026-09-07 at 12.53.29 AM (2).wav,1.3335,0.3335,-114,0.0546875,False,-66,0.2421875,0.3,False,35,092cb3e266bd3aab614ea508ebbeda31677c4f52
WhatsApp Audio 2026-09-07 at 12.53.29 AM.wav,D:\SIH\ira-wakeword\today ira wav\today ira wav\WhatsApp Audio 2026-09-07 at 12.53.29 AM.wav,1.1135,0.1135,-122,0.0234375,False,-98,0.1171875,0.06,False,13,a1fc3cb9f8df3c644feae5a8440d7f8b5c96c028
WhatsApp Audio 2026-09-07 at 12.53.30 AM (1).wav,D:\SIH\ira-wakeword\today ira wav\today ira wav\WhatsApp Audio 2026-09-07 at 12.53.30 AM (1).wav,1.1335,0.1335,-77,0.19921875,False,-27,0.39453125,0.11,False,15,9f3ab942117fcf215564854edc851d7569ab25bd
WhatsApp Audio 2026-09-07 at 12.53.30 AM (2).wav,D:\SIH\ira-wakeword\today ira wav\today ira wav\WhatsApp Audio 2026-09-07 at 12.53.30 AM (2).wav,1.6335,0.6335,57,0.72265625,True,57,0.72265625,0.6335,True,65,55b7234ebefae0e4618bfc90d9678b4b756d3706
WhatsApp Audio 2026-09-07 at 12.53.30 AM.wav,D:\SIH\ira-wakeword\today ira wav\today ira wav\WhatsApp Audio 2026-09-07 at 12.53.30 AM.wav,1.3335,0.3332,-11,0.45703125,True,57,0.72265625,0.28,True,35,b7b60753163758a074b98922a04179822551252c
WhatsApp Audio 2026-09-07 at 12.53.31 AM (1).wav,D:\SIH\ira-wakeword\today ira wav\today ira wav\WhatsApp Audio 2026-09-07 at 12.53.31 AM (1).wav,1.2135,0.2135,119,0.96484375,True,124,0.984375,0.2,True,23,63c3c44fa777f45dd6b2922a8e81907d74552822
WhatsApp Audio 2026-09-07 at 12.53.31 AM (2).wav,D:\SIH\ira-wakeword\today ira wav\today ira wav\WhatsApp Audio 2026-09-07 at 12.53.31 AM (2).wav,1.1935,0.1935,87,0.83984375,True,100,0.890625,0.07,True,21,7629f453f7d7514ddd42ccdf58d040289ce7cf2e
WhatsApp Audio 2026-09-07 at 12.53.31 AM (3).wav,D:\SIH\ira-wakeword\today ira wav\today ira wav\WhatsApp Audio 2026-09-07 at 12.53.31 AM (3).wav,1.3535,0.316,122,0.9765625,True,122,0.9765625,0.316,True,37,46ccbb10c4c444e637b8651b52a6bcedf2cab527
WhatsApp Audio 2026-09-07 at 12.53.31 AM.wav,D:\SIH\ira-wakeword\today ira wav\today ira wav\WhatsApp Audio 2026-09-07 at 12.53.31 AM.wav,1.1335,0.1335,114,0.9453125,True,119,0.96484375,0.06,True,15,85e41849319686029f7b2d1ea3326bb054331085
WhatsApp Audio 2026-09-07 at 12.53.32 AM (1).wav,D:\SIH\ira-wakeword\today ira wav\today ira wav\WhatsApp Audio 2026-09-07 at 12.53.32 AM (1).wav,1.9135,0.7954,126,0.9921875,True,126,0.9921875,0.7954,True,93,47642779b7389676c7a9d10a97b41bacef1e195e
WhatsApp Audio 2026-09-07 at 12.53.32 AM (2).wav,D:\SIH\ira-wakeword\today ira wav\today ira wav\WhatsApp Audio 2026-09-07 at 12.53.32 AM (2).wav,1.2735,0.2735,124,0.984375,True,126,0.9921875,0.21,True,29,14b5d119ce33c06c0564e9dc5b738118a44d7bcb
WhatsApp Audio 2026-09-07 at 12.53.32 AM.wav,D:\SIH\ira-wakeword\today ira wav\today ira wav\WhatsApp Audio 2026-09-07 at 12.53.32 AM.wav,1.4535,0.4535,113,0.94140625,True,120,0.96875,0.44,True,47,c0f20bb07e272e8ca309ba84ab47f97c7328afb2
WhatsApp Audio 2026-09-07 at 12.53.33 AM (1).wav,D:\SIH\ira-wakeword\today ira wav\today ira wav\WhatsApp Audio 2026-09-07 at 12.53.33 AM (1).wav,1.2935,0.2935,109,0.92578125,True,114,0.9453125,0.29,True,31,31b3a39609399b1ed3beab08f5344bf0c5e93fda
WhatsApp Audio 2026-09-07 at 12.53.33 AM (2).wav,D:\SIH\ira-wakeword\today ira wav\today ira wav\WhatsApp Audio 2026-09-07 at 12.53.33 AM (2).wav,1.2535,0.2535,17,0.56640625,True,100,0.890625,0.2,True,27,3f2ce34f251da3edf3d89dd40573494c6a10e939
WhatsApp Audio 2026-09-07 at 12.53.33 AM.wav,D:\SIH\ira-wakeword\today ira wav\today ira wav\WhatsApp Audio 2026-09-07 at 12.53.33 AM.wav,1.4135,0.3114,81,0.81640625,True,104,0.90625,0.33,True,43,9b2167e637d62981f8e50c94abd8ba312a55708e
WhatsApp Audio 2026-09-07 at 12.53.34 AM (1).wav,D:\SIH\ira-wakeword\today ira wav\today ira wav\WhatsApp Audio 2026-09-07 at 12.53.34 AM (1).wav,1.2535,0.1751,6,0.5234375,True,102,0.8984375,0.16,True,27,3f342f082e689c7f2365299c22dcb343aed9c6ef
WhatsApp Audio 2026-09-07 at 12.53.34 AM (2).wav,D:\SIH\ira-wakeword\today ira wav\today ira wav\WhatsApp Audio 2026-09-07 at 12.53.34 AM (2).wav,1.2135,0.2135,-43,0.33203125,False,81,0.81640625,0.08,True,23,56c3508bd60df19b5970458ce0fb4e1490bf2afe
WhatsApp Audio 2026-09-07 at 12.53.34 AM.wav,D:\SIH\ira-wakeword\today ira wav\today ira wav\WhatsApp Audio 2026-09-07 at 12.53.34 AM.wav,1.2135,0.2135,123,0.98046875,True,124,0.984375,0.2,True,23,3b1da5babea373161de658271662dd230feb867a
WhatsApp Audio 2026-09-07 at 12.53.35 AM (1).wav,D:\SIH\ira-wakeword\today ira wav\today ira wav\WhatsApp Audio 2026-09-07 at 12.53.35 AM (1).wav,0.9935,0.0,123,0.98046875,True,123,0.98046875,0.0,True,1,0ad3aee054dae11c0ea3d27357d2fa8fa88dfba0
WhatsApp Audio 2026-09-07 at 12.53.35 AM (2).wav,D:\SIH\ira-wakeword\today ira wav\today ira wav\WhatsApp Audio 2026-09-07 at 12.53.35 AM (2).wav,1.4735,0.4591,57,0.72265625,True,57,0.72265625,0.4591,True,49,043a56346d3c17da20e26d2a779042206f3fe624
WhatsApp Audio 2026-09-07 at 12.53.35 AM (3).wav,D:\SIH\ira-wakeword\today ira wav\today ira wav\WhatsApp Audio 2026-09-07 at 12.53.35 AM (3).wav,1.1335,0.1335,121,0.97265625,True,121,0.97265625,0.1335,True,15,b74d0666f5fd0956d967675071b44c7906a1a353
WhatsApp Audio 2026-09-07 at 12.53.35 AM.wav,D:\SIH\ira-wakeword\today ira wav\today ira wav\WhatsApp Audio 2026-09-07 at 12.53.35 AM.wav,1.1135,0.1135,98,0.8828125,True,111,0.93359375,0.07,True,13,8417369b6829fe49a3952805a446cadd8777f916
WhatsApp Audio 2026-09-07 at 12.53.36 AM (1).wav,D:\SIH\ira-wakeword\today ira wav\today ira wav\WhatsApp Audio 2026-09-07 at 12.53.36 AM (1).wav,1.1335,0.1335,90,0.8515625,True,106,0.9140625,0.11,True,15,1b18b0273caafd901b9a98b6621f7edab01f558f
WhatsApp Audio 2026-09-07 at 12.53.36 AM (2).wav,D:\SIH\ira-wakeword\today ira wav\today ira wav\WhatsApp Audio 2026-09-07 at 12.53.36 AM (2).wav,1.1335,0.1335,115,0.94921875,True,123,0.98046875,0.05,True,15,c6740a32069bfb0fb2a3289e8ee213640adcc4cb
WhatsApp Audio 2026-09-07 at 12.53.36 AM.wav,D:\SIH\ira-wakeword\today ira wav\today ira wav\WhatsApp Audio 2026-09-07 at 12.53.36 AM.wav,1.1935,0.1935,95,0.87109375,True,121,0.97265625,0.07,True,21,d1e517405c7e1fd7a7780437119c18ac387e36a2
WhatsApp Audio 2026-09-07 at 12.53.37 AM (1).wav,D:\SIH\ira-wakeword\today ira wav\today ira wav\WhatsApp Audio 2026-09-07 at 12.53.37 AM (1).wav,1.1335,0.1335,81,0.81640625,True,104,0.90625,0.08,True,15,a032b6fc0cf97df306a8b01a0e54a2811fb4bd0d
WhatsApp Audio 2026-09-07 at 12.53.37 AM.wav,D:\SIH\ira-wakeword\today ira wav\today ira wav\WhatsApp Audio 2026-09-07 at 12.53.37 AM.wav,1.7535,0.7535,-27,0.39453125,False,77,0.80078125,0.04,True,77,0e79ca491a9f906603a5729f362b1f311cf788c1
WhatsApp Audio 2026-09-07 at 12.53.38 AM (1).wav,D:\SIH\ira-wakeword\today ira wav\today ira wav\WhatsApp Audio 2026-09-07 at 12.53.38 AM (1).wav,1.5535,0.5535,53,0.70703125,True,53,0.70703125,0.5535,True,57,b65e34d27fca2b066d7f9ba0684cdbc8b66b8fcb
WhatsApp Audio 2026-09-07 at 12.53.38 AM (2).wav,D:\SIH\ira-wakeword\today ira wav\today ira wav\WhatsApp Audio 2026-09-07 at 12.53.38 AM (2).wav,1.0535,0.03,53,0.70703125,True,108,0.921875,0.0535,True,7,f10068525d8faac2abdcbeef673b333c56321906
WhatsApp Audio 2026-09-07 at 12.53.38 AM (3).wav,D:\SIH\ira-wakeword\today ira wav\today ira wav\WhatsApp Audio 2026-09-07 at 12.53.38 AM (3).wav,2.0135,1.0012,6,0.5234375,True,53,0.70703125,1.01,True,103,f8b1c7460d4db81daa9feadb6e0349d9bd8b0e24
WhatsApp Audio 2026-09-07 at 12.53.38 AM.wav,D:\SIH\ira-wakeword\today ira wav\today ira wav\WhatsApp Audio 2026-09-07 at 12.53.38 AM.wav,1.3535,0.3535,-27,0.39453125,False,48,0.6875,0.32,True,37,b12cfe881b4aad3e97938dbcc20bcd347ed74bc7
WhatsApp Audio 2026-09-07 at 12.53.39 AM (1).wav,D:\SIH\ira-wakeword\today ira wav\today ira wav\WhatsApp Audio 2026-09-07 at 12.53.39 AM (1).wav,1.2135,0.2135,117,0.95703125,True,121,0.97265625,0.05,True,23,6cca792a241985ad3085b455d4e626693d5c9f0e
WhatsApp Audio 2026-09-07 at 12.53.39 AM (2).wav,D:\SIH\ira-wakeword\today ira wav\today ira wav\WhatsApp Audio 2026-09-07 at 12.53.39 AM (2).wav,1.0735,0.0735,104,0.90625,True,104,0.90625,0.0735,True,9,2da8cddfdf05de4287db33a7a2a5a384cea403a1
WhatsApp Audio 2026-09-07 at 12.53.39 AM.wav,D:\SIH\ira-wakeword\today ira wav\today ira wav\WhatsApp Audio 2026-09-07 at 12.53.39 AM.wav,1.1935,0.1935,112,0.9375,True,125,0.98828125,0.14,True,21,ad2a1c6c4a51fd7f6395782f12e601c04a240947
WhatsApp Audio 2026-09-07 at 12.53.40 AM (1).wav,D:\SIH\ira-wakeword\today ira wav\today ira wav\WhatsApp Audio 2026-09-07 at 12.53.40 AM (1).wav,1.6135,0.6135,117,0.95703125,True,118,0.9609375,0.59,True,63,c319f90ada422fa06dde781b1df0194413a31a9f
WhatsApp Audio 2026-09-07 at 12.53.40 AM (2).wav,D:\SIH\ira-wakeword\today ira wav\today ira wav\WhatsApp Audio 2026-09-07 at 12.53.40 AM (2).wav,1.4935,0.4886,0,0.5,True,90,0.8515625,0.44,True,51,6f2ed5ff895012aad397cae1610a813462384fed
WhatsApp Audio 2026-09-07 at 12.53.40 AM.wav,D:\SIH\ira-wakeword\today ira wav\today ira wav\WhatsApp Audio 2026-09-07 at 12.53.40 AM.wav,1.3535,0.3535,70,0.7734375,True,98,0.8828125,0.31,True,37,b40a690fc3c6694f7cf1be1babc2621dc798c9cf
WhatsApp Audio 2026-09-07 at 12.53.41 AM (1).wav,D:\SIH\ira-wakeword\today ira wav\today ira wav\WhatsApp Audio 2026-09-07 at 12.53.41 AM (1).wav,1.7935,0.7261,17,0.56640625,True,81,0.81640625,0.78,True,81,292e94557d3e20f84ee4da1c07709755f6f1a1e4
WhatsApp Audio 2026-09-07 at 12.53.41 AM (2).wav,D:\SIH\ira-wakeword\today ira wav\today ira wav\WhatsApp Audio 2026-09-07 at 12.53.41 AM (2).wav,1.3535,0.3535,57,0.72265625,True,61,0.73828125,0.33,True,37,6bbde69add68ce8d45708386c849b248955a727f
WhatsApp Audio 2026-09-07 at 12.53.41 AM.wav,D:\SIH\ira-wakeword\today ira wav\today ira wav\WhatsApp Audio 2026-09-07 at 12.53.41 AM.wav,1.5535,0.5535,117,0.95703125,True,123,0.98046875,0.51,True,57,cb25f78c84b9361e8c87d5aa7f7178b506c14122
WhatsApp Audio 2026-09-07 at 12.53.42 AM (1).wav,D:\SIH\ira-wakeword\today ira wav\today ira wav\WhatsApp Audio 2026-09-07 at 12.53.42 AM (1).wav,1.1535,0.1535,66,0.7578125,True,93,0.86328125,0.14,True,17,2fc26aada611a81a00653629a041358541ce98e7
WhatsApp Audio 2026-09-07 at 12.53.42 AM (2).wav,D:\SIH\ira-wakeword\today ira wav\today ira wav\WhatsApp Audio 2026-09-07 at 12.53.42 AM (2).wav,1.4335,0.4335,81,0.81640625,True,106,0.9140625,0.42,True,45,8c957daa6b77469fb52f179764ced948187ca01a
WhatsApp Audio 2026-09-07 at 12.53.42 AM.wav,D:\SIH\ira-wakeword\today ira wav\today ira wav\WhatsApp Audio 2026-09-07 at 12.53.42 AM.wav,1.2935,0.2935,38,0.6484375,True,106,0.9140625,0.28,True,31,a4ab70cb505d45f546aa335cd288c3009899f224
WhatsApp Audio 2026-09-07 at 12.53.43 AM (1).wav,D:\SIH\ira-wakeword\today ira wav\today ira wav\WhatsApp Audio 2026-09-07 at 12.53.43 AM (1).wav,1.1735,0.1735,17,0.56640625,True,43,0.66796875,0.13,True,19,2d9587ad7df24e2ab3f65f6d1a1bd706abb88932
WhatsApp Audio 2026-09-07 at 12.53.43 AM (2).wav,D:\SIH\ira-wakeword\today ira wav\today ira wav\WhatsApp Audio 2026-09-07 at 12.53.43 AM (2).wav,1.3335,0.1805,38,0.6484375,True,111,0.93359375,0.25,True,35,15668a1e195cce4c04108f443ef9c27bd46ce7d6
WhatsApp Audio 2026-09-07 at 12.53.43 AM.wav,D:\SIH\ira-wakeword\today ira wav\today ira wav\WhatsApp Audio 2026-09-07 at 12.53.43 AM.wav,1.2335,0.2335,100,0.890625,True,121,0.97265625,0.22,True,25,e6466175bcec438c09640cf6fff99dd858e721dd
WhatsApp Audio 2026-09-07 at 12.53.44 AM (1).wav,D:\SIH\ira-wakeword\today ira wav\today ira wav\WhatsApp Audio 2026-09-07 at 12.53.44 AM (1).wav,1.1135,0.1135,109,0.92578125,True,116,0.953125,0.1,True,13,cd028ed28e35418e0120a65d66dd59795a2752aa
WhatsApp Audio 2026-09-07 at 12.53.44 AM (2).wav,D:\SIH\ira-wakeword\today ira wav\today ira wav\WhatsApp Audio 2026-09-07 at 12.53.44 AM (2).wav,1.2735,0.2735,17,0.56640625,True,66,0.7578125,0.19,True,29,97ea31f1f403e7795ee3762f297b684e673f2f4c
WhatsApp Audio 2026-09-07 at 12.53.44 AM (3).wav,D:\SIH\ira-wakeword\today ira wav\today ira wav\WhatsApp Audio 2026-09-07 at 12.53.44 AM (3).wav,1.2335,0.2335,-113,0.05859375,False,-33,0.37109375,0.19,False,25,25ea7f19ea39e41deb16497304c580e2c925403f
WhatsApp Audio 2026-09-07 at 12.53.44 AM.wav,D:\SIH\ira-wakeword\today ira wav\today ira wav\WhatsApp Audio 2026-09-07 at 12.53.44 AM.wav,1.4935,0.4935,-74,0.2109375,False,57,0.72265625,0.1,True,51,7d78d8d92cfdc057eb05c7376004e78167783f1a
WhatsApp Audio 2026-09-07 at 12.53.45 AM (1).wav,D:\SIH\ira-wakeword\today ira wav\today ira wav\WhatsApp Audio 2026-09-07 at 12.53.45 AM (1).wav,1.1135,0.1135,-11,0.45703125,True,81,0.81640625,0.09,True,13,3bb179126b5aa16299017e8d21cf112a181dce57
WhatsApp Audio 2026-09-07 at 12.53.45 AM (2).wav,D:\SIH\ira-wakeword\today ira wav\today ira wav\WhatsApp Audio 2026-09-07 at 12.53.45 AM (2).wav,1.0935,0.0935,-81,0.18359375,False,-38,0.3515625,0.06,False,11,96f41c1f9ba64740668261971adc67cbf6b642ee
WhatsApp Audio 2026-09-07 at 12.53.45 AM.wav,D:\SIH\ira-wakeword\today ira wav\today ira wav\WhatsApp Audio 2026-09-07 at 12.53.45 AM.wav,1.2735,0.2735,38,0.6484375,True,74,0.7890625,0.25,True,29,83e25528c11726eb74ab03d6e7b23c31a86d2fd6
WhatsApp Audio 2026-09-07 at 12.53.46 AM (1).wav,D:\SIH\ira-wakeword\today ira wav\today ira wav\WhatsApp Audio 2026-09-07 at 12.53.46 AM (1).wav,1.2335,0.2335,84,0.828125,True,112,0.9375,0.23,True,25,7c579e7204646062a11c3c9fd74008676de5a552
WhatsApp Audio 2026-09-07 at 12.53.46 AM (2).wav,D:\SIH\ira-wakeword\today ira wav\today ira wav\WhatsApp Audio 2026-09-07 at 12.53.46 AM (2).wav,1.2335,0.2335,100,0.890625,True,115,0.94921875,0.23,True,25,40003388358abc0678015323e1b65330b12ef60b
WhatsApp Audio 2026-09-07 at 12.53.46 AM.wav,D:\SIH\ira-wakeword\today ira wav\today ira wav\WhatsApp Audio 2026-09-07 at 12.53.46 AM.wav,1.2735,0.2735,-84,0.171875,False,-77,0.19921875,0.26,False,29,5cd1d18e498d51692734804ac75b068af13551df
WhatsApp Audio 2026-09-07 at 12.53.47 AM (1).wav,D:\SIH\ira-wakeword\today ira wav\today ira wav\WhatsApp Audio 2026-09-07 at 12.53.47 AM (1).wav,1.0335,0.0304,-104,0.09375,False,81,0.81640625,0.01,True,5,0f37fd6b9a5df21e148715e0e2fc7b882ed8671a
WhatsApp Audio 2026-09-07 at 12.53.47 AM (2).wav,D:\SIH\ira-wakeword\today ira wav\today ira wav\WhatsApp Audio 2026-09-07 at 12.53.47 AM (2).wav,0.9735,0.0,-84,0.171875,False,-84,0.171875,0.0,False,1,ae183761ea57850e168f1d4e206ac45665e0e848
WhatsApp Audio 2026-09-07 at 12.53.47 AM.wav,D:\SIH\ira-wakeword\today ira wav\today ira wav\WhatsApp Audio 2026-09-07 at 12.53.47 AM.wav,1.5135,0.3643,95,0.87109375,True,114,0.9453125,0.29,True,53,d71c1f168054461b2c0aa9fb9c6be43e638ce83c
WhatsApp Audio 2026-09-07 at 12.53.48 AM (1).wav,D:\SIH\ira-wakeword\today ira wav\today ira wav\WhatsApp Audio 2026-09-07 at 12.53.48 AM (1).wav,1.0735,0.0735,61,0.73828125,True,98,0.8828125,0.05,True,9,0b177c910e7f754fffd24db3368d039c543e6b3c
WhatsApp Audio 2026-09-07 at 12.53.48 AM (2).wav,D:\SIH\ira-wakeword\today ira wav\today ira wav\WhatsApp Audio 2026-09-07 at 12.53.48 AM (2).wav,0.9535,0.0,-84,0.171875,False,-84,0.171875,0.0,False,1,f3acba08f777ebb208165d33caece3fae250e9dc
WhatsApp Audio 2026-09-07 at 12.53.48 AM.wav,D:\SIH\ira-wakeword\today ira wav\today ira wav\WhatsApp Audio 2026-09-07 at 12.53.48 AM.wav,1.0535,0.0535,100,0.890625,True,111,0.93359375,0.04,True,7,e87e29c5f8096c595bc999eb1c3480f81ef282ff
WhatsApp Audio 2026-09-07 at 12.53.49 AM (1).wav,D:\SIH\ira-wakeword\today ira wav\today ira wav\WhatsApp Audio 2026-09-07 at 12.53.49 AM (1).wav,1.0535,0.0535,-90,0.1484375,False,93,0.86328125,0.01,True,7,63326ad243a2430762c8410291cfc4cf83ed1b80
WhatsApp Audio 2026-09-07 at 12.53.49 AM (2).wav,D:\SIH\ira-wakeword\today ira wav\today ira wav\WhatsApp Audio 2026-09-07 at 12.53.49 AM (2).wav,0.9335,0.0,61,0.73828125,True,61,0.73828125,0.0,True,1,b7eeab170dbf3b36639de60f9f96edd567e840b3
WhatsApp Audio 2026-09-07 at 12.53.49 AM.wav,D:\SIH\ira-wakeword\today ira wav\today ira wav\WhatsApp Audio 2026-09-07 at 12.53.49 AM.wav,0.9935,0.0,-112,0.0625,False,-112,0.0625,0.0,False,1,d15b41ee9054032767545009dab520489a5a6f6e
WhatsApp Audio 2026-09-07 at 12.54.12 AM.wav,D:\SIH\ira-wakeword\today ira wav\today ira wav\WhatsApp Audio 2026-09-07 at 12.54.12 AM.wav,1.6335,0.3965,-106,0.0859375,False,125,0.98828125,0.0,True,65,d4bb2b68bdc7ac9d8bf07f1c4c9bc53b669c5600
WhatsApp Audio 2026-09-07 at 12.54.13 AM (1).wav,D:\SIH\ira-wakeword\today ira wav\today ira wav\WhatsApp Audio 2026-09-07 at 12.54.13 AM (1).wav,0.9335,0.0,109,0.92578125,True,109,0.92578125,0.0,True,1,70aba8464debff6aafc55f8421591fe9156fc713
WhatsApp Audio 2026-09-07 at 12.54.13 AM (2).wav,D:\SIH\ira-wakeword\today ira wav\today ira wav\WhatsApp Audio 2026-09-07 at 12.54.13 AM (2).wav,1.1135,0.1135,126,0.9921875,True,126,0.9921875,0.1135,True,13,6065b28257bad588f0bc632bc115160edc07c4b9
WhatsApp Audio 2026-09-07 at 12.54.13 AM.wav,D:\SIH\ira-wakeword\today ira wav\today ira wav\WhatsApp Audio 2026-09-07 at 12.54.13 AM.wav,1.0935,0.0935,120,0.96875,True,125,0.98828125,0.02,True,11,f8f19f42b92e5876417e5d6c4c09ac7067fadfb7
WhatsApp Audio 2026-09-07 at 12.54.14 AM (1).wav,D:\SIH\ira-wakeword\today ira wav\today ira wav\WhatsApp Audio 2026-09-07 at 12.54.14 AM (1).wav,0.9335,0.0,100,0.890625,True,100,0.890625,0.0,True,1,cd655a88ed9bc98afa897b3e59f805c3a1941c69
WhatsApp Audio 2026-09-07 at 12.54.14 AM (2).wav,D:\SIH\ira-wakeword\today ira wav\today ira wav\WhatsApp Audio 2026-09-07 at 12.54.14 AM (2).wav,0.9935,0.0,61,0.73828125,True,61,0.73828125,0.0,True,1,2ee99c785d61568915df26ef562faaf493620112
WhatsApp Audio 2026-09-07 at 12.54.14 AM.wav,D:\SIH\ira-wakeword\today ira wav\today ira wav\WhatsApp Audio 2026-09-07 at 12.54.14 AM.wav,1.0335,0.0334,95,0.87109375,True,111,0.93359375,0.02,True,5,4eae25aeabbaf406870bf9c97b500feb590e514d
WhatsApp Audio 2026-09-07 at 12.54.15 AM (1).wav,D:\SIH\ira-wakeword\today ira wav\today ira wav\WhatsApp Audio 2026-09-07 at 12.54.15 AM (1).wav,1.2135,0.2135,-90,0.1484375,False,81,0.81640625,0.08,True,23,5fa01b9f38097970a79b33c05e235968248fa2e7
WhatsApp Audio 2026-09-07 at 12.54.15 AM (2).wav,D:\SIH\ira-wakeword\today ira wav\today ira wav\WhatsApp Audio 2026-09-07 at 12.54.15 AM (2).wav,0.9335,0.0,87,0.83984375,True,87,0.83984375,0.0,True,1,19c8cb20f4f680c1d0675ee5b396c3efa17e1953
WhatsApp Audio 2026-09-07 at 12.54.15 AM.wav,D:\SIH\ira-wakeword\today ira wav\today ira wav\WhatsApp Audio 2026-09-07 at 12.54.15 AM.wav,1.1935,0.1935,-33,0.37109375,False,104,0.90625,0.05,True,21,66237a634fcfb6fa384ec8f9087c953e0c41d0a8
WhatsApp Audio 2026-09-07 at 12.54.16 AM (1).wav,D:\SIH\ira-wakeword\today ira wav\today ira wav\WhatsApp Audio 2026-09-07 at 12.54.16 AM (1).wav,0.9335,0.0,90,0.8515625,True,90,0.8515625,0.0,True,1,f42a2abd4847ce01f8f64ee2010cd494306f4615
WhatsApp Audio 2026-09-07 at 12.54.16 AM (2).wav,D:\SIH\ira-wakeword\today ira wav\today ira wav\WhatsApp Audio 2026-09-07 at 12.54.16 AM (2).wav,1.1935,0.1933,108,0.921875,True,114,0.9453125,0.04,True,21,bd3dba097b5f32038a99402523ade8f3ce1845c8
WhatsApp Audio 2026-09-07 at 12.54.16 AM (3).wav,D:\SIH\ira-wakeword\today ira wav\today ira wav\WhatsApp Audio 2026-09-07 at 12.54.16 AM (3).wav,1.1735,0.1607,-48,0.3125,False,114,0.9453125,0.01,True,19,0653684fd9ea68847675a9f5eeebc412e3bd51c6
WhatsApp Audio 2026-09-07 at 12.54.16 AM.wav,D:\SIH\ira-wakeword\today ira wav\today ira wav\WhatsApp Audio 2026-09-07 at 12.54.16 AM.wav,1.5335,0.4415,6,0.5234375,True,81,0.81640625,0.51,True,55,d8c69927404ff2712de8d655f670b5ff966dc8b8
WhatsApp Audio 2026-09-07 at 12.54.17 AM (1).wav,D:\SIH\ira-wakeword\today ira wav\today ira wav\WhatsApp Audio 2026-09-07 at 12.54.17 AM (1).wav,1.5935,0.5935,100,0.890625,True,120,0.96875,0.46,True,61,43bfa3e0cb6a89afab828ebc6e288f582e6dd91f
WhatsApp Audio 2026-09-07 at 12.54.17 AM (2).wav,D:\SIH\ira-wakeword\today ira wav\today ira wav\WhatsApp Audio 2026-09-07 at 12.54.17 AM (2).wav,1.2735,0.2735,-27,0.39453125,False,90,0.8515625,0.21,True,29,9fccdbfd43bebc9bceb6002ed57d0b80d4381235
WhatsApp Audio 2026-09-07 at 12.54.17 AM.wav,D:\SIH\ira-wakeword\today ira wav\today ira wav\WhatsApp Audio 2026-09-07 at 12.54.17 AM.wav,1.0535,0.0535,109,0.92578125,True,114,0.9453125,0.02,True,7,26605e577695dff4feb251c1821ba10619ffc17a
WhatsApp Audio 2026-09-07 at 12.54.18 AM (1).wav,D:\SIH\ira-wakeword\today ira wav\today ira wav\WhatsApp Audio 2026-09-07 at 12.54.18 AM (1).wav,1.2335,0.2335,6,0.5234375,True,87,0.83984375,0.03,True,25,970010dfb552a9f2867ce458df27039e2a6e9c5b
WhatsApp Audio 2026-09-07 at 12.54.18 AM (2).wav,D:\SIH\ira-wakeword\today ira wav\today ira wav\WhatsApp Audio 2026-09-07 at 12.54.18 AM (2).wav,1.2735,0.2676,77,0.80078125,True,117,0.95703125,0.22,True,29,7b5bb1499ee8c0fcf46d58059669be0ad1c39f71
WhatsApp Audio 2026-09-07 at 12.54.18 AM.wav,D:\SIH\ira-wakeword\today ira wav\today ira wav\WhatsApp Audio 2026-09-07 at 12.54.18 AM.wav,1.1335,0.1335,57,0.72265625,True,123,0.98046875,0.02,True,15,ef37d08e3ac22c23b333f524aea87595120e15e8
WhatsApp Audio 2026-09-07 at 12.54.19 AM (1).wav,D:\SIH\ira-wakeword\today ira wav\today ira wav\WhatsApp Audio 2026-09-07 at 12.54.19 AM (1).wav,1.2335,0.2186,-38,0.3515625,False,120,0.96875,0.03,True,25,9def51c18b20e2cfbd33aef6e979681ac004c54d
WhatsApp Audio 2026-09-07 at 12.54.19 AM (2).wav,D:\SIH\ira-wakeword\today ira wav\today ira wav\WhatsApp Audio 2026-09-07 at 12.54.19 AM (2).wav,0.9735,0.0,-100,0.109375,False,-100,0.109375,0.0,False,1,0607ead5fba559f2c324b1171530a96fc3c0c7ab
WhatsApp Audio 2026-09-07 at 12.54.19 AM.wav,D:\SIH\ira-wakeword\today ira wav\today ira wav\WhatsApp Audio 2026-09-07 at 12.54.19 AM.wav,1.3935,0.2594,33,0.62890625,True,123,0.98046875,0.08,True,41,6faa443186a1d6cd097e37fa4be914860a22cb9e
WhatsApp Audio 2026-09-07 at 12.54.20 AM (1).wav,D:\SIH\ira-wakeword\today ira wav\today ira wav\WhatsApp Audio 2026-09-07 at 12.54.20 AM (1).wav,1.6335,0.2185,-100,0.109375,False,121,0.97265625,0.07,True,65,ea2cd997ad0f1cbb0b73ce1037e4614a6ebb6fc1
WhatsApp Audio 2026-09-07 at 12.54.20 AM (2).wav,D:\SIH\ira-wakeword\today ira wav\today ira wav\WhatsApp Audio 2026-09-07 at 12.54.20 AM (2).wav,2.2135,0.8302,-100,0.109375,False,124,0.984375,0.02,True,123,e1a26e707cc2a08c3ceb5a45ece3ab820e2bcb72
WhatsApp Audio 2026-09-07 at 12.54.20 AM (3).wav,D:\SIH\ira-wakeword\today ira wav\today ira wav\WhatsApp Audio 2026-09-07 at 12.54.20 AM (3).wav,1.3135,0.3134,-108,0.078125,False,74,0.7890625,0.09,True,33,19874ca2a352d018afad5134f1957402dac92ad1
WhatsApp Audio 2026-09-07 at 12.54.20 AM.wav,D:\SIH\ira-wakeword\today ira wav\today ira wav\WhatsApp Audio 2026-09-07 at 12.54.20 AM.wav,2.5735,1.3276,-95,0.12890625,False,124,0.984375,0.04,True,159,4b2f9ae18278829868806584924d1b28bf64c980
WhatsApp Audio 2026-09-07 at 12.54.21 AM (1).wav,D:\SIH\ira-wakeword\today ira wav\today ira wav\WhatsApp Audio 2026-09-07 at 12.54.21 AM (1).wav,0.9135,0.0,90,0.8515625,True,90,0.8515625,0.0,True,1,d821e7c214ddddf2b42de29ab00678fe1cf56b5f
WhatsApp Audio 2026-09-07 at 12.54.21 AM (2).wav,D:\SIH\ira-wakeword\today ira wav\today ira wav\WhatsApp Audio 2026-09-07 at 12.54.21 AM (2).wav,0.9535,0.0,113,0.94140625,True,113,0.94140625,0.0,True,1,4597bab5c56143f3b9f3e422b31c79a8911f526a
WhatsApp Audio 2026-09-07 at 12.54.21 AM.wav,D:\SIH\ira-wakeword\today ira wav\today ira wav\WhatsApp Audio 2026-09-07 at 12.54.21 AM.wav,0.9935,0.0,77,0.80078125,True,77,0.80078125,0.0,True,1,5bde12cbd82cdfd595568bf64bfdb0c19efcc034
WhatsApp Audio 2026-09-07 at 12.54.22 AM (1).wav,D:\SIH\ira-wakeword\today ira wav\today ira wav\WhatsApp Audio 2026-09-07 at 12.54.22 AM (1).wav,2.0335,0.4641,-127,0.00390625,False,122,0.9765625,0.01,True,105,1ea7499c782062ab5fe26e6ef714ed374ae2e435
WhatsApp Audio 2026-09-07 at 12.54.22 AM (2).wav,D:\SIH\ira-wakeword\today ira wav\today ira wav\WhatsApp Audio 2026-09-07 at 12.54.22 AM (2).wav,1.2935,0.2657,27,0.60546875,True,122,0.9765625,0.05,True,31,15ffc4d54a5906dec229cd15a6445ca97599400f
WhatsApp Audio 2026-09-07 at 12.54.22 AM.wav,D:\SIH\ira-wakeword\today ira wav\today ira wav\WhatsApp Audio 2026-09-07 at 12.54.22 AM.wav,1.1335,0.1335,-118,0.0390625,False,98,0.8828125,0.05,True,15,af5b7bd9a15c4b5bde6a2f32f371b2ebfe713e02
WhatsApp Audio 2026-09-07 at 12.54.23 AM (1).wav,D:\SIH\ira-wakeword\today ira wav\today ira wav\WhatsApp Audio 2026-09-07 at 12.54.23 AM (1).wav,1.3935,0.2151,-66,0.2421875,False,120,0.96875,0.07,True,41,202fd53ddd2051bd60fddd55bb8068c97a8e7260
WhatsApp Audio 2026-09-07 at 12.54.23 AM (2).wav,D:\SIH\ira-wakeword\today ira wav\today ira wav\WhatsApp Audio 2026-09-07 at 12.54.23 AM (2).wav,1.1335,0.1335,-53,0.29296875,False,123,0.98046875,0.03,True,15,b55bde052f15ae21b47eac109a16ecf9dea8b361
WhatsApp Audio 2026-09-07 at 12.54.23 AM.wav,D:\SIH\ira-wakeword\today ira wav\today ira wav\WhatsApp Audio 2026-09-07 at 12.54.23 AM.wav,1.3535,0.2111,-77,0.19921875,False,120,0.96875,0.01,True,37,e0bb0d0d12a9b483ca6a9692f3df0efd52d9643b
WhatsApp Audio 2026-09-07 at 12.54.24 AM (1).wav,D:\SIH\ira-wakeword\today ira wav\today ira wav\WhatsApp Audio 2026-09-07 at 12.54.24 AM (1).wav,1.0935,0.0935,106,0.9140625,True,122,0.9765625,0.05,True,11,621a5926fa81561f7a4c022b9fbc219bfd68f0b6
WhatsApp Audio 2026-09-07 at 12.54.24 AM (2).wav,D:\SIH\ira-wakeword\today ira wav\today ira wav\WhatsApp Audio 2026-09-07 at 12.54.24 AM (2).wav,1.1935,0.1935,-57,0.27734375,False,122,0.9765625,0.04,True,21,bf3104381b2103c4d6f84a3c5330c40936e7c0f5
WhatsApp Audio 2026-09-07 at 12.54.24 AM.wav,D:\SIH\ira-wakeword\today ira wav\today ira wav\WhatsApp Audio 2026-09-07 at 12.54.24 AM.wav,1.2135,0.2099,43,0.66796875,True,125,0.98828125,0.04,True,23,ad76921c7f66985599cff5f17eb11c99469a3aaa
WhatsApp Audio 2026-09-07 at 12.54.25 AM (1).wav,D:\SIH\ira-wakeword\today ira wav\today ira wav\WhatsApp Audio 2026-09-07 at 12.54.25 AM (1).wav,0.9335,0.0,100,0.890625,True,100,0.890625,0.0,True,1,ad0bc6e058d8bb1704ebf5d733b25f17daf4b217
WhatsApp Audio 2026-09-07 at 12.54.25 AM (2).wav,D:\SIH\ira-wakeword\today ira wav\today ira wav\WhatsApp Audio 2026-09-07 at 12.54.25 AM (2).wav,0.9935,0.0,93,0.86328125,True,93,0.86328125,0.0,True,1,eb1aeb989b65a990cffb59377d1302299568e631
WhatsApp Audio 2026-09-07 at 12.54.25 AM.wav,D:\SIH\ira-wakeword\today ira wav\today ira wav\WhatsApp Audio 2026-09-07 at 12.54.25 AM.wav,1.0535,0.0535,122,0.9765625,True,123,0.98046875,0.03,True,7,b8a229ae00a9c1696a1945d4b4ee2feb0606c7ba
WhatsApp Audio 2026-09-07 at 12.54.26 AM (1).wav,D:\SIH\ira-wakeword\today ira wav\today ira wav\WhatsApp Audio 2026-09-07 at 12.54.26 AM (1).wav,0.9735,0.0,114,0.9453125,True,114,0.9453125,0.0,True,1,9d04a5fd9aae107ed9c3f06c196ac330217a5c7b
WhatsApp Audio 2026-09-07 at 12.54.26 AM (2).wav,D:\SIH\ira-wakeword\today ira wav\today ira wav\WhatsApp Audio 2026-09-07 at 12.54.26 AM (2).wav,1.1135,0.1135,104,0.90625,True,126,0.9921875,0.06,True,13,f47d21419b2f7a9c1fa4943ab14e6be56e8f6cfa
WhatsApp Audio 2026-09-07 at 12.54.26 AM.wav,D:\SIH\ira-wakeword\today ira wav\today ira wav\WhatsApp Audio 2026-09-07 at 12.54.26 AM.wav,1.0135,0.0135,117,0.95703125,True,117,0.95703125,0.0135,True,3,8ce0aec1e89189b721b4ff505cdef163240bdbe7
WhatsApp Audio 2026-09-07 at 12.54.27 AM (1).wav,D:\SIH\ira-wakeword\today ira wav\today ira wav\WhatsApp Audio 2026-09-07 at 12.54.27 AM (1).wav,1.2335,0.2329,-117,0.04296875,False,118,0.9609375,0.01,True,25,65e9124d5f6bf0b422e0c91d9b9eae482041afb0
WhatsApp Audio 2026-09-07 at 12.54.27 AM (2).wav,D:\SIH\ira-wakeword\today ira wav\today ira wav\WhatsApp Audio 2026-09-07 at 12.54.27 AM (2).wav,0.9735,0.0,116,0.953125,True,116,0.953125,0.0,True,1,b13165bc5c2b795ed5a0c2cd5f0ff0f40c8df16d
WhatsApp Audio 2026-09-07 at 12.54.27 AM (3).wav,D:\SIH\ira-wakeword\today ira wav\today ira wav\WhatsApp Audio 2026-09-07 at 12.54.27 AM (3).wav,1.0135,0.0135,116,0.953125,True,120,0.96875,0.01,True,3,379893e299b21a82ac7f9f68ac3d3ba2396f7442
WhatsApp Audio 2026-09-07 at 12.54.27 AM.wav,D:\SIH\ira-wakeword\today ira wav\today ira wav\WhatsApp Audio 2026-09-07 at 12.54.27 AM.wav,1.0335,0.0335,126,0.9921875,True,126,0.9921875,0.0335,True,5,bb86935eb3bc5d6dfd3065276cef8213106dcc92
WhatsApp Audio 2026-09-07 at 12.54.28 AM (1).wav,D:\SIH\ira-wakeword\today ira wav\today ira wav\WhatsApp Audio 2026-09-07 at 12.54.28 AM (1).wav,1.4335,0.2512,-74,0.2109375,False,111,0.93359375,0.05,True,45,79bb078eae7eda9443143cfdafadb55a1faf3578
WhatsApp Audio 2026-09-07 at 12.54.28 AM (2).wav,D:\SIH\ira-wakeword\today ira wav\today ira wav\WhatsApp Audio 2026-09-07 at 12.54.28 AM (2).wav,1.1935,0.1928,43,0.66796875,True,124,0.984375,0.06,True,21,3014a33871e89c3cc5c9c8f34d54a8e86306a92d
WhatsApp Audio 2026-09-07 at 12.54.28 AM.wav,D:\SIH\ira-wakeword\today ira wav\today ira wav\WhatsApp Audio 2026-09-07 at 12.54.28 AM.wav,1.2335,0.2261,53,0.70703125,True,122,0.9765625,0.06,True,25,f1e77c9aafd393a8250c44fab6a17c382e87c0c8
WhatsApp Audio 2026-09-07 at 12.54.29 AM (1).wav,D:\SIH\ira-wakeword\today ira wav\today ira wav\WhatsApp Audio 2026-09-07 at 12.54.29 AM (1).wav,1.2335,0.2324,84,0.828125,True,112,0.9375,0.01,True,25,073ac1c468ed6a1cfb5d76c6f18aae3bfcd642ad
WhatsApp Audio 2026-09-07 at 12.54.29 AM (2).wav,D:\SIH\ira-wakeword\today ira wav\today ira wav\WhatsApp Audio 2026-09-07 at 12.54.29 AM (2).wav,1.0735,0.0735,120,0.96875,True,125,0.98828125,0.03,True,9,a0871fe698ad7a3ac6c1a7cdede27494ab8227bd
WhatsApp Audio 2026-09-07 at 12.54.29 AM.wav,D:\SIH\ira-wakeword\today ira wav\today ira wav\WhatsApp Audio 2026-09-07 at 12.54.29 AM.wav,1.2735,0.2125,-84,0.171875,False,109,0.92578125,0.05,True,29,ddc8609ac76a4ece8751d4701a0e85af2eae742b
WhatsApp Audio 2026-09-07 at 12.54.30 AM (1).wav,D:\SIH\ira-wakeword\today ira wav\today ira wav\WhatsApp Audio 2026-09-07 at 12.54.30 AM (1).wav,1.0535,0.0535,122,0.9765625,True,126,0.9921875,0.03,True,7,ea7f92a3e2c870e6e6a93017a1df632eaa22fd02
WhatsApp Audio 2026-09-07 at 12.54.30 AM (2).wav,D:\SIH\ira-wakeword\today ira wav\today ira wav\WhatsApp Audio 2026-09-07 at 12.54.30 AM (2).wav,1.8735,0.6184,-108,0.078125,False,123,0.98046875,0.04,True,89,bc4ba66e70abd55cd93e4c3f8b1621af07f72922
WhatsApp Audio 2026-09-07 at 12.54.30 AM.wav,D:\SIH\ira-wakeword\today ira wav\today ira wav\WhatsApp Audio 2026-09-07 at 12.54.30 AM.wav,2.2535,0.7854,-27,0.39453125,False,123,0.98046875,0.07,True,127,1697e65a4fe63025f9693b4e82548249fecc1dff
WhatsApp Audio 2026-09-07 at 12.54.31 AM (1).wav,D:\SIH\ira-wakeword\today ira wav\today ira wav\WhatsApp Audio 2026-09-07 at 12.54.31 AM (1).wav,1.2735,0.2454,-98,0.1171875,False,90,0.8515625,0.03,True,29,5a68a29a0fc391787b617170cfca8d11c1733d3c
WhatsApp Audio 2026-09-07 at 12.54.31 AM.wav,D:\SIH\ira-wakeword\today ira wav\today ira wav\WhatsApp Audio 2026-09-07 at 12.54.31 AM.wav,1.4335,0.2379,117,0.95703125,True,123,0.98046875,0.2,True,45,a12af2e3154627356732259df28e7843ab285784
WhatsApp Ptt 2026-09-06 at 10.12.53 PM.wav,D:\SIH\ira-wakeword\today ira wav\today ira wav\WhatsApp Ptt 2026-09-06 at 10.12.53 PM.wav,0.9735,0.0,100,0.890625,True,100,0.890625,0.0,True,1,07ee032010494f5cfadd43fc67e2e7f584126d63
WhatsApp Ptt 2026-09-06 at 10.13.07 PM.wav,D:\SIH\ira-wakeword\today ira wav\today ira wav\WhatsApp Ptt 2026-09-06 at 10.13.07 PM.wav,0.9535,0.0,124,0.984375,True,124,0.984375,0.0,True,1,2a71b6abdccd29747714ea8a7bd16e2f8ba6e580
WhatsApp Ptt 2026-09-06 at 10.13.13 PM.wav,D:\SIH\ira-wakeword\today ira wav\today ira wav\WhatsApp Ptt 2026-09-06 at 10.13.13 PM.wav,1.3335,0.2667,93,0.86328125,True,115,0.94921875,0.3335,True,35,c44075c4ce1c4ce2cb1ab9d0c907affe44dc0645
WhatsApp Ptt 2026-09-06 at 10.13.21 PM.wav,D:\SIH\ira-wakeword\today ira wav\today ira wav\WhatsApp Ptt 2026-09-06 at 10.13.21 PM.wav,1.2535,0.1659,66,0.7578125,True,125,0.98828125,0.02,True,27,5bb242c2372965ee6c76e56f85a11de48ff12c7f
WhatsApp Ptt 2026-09-06 at 10.13.28 PM.wav,D:\SIH\ira-wakeword\today ira wav\today ira wav\WhatsApp Ptt 2026-09-06 at 10.13.28 PM.wav,1.3935,0.1676,112,0.9375,True,126,0.9921875,0.06,True,41,5877f78ba38d26d14c3034a607659053b1876714
WhatsApp Ptt 2026-09-06 at 10.13.35 PM.wav,D:\SIH\ira-wakeword\today ira wav\today ira wav\WhatsApp Ptt 2026-09-06 at 10.13.35 PM.wav,1.0135,0.0135,125,0.98828125,True,126,0.9921875,0.01,True,3,34b1002884382f3fa09af59b8f473d3b0164fe53
WhatsApp Ptt 2026-09-06 at 10.13.42 PM.wav,D:\SIH\ira-wakeword\today ira wav\today ira wav\WhatsApp Ptt 2026-09-06 at 10.13.42 PM.wav,0.8935,0.0,112,0.9375,True,112,0.9375,0.0,True,1,df338bcbc668f2fa81994fc3a6e2af86f8005b6e
WhatsApp Ptt 2026-09-06 at 10.13.53 PM.wav,D:\SIH\ira-wakeword\today ira wav\today ira wav\WhatsApp Ptt 2026-09-06 at 10.13.53 PM.wav,1.3935,0.1653,117,0.95703125,True,123,0.98046875,0.08,True,41,7ecefb19284b8fa29934e3b67b5776c6ce4364f7
WhatsApp Ptt 2026-09-06 at 10.13.59 PM.wav,D:\SIH\ira-wakeword\today ira wav\today ira wav\WhatsApp Ptt 2026-09-06 at 10.13.59 PM.wav,1.5535,0.1666,95,0.87109375,True,123,0.98046875,0.5,True,57,9dcda06b845e0c635824f8163955715184951ffb
WhatsApp Ptt 2026-09-06 at 10.14.03 PM.wav,D:\SIH\ira-wakeword\today ira wav\today ira wav\WhatsApp Ptt 2026-09-06 at 10.14.03 PM.wav,1.4335,0.1619,109,0.92578125,True,126,0.9921875,0.06,True,45,69a39c4acdbaf56b7c2cf148ac309d74a2603fc7
WhatsApp Ptt 2026-09-06 at 10.14.13 PM.wav,D:\SIH\ira-wakeword\today ira wav\today ira wav\WhatsApp Ptt 2026-09-06 at 10.14.13 PM.wav,0.9535,0.0,126,0.9921875,True,126,0.9921875,0.0,True,1,aadbf6b11cefa929e9ef41930b5a481492175b28
WhatsApp Ptt 2026-09-06 at 10.14.19 PM.wav,D:\SIH\ira-wakeword\today ira wav\today ira wav\WhatsApp Ptt 2026-09-06 at 10.14.19 PM.wav,1.2335,0.2,33,0.62890625,True,121,0.97265625,0.0,True,25,b188cbdcf4fd74c2f6738c539fa8258d1833eb29
WhatsApp Ptt 2026-09-06 at 10.14.24 PM.wav,D:\SIH\ira-wakeword\today ira wav\today ira wav\WhatsApp Ptt 2026-09-06 at 10.14.24 PM.wav,1.3335,0.1973,17,0.56640625,True,109,0.92578125,0.02,True,35,dd1b65fa4edebb7389beb4f59089f8df9ffa4246
WhatsApp Ptt 2026-09-06 at 10.14.28 PM.wav,D:\SIH\ira-wakeword\today ira wav\today ira wav\WhatsApp Ptt 2026-09-06 at 10.14.28 PM.wav,1.2735,0.2277,106,0.9140625,True,124,0.984375,0.06,True,29,6eac0fb5c8172800f0e8ec15f1855f2279f091e7
WhatsApp Ptt 2026-09-06 at 10.14.31 PM.wav,D:\SIH\ira-wakeword\today ira wav\today ira wav\WhatsApp Ptt 2026-09-06 at 10.14.31 PM.wav,0.9935,0.0,115,0.94921875,True,115,0.94921875,0.0,True,1,34e382144aa3b05590471b1a4bcf30961ef923e8
WhatsApp Ptt 2026-09-06 at 10.14.40 PM.wav,D:\SIH\ira-wakeword\today ira wav\today ira wav\WhatsApp Ptt 2026-09-06 at 10.14.40 PM.wav,1.6535,0.4128,-128,0.0,False,-48,0.3125,0.02,False,67,6853eb71b924937f630e1185279e4fd0e60126d6
WhatsApp Ptt 2026-09-06 at 10.14.48 PM.wav,D:\SIH\ira-wakeword\today ira wav\today ira wav\WhatsApp Ptt 2026-09-06 at 10.14.48 PM.wav,1.4735,0.3902,-125,0.01171875,False,43,0.66796875,0.04,True,49,3fe4172882c88e7a6e07997fa70dd179c255e89a
WhatsApp Ptt 2026-09-06 at 10.14.53 PM.wav,D:\SIH\ira-wakeword\today ira wav\today ira wav\WhatsApp Ptt 2026-09-06 at 10.14.53 PM.wav,1.2535,0.2202,-127,0.00390625,False,-66,0.2421875,0.01,False,27,c78a2cee0b460302e55a1064e2e89b89046ad103
WhatsApp Ptt 2026-09-06 at 10.15.01 PM.wav,D:\SIH\ira-wakeword\today ira wav\today ira wav\WhatsApp Ptt 2026-09-06 at 10.15.01 PM.wav,1.4535,0.1819,-106,0.0859375,False,90,0.8515625,0.25,True,47,b96b15e721e89ac29850d106f0f38241e82d3e49
WhatsApp Ptt 2026-09-06 at 10.15.59 PM.wav,D:\SIH\ira-wakeword\today ira wav\today ira wav\WhatsApp Ptt 2026-09-06 at 10.15.59 PM.wav,1.4535,0.2146,-84,0.171875,False,104,0.90625,0.01,True,47,bebfe2dfe6cde8cf4e6da03cfbc804139021ae8f
WhatsApp Ptt 2026-09-06 at 10.16.10 PM.wav,D:\SIH\ira-wakeword\today ira wav\today ira wav\WhatsApp Ptt 2026-09-06 at 10.16.10 PM.wav,1.6535,0.4144,123,0.98046875,True,127,0.99609375,0.48,True,67,5a56427e661ba5dde592b39a1130cf69b7ebed70
WhatsApp Ptt 2026-09-06 at 10.16.17 PM.wav,D:\SIH\ira-wakeword\today ira wav\today ira wav\WhatsApp Ptt 2026-09-06 at 10.16.17 PM.wav,1.3335,0.3172,93,0.86328125,True,102,0.8984375,0.23,True,35,ac2076af9e77a571d584f65fb5a66c2335773ca1
WhatsApp Ptt 2026-09-06 at 10.16.21 PM.wav,D:\SIH\ira-wakeword\today ira wav\today ira wav\WhatsApp Ptt 2026-09-06 at 10.16.21 PM.wav,1.3935,0.1963,-102,0.1015625,False,115,0.94921875,0.01,True,41,38962941683fd8e5cd1621cdaa4f8147ebafb0de
WhatsApp Ptt 2026-09-06 at 10.16.28 PM.wav,D:\SIH\ira-wakeword\today ira wav\today ira wav\WhatsApp Ptt 2026-09-06 at 10.16.28 PM.wav,1.2335,0.2101,17,0.56640625,True,104,0.90625,0.02,True,25,137a1e30f14e63229a033e9a481db1b0c0eab10d
WhatsApp Ptt 2026-09-06 at 10.16.35 PM.wav,D:\SIH\ira-wakeword\today ira wav\today ira wav\WhatsApp Ptt 2026-09-06 at 10.16.35 PM.wav,0.8535,0.0,119,0.96484375,True,119,0.96484375,0.0,True,1,b43fde75c316a7ecfcc826faf34addb616d29ac9
WhatsApp Ptt 2026-09-06 at 10.16.39 PM.wav,D:\SIH\ira-wakeword\today ira wav\today ira wav\WhatsApp Ptt 2026-09-06 at 10.16.39 PM.wav,1.1335,0.1335,66,0.7578125,True,113,0.94140625,0.09,True,15,901b93af9b5c7e600b13bee38427bf8e758da3ee
WhatsApp Ptt 2026-09-06 at 10.16.43 PM.wav,D:\SIH\ira-wakeword\today ira wav\today ira wav\WhatsApp Ptt 2026-09-06 at 10.16.43 PM.wav,1.2335,0.1731,124,0.984375,True,127,0.99609375,0.01,True,25,c64c9cd3636edadca96cae98fb71535272db7d8e
WhatsApp Ptt 2026-09-06 at 10.16.48 PM.wav,D:\SIH\ira-wakeword\today ira wav\today ira wav\WhatsApp Ptt 2026-09-06 at 10.16.48 PM.wav,1.4535,0.2395,-27,0.39453125,False,124,0.984375,0.27,True,47,3188e34a7f0e718faa2aef13740edc1777c6fd77
WhatsApp Ptt 2026-09-06 at 10.16.53 PM.wav,D:\SIH\ira-wakeword\today ira wav\today ira wav\WhatsApp Ptt 2026-09-06 at 10.16.53 PM.wav,1.7335,0.1867,126,0.9921875,True,127,0.99609375,0.0,True,75,b96fe79c8482219912aadda4c97131c7d3c66f20
WhatsApp Ptt 2026-09-06 at 10.16.56 PM.wav,D:\SIH\ira-wakeword\today ira wav\today ira wav\WhatsApp Ptt 2026-09-06 at 10.16.56 PM.wav,1.1135,0.1135,27,0.60546875,True,118,0.9609375,0.04,True,13,a4ea1db1b8e3f093b5019cfae2bda1f282abf8b2
WhatsApp Ptt 2026-09-06 at 10.17.00 PM.wav,D:\SIH\ira-wakeword\today ira wav\today ira wav\WhatsApp Ptt 2026-09-06 at 10.17.00 PM.wav,0.9935,0.0,124,0.984375,True,124,0.984375,0.0,True,1,7f818433765e32ea6826f37bcdd4fe01d30711f2
WhatsApp Ptt 2026-09-06 at 10.17.04 PM.wav,D:\SIH\ira-wakeword\today ira wav\today ira wav\WhatsApp Ptt 2026-09-06 at 10.17.04 PM.wav,1.4335,0.4335,-17,0.43359375,True,126,0.9921875,0.0,True,45,93259219642f3af0fb63a4151c2f41eb33b36f22
WhatsApp Ptt 2026-09-06 at 10.17.09 PM.wav,D:\SIH\ira-wakeword\today ira wav\today ira wav\WhatsApp Ptt 2026-09-06 at 10.17.09 PM.wav,1.6335,0.1854,-84,0.171875,False,120,0.96875,0.01,True,65,987254bec6860ffebe41e6c847747db2595e80f8
WhatsApp Ptt 2026-09-06 at 10.17.12 PM.wav,D:\SIH\ira-wakeword\today ira wav\today ira wav\WhatsApp Ptt 2026-09-06 at 10.17.12 PM.wav,1.0935,0.0935,127,0.99609375,True,127,0.99609375,0.0935,True,11,d601a7add93387d80cf3d8599ef0f8fc6bdd2336
WhatsApp Ptt 2026-09-06 at 10.17.16 PM.wav,D:\SIH\ira-wakeword\today ira wav\today ira wav\WhatsApp Ptt 2026-09-06 at 10.17.16 PM.wav,1.2535,0.2522,113,0.94140625,True,127,0.99609375,0.17,True,27,a867157babce67b58b5d540a1296305562734ee7
WhatsApp Ptt 2026-09-06 at 10.17.21 PM.wav,D:\SIH\ira-wakeword\today ira wav\today ira wav\WhatsApp Ptt 2026-09-06 at 10.17.21 PM.wav,1.1135,0.1135,-6,0.4765625,True,116,0.953125,0.04,True,13,92521a9385a0d8825b0c44ccf4b24a216461b7db
WhatsApp Ptt 2026-09-06 at 10.17.25 PM.wav,D:\SIH\ira-wakeword\today ira wav\today ira wav\WhatsApp Ptt 2026-09-06 at 10.17.25 PM.wav,1.3535,0.3535,-121,0.02734375,False,126,0.9921875,0.01,True,37,81acd34c3376a34e6a396aeb00d08926b02b2c33
WhatsApp Ptt 2026-09-06 at 10.17.28 PM.wav,D:\SIH\ira-wakeword\today ira wav\today ira wav\WhatsApp Ptt 2026-09-06 at 10.17.28 PM.wav,1.2935,0.1869,-22,0.4140625,True,126,0.9921875,0.04,True,31,5cf9e161ebd650558f0a910442321373c58dc4bc
WhatsApp Ptt 2026-09-06 at 10.17.32 PM.wav,D:\SIH\ira-wakeword\today ira wav\today ira wav\WhatsApp Ptt 2026-09-06 at 10.17.32 PM.wav,1.0135,0.0135,126,0.9921875,True,127,0.99609375,0.0,True,3,6c2353f0c76a4f39762f2027830070b2f5a9323d
WhatsApp Ptt 2026-09-06 at 10.17.36 PM.wav,D:\SIH\ira-wakeword\today ira wav\today ira wav\WhatsApp Ptt 2026-09-06 at 10.17.36 PM.wav,1.3735,0.2519,-70,0.2265625,False,109,0.92578125,0.0,True,39,0ef041471805ae12a801d8f33d7e06320202079a
WhatsApp Ptt 2026-09-06 at 10.21.54 PM.wav,D:\SIH\ira-wakeword\today ira wav\today ira wav\WhatsApp Ptt 2026-09-06 at 10.21.54 PM.wav,0.6735,0.0,119,0.96484375,True,119,0.96484375,0.0,True,1,a4cbe8fc334f319eca114f4c5864ea42e46823ee
WhatsApp Ptt 2026-09-06 at 10.22.02 PM.wav,D:\SIH\ira-wakeword\today ira wav\today ira wav\WhatsApp Ptt 2026-09-06 at 10.22.02 PM.wav,1.0135,0.0134,124,0.984375,True,125,0.98828125,0.0,True,3,c297b79c1eb212edf7b9f278c8b7f143a278b3d5
WhatsApp Ptt 2026-09-06 at 10.22.06 PM.wav,D:\SIH\ira-wakeword\today ira wav\today ira wav\WhatsApp Ptt 2026-09-06 at 10.22.06 PM.wav,1.3535,0.1708,108,0.921875,True,126,0.9921875,0.12,True,37,5fa6331952f89b6627a6e7c5c5b6f0a10275400d
WhatsApp Ptt 2026-09-06 at 10.22.12 PM.wav,D:\SIH\ira-wakeword\today ira wav\today ira wav\WhatsApp Ptt 2026-09-06 at 10.22.12 PM.wav,0.9135,0.0,114,0.9453125,True,114,0.9453125,0.0,True,1,0aef03c97b9e751c41b3f26121df9f354d75ca33
WhatsApp Ptt 2026-09-06 at 10.22.16 PM.wav,D:\SIH\ira-wakeword\today ira wav\today ira wav\WhatsApp Ptt 2026-09-06 at 10.22.16 PM.wav,0.9935,0.0,126,0.9921875,True,126,0.9921875,0.0,True,1,b6269a3617da9e9165b0c1b22bce6b46acf255a5
WhatsApp Ptt 2026-09-06 at 10.22.25 PM.wav,D:\SIH\ira-wakeword\today ira wav\today ira wav\WhatsApp Ptt 2026-09-06 at 10.22.25 PM.wav,2.0735,0.2689,-48,0.3125,False,126,0.9921875,0.02,True,109,d2f18c59a73c480e938d3eca7f4da211b6f7262a
WhatsApp Ptt 2026-09-06 at 10.22.33 PM.wav,D:\SIH\ira-wakeword\today ira wav\today ira wav\WhatsApp Ptt 2026-09-06 at 10.22.33 PM.wav,1.0135,0.0135,100,0.890625,True,108,0.921875,0.0,True,3,60d7e0a00d369e696ba3dd9aa8158b0812d1c432
WhatsApp Ptt 2026-09-06 at 10.22.38 PM.wav,D:\SIH\ira-wakeword\today ira wav\today ira wav\WhatsApp Ptt 2026-09-06 at 10.22.38 PM.wav,1.4535,0.1923,126,0.9921875,True,127,0.99609375,0.0,True,47,f658477fa879c53568877a025236b832db5147e2
WhatsApp Ptt 2026-09-06 at 10.22.44 PM.wav,D:\SIH\ira-wakeword\today ira wav\today ira wav\WhatsApp Ptt 2026-09-06 at 10.22.44 PM.wav,1.5935,0.1939,-43,0.33203125,False,123,0.98046875,0.0,True,61,ad8e8b40b9965bfbc6f42b2dc463ff145bff68f2
WhatsApp Ptt 2026-09-06 at 10.23.30 PM.wav,D:\SIH\ira-wakeword\today ira wav\today ira wav\WhatsApp Ptt 2026-09-06 at 10.23.30 PM.wav,0.9735,0.0,127,0.99609375,True,127,0.99609375,0.0,True,1,85acfe883b6e23e44f9e27f221bf987065f99a5d
WhatsApp Ptt 2026-09-06 at 10.23.35 PM.wav,D:\SIH\ira-wakeword\today ira wav\today ira wav\WhatsApp Ptt 2026-09-06 at 10.23.35 PM.wav,1.1735,0.1733,127,0.99609375,True,127,0.99609375,0.1733,True,19,c5e3eebfb30aae72cd681a322a678abbf0b76f99
WhatsApp Ptt 2026-09-06 at 10.23.39 PM.wav,D:\SIH\ira-wakeword\today ira wav\today ira wav\WhatsApp Ptt 2026-09-06 at 10.23.39 PM.wav,1.5735,0.1898,6,0.5234375,True,117,0.95703125,0.02,True,59,6e997a3521a6e2993e8245e30719be6d12afe52d
WhatsApp Ptt 2026-09-06 at 10.23.43 PM.wav,D:\SIH\ira-wakeword\today ira wav\today ira wav\WhatsApp Ptt 2026-09-06 at 10.23.43 PM.wav,1.5535,0.2155,114,0.9453125,True,126,0.9921875,0.45,True,57,c78eab8f88c47ac214196886ea2ecacc2e9eb442
WhatsApp Ptt 2026-09-06 at 10.23.47 PM.wav,D:\SIH\ira-wakeword\today ira wav\today ira wav\WhatsApp Ptt 2026-09-06 at 10.23.47 PM.wav,2.0335,0.7947,-112,0.0625,False,108,0.921875,0.03,True,105,22529bf3935f76c86477063fd4d4f6f35a9ef3c8
WhatsApp Ptt 2026-09-06 at 10.23.51 PM.wav,D:\SIH\ira-wakeword\today ira wav\today ira wav\WhatsApp Ptt 2026-09-06 at 10.23.51 PM.wav,1.1935,0.1903,43,0.66796875,True,121,0.97265625,0.0,True,21,772a35fd4f9124c049542db6bceaf1356243790b
WhatsApp Ptt 2026-09-06 at 10.23.55 PM.wav,D:\SIH\ira-wakeword\today ira wav\today ira wav\WhatsApp Ptt 2026-09-06 at 10.23.55 PM.wav,1.1535,0.1535,125,0.98828125,True,127,0.99609375,0.0,True,17,0179463c9bbb9d20cec51c54409e6b68c9a2fd09
WhatsApp Ptt 2026-09-06 at 10.23.58 PM.wav,D:\SIH\ira-wakeword\today ira wav\today ira wav\WhatsApp Ptt 2026-09-06 at 10.23.58 PM.wav,1.1935,0.1926,-17,0.43359375,True,100,0.890625,0.05,True,21,14bf87a7fceea939dbf4cde50d04429285645ecd
WhatsApp Ptt 2026-09-06 at 10.24.02 PM.wav,D:\SIH\ira-wakeword\today ira wav\today ira wav\WhatsApp Ptt 2026-09-06 at 10.24.02 PM.wav,1.3135,0.3135,-123,0.01953125,False,57,0.72265625,0.0,True,33,722778bdb769203e54aefc70a4557e9d2fdb619e
WhatsApp Ptt 2026-09-06 at 10.24.06 PM.wav,D:\SIH\ira-wakeword\today ira wav\today ira wav\WhatsApp Ptt 2026-09-06 at 10.24.06 PM.wav,1.5335,0.4017,-81,0.18359375,False,114,0.9453125,0.02,True,55,2999ae8b6f0018b47637506613e5240a2e7e0a60
WhatsApp Ptt 2026-09-06 at 10.24.10 PM.wav,D:\SIH\ira-wakeword\today ira wav\today ira wav\WhatsApp Ptt 2026-09-06 at 10.24.10 PM.wav,2.0535,0.1754,117,0.95703125,True,127,0.99609375,0.02,True,107,d1f5e98586c313042f0d4f23595169d2dd441f8e
WhatsApp Ptt 2026-09-06 at 10.28.05 PM.wav,D:\SIH\ira-wakeword\today ira wav\today ira wav\WhatsApp Ptt 2026-09-06 at 10.28.05 PM.wav,1.1735,0.1536,127,0.99609375,True,127,0.99609375,0.1536,True,19,61d68c1cb6413d4a68be5b8bb937f9f11eb44cf5
WhatsApp Ptt 2026-09-06 at 10.28.12 PM.wav,D:\SIH\ira-wakeword\today ira wav\today ira wav\WhatsApp Ptt 2026-09-06 at 10.28.12 PM.wav,1.3935,0.1589,-117,0.04296875,False,109,0.92578125,0.03,True,41,1eff5f6eafe04b0150467d43d5dcf7103086478c
WhatsApp Ptt 2026-09-06 at 10.28.17 PM.wav,D:\SIH\ira-wakeword\today ira wav\today ira wav\WhatsApp Ptt 2026-09-06 at 10.28.17 PM.wav,1.9735,0.6594,-126,0.0078125,False,123,0.98046875,0.97,True,99,aa2917cb7bb39bfbf63b4b014300244fccdf6d42
WhatsApp Ptt 2026-09-06 at 10.28.21 PM.wav,D:\SIH\ira-wakeword\today ira wav\today ira wav\WhatsApp Ptt 2026-09-06 at 10.28.21 PM.wav,1.5335,0.1837,-119,0.03515625,False,93,0.86328125,0.46,True,55,735623bef64c78e1e56cb910190f4494f2a5972c
WhatsApp Ptt 2026-09-06 at 10.28.25 PM.wav,D:\SIH\ira-wakeword\today ira wav\today ira wav\WhatsApp Ptt 2026-09-06 at 10.28.25 PM.wav,1.3535,0.1817,113,0.94140625,True,126,0.9921875,0.07,True,37,c8c58e76b55a3bbe8cd808d75a3cfd61c288fa0d
WhatsApp Ptt 2026-09-06 at 10.28.29 PM.wav,D:\SIH\ira-wakeword\today ira wav\today ira wav\WhatsApp Ptt 2026-09-06 at 10.28.29 PM.wav,1.3935,0.1569,0,0.5,True,114,0.9453125,0.09,True,41,d7ab067115a71749542f3e5a90267c9c4c798f20
WhatsApp Ptt 2026-09-06 at 10.28.33 PM.wav,D:\SIH\ira-wakeword\today ira wav\today ira wav\WhatsApp Ptt 2026-09-06 at 10.28.33 PM.wav,1.1935,0.1756,113,0.94140625,True,126,0.9921875,0.01,True,21,16d83079e8f81f408683b33143b6b7a976d5d51d
WhatsApp Ptt 2026-09-06 at 10.28.38 PM.wav,D:\SIH\ira-wakeword\today ira wav\today ira wav\WhatsApp Ptt 2026-09-06 at 10.28.38 PM.wav,1.7935,0.6448,-126,0.0078125,False,123,0.98046875,0.02,True,81,3af4a9ff834dceb04513eb17c7b33d58adaa7755
WhatsApp Ptt 2026-09-06 at 10.28.42 PM.wav,D:\SIH\ira-wakeword\today ira wav\today ira wav\WhatsApp Ptt 2026-09-06 at 10.28.42 PM.wav,1.3535,0.215,-84,0.171875,False,102,0.8984375,0.01,True,37,c49b76eb23611d61e3bcc98389b4670e0e8e4540
WhatsApp Ptt 2026-09-06 at 10.28.45 PM.wav,D:\SIH\ira-wakeword\today ira wav\today ira wav\WhatsApp Ptt 2026-09-06 at 10.28.45 PM.wav,1.5535,0.5148,-95,0.12890625,False,93,0.86328125,0.01,True,57,dcd1cca7cdfa54fdd734bb263b74f783f1adf78a
WhatsApp Ptt 2026-09-06 at 10.28.50 PM.wav,D:\SIH\ira-wakeword\today ira wav\today ira wav\WhatsApp Ptt 2026-09-06 at 10.28.50 PM.wav,1.3735,0.1918,115,0.94921875,True,126,0.9921875,0.02,True,39,8fa8de9693bdd61a8a886dc59b992ae3110f99d3
WhatsApp Ptt 2026-09-06 at 10.28.54 PM.wav,D:\SIH\ira-wakeword\today ira wav\today ira wav\WhatsApp Ptt 2026-09-06 at 10.28.54 PM.wav,1.3335,0.1842,116,0.953125,True,126,0.9921875,0.04,True,35,5f480b69cd975375eeaea22157b5f527b1aa17f2
WhatsApp Ptt 2026-09-06 at 10.28.58 PM.wav,D:\SIH\ira-wakeword\today ira wav\today ira wav\WhatsApp Ptt 2026-09-06 at 10.28.58 PM.wav,1.1535,0.1535,124,0.984375,True,127,0.99609375,0.03,True,17,8ef22bd56723efbf9e5b1b2b5159244e139d802a
WhatsApp Ptt 2026-09-06 at 10.29.02 PM.wav,D:\SIH\ira-wakeword\today ira wav\today ira wav\WhatsApp Ptt 2026-09-06 at 10.29.02 PM.wav,1.6335,0.2034,74,0.7890625,True,127,0.99609375,0.02,True,65,31092b1defdbf6822bb1c98b204650e79b1765b7
WhatsApp Ptt 2026-09-06 at 10.29.06 PM.wav,D:\SIH\ira-wakeword\today ira wav\today ira wav\WhatsApp Ptt 2026-09-06 at 10.29.06 PM.wav,0.9735,0.0,120,0.96875,True,120,0.96875,0.0,True,1,141b4236e104c2225646b91f50409c856108d81a
WhatsApp Ptt 2026-09-06 at 10.29.10 PM.wav,D:\SIH\ira-wakeword\today ira wav\today ira wav\WhatsApp Ptt 2026-09-06 at 10.29.10 PM.wav,1.1335,0.1335,77,0.80078125,True,124,0.984375,0.04,True,15,0de9bb157de691268253c5ccb6d49b6f4245b8f8
WhatsApp Ptt 2026-09-06 at 10.29.13 PM.wav,D:\SIH\ira-wakeword\today ira wav\today ira wav\WhatsApp Ptt 2026-09-06 at 10.29.13 PM.wav,1.1735,0.1552,-22,0.4140625,True,116,0.953125,0.01,True,19,b4b622c1193df4295ed894d3be6558d1abc86cc3
WhatsApp Ptt 2026-09-06 at 10.29.17 PM.wav,D:\SIH\ira-wakeword\today ira wav\today ira wav\WhatsApp Ptt 2026-09-06 at 10.29.17 PM.wav,1.3735,0.3613,-87,0.16015625,False,48,0.6875,0.04,True,39,6703edef95928b6485f3aca635f956e1cb97f18f
WhatsApp Ptt 2026-09-06 at 10.29.21 PM.wav,D:\SIH\ira-wakeword\today ira wav\today ira wav\WhatsApp Ptt 2026-09-06 at 10.29.21 PM.wav,1.4135,0.1602,27,0.60546875,True,108,0.921875,0.07,True,43,ec65a4f327f8808e871ded076ceb7769c1feae38
WhatsApp Ptt 2026-09-06 at 10.29.38 PM.wav,D:\SIH\ira-wakeword\today ira wav\today ira wav\WhatsApp Ptt 2026-09-06 at 10.29.38 PM.wav,1.2535,0.1751,114,0.9453125,True,126,0.9921875,0.0,True,27,6982f39a0bd01bbc6b5b92db30c49a52ef53755d
WhatsApp Ptt 2026-09-06 at 10.29.44 PM.wav,D:\SIH\ira-wakeword\today ira wav\today ira wav\WhatsApp Ptt 2026-09-06 at 10.29.44 PM.wav,1.0535,0.0535,127,0.99609375,True,127,0.99609375,0.0535,True,7,df40ed96da5e97da083b47c43b7b80e0c9bae5b1
WhatsApp Ptt 2026-09-06 at 10.29.48 PM.wav,D:\SIH\ira-wakeword\today ira wav\today ira wav\WhatsApp Ptt 2026-09-06 at 10.29.48 PM.wav,1.5535,0.1554,70,0.7734375,True,113,0.94140625,0.02,True,57,2731f5377a67e0acd6183f9d890ecb33804463d6
WhatsApp Ptt 2026-09-06 at 10.29.52 PM.wav,D:\SIH\ira-wakeword\today ira wav\today ira wav\WhatsApp Ptt 2026-09-06 at 10.29.52 PM.wav,1.4135,0.1894,87,0.83984375,True,125,0.98828125,0.07,True,43,8fe7090662c29eb146431dc6b64a2ee52e8c3a5d
WhatsApp Ptt 2026-09-06 at 10.29.57 PM.wav,D:\SIH\ira-wakeword\today ira wav\today ira wav\WhatsApp Ptt 2026-09-06 at 10.29.57 PM.wav,1.0335,0.0335,104,0.90625,True,123,0.98046875,0.02,True,5,52a4af8603cb5be6f0dc4d556c29f6524118655a
WhatsApp Ptt 2026-09-06 at 10.30.01 PM.wav,D:\SIH\ira-wakeword\today ira wav\today ira wav\WhatsApp Ptt 2026-09-06 at 10.30.01 PM.wav,1.2735,0.2543,113,0.94140625,True,127,0.99609375,0.01,True,29,af25a6e30f194b4212c8f60ffdc316991c799a01
WhatsApp Ptt 2026-09-06 at 10.30.05 PM.wav,D:\SIH\ira-wakeword\today ira wav\today ira wav\WhatsApp Ptt 2026-09-06 at 10.30.05 PM.wav,1.0735,0.0735,66,0.7578125,True,113,0.94140625,0.0,True,9,c5a7f2aa8011515f8c2c3bd65a55bd4415bb23eb
WhatsApp Ptt 2026-09-06 at 10.30.09 PM.wav,D:\SIH\ira-wakeword\today ira wav\today ira wav\WhatsApp Ptt 2026-09-06 at 10.30.09 PM.wav,1.2535,0.1741,-22,0.4140625,True,126,0.9921875,0.02,True,27,583327fcdb818a302d44c2d54621bd9125f7cb0c
WhatsApp Ptt 2026-09-06 at 10.30.12 PM.wav,D:\SIH\ira-wakeword\today ira wav\today ira wav\WhatsApp Ptt 2026-09-06 at 10.30.12 PM.wav,1.3135,0.1663,-17,0.43359375,True,123,0.98046875,0.04,True,33,cb357c95d833c47f30110da69d85c4f5194c1cc3
WhatsApp Ptt 2026-09-06 at 10.30.16 PM.wav,D:\SIH\ira-wakeword\today ira wav\today ira wav\WhatsApp Ptt 2026-09-06 at 10.30.16 PM.wav,1.1735,0.1541,57,0.72265625,True,124,0.984375,0.01,True,19,f4f3f8332979161811a8864e0acaca159dd6047a
WhatsApp Ptt 2026-09-06 at 10.30.20 PM.wav,D:\SIH\ira-wakeword\today ira wav\today ira wav\WhatsApp Ptt 2026-09-06 at 10.30.20 PM.wav,0.9535,0.0,120,0.96875,True,120,0.96875,0.0,True,1,c24958f719be634b861beef63d50ed1313a1df25
WhatsApp Ptt 2026-09-06 at 10.30.23 PM.wav,D:\SIH\ira-wakeword\today ira wav\today ira wav\WhatsApp Ptt 2026-09-06 at 10.30.23 PM.wav,1.1935,0.1934,114,0.9453125,True,127,0.99609375,0.01,True,21,90af85040f0c69b79ab985aad1a84e68cb638120
WhatsApp Ptt 2026-09-06 at 10.30.27 PM.wav,D:\SIH\ira-wakeword\today ira wav\today ira wav\WhatsApp Ptt 2026-09-06 at 10.30.27 PM.wav,1.1735,0.1529,-33,0.37109375,False,125,0.98828125,0.01,True,19,12a727421c5777d8f3d265f5fef889321a23e3a7
WhatsApp Ptt 2026-09-06 at 10.30.31 PM.wav,D:\SIH\ira-wakeword\today ira wav\today ira wav\WhatsApp Ptt 2026-09-06 at 10.30.31 PM.wav,1.1135,0.1135,113,0.94140625,True,127,0.99609375,0.0,True,13,aae28f4ae103406d1982287be1bb10c2d9c78488
WhatsApp Ptt 2026-09-06 at 10.30.35 PM.wav,D:\SIH\ira-wakeword\today ira wav\today ira wav\WhatsApp Ptt 2026-09-06 at 10.30.35 PM.wav,1.1935,0.1556,6,0.5234375,True,122,0.9765625,0.05,True,21,e98895e39deef99eca67f1e4a63dd16a37c70167
WhatsApp Ptt 2026-09-06 at 10.30.39 PM.wav,D:\SIH\ira-wakeword\today ira wav\today ira wav\WhatsApp Ptt 2026-09-06 at 10.30.39 PM.wav,1.0535,0.0535,120,0.96875,True,122,0.9765625,0.02,True,7,adff9dc77ff7c9cd7ce8ccbe649e79bf3c266bd8
WhatsApp Ptt 2026-09-06 at 10.30.43 PM.wav,D:\SIH\ira-wakeword\today ira wav\today ira wav\WhatsApp Ptt 2026-09-06 at 10.30.43 PM.wav,1.0335,0.0335,126,0.9921875,True,126,0.9921875,0.0335,True,5,47e9e603ecc276547b96d7d6ed49df1fcc3c2242
WhatsApp Ptt 2026-09-06 at 10.30.47 PM.wav,D:\SIH\ira-wakeword\today ira wav\today ira wav\WhatsApp Ptt 2026-09-06 at 10.30.47 PM.wav,1.3335,0.1889,98,0.8828125,True,123,0.98046875,0.01,True,35,21e29bfd4315c920bcea372f62b6b77730392652
WhatsApp Ptt 2026-09-06 at 10.30.51 PM.wav,D:\SIH\ira-wakeword\today ira wav\today ira wav\WhatsApp Ptt 2026-09-06 at 10.30.51 PM.wav,1.2535,0.1867,-66,0.2421875,False,125,0.98828125,0.04,True,27,a5f1822f778b3bed71e438d6c01abb1f39e86a3c
WhatsApp Ptt 2026-09-06 at 10.30.55 PM.wav,D:\SIH\ira-wakeword\today ira wav\today ira wav\WhatsApp Ptt 2026-09-06 at 10.30.55 PM.wav,1.4335,0.2612,-43,0.33203125,False,122,0.9765625,0.04,True,45,25fc3ba9df90903fc0ab1e3c67e6d7cbea0919d3
WhatsApp Ptt 2026-09-06 at 10.31.06 PM.wav,D:\SIH\ira-wakeword\today ira wav\today ira wav\WhatsApp Ptt 2026-09-06 at 10.31.06 PM.wav,0.9935,0.0,120,0.96875,True,120,0.96875,0.0,True,1,4d675fa2693ff6511f602305d206c90c64bd95ed
WhatsApp Ptt 2026-09-06 at 10.31.10 PM.wav,D:\SIH\ira-wakeword\today ira wav\today ira wav\WhatsApp Ptt 2026-09-06 at 10.31.10 PM.wav,1.3335,0.1362,0,0.5,True,122,0.9765625,0.06,True,35,5f1ce96a7ff6c2f720de420205f8cc97f34a2b6a
WhatsApp Ptt 2026-09-06 at 10.31.14 PM.wav,D:\SIH\ira-wakeword\today ira wav\today ira wav\WhatsApp Ptt 2026-09-06 at 10.31.14 PM.wav,1.0735,0.0735,123,0.98046875,True,125,0.98828125,0.03,True,9,d43c7ffad5d1b0d9b24cc21896d9fbc32e0168cd
WhatsApp Ptt 2026-09-06 at 10.31.18 PM.wav,D:\SIH\ira-wakeword\today ira wav\today ira wav\WhatsApp Ptt 2026-09-06 at 10.31.18 PM.wav,1.1935,0.1724,125,0.98828125,True,127,0.99609375,0.01,True,21,5c52387edc88049cbed9ba264912d73cef6232b0
WhatsApp Ptt 2026-09-06 at 10.31.22 PM.wav,D:\SIH\ira-wakeword\today ira wav\today ira wav\WhatsApp Ptt 2026-09-06 at 10.31.22 PM.wav,1.1935,0.146,33,0.62890625,True,123,0.98046875,0.05,True,21,015f1b0bf4761775b4734829b50a6681414db211
WhatsApp Ptt 2026-09-06 at 10.31.26 PM.wav,D:\SIH\ira-wakeword\today ira wav\today ira wav\WhatsApp Ptt 2026-09-06 at 10.31.26 PM.wav,1.2135,0.1838,-100,0.109375,False,117,0.95703125,0.01,True,23,290bbd735d563dcb30bbe6d7db9cbada1bdc6a44
WhatsApp Ptt 2026-09-06 at 10.31.30 PM.wav,D:\SIH\ira-wakeword\today ira wav\today ira wav\WhatsApp Ptt 2026-09-06 at 10.31.30 PM.wav,1.4535,0.1407,95,0.87109375,True,126,0.9921875,0.02,True,47,a7605599d6f5a66aeb9136b78720deb94e0554a2
WhatsApp Ptt 2026-09-06 at 10.31.34 PM.wav,D:\SIH\ira-wakeword\today ira wav\today ira wav\WhatsApp Ptt 2026-09-06 at 10.31.34 PM.wav,1.2735,0.1786,61,0.73828125,True,126,0.9921875,0.04,True,29,6880551fdb43020523c6da5e76442965e4feef55
WhatsApp Ptt 2026-09-06 at 10.31.38 PM.wav,D:\SIH\ira-wakeword\today ira wav\today ira wav\WhatsApp Ptt 2026-09-06 at 10.31.38 PM.wav,1.4735,0.1407,-38,0.3515625,False,126,0.9921875,0.0,True,49,2ae61bc44112e9ca7b1f4899cd1f8e884e558d28
WhatsApp Ptt 2026-09-06 at 10.31.42 PM.wav,D:\SIH\ira-wakeword\today ira wav\today ira wav\WhatsApp Ptt 2026-09-06 at 10.31.42 PM.wav,1.2735,0.1417,102,0.8984375,True,127,0.99609375,0.02,True,29,e9f14a6f1389c2f5d80bc4071a41d561899a3a7a
WhatsApp Ptt 2026-09-06 at 10.31.46 PM.wav,D:\SIH\ira-wakeword\today ira wav\today ira wav\WhatsApp Ptt 2026-09-06 at 10.31.46 PM.wav,1.1735,0.1735,43,0.66796875,True,126,0.9921875,0.02,True,19,f97797b1df3a57f6d49d19a4c3437a22d928554a
WhatsApp Ptt 2026-09-06 at 10.31.50 PM.wav,D:\SIH\ira-wakeword\today ira wav\today ira wav\WhatsApp Ptt 2026-09-06 at 10.31.50 PM.wav,1.3135,0.1915,48,0.6875,True,126,0.9921875,0.0,True,33,e1cd2acaddae1e625badcc38a6a9ddb11d8a1870
WhatsApp Ptt 2026-09-06 at 10.31.53 PM.wav,D:\SIH\ira-wakeword\today ira wav\today ira wav\WhatsApp Ptt 2026-09-06 at 10.31.53 PM.wav,1.3335,0.2007,17,0.56640625,True,127,0.99609375,0.01,True,35,bb9e98a6949e59cbec41e1ce77a6272c6adcda9b
WhatsApp Ptt 2026-09-06 at 10.31.57 PM.wav,D:\SIH\ira-wakeword\today ira wav\today ira wav\WhatsApp Ptt 2026-09-06 at 10.31.57 PM.wav,1.3935,0.1776,84,0.828125,True,126,0.9921875,0.0,True,41,8b0e4cb2fd7a763cb1991b0b42b43ad22139ce9c
WhatsApp Ptt 2026-09-06 at 10.32.01 PM.wav,D:\SIH\ira-wakeword\today ira wav\today ira wav\WhatsApp Ptt 2026-09-06 at 10.32.01 PM.wav,1.2935,0.1916,-6,0.4765625,True,126,0.9921875,0.0,True,31,8c1f55565f6d16a8fbd37deec652223614932514
WhatsApp Ptt 2026-09-06 at 10.32.05 PM.wav,D:\SIH\ira-wakeword\today ira wav\today ira wav\WhatsApp Ptt 2026-09-06 at 10.32.05 PM.wav,0.9935,0.0,126,0.9921875,True,126,0.9921875,0.0,True,1,1cc3af9f10065d92a2bda4e694f021ba4a0388f8
WhatsApp Ptt 2026-09-06 at 10.32.15 PM.wav,D:\SIH\ira-wakeword\today ira wav\today ira wav\WhatsApp Ptt 2026-09-06 at 10.32.15 PM.wav,0.8335,0.0,115,0.94921875,True,115,0.94921875,0.0,True,1,f0e7a6241f5acfb425bd95c35401952bb8d62630
WhatsApp Ptt 2026-09-06 at 10.32.18 PM.wav,D:\SIH\ira-wakeword\today ira wav\today ira wav\WhatsApp Ptt 2026-09-06 at 10.32.18 PM.wav,0.8935,0.0,123,0.98046875,True,123,0.98046875,0.0,True,1,81e8fd953be4e257812ffa610c3bb5c1910ed360
WhatsApp Ptt 2026-09-06 at 10.32.22 PM.wav,D:\SIH\ira-wakeword\today ira wav\today ira wav\WhatsApp Ptt 2026-09-06 at 10.32.22 PM.wav,1.2735,0.1798,120,0.96875,True,127,0.99609375,0.0,True,29,1e486c12a0b66454b4a6d27fd3c1fa17235f35eb
WhatsApp Ptt 2026-09-06 at 10.32.25 PM.wav,D:\SIH\ira-wakeword\today ira wav\today ira wav\WhatsApp Ptt 2026-09-06 at 10.32.25 PM.wav,1.1935,0.1935,17,0.56640625,True,127,0.99609375,0.02,True,21,75cc81f65b7757fbdd97f67de2040ef8b6202dd2
WhatsApp Ptt 2026-09-06 at 10.32.43 PM.wav,D:\SIH\ira-wakeword\today ira wav\today ira wav\WhatsApp Ptt 2026-09-06 at 10.32.43 PM.wav,1.1135,0.1135,120,0.96875,True,126,0.9921875,0.01,True,13,aba90818d1222790e2d5932235557d8a08d424e2
WhatsApp Ptt 2026-09-06 at 10.32.46 PM.wav,D:\SIH\ira-wakeword\today ira wav\today ira wav\WhatsApp Ptt 2026-09-06 at 10.32.46 PM.wav,1.0535,0.0534,126,0.9921875,True,127,0.99609375,0.01,True,7,6f0b69f7a41b664584862cd5b8601927dc52b019
WhatsApp Ptt 2026-09-06 at 10.32.50 PM.wav,D:\SIH\ira-wakeword\today ira wav\today ira wav\WhatsApp Ptt 2026-09-06 at 10.32.50 PM.wav,0.9735,0.0,125,0.98828125,True,125,0.98828125,0.0,True,1,66037d0600b7891a8c37c343e96127c6a84b683a
WhatsApp Ptt 2026-09-06 at 10.32.54 PM.wav,D:\SIH\ira-wakeword\today ira wav\today ira wav\WhatsApp Ptt 2026-09-06 at 10.32.54 PM.wav,1.2135,0.1807,119,0.96484375,True,127,0.99609375,0.03,True,23,6f9382a54d61ffbe7c214ed685d7850caba1e83d
WhatsApp Ptt 2026-09-06 at 10.32.57 PM.wav,D:\SIH\ira-wakeword\today ira wav\today ira wav\WhatsApp Ptt 2026-09-06 at 10.32.57 PM.wav,1.1735,0.1722,74,0.7890625,True,127,0.99609375,0.06,True,19,46771f71921f6509452f9329768808303714b909
WhatsApp Ptt 2026-09-06 at 10.33.01 PM.wav,D:\SIH\ira-wakeword\today ira wav\today ira wav\WhatsApp Ptt 2026-09-06 at 10.33.01 PM.wav,0.8735,0.0,126,0.9921875,True,126,0.9921875,0.0,True,1,37cec9c0e876556a647ad5c8f5d6046072125f0b
WhatsApp Ptt 2026-09-06 at 10.33.04 PM.wav,D:\SIH\ira-wakeword\today ira wav\today ira wav\WhatsApp Ptt 2026-09-06 at 10.33.04 PM.wav,0.9535,0.0,122,0.9765625,True,122,0.9765625,0.0,True,1,a35a9824b4f29ae379c4c04f5dbb0a6e389506a9
WhatsApp Ptt 2026-09-06 at 10.33.08 PM.wav,D:\SIH\ira-wakeword\today ira wav\today ira wav\WhatsApp Ptt 2026-09-06 at 10.33.08 PM.wav,1.2935,0.2555,127,0.99609375,True,127,0.99609375,0.2555,True,31,dd22ecaa67afebb04b2deb3812ad5ff9393aba1b
WhatsApp Ptt 2026-09-06 at 10.33.12 PM.wav,D:\SIH\ira-wakeword\today ira wav\today ira wav\WhatsApp Ptt 2026-09-06 at 10.33.12 PM.wav,1.1535,0.1535,127,0.99609375,True,127,0.99609375,0.1535,True,17,257ce269602bfcc57c4dbc0592bac6a8193b29df
WhatsApp Ptt 2026-09-06 at 10.33.28 PM.wav,D:\SIH\ira-wakeword\today ira wav\today ira wav\WhatsApp Ptt 2026-09-06 at 10.33.28 PM.wav,1.4935,0.3508,108,0.921875,True,125,0.98828125,0.03,True,51,0851f25101a008474f311e0e6d5724a422fde37b
WhatsApp Ptt 2026-09-06 at 10.33.32 PM.wav,D:\SIH\ira-wakeword\today ira wav\today ira wav\WhatsApp Ptt 2026-09-06 at 10.33.32 PM.wav,1.2135,0.1539,53,0.70703125,True,117,0.95703125,0.03,True,23,e09a2dbfe2f4ec61039c7c855ad6d1405cc54964
WhatsApp Ptt 2026-09-06 at 10.33.36 PM.wav,D:\SIH\ira-wakeword\today ira wav\today ira wav\WhatsApp Ptt 2026-09-06 at 10.33.36 PM.wav,1.0935,0.0935,127,0.99609375,True,127,0.99609375,0.0935,True,11,1180ef138275d802c0bb87503c39fd64c47254a1
WhatsApp Ptt 2026-09-06 at 10.33.40 PM.wav,D:\SIH\ira-wakeword\today ira wav\today ira wav\WhatsApp Ptt 2026-09-06 at 10.33.40 PM.wav,1.2735,0.2427,124,0.984375,True,127,0.99609375,0.1,True,29,7e38bf98d687d72b17831e927635017547a42ee0
WhatsApp Ptt 2026-09-06 at 10.33.43 PM.wav,D:\SIH\ira-wakeword\today ira wav\today ira wav\WhatsApp Ptt 2026-09-06 at 10.33.43 PM.wav,1.2735,0.205,122,0.9765625,True,127,0.99609375,0.16,True,29,e53ef60fd9fb0d23577369c953ff7bde8dbeb06a
WhatsApp Ptt 2026-09-06 at 10.33.46 PM.wav,D:\SIH\ira-wakeword\today ira wav\today ira wav\WhatsApp Ptt 2026-09-06 at 10.33.46 PM.wav,1.0335,0.0335,126,0.9921875,True,126,0.9921875,0.0335,True,5,c1e50492df7cec1aab02c6454fbe1231d3fbb513
WhatsApp Ptt 2026-09-06 at 10.33.50 PM.wav,D:\SIH\ira-wakeword\today ira wav\today ira wav\WhatsApp Ptt 2026-09-06 at 10.33.50 PM.wav,1.3135,0.1996,112,0.9375,True,126,0.9921875,0.06,True,33,1487337c37064f18b2b2988320310f1418c27041
WhatsApp Ptt 2026-09-06 at 10.33.54 PM.wav,D:\SIH\ira-wakeword\today ira wav\today ira wav\WhatsApp Ptt 2026-09-06 at 10.33.54 PM.wav,1.1535,0.1535,84,0.828125,True,125,0.98828125,0.0,True,17,eca21e7fd00760943227ca0ead090817a05f9954
WhatsApp Ptt 2026-09-06 at 10.33.57 PM.wav,D:\SIH\ira-wakeword\today ira wav\today ira wav\WhatsApp Ptt 2026-09-06 at 10.33.57 PM.wav,1.3735,0.2018,121,0.97265625,True,126,0.9921875,0.04,True,39,9d54ee5ce9d8e4323a8f8103bda871c166fba267
WhatsApp Ptt 2026-09-06 at 10.34.01 PM.wav,D:\SIH\ira-wakeword\today ira wav\today ira wav\WhatsApp Ptt 2026-09-06 at 10.34.01 PM.wav,1.2935,0.2292,122,0.9765625,True,127,0.99609375,0.14,True,31,4f6913414a4c4ded85d85154a605d68b3663090d
WhatsApp Ptt 2026-09-06 at 10.34.04 PM.wav,D:\SIH\ira-wakeword\today ira wav\today ira wav\WhatsApp Ptt 2026-09-06 at 10.34.04 PM.wav,0.9935,0.0,125,0.98828125,True,125,0.98828125,0.0,True,1,842f25f6cc74443682fa7268f5c86e641e799271
WhatsApp Ptt 2026-09-06 at 10.34.20 PM.wav,D:\SIH\ira-wakeword\today ira wav\today ira wav\WhatsApp Ptt 2026-09-06 at 10.34.20 PM.wav,0.9735,0.0,121,0.97265625,True,121,0.97265625,0.0,True,1,1b7af785186aa197c05a423278a385d3806696fc
WhatsApp Ptt 2026-09-06 at 10.34.23 PM.wav,D:\SIH\ira-wakeword\today ira wav\today ira wav\WhatsApp Ptt 2026-09-06 at 10.34.23 PM.wav,1.1135,0.1135,120,0.96875,True,127,0.99609375,0.03,True,13,f702b92a99f710914a212db947fbf75856cf70e6
WhatsApp Ptt 2026-09-06 at 10.34.27 PM.wav,D:\SIH\ira-wakeword\today ira wav\today ira wav\WhatsApp Ptt 2026-09-06 at 10.34.27 PM.wav,1.1735,0.1731,27,0.60546875,True,125,0.98828125,0.02,True,19,db5da72984571840078734b0fe6dd8f3def00b47
WhatsApp Ptt 2026-09-06 at 10.34.31 PM.wav,D:\SIH\ira-wakeword\today ira wav\today ira wav\WhatsApp Ptt 2026-09-06 at 10.34.31 PM.wav,1.5135,0.1609,-98,0.1171875,False,100,0.890625,0.01,True,53,c2594c21b84c4632f0b4dccab8caf012595132ed
WhatsApp Ptt 2026-09-06 at 10.34.34 PM.wav,D:\SIH\ira-wakeword\today ira wav\today ira wav\WhatsApp Ptt 2026-09-06 at 10.34.34 PM.wav,1.2335,0.1743,98,0.8828125,True,126,0.9921875,0.03,True,25,003e6a7990ae9a334b59bc1da6a2d1f4bbca556f
WhatsApp Ptt 2026-09-06 at 10.34.38 PM.wav,D:\SIH\ira-wakeword\today ira wav\today ira wav\WhatsApp Ptt 2026-09-06 at 10.34.38 PM.wav,1.0135,0.0135,116,0.953125,True,118,0.9609375,0.01,True,3,77ced7684997df1c46ee1e18bfd76267b995404d
WhatsApp Ptt 2026-09-06 at 10.34.44 PM.wav,D:\SIH\ira-wakeword\today ira wav\today ira wav\WhatsApp Ptt 2026-09-06 at 10.34.44 PM.wav,1.0535,0.0535,126,0.9921875,True,127,0.99609375,0.03,True,7,0c749efda8aec26afbceb39aacb5d44973a03665
WhatsApp Ptt 2026-09-06 at 10.34.48 PM.wav,D:\SIH\ira-wakeword\today ira wav\today ira wav\WhatsApp Ptt 2026-09-06 at 10.34.48 PM.wav,1.2935,0.1553,125,0.98828125,True,127,0.99609375,0.01,True,31,970bcf6540e00f188d429b17c75131946090fbc0
WhatsApp Ptt 2026-09-06 at 10.34.52 PM.wav,D:\SIH\ira-wakeword\today ira wav\today ira wav\WhatsApp Ptt 2026-09-06 at 10.34.52 PM.wav,1.2535,0.1608,81,0.81640625,True,127,0.99609375,0.03,True,27,4217e49af64e459f188b10e3f2f579c67704b778
WhatsApp Ptt 2026-09-06 at 10.34.56 PM.wav,D:\SIH\ira-wakeword\today ira wav\today ira wav\WhatsApp Ptt 2026-09-06 at 10.34.56 PM.wav,1.1335,0.1334,104,0.90625,True,124,0.984375,0.04,True,15,d444e6321aa8517b032f8792ac36701adb141190
WhatsApp Ptt 2026-09-06 at 10.34.59 PM.wav,D:\SIH\ira-wakeword\today ira wav\today ira wav\WhatsApp Ptt 2026-09-06 at 10.34.59 PM.wav,1.1335,0.1335,123,0.98046875,True,127,0.99609375,0.0,True,15,edf1a1657fd1adfd1273df783dc0a638ad20246c
WhatsApp Ptt 2026-09-06 at 10.35.03 PM.wav,D:\SIH\ira-wakeword\today ira wav\today ira wav\WhatsApp Ptt 2026-09-06 at 10.35.03 PM.wav,0.9935,0.0,125,0.98828125,True,125,0.98828125,0.0,True,1,e0d83aa238807ae5fa45b2c93d4abf56c007a0c4
WhatsApp Ptt 2026-09-06 at 10.35.07 PM.wav,D:\SIH\ira-wakeword\today ira wav\today ira wav\WhatsApp Ptt 2026-09-06 at 10.35.07 PM.wav,1.2935,0.1417,114,0.9453125,True,127,0.99609375,0.0,True,31,f18a3f1b2445cbffc82765afc225def15384e2cc
WhatsApp Ptt 2026-09-06 at 10.35.10 PM.wav,D:\SIH\ira-wakeword\today ira wav\today ira wav\WhatsApp Ptt 2026-09-06 at 10.35.10 PM.wav,1.1935,0.1903,95,0.87109375,True,127,0.99609375,0.0,True,21,7a0796863c1f8c0d95cd9ef11cf4e3ad4b3680e4
WhatsApp Ptt 2026-09-06 at 10.35.14 PM.wav,D:\SIH\ira-wakeword\today ira wav\today ira wav\WhatsApp Ptt 2026-09-06 at 10.35.14 PM.wav,1.0135,0.0135,126,0.9921875,True,126,0.9921875,0.0135,True,3,a8f1a113f426bde7f78d9bf7ab7932657826f070
WhatsApp Ptt 2026-09-06 at 10.35.17 PM.wav,D:\SIH\ira-wakeword\today ira wav\today ira wav\WhatsApp Ptt 2026-09-06 at 10.35.17 PM.wav,0.9535,0.0,123,0.98046875,True,123,0.98046875,0.0,True,1,24c856a687acecfa042c58736a20a7994bd4c07d
WhatsApp Ptt 2026-09-06 at 10.35.21 PM.wav,D:\SIH\ira-wakeword\today ira wav\today ira wav\WhatsApp Ptt 2026-09-06 at 10.35.21 PM.wav,1.1135,0.1135,27,0.60546875,True,123,0.98046875,0.0,True,13,cc8f527f4e1b400493b29f7f47318b54674abbd4
WhatsApp Ptt 2026-09-06 at 10.35.24 PM.wav,D:\SIH\ira-wakeword\today ira wav\today ira wav\WhatsApp Ptt 2026-09-06 at 10.35.24 PM.wav,0.9135,0.0,126,0.9921875,True,126,0.9921875,0.0,True,1,c73cf8a46fa0d4bedc3e99dc30808888af836125
WhatsApp Ptt 2026-09-06 at 10.35.28 PM.wav,D:\SIH\ira-wakeword\today ira wav\today ira wav\WhatsApp Ptt 2026-09-06 at 10.35.28 PM.wav,1.1735,0.1735,116,0.953125,True,127,0.99609375,0.0,True,19,fd8db5a6c3e1209176513673ad0cba997703f793
WhatsApp Ptt 2026-09-06 at 10.35.32 PM.wav,D:\SIH\ira-wakeword\today ira wav\today ira wav\WhatsApp Ptt 2026-09-06 at 10.35.32 PM.wav,1.1935,0.1417,102,0.8984375,True,127,0.99609375,0.01,True,21,51e404aab23fb5d81890a9d37f04023c20335d50
WhatsApp Ptt 2026-09-06 at 10.35.50 PM.wav,D:\SIH\ira-wakeword\today ira wav\today ira wav\WhatsApp Ptt 2026-09-06 at 10.35.50 PM.wav,1.0935,0.0935,70,0.7734375,True,112,0.9375,0.0,True,11,f038bb9725829ca2f3d8e541c93cdda6d93249f0
WhatsApp Ptt 2026-09-06 at 10.35.55 PM.wav,D:\SIH\ira-wakeword\today ira wav\today ira wav\WhatsApp Ptt 2026-09-06 at 10.35.55 PM.wav,0.8735,0.0,123,0.98046875,True,123,0.98046875,0.0,True,1,0f9a27065ff672037ea2120ee3c6c9182979d15a
WhatsApp Ptt 2026-09-06 at 10.35.58 PM.wav,D:\SIH\ira-wakeword\today ira wav\today ira wav\WhatsApp Ptt 2026-09-06 at 10.35.58 PM.wav,1.0935,0.0935,116,0.953125,True,126,0.9921875,0.03,True,11,56bc7836013f37a8bcf93e0b636927e74c96183d
WhatsApp Ptt 2026-09-06 at 10.36.02 PM.wav,D:\SIH\ira-wakeword\today ira wav\today ira wav\WhatsApp Ptt 2026-09-06 at 10.36.02 PM.wav,1.1935,0.1765,-93,0.13671875,False,114,0.9453125,0.02,True,21,7951f34c3e1eb2c615ad55a6a4b82791e79adda8
WhatsApp Ptt 2026-09-06 at 10.36.05 PM.wav,D:\SIH\ira-wakeword\today ira wav\today ira wav\WhatsApp Ptt 2026-09-06 at 10.36.05 PM.wav,1.0135,0.0135,84,0.828125,True,106,0.9140625,0.0,True,3,6a1188d015b93832e419b81e56b7d8800c8dfad1
WhatsApp Ptt 2026-09-06 at 10.36.08 PM.wav,D:\SIH\ira-wakeword\today ira wav\today ira wav\WhatsApp Ptt 2026-09-06 at 10.36.08 PM.wav,0.9735,0.0,126,0.9921875,True,126,0.9921875,0.0,True,1,86b78ad503cb40b5058fc1824b6e432f06d9070c
WhatsApp Ptt 2026-09-06 at 10.36.12 PM.wav,D:\SIH\ira-wakeword\today ira wav\today ira wav\WhatsApp Ptt 2026-09-06 at 10.36.12 PM.wav,1.2735,0.1721,-77,0.19921875,False,125,0.98828125,0.02,True,29,aeef748f36e2202baab002070c1efd5fcb56cf53
WhatsApp Ptt 2026-09-06 at 10.36.16 PM.wav,D:\SIH\ira-wakeword\today ira wav\today ira wav\WhatsApp Ptt 2026-09-06 at 10.36.16 PM.wav,1.2135,0.1786,-53,0.29296875,False,123,0.98046875,0.01,True,23,a1ee5a24cfcba42d3004b085f186c81d967c8bc6
WhatsApp Ptt 2026-09-06 at 10.36.19 PM.wav,D:\SIH\ira-wakeword\today ira wav\today ira wav\WhatsApp Ptt 2026-09-06 at 10.36.19 PM.wav,1.2535,0.1417,57,0.72265625,True,122,0.9765625,0.0,True,27,875f4e401207ff9585ab4fd765f33bfa95f9f387
WhatsApp Ptt 2026-09-06 at 10.36.23 PM.wav,D:\SIH\ira-wakeword\today ira wav\today ira wav\WhatsApp Ptt 2026-09-06 at 10.36.23 PM.wav,1.3335,0.1726,27,0.60546875,True,124,0.984375,0.02,True,35,5015a993e6a318b83ce94b1b58f853ac5b85e78a
WhatsApp Ptt 2026-09-06 at 10.36.27 PM.wav,D:\SIH\ira-wakeword\today ira wav\today ira wav\WhatsApp Ptt 2026-09-06 at 10.36.27 PM.wav,1.0535,0.0535,127,0.99609375,True,127,0.99609375,0.0535,True,7,1c12d69706cda6a1d02ea28ae58fe06ecc557a97
WhatsApp Ptt 2026-09-06 at 10.36.30 PM.wav,D:\SIH\ira-wakeword\today ira wav\today ira wav\WhatsApp Ptt 2026-09-06 at 10.36.30 PM.wav,1.0535,0.0535,118,0.9609375,True,124,0.984375,0.02,True,7,f9d26a17258b6442af061b2df529bd169492c364
WhatsApp Ptt 2026-09-06 at 10.36.34 PM.wav,D:\SIH\ira-wakeword\today ira wav\today ira wav\WhatsApp Ptt 2026-09-06 at 10.36.34 PM.wav,1.3735,0.1874,0,0.5,True,127,0.99609375,0.02,True,39,195b993fa00aa5af94fb08d7f81b6c6e534c649b
WhatsApp Ptt 2026-09-06 at 10.36.38 PM.wav,D:\SIH\ira-wakeword\today ira wav\today ira wav\WhatsApp Ptt 2026-09-06 at 10.36.38 PM.wav,1.2335,0.2298,116,0.953125,True,126,0.9921875,0.04,True,25,4331c937d6d7ccba9b38b89348e0b3fa46f5f44e
WhatsApp Ptt 2026-09-06 at 10.36.41 PM.wav,D:\SIH\ira-wakeword\today ira wav\today ira wav\WhatsApp Ptt 2026-09-06 at 10.36.41 PM.wav,1.0935,0.0934,84,0.828125,True,125,0.98828125,0.0,True,11,30c8c5df62955412499e29919a5193a34826a14f
WhatsApp Ptt 2026-09-06 at 10.36.44 PM.wav,D:\SIH\ira-wakeword\today ira wav\today ira wav\WhatsApp Ptt 2026-09-06 at 10.36.44 PM.wav,0.9135,0.0,121,0.97265625,True,121,0.97265625,0.0,True,1,2a33bf3daf4bc2286c35ca6bc717a4fc6652f898
WhatsApp Ptt 2026-09-06 at 10.36.48 PM.wav,D:\SIH\ira-wakeword\today ira wav\today ira wav\WhatsApp Ptt 2026-09-06 at 10.36.48 PM.wav,1.2335,0.1854,-57,0.27734375,False,125,0.98828125,0.01,True,25,73b25e4c2b15c264a9223bb4ad24a75021a0dea3
WhatsApp Ptt 2026-09-06 at 10.36.51 PM.wav,D:\SIH\ira-wakeword\today ira wav\today ira wav\WhatsApp Ptt 2026-09-06 at 10.36.51 PM.wav,1.2335,0.1437,-27,0.39453125,False,126,0.9921875,0.02,True,25,9638f225913e7ded03c29d7f3169e49783c9e42f
WhatsApp Ptt 2026-09-06 at 10.36.55 PM.wav,D:\SIH\ira-wakeword\today ira wav\today ira wav\WhatsApp Ptt 2026-09-06 at 10.36.55 PM.wav,1.0935,0.0934,126,0.9921875,True,127,0.99609375,0.0,True,11,a9ad81f610603ec010149c5b369c18ab9f502d25
WhatsApp Ptt 2026-09-06 at 10.36.58 PM.wav,D:\SIH\ira-wakeword\today ira wav\today ira wav\WhatsApp Ptt 2026-09-06 at 10.36.58 PM.wav,1.2335,0.1442,61,0.73828125,True,127,0.99609375,0.04,True,25,6a21745ee7e9a47d02132eba82a173621cdc9d15
WhatsApp Ptt 2026-09-06 at 10.48.41 PM.wav,D:\SIH\ira-wakeword\today ira wav\today ira wav\WhatsApp Ptt 2026-09-06 at 10.48.41 PM.wav,2.6935,0.6731,-126,0.0078125,False,53,0.70703125,0.03,True,171,12e43595d3f23a24f3aab5242d95fa89777956f7
WhatsApp Ptt 2026-09-06 at 10.49.24 PM.wav,D:\SIH\ira-wakeword\today ira wav\today ira wav\WhatsApp Ptt 2026-09-06 at 10.49.24 PM.wav,1.1335,0.1335,53,0.70703125,True,95,0.87109375,0.05,True,15,b8f1025550ead16658f4244660e333adb33485a0
WhatsApp Ptt 2026-09-06 at 10.49.31 PM.wav,D:\SIH\ira-wakeword\today ira wav\today ira wav\WhatsApp Ptt 2026-09-06 at 10.49.31 PM.wav,1.3935,0.3294,-127,0.00390625,False,11,0.54296875,0.06,True,41,35602598222afeaeec61c0f7fa1da3e721c5999c
WhatsApp Ptt 2026-09-06 at 10.50.09 PM.wav,D:\SIH\ira-wakeword\today ira wav\today ira wav\WhatsApp Ptt 2026-09-06 at 10.50.09 PM.wav,1.2135,0.2135,-126,0.0078125,False,70,0.7734375,0.04,True,23,c715e5cba55a5443cc010aa0a7c1e46d4bf59037
WhatsApp Ptt 2026-09-06 at 10.52.53 PM.wav,D:\SIH\ira-wakeword\today ira wav\today ira wav\WhatsApp Ptt 2026-09-06 at 10.52.53 PM.wav,1.7135,0.2625,84,0.828125,True,114,0.9453125,0.18,True,73,6ce5eaf7568589b24cad97f73c5c17312fe39aef
WhatsApp Ptt 2026-09-06 at 10.58.29 PM.wav,D:\SIH\ira-wakeword\today ira wav\today ira wav\WhatsApp Ptt 2026-09-06 at 10.58.29 PM.wav,1.0335,0.0335,108,0.921875,True,119,0.96484375,0.0,True,5,feff2602b24a175bef4c9067c5e51398e5231292
WhatsApp Ptt 2026-09-06 at 10.58.32 PM.wav,D:\SIH\ira-wakeword\today ira wav\today ira wav\WhatsApp Ptt 2026-09-06 at 10.58.32 PM.wav,1.2935,0.2659,120,0.96875,True,124,0.984375,0.28,True,31,f86c6aab89760fddc6a7367ed3116759f6b35f85
WhatsApp Ptt 2026-09-06 at 10.58.55 PM.wav,D:\SIH\ira-wakeword\today ira wav\today ira wav\WhatsApp Ptt 2026-09-06 at 10.58.55 PM.wav,1.1935,0.1935,125,0.98828125,True,126,0.9921875,0.11,True,21,02f4a465af828d369d3bb2726b625ad49688caf5
WhatsApp Ptt 2026-09-06 at 10.58.58 PM.wav,D:\SIH\ira-wakeword\today ira wav\today ira wav\WhatsApp Ptt 2026-09-06 at 10.58.58 PM.wav,0.9135,0.0,111,0.93359375,True,111,0.93359375,0.0,True,1,a93fce90266c976bad0f801991765dd10d42b8da
WhatsApp Ptt 2026-09-06 at 10.59.11 PM.wav,D:\SIH\ira-wakeword\today ira wav\today ira wav\WhatsApp Ptt 2026-09-06 at 10.59.11 PM.wav,2.4735,0.9202,0,0.5,True,120,0.96875,0.02,True,149,fd9cb14ec4a3f91d6f36c5035119a397deb3d9a0
WhatsApp Ptt 2026-09-06 at 10.59.28 PM.wav,D:\SIH\ira-wakeword\today ira wav\today ira wav\WhatsApp Ptt 2026-09-06 at 10.59.28 PM.wav,1.9535,0.1391,-102,0.1015625,False,117,0.95703125,0.03,True,97,7e0f5ae42ecb3f0ea0628acfa9370a6c81de8fee
WhatsApp Ptt 2026-09-06 at 10.59.42 PM.wav,D:\SIH\ira-wakeword\today ira wav\today ira wav\WhatsApp Ptt 2026-09-06 at 10.59.42 PM.wav,1.4135,0.4127,-124,0.015625,False,114,0.9453125,0.09,True,43,dfe02f731abcc3088386ae787de69afdfcb09a4c
WhatsApp Ptt 2026-09-06 at 11.00.00 PM.wav,D:\SIH\ira-wakeword\today ira wav\today ira wav\WhatsApp Ptt 2026-09-06 at 11.00.00 PM.wav,1.4335,0.1848,38,0.6484375,True,126,0.9921875,0.0,True,45,4bba96a3070b7bd190bb35b5de481ece669d2264
WhatsApp Ptt 2026-09-06 at 11.00.18 PM.wav,D:\SIH\ira-wakeword\today ira wav\today ira wav\WhatsApp Ptt 2026-09-06 at 11.00.18 PM.wav,1.3735,0.3735,-121,0.02734375,False,124,0.984375,0.02,True,39,bb963842013d0db1171cd9522e236f4911abe78f
WhatsApp Ptt 2026-09-06 at 11.00.37 PM.wav,D:\SIH\ira-wakeword\today ira wav\today ira wav\WhatsApp Ptt 2026-09-06 at 11.00.37 PM.wav,2.3335,0.1965,-70,0.2265625,False,123,0.98046875,0.01,True,135,cc98f961280ccc213c3022380083656f3ee536b2
WhatsApp Ptt 2026-09-06 at 11.09.04 PM.wav,D:\SIH\ira-wakeword\today ira wav\today ira wav\WhatsApp Ptt 2026-09-06 at 11.09.04 PM.wav,1.8335,0.6268,11,0.54296875,True,125,0.98828125,0.04,True,85,fdb7f0abeb6f3b80ed5735644903362e47d33466
WhatsApp Ptt 2026-09-06 at 11.09.06 PM.wav,D:\SIH\ira-wakeword\today ira wav\today ira wav\WhatsApp Ptt 2026-09-06 at 11.09.06 PM.wav,1.6335,0.5984,-124,0.015625,False,121,0.97265625,0.02,True,65,bc480451a568e6c923800ca7ff9ccf4377558d77
WhatsApp Ptt 2026-09-06 at 11.09.09 PM.wav,D:\SIH\ira-wakeword\today ira wav\today ira wav\WhatsApp Ptt 2026-09-06 at 11.09.09 PM.wav,0.9335,0.0,-6,0.4765625,True,-6,0.4765625,0.0,True,1,fddb2560610f3c5aabdb3495bf12be67f3beb249
WhatsApp Ptt 2026-09-06 at 11.09.15 PM.wav,D:\SIH\ira-wakeword\today ira wav\today ira wav\WhatsApp Ptt 2026-09-06 at 11.09.15 PM.wav,1.5135,0.3759,-53,0.29296875,False,95,0.87109375,0.05,True,53,e29d0ab831301a7c822ae90e594ef66f4d4b94a0
WhatsApp Ptt 2026-09-06 at 11.09.18 PM.wav,D:\SIH\ira-wakeword\today ira wav\today ira wav\WhatsApp Ptt 2026-09-06 at 11.09.18 PM.wav,1.5135,0.4883,-109,0.07421875,False,117,0.95703125,0.05,True,53,9a21a01c5b5ddbba5d8798b885f575e3bfaf902f
WhatsApp Ptt 2026-09-06 at 11.09.22 PM.wav,D:\SIH\ira-wakeword\today ira wav\today ira wav\WhatsApp Ptt 2026-09-06 at 11.09.22 PM.wav,1.5935,0.5193,-109,0.07421875,False,123,0.98046875,0.02,True,61,d63a50a85e21826d18fca4718378e9c0356d8962
WhatsApp Ptt 2026-09-06 at 11.09.25 PM.wav,D:\SIH\ira-wakeword\today ira wav\today ira wav\WhatsApp Ptt 2026-09-06 at 11.09.25 PM.wav,1.1335,0.1335,-112,0.0625,False,33,0.62890625,0.03,True,15,41c7e0861e1e93eb55dd01a04138c34bf9a36692
WhatsApp Ptt 2026-09-06 at 11.09.33 PM.wav,D:\SIH\ira-wakeword\today ira wav\today ira wav\WhatsApp Ptt 2026-09-06 at 11.09.33 PM.wav,1.5735,0.261,-43,0.33203125,False,118,0.9609375,0.02,True,59,22dcea83b6940684dd33a4c7dc302c7ca736bdf0
WhatsApp Ptt 2026-09-06 at 11.09.37 PM.wav,D:\SIH\ira-wakeword\today ira wav\today ira wav\WhatsApp Ptt 2026-09-06 at 11.09.37 PM.wav,1.8135,0.733,-124,0.015625,False,126,0.9921875,0.05,True,83,0260b350c6da5a621ec67f6d778bd059fdb783bf
WhatsApp Ptt 2026-09-06 at 11.09.51 PM.wav,D:\SIH\ira-wakeword\today ira wav\today ira wav\WhatsApp Ptt 2026-09-06 at 11.09.51 PM.wav,1.1735,0.1735,-115,0.05078125,False,-77,0.19921875,0.01,False,19,bbab15d4f177b6a7115279289a0ba0c72c03ed39
WhatsApp Ptt 2026-09-06 at 11.09.53 PM.wav,D:\SIH\ira-wakeword\today ira wav\today ira wav\WhatsApp Ptt 2026-09-06 at 11.09.53 PM.wav,1.0535,0.0535,33,0.62890625,True,90,0.8515625,0.04,True,7,8bfac00197415b2377e9a31ca86da390c9456bfd
WhatsApp Ptt 2026-09-06 at 11.09.57 PM.wav,D:\SIH\ira-wakeword\today ira wav\today ira wav\WhatsApp Ptt 2026-09-06 at 11.09.57 PM.wav,1.1335,0.1335,-57,0.27734375,False,93,0.86328125,0.03,True,15,934c55fd136efab7f1ef73556b8f22a3ba2df297
WhatsApp Ptt 2026-09-06 at 11.10.07 PM.wav,D:\SIH\ira-wakeword\today ira wav\today ira wav\WhatsApp Ptt 2026-09-06 at 11.10.07 PM.wav,1.6735,0.6127,17,0.56640625,True,125,0.98828125,0.03,True,69,7ccbbd305dd35001d2ead8b9ba04028c042b0035
WhatsApp Ptt 2026-09-06 at 11.10.10 PM.wav,D:\SIH\ira-wakeword\today ira wav\today ira wav\WhatsApp Ptt 2026-09-06 at 11.10.10 PM.wav,1.1535,0.1535,-102,0.1015625,False,43,0.66796875,0.07,True,17,f1669999cfdcf405cc8cffb0b3952f2e2e7c909c
WhatsApp Ptt 2026-09-06 at 11.10.49 PM.wav,D:\SIH\ira-wakeword\today ira wav\today ira wav\WhatsApp Ptt 2026-09-06 at 11.10.49 PM.wav,1.1135,0.1135,-84,0.171875,False,-6,0.4765625,0.03,True,13,92b9264ff755b9c2fb40beb1e9e9f1b809ad8d25
WhatsApp Ptt 2026-09-06 at 11.10.52 PM.wav,D:\SIH\ira-wakeword\today ira wav\today ira wav\WhatsApp Ptt 2026-09-06 at 11.10.52 PM.wav,1.3135,0.2883,-11,0.45703125,True,113,0.94140625,0.03,True,33,0037adc8e1c4d97b45548c3369130d0ceb9c0ea4
WhatsApp Ptt 2026-09-06 at 11.10.56 PM.wav,D:\SIH\ira-wakeword\today ira wav\today ira wav\WhatsApp Ptt 2026-09-06 at 11.10.56 PM.wav,1.3735,0.3731,-125,0.01171875,False,100,0.890625,0.02,True,39,c22204be11c4013ce600e9974a4298b3a9940c60
WhatsApp Ptt 2026-09-06 at 11.11.00 PM.wav,D:\SIH\ira-wakeword\today ira wav\today ira wav\WhatsApp Ptt 2026-09-06 at 11.11.00 PM.wav,1.7735,0.5547,-93,0.13671875,False,124,0.984375,0.03,True,79,bd19b7d408af5dbf3f1a8eac275bc7db379bd128
WhatsApp Ptt 2026-09-06 at 11.11.03 PM.wav,D:\SIH\ira-wakeword\today ira wav\today ira wav\WhatsApp Ptt 2026-09-06 at 11.11.03 PM.wav,1.0735,0.0735,93,0.86328125,True,108,0.921875,0.02,True,9,56cb207161b7b1920ad388ac4b1251bf1700edbe
WhatsApp Ptt 2026-09-06 at 11.25.57 PM.wav,D:\SIH\ira-wakeword\today ira wav\today ira wav\WhatsApp Ptt 2026-09-06 at 11.25.57 PM.wav,0.9135,0.0,116,0.953125,True,116,0.953125,0.0,True,1,b220793af8f24cbbd89bf6a05397fa5017f7bde8
WhatsApp Ptt 2026-09-06 at 11.26.01 PM.wav,D:\SIH\ira-wakeword\today ira wav\today ira wav\WhatsApp Ptt 2026-09-06 at 11.26.01 PM.wav,1.0535,0.0535,-109,0.07421875,False,-61,0.26171875,0.0,False,7,27524f9cc34e51cbda7d31a3f8bfd2390deb8120
WhatsApp Ptt 2026-09-06 at 11.26.05 PM.wav,D:\SIH\ira-wakeword\today ira wav\today ira wav\WhatsApp Ptt 2026-09-06 at 11.26.05 PM.wav,0.8735,0.0,124,0.984375,True,124,0.984375,0.0,True,1,c6736281673d39b36c6ef442fcb563f379038278
WhatsApp Ptt 2026-09-06 at 11.26.08 PM.wav,D:\SIH\ira-wakeword\today ira wav\today ira wav\WhatsApp Ptt 2026-09-06 at 11.26.08 PM.wav,1.0135,0.0135,66,0.7578125,True,77,0.80078125,0.0,True,3,54508eb187fd4e314ad9defeca775dccac175865
WhatsApp Ptt 2026-09-06 at 11.26.12 PM.wav,D:\SIH\ira-wakeword\today ira wav\today ira wav\WhatsApp Ptt 2026-09-06 at 11.26.12 PM.wav,1.0135,0.0135,123,0.98046875,True,125,0.98828125,0.0,True,3,609cd40103c70619925ee9f02acb9e9444161700
WhatsApp Ptt 2026-09-06 at 11.26.15 PM.wav,D:\SIH\ira-wakeword\today ira wav\today ira wav\WhatsApp Ptt 2026-09-06 at 11.26.15 PM.wav,1.0335,0.0335,127,0.99609375,True,127,0.99609375,0.0335,True,5,25195ea28648577e571cdf5d36c4216e1845a1e2
WhatsApp Ptt 2026-09-06 at 11.26.19 PM.wav,D:\SIH\ira-wakeword\today ira wav\today ira wav\WhatsApp Ptt 2026-09-06 at 11.26.19 PM.wav,1.1535,0.1531,-11,0.45703125,True,122,0.9765625,0.0,True,17,5241624f6fe9b99a55b7dfaf57dde19964f15adb
WhatsApp Ptt 2026-09-06 at 11.26.23 PM.wav,D:\SIH\ira-wakeword\today ira wav\today ira wav\WhatsApp Ptt 2026-09-06 at 11.26.23 PM.wav,1.1735,0.1675,127,0.99609375,True,127,0.99609375,0.1675,True,19,4f5968cc43759715b0d4dedbf6677e07c30b17c1
WhatsApp Ptt 2026-09-06 at 11.26.26 PM.wav,D:\SIH\ira-wakeword\today ira wav\today ira wav\WhatsApp Ptt 2026-09-06 at 11.26.26 PM.wav,1.1535,0.1535,123,0.98046875,True,127,0.99609375,0.01,True,17,08e52c21c096b17f48ab7e2977fc43cb08f21c55
WhatsApp Ptt 2026-09-06 at 11.26.34 PM.wav,D:\SIH\ira-wakeword\today ira wav\today ira wav\WhatsApp Ptt 2026-09-06 at 11.26.34 PM.wav,0.9735,0.0,126,0.9921875,True,126,0.9921875,0.0,True,1,9677f31a91a1e90d044cd972910623e286cd09ee
WhatsApp Ptt 2026-09-06 at 11.26.38 PM.wav,D:\SIH\ira-wakeword\today ira wav\today ira wav\WhatsApp Ptt 2026-09-06 at 11.26.38 PM.wav,1.3135,0.2209,118,0.9609375,True,126,0.9921875,0.03,True,33,4e8da460067a024e4e20cef67ab69e6d0b6bd093
WhatsApp Ptt 2026-09-06 at 11.26.42 PM.wav,D:\SIH\ira-wakeword\today ira wav\today ira wav\WhatsApp Ptt 2026-09-06 at 11.26.42 PM.wav,0.9735,0.0,126,0.9921875,True,126,0.9921875,0.0,True,1,8ffa4ae4b1fa22d397ee04e322dfcc50d7862821
WhatsApp Ptt 2026-09-06 at 11.26.46 PM.wav,D:\SIH\ira-wakeword\today ira wav\today ira wav\WhatsApp Ptt 2026-09-06 at 11.26.46 PM.wav,1.0735,0.0735,116,0.953125,True,125,0.98828125,0.0,True,9,b3719a25c078f7b4a75f13b4c1e268187bae47c9
WhatsApp Ptt 2026-09-06 at 11.26.49 PM.wav,D:\SIH\ira-wakeword\today ira wav\today ira wav\WhatsApp Ptt 2026-09-06 at 11.26.49 PM.wav,0.8535,0.0,123,0.98046875,True,123,0.98046875,0.0,True,1,b0e6b43928830ed971625734c7389cf15b8fc537
WhatsApp Ptt 2026-09-06 at 11.26.53 PM.wav,D:\SIH\ira-wakeword\today ira wav\today ira wav\WhatsApp Ptt 2026-09-06 at 11.26.53 PM.wav,1.0735,0.0735,123,0.98046875,True,127,0.99609375,0.01,True,9,ce96f4f7e2522379a0bea5d701c7f9689d004dfb
WhatsApp Ptt 2026-09-06 at 11.26.56 PM.wav,D:\SIH\ira-wakeword\today ira wav\today ira wav\WhatsApp Ptt 2026-09-06 at 11.26.56 PM.wav,1.0935,0.0935,-95,0.12890625,False,70,0.7734375,0.0,True,11,d885452a88f32de89900b898bca6acd8545429d0
WhatsApp Ptt 2026-09-06 at 11.27.00 PM.wav,D:\SIH\ira-wakeword\today ira wav\today ira wav\WhatsApp Ptt 2026-09-06 at 11.27.00 PM.wav,1.3335,0.2581,120,0.96875,True,127,0.99609375,0.03,True,35,666992789c0d8f6dc971475edfb36488ba0de0f5
WhatsApp Ptt 2026-09-06 at 11.27.16 PM.wav,D:\SIH\ira-wakeword\today ira wav\today ira wav\WhatsApp Ptt 2026-09-06 at 11.27.16 PM.wav,1.1335,0.1335,27,0.60546875,True,125,0.98828125,0.04,True,15,dbeedec68837ccb0263a90efb3a87e7af0cbf2ee
WhatsApp Ptt 2026-09-06 at 11.27.20 PM.wav,D:\SIH\ira-wakeword\today ira wav\today ira wav\WhatsApp Ptt 2026-09-06 at 11.27.20 PM.wav,0.8735,0.0,98,0.8828125,True,98,0.8828125,0.0,True,1,3f2e78c841231b359accd31bddb51f570ee0e1f5
WhatsApp Ptt 2026-09-06 at 11.27.23 PM.wav,D:\SIH\ira-wakeword\today ira wav\today ira wav\WhatsApp Ptt 2026-09-06 at 11.27.23 PM.wav,0.9135,0.0,113,0.94140625,True,113,0.94140625,0.0,True,1,c2bb832c03c2329109c005c9e860e61e3a6bd38a
WhatsApp Ptt 2026-09-06 at 11.27.27 PM.wav,D:\SIH\ira-wakeword\today ira wav\today ira wav\WhatsApp Ptt 2026-09-06 at 11.27.27 PM.wav,0.9735,0.0,124,0.984375,True,124,0.984375,0.0,True,1,52af1d13c8a98baab042416bc8cd9a1af2a62966
WhatsApp Ptt 2026-09-06 at 11.27.30 PM.wav,D:\SIH\ira-wakeword\today ira wav\today ira wav\WhatsApp Ptt 2026-09-06 at 11.27.30 PM.wav,0.8135,0.0,122,0.9765625,True,122,0.9765625,0.0,True,1,4d342a8626afcdc366d647e60117205e6188592b
WhatsApp Ptt 2026-09-06 at 11.27.34 PM.wav,D:\SIH\ira-wakeword\today ira wav\today ira wav\WhatsApp Ptt 2026-09-06 at 11.27.34 PM.wav,0.9935,0.0,118,0.9609375,True,118,0.9609375,0.0,True,1,5cf173317cf5d74b182f7a4b8fe8a7a569820e1d
WhatsApp Ptt 2026-09-06 at 11.27.38 PM.wav,D:\SIH\ira-wakeword\today ira wav\today ira wav\WhatsApp Ptt 2026-09-06 at 11.27.38 PM.wav,1.0935,0.0935,124,0.984375,True,126,0.9921875,0.03,True,11,c3d50e7047c4d667079d3dbf949bd0d10f197990
WhatsApp Ptt 2026-09-06 at 11.27.41 PM.wav,D:\SIH\ira-wakeword\today ira wav\today ira wav\WhatsApp Ptt 2026-09-06 at 11.27.41 PM.wav,0.9735,0.0,123,0.98046875,True,123,0.98046875,0.0,True,1,8b637012d0713763d555ac0c43892cc0fa39c166
WhatsApp Ptt 2026-09-06 at 11.27.45 PM.wav,D:\SIH\ira-wakeword\today ira wav\today ira wav\WhatsApp Ptt 2026-09-06 at 11.27.45 PM.wav,1.1135,0.1135,127,0.99609375,True,127,0.99609375,0.1135,True,13,07a9f5140159a2773a59a8b29b81f0b9328dc250
WhatsApp Ptt 2026-09-06 at 11.27.49 PM.wav,D:\SIH\ira-wakeword\today ira wav\today ira wav\WhatsApp Ptt 2026-09-06 at 11.27.49 PM.wav,1.2335,0.1708,108,0.921875,True,124,0.984375,0.07,True,25,3973c0dc1f1067f0293e9c58bda031e972d0ef53
WhatsApp Ptt 2026-09-06 at 11.27.52 PM.wav,D:\SIH\ira-wakeword\today ira wav\today ira wav\WhatsApp Ptt 2026-09-06 at 11.27.52 PM.wav,1.0135,0.0135,112,0.9375,True,112,0.9375,0.0135,True,3,df0d3794d47103842d43a9898ed26d6c5dc8a08f
WhatsApp Ptt 2026-09-06 at 11.27.56 PM.wav,D:\SIH\ira-wakeword\today ira wav\today ira wav\WhatsApp Ptt 2026-09-06 at 11.27.56 PM.wav,1.0135,0.0135,84,0.828125,True,84,0.828125,0.0135,True,3,7a2c8fa49c7465b41c20b6e0a1186ec41d2085cd
WhatsApp Ptt 2026-09-06 at 11.27.59 PM.wav,D:\SIH\ira-wakeword\today ira wav\today ira wav\WhatsApp Ptt 2026-09-06 at 11.27.59 PM.wav,1.0335,0.0335,114,0.9453125,True,120,0.96875,0.03,True,5,8b13f95dc4e9dc6d286eabe0662823b517aa3ca6
WhatsApp Ptt 2026-09-06 at 11.28.02 PM.wav,D:\SIH\ira-wakeword\today ira wav\today ira wav\WhatsApp Ptt 2026-09-06 at 11.28.02 PM.wav,0.9535,0.0,123,0.98046875,True,123,0.98046875,0.0,True,1,da553054bcf9603c35e3844435fa91294eaed328
WhatsApp Ptt 2026-09-06 at 11.28.06 PM.wav,D:\SIH\ira-wakeword\today ira wav\today ira wav\WhatsApp Ptt 2026-09-06 at 11.28.06 PM.wav,0.8535,0.0,121,0.97265625,True,121,0.97265625,0.0,True,1,9ae15c0a8b8e31ce487ddf2abdc352f802eb0020
WhatsApp Ptt 2026-09-06 at 11.28.10 PM.wav,D:\SIH\ira-wakeword\today ira wav\today ira wav\WhatsApp Ptt 2026-09-06 at 11.28.10 PM.wav,1.0135,0.0135,120,0.96875,True,126,0.9921875,0.0,True,3,c348c32dcb1cd6295a17b6e470d54a6b371ccc9d
WhatsApp Ptt 2026-09-06 at 11.28.13 PM.wav,D:\SIH\ira-wakeword\today ira wav\today ira wav\WhatsApp Ptt 2026-09-06 at 11.28.13 PM.wav,1.0735,0.0735,115,0.94921875,True,122,0.9765625,0.0,True,9,aa8a941613941efc9e46cb481ab9bc90399c0e9b
WhatsApp Ptt 2026-09-06 at 11.28.17 PM.wav,D:\SIH\ira-wakeword\today ira wav\today ira wav\WhatsApp Ptt 2026-09-06 at 11.28.17 PM.wav,0.9735,0.0,127,0.99609375,True,127,0.99609375,0.0,True,1,ff70f83664683f5879057c4fc01282cb11401cf1
WhatsApp Ptt 2026-09-06 at 11.28.20 PM.wav,D:\SIH\ira-wakeword\today ira wav\today ira wav\WhatsApp Ptt 2026-09-06 at 11.28.20 PM.wav,1.0535,0.0535,125,0.98828125,True,126,0.9921875,0.03,True,7,fd8031fd9046ac8772a8e7bb49c547e499898b61
WhatsApp Ptt 2026-09-06 at 11.28.24 PM.wav,D:\SIH\ira-wakeword\today ira wav\today ira wav\WhatsApp Ptt 2026-09-06 at 11.28.24 PM.wav,0.9935,0.0,126,0.9921875,True,126,0.9921875,0.0,True,1,7f1beb8954fb4decdf609e61b939d55626362834
WhatsApp Ptt 2026-09-06 at 11.28.41 PM.wav,D:\SIH\ira-wakeword\today ira wav\today ira wav\WhatsApp Ptt 2026-09-06 at 11.28.41 PM.wav,0.9135,0.0,100,0.890625,True,100,0.890625,0.0,True,1,8809a34062862fd168d48ac252dae551535a68db
WhatsApp Ptt 2026-09-06 at 11.28.47 PM.wav,D:\SIH\ira-wakeword\today ira wav\today ira wav\WhatsApp Ptt 2026-09-06 at 11.28.47 PM.wav,1.1535,0.1535,116,0.953125,True,127,0.99609375,0.0,True,17,588d9cb6e73624bdea31055fee97aa26063b1ba3
WhatsApp Ptt 2026-09-06 at 11.28.50 PM.wav,D:\SIH\ira-wakeword\today ira wav\today ira wav\WhatsApp Ptt 2026-09-06 at 11.28.50 PM.wav,1.0135,0.0135,38,0.6484375,True,48,0.6875,0.01,True,3,22099ca81570c8df00e1439a3f396062230fae09
WhatsApp Ptt 2026-09-06 at 11.28.54 PM.wav,D:\SIH\ira-wakeword\today ira wav\today ira wav\WhatsApp Ptt 2026-09-06 at 11.28.54 PM.wav,1.0735,0.0735,127,0.99609375,True,127,0.99609375,0.0735,True,9,d443220aa7e1428d1a9c975ab6979198b399a010
WhatsApp Ptt 2026-09-06 at 11.28.57 PM.wav,D:\SIH\ira-wakeword\today ira wav\today ira wav\WhatsApp Ptt 2026-09-06 at 11.28.57 PM.wav,0.9735,0.0,127,0.99609375,True,127,0.99609375,0.0,True,1,c36a863d943f701d761fbe559133b517b9fd1e97
WhatsApp Ptt 2026-09-06 at 11.29.00 PM.wav,D:\SIH\ira-wakeword\today ira wav\today ira wav\WhatsApp Ptt 2026-09-06 at 11.29.00 PM.wav,0.8535,0.0,124,0.984375,True,124,0.984375,0.0,True,1,15f419dd88f4404eb0b565866f8818aeccc6b56b
WhatsApp Ptt 2026-09-06 at 11.29.04 PM.wav,D:\SIH\ira-wakeword\today ira wav\today ira wav\WhatsApp Ptt 2026-09-06 at 11.29.04 PM.wav,1.0935,0.0935,-57,0.27734375,False,111,0.93359375,0.0,True,11,14c3d99a0617bb4e09a032d6da5fd57d44bc17aa
WhatsApp Ptt 2026-09-06 at 11.29.07 PM.wav,D:\SIH\ira-wakeword\today ira wav\today ira wav\WhatsApp Ptt 2026-09-06 at 11.29.07 PM.wav,1.0335,0.0335,114,0.9453125,True,117,0.95703125,0.03,True,5,96576b480677d4e6daa6dc2e04771a5a63724f6d
WhatsApp Ptt 2026-09-06 at 11.29.11 PM.wav,D:\SIH\ira-wakeword\today ira wav\today ira wav\WhatsApp Ptt 2026-09-06 at 11.29.11 PM.wav,1.0935,0.0935,70,0.7734375,True,122,0.9765625,0.02,True,11,f6766bf190b10c4bb5f2a00b11f80f4056c0e1d3
WhatsApp Ptt 2026-09-06 at 11.29.14 PM.wav,D:\SIH\ira-wakeword\today ira wav\today ira wav\WhatsApp Ptt 2026-09-06 at 11.29.14 PM.wav,1.0735,0.0735,111,0.93359375,True,122,0.9765625,0.02,True,9,cc2ce0d7613e27e49c2dd33e1db67a0b0d0d4d6d
WhatsApp Ptt 2026-09-06 at 11.29.18 PM.wav,D:\SIH\ira-wakeword\today ira wav\today ira wav\WhatsApp Ptt 2026-09-06 at 11.29.18 PM.wav,1.2535,0.1998,-6,0.4765625,True,112,0.9375,0.02,True,27,f723b7ce41af0aca608fe0e63dc081488f92174b
WhatsApp Ptt 2026-09-06 at 11.29.21 PM.wav,D:\SIH\ira-wakeword\today ira wav\today ira wav\WhatsApp Ptt 2026-09-06 at 11.29.21 PM.wav,1.0335,0.0335,115,0.94921875,True,122,0.9765625,0.0,True,5,01079dac6f3f075f720f3718d0378a64e5609b78
WhatsApp Ptt 2026-09-06 at 11.29.24 PM.wav,D:\SIH\ira-wakeword\today ira wav\today ira wav\WhatsApp Ptt 2026-09-06 at 11.29.24 PM.wav,1.0935,0.0935,122,0.9765625,True,126,0.9921875,0.0,True,11,f0f5d79728ad8087075970321a08e5395fbefadb
WhatsApp Ptt 2026-09-06 at 11.29.28 PM.wav,D:\SIH\ira-wakeword\today ira wav\today ira wav\WhatsApp Ptt 2026-09-06 at 11.29.28 PM.wav,1.0935,0.0935,74,0.7890625,True,120,0.96875,0.0,True,11,1e90c6bff9794e90f2c29942b38f7f8388a30df1
WhatsApp Ptt 2026-09-06 at 11.29.31 PM.wav,D:\SIH\ira-wakeword\today ira wav\today ira wav\WhatsApp Ptt 2026-09-06 at 11.29.31 PM.wav,1.0135,0.0135,116,0.953125,True,118,0.9609375,0.0,True,3,9d1453b826c782815cf4c587f064d065a32a5867
WhatsApp Ptt 2026-09-06 at 11.29.35 PM.wav,D:\SIH\ira-wakeword\today ira wav\today ira wav\WhatsApp Ptt 2026-09-06 at 11.29.35 PM.wav,1.0535,0.0535,115,0.94921875,True,123,0.98046875,0.03,True,7,14a58764ae929e704a2ed67126a4d818192f5cc7
WhatsApp Ptt 2026-09-06 at 11.29.38 PM.wav,D:\SIH\ira-wakeword\today ira wav\today ira wav\WhatsApp Ptt 2026-09-06 at 11.29.38 PM.wav,1.1135,0.1135,-87,0.16015625,False,113,0.94140625,0.03,True,13,6599ebfbdc97207077b284786c80eabaa187a6b2
WhatsApp Ptt 2026-09-06 at 11.29.41 PM.wav,D:\SIH\ira-wakeword\today ira wav\today ira wav\WhatsApp Ptt 2026-09-06 at 11.29.41 PM.wav,1.0735,0.0735,117,0.95703125,True,123,0.98046875,0.02,True,9,e777266cdf5b0c618c0739d7a492a1e562663a4f
WhatsApp Ptt 2026-09-06 at 11.29.45 PM.wav,D:\SIH\ira-wakeword\today ira wav\today ira wav\WhatsApp Ptt 2026-09-06 at 11.29.45 PM.wav,1.2535,0.2535,-120,0.03125,False,125,0.98828125,0.02,True,27,0383b5c46a0e446de63369a2e8cf0d9e48a0a48e
WhatsApp Ptt 2026-09-06 at 11.29.48 PM.wav,D:\SIH\ira-wakeword\today ira wav\today ira wav\WhatsApp Ptt 2026-09-06 at 11.29.48 PM.wav,0.8935,0.0,113,0.94140625,True,113,0.94140625,0.0,True,1,9e30f1cfaff4f82d6768762c9fb53dc85e47c43f
WhatsApp Ptt 2026-09-06 at 11.30.01 PM.wav,D:\SIH\ira-wakeword\today ira wav\today ira wav\WhatsApp Ptt 2026-09-06 at 11.30.01 PM.wav,0.9535,0.0,125,0.98828125,True,125,0.98828125,0.0,True,1,910eaa7ca471633606b15782832f909f5a28e880
WhatsApp Ptt 2026-09-06 at 11.30.04 PM.wav,D:\SIH\ira-wakeword\today ira wav\today ira wav\WhatsApp Ptt 2026-09-06 at 11.30.04 PM.wav,0.9535,0.0,122,0.9765625,True,122,0.9765625,0.0,True,1,3d64937d1ba86d40387c8f7aaf97561dd3ab38ba
WhatsApp Ptt 2026-09-06 at 11.30.08 PM.wav,D:\SIH\ira-wakeword\today ira wav\today ira wav\WhatsApp Ptt 2026-09-06 at 11.30.08 PM.wav,1.1335,0.1335,33,0.62890625,True,124,0.984375,0.02,True,15,fceb956e285061a47781899d5a1df3b75dcd6856
WhatsApp Ptt 2026-09-06 at 11.30.11 PM.wav,D:\SIH\ira-wakeword\today ira wav\today ira wav\WhatsApp Ptt 2026-09-06 at 11.30.11 PM.wav,1.1535,0.1535,95,0.87109375,True,123,0.98046875,0.0,True,17,34f5b58d16c77f9afc5807247785be2ed7d552dd
WhatsApp Ptt 2026-09-06 at 11.30.15 PM.wav,D:\SIH\ira-wakeword\today ira wav\today ira wav\WhatsApp Ptt 2026-09-06 at 11.30.15 PM.wav,1.2535,0.1573,95,0.87109375,True,124,0.984375,0.0,True,27,94613729b96e29a4b8e8e8766984a0d83e46abf4
WhatsApp Ptt 2026-09-06 at 11.30.19 PM.wav,D:\SIH\ira-wakeword\today ira wav\today ira wav\WhatsApp Ptt 2026-09-06 at 11.30.19 PM.wav,1.2335,0.1633,-122,0.0234375,False,48,0.6875,0.0,True,25,da9258f1545c4f39e72b989137a59ce16f0e67ec
WhatsApp Ptt 2026-09-06 at 11.30.22 PM.wav,D:\SIH\ira-wakeword\today ira wav\today ira wav\WhatsApp Ptt 2026-09-06 at 11.30.22 PM.wav,1.1735,0.1682,112,0.9375,True,127,0.99609375,0.02,True,19,a38d3d4a17e657a7e44f118cf0f738f033c44132
WhatsApp Ptt 2026-09-06 at 11.30.26 PM.wav,D:\SIH\ira-wakeword\today ira wav\today ira wav\WhatsApp Ptt 2026-09-06 at 11.30.26 PM.wav,1.0535,0.0535,113,0.94140625,True,124,0.984375,0.04,True,7,d6cbef715ec321392e8ca111735130e0b1a2d4f4
WhatsApp Ptt 2026-09-06 at 11.30.29 PM.wav,D:\SIH\ira-wakeword\today ira wav\today ira wav\WhatsApp Ptt 2026-09-06 at 11.30.29 PM.wav,1.3135,0.2995,-125,0.01171875,False,22,0.5859375,0.0,True,33,ac4c65dffc62bded8b9635ca92f64a9fb235a6dd
WhatsApp Ptt 2026-09-06 at 11.30.33 PM.wav,D:\SIH\ira-wakeword\today ira wav\today ira wav\WhatsApp Ptt 2026-09-06 at 11.30.33 PM.wav,0.9935,0.0,122,0.9765625,True,122,0.9765625,0.0,True,1,0f553131737e6febff5204f7fe4825de43817054
WhatsApp Ptt 2026-09-06 at 11.30.36 PM.wav,D:\SIH\ira-wakeword\today ira wav\today ira wav\WhatsApp Ptt 2026-09-06 at 11.30.36 PM.wav,1.0135,0.0135,119,0.96484375,True,123,0.98046875,0.0,True,3,fbbf491f3811f8e4cfc586ab9a87878d976330b7
WhatsApp Ptt 2026-09-06 at 11.30.42 PM.wav,D:\SIH\ira-wakeword\today ira wav\today ira wav\WhatsApp Ptt 2026-09-06 at 11.30.42 PM.wav,0.8335,0.0,117,0.95703125,True,117,0.95703125,0.0,True,1,a03dcedac4f97e32df0e56b4a31812f1c9305014
WhatsApp Ptt 2026-09-06 at 11.30.45 PM.wav,D:\SIH\ira-wakeword\today ira wav\today ira wav\WhatsApp Ptt 2026-09-06 at 11.30.45 PM.wav,1.1535,0.1535,38,0.6484375,True,124,0.984375,0.0,True,17,2917ccbcc82a01ee2604bde631dc4321d02e415a
WhatsApp Ptt 2026-09-06 at 11.30.48 PM.wav,D:\SIH\ira-wakeword\today ira wav\today ira wav\WhatsApp Ptt 2026-09-06 at 11.30.48 PM.wav,1.1735,0.1713,-93,0.13671875,False,81,0.81640625,0.04,True,19,2fb190836a23b4d50795cb924fd66e298c62b32a
WhatsApp Ptt 2026-09-06 at 11.30.51 PM.wav,D:\SIH\ira-wakeword\today ira wav\today ira wav\WhatsApp Ptt 2026-09-06 at 11.30.51 PM.wav,0.8935,0.0,125,0.98828125,True,125,0.98828125,0.0,True,1,1520ffe31ad10e5cce2d653f3b5b320d937bd7bd
WhatsApp Ptt 2026-09-06 at 11.30.54 PM.wav,D:\SIH\ira-wakeword\today ira wav\today ira wav\WhatsApp Ptt 2026-09-06 at 11.30.54 PM.wav,0.9935,0.0,120,0.96875,True,120,0.96875,0.0,True,1,fb8d53dd133ece740fe50ac876436e13a8456520
WhatsApp Ptt 2026-09-06 at 11.30.58 PM.wav,D:\SIH\ira-wakeword\today ira wav\today ira wav\WhatsApp Ptt 2026-09-06 at 11.30.58 PM.wav,0.9135,0.0,117,0.95703125,True,117,0.95703125,0.0,True,1,ce2284e44ff40b6034d16d1a33388ff94b7dbdde
WhatsApp Ptt 2026-09-06 at 11.31.01 PM.wav,D:\SIH\ira-wakeword\today ira wav\today ira wav\WhatsApp Ptt 2026-09-06 at 11.31.01 PM.wav,0.9535,0.0,115,0.94921875,True,115,0.94921875,0.0,True,1,247dcb85a8f9bc91f1ca61f7b74ca07a46ce2014
WhatsApp Ptt 2026-09-06 at 11.31.04 PM.wav,D:\SIH\ira-wakeword\today ira wav\today ira wav\WhatsApp Ptt 2026-09-06 at 11.31.04 PM.wav,1.1335,0.1335,-112,0.0625,False,116,0.953125,0.01,True,15,27851f3b116d625a3bb449784ddf059369bfe3d9
WhatsApp Ptt 2026-09-06 at 11.31.07 PM.wav,D:\SIH\ira-wakeword\today ira wav\today ira wav\WhatsApp Ptt 2026-09-06 at 11.31.07 PM.wav,1.0535,0.0535,100,0.890625,True,111,0.93359375,0.01,True,7,d2dfbdabe58415db051eb4be843fa589fe837080
WhatsApp Ptt 2026-09-06 at 11.31.26 PM.wav,D:\SIH\ira-wakeword\today ira wav\today ira wav\WhatsApp Ptt 2026-09-06 at 11.31.26 PM.wav,0.8935,0.0,120,0.96875,True,120,0.96875,0.0,True,1,356ae6bf789f80313974787e37cfcb9c9f580138
WhatsApp Ptt 2026-09-06 at 11.31.30 PM.wav,D:\SIH\ira-wakeword\today ira wav\today ira wav\WhatsApp Ptt 2026-09-06 at 11.31.30 PM.wav,1.1735,0.1735,-17,0.43359375,True,126,0.9921875,0.04,True,19,db472991e328be9d03f014f218c8230ab5d889fa
WhatsApp Ptt 2026-09-06 at 11.31.33 PM.wav,D:\SIH\ira-wakeword\today ira wav\today ira wav\WhatsApp Ptt 2026-09-06 at 11.31.33 PM.wav,1.0735,0.0735,118,0.9609375,True,124,0.984375,0.04,True,9,5c8ee802012687e3117367ae65a4bcf67b294698
WhatsApp Ptt 2026-09-06 at 11.31.37 PM.wav,D:\SIH\ira-wakeword\today ira wav\today ira wav\WhatsApp Ptt 2026-09-06 at 11.31.37 PM.wav,1.0135,0.0135,109,0.92578125,True,116,0.953125,0.01,True,3,8d1925c4e4f2f40ea3ad1c50ddeaaee3fffb6627
WhatsApp Ptt 2026-09-06 at 11.31.40 PM.wav,D:\SIH\ira-wakeword\today ira wav\today ira wav\WhatsApp Ptt 2026-09-06 at 11.31.40 PM.wav,1.0535,0.0535,116,0.953125,True,124,0.984375,0.03,True,7,e80fb979aef573269b55fcdb8f6238c76838bf7f
WhatsApp Ptt 2026-09-06 at 11.31.43 PM.wav,D:\SIH\ira-wakeword\today ira wav\today ira wav\WhatsApp Ptt 2026-09-06 at 11.31.43 PM.wav,1.0735,0.0735,109,0.92578125,True,109,0.92578125,0.0735,True,9,87833882de11cb0f62ebe192dc924d8e77d8232b
WhatsApp Ptt 2026-09-06 at 11.31.47 PM.wav,D:\SIH\ira-wakeword\today ira wav\today ira wav\WhatsApp Ptt 2026-09-06 at 11.31.47 PM.wav,1.1135,0.1135,123,0.98046875,True,125,0.98828125,0.04,True,13,046665ceae9673428137ffe367edb6c39c51ce8f
WhatsApp Ptt 2026-09-06 at 11.31.51 PM.wav,D:\SIH\ira-wakeword\today ira wav\today ira wav\WhatsApp Ptt 2026-09-06 at 11.31.51 PM.wav,0.9735,0.0,126,0.9921875,True,126,0.9921875,0.0,True,1,ee22ef820b03ee9b977e5a70e9d942063130b324
WhatsApp Ptt 2026-09-06 at 11.31.54 PM.wav,D:\SIH\ira-wakeword\today ira wav\today ira wav\WhatsApp Ptt 2026-09-06 at 11.31.54 PM.wav,1.1135,0.1135,48,0.6875,True,125,0.98828125,0.0,True,13,1af572222a4c395fb641810222ec94a633c0993e
WhatsApp Ptt 2026-09-06 at 11.31.58 PM.wav,D:\SIH\ira-wakeword\today ira wav\today ira wav\WhatsApp Ptt 2026-09-06 at 11.31.58 PM.wav,1.0335,0.0335,113,0.94140625,True,123,0.98046875,0.02,True,5,44c746c09c55ed4a9e077e11588873788271776b
WhatsApp Ptt 2026-09-06 at 11.32.02 PM.wav,D:\SIH\ira-wakeword\today ira wav\today ira wav\WhatsApp Ptt 2026-09-06 at 11.32.02 PM.wav,0.9735,0.0,111,0.93359375,True,111,0.93359375,0.0,True,1,5d0922147c949e4c922725928848f484cfe65372
WhatsApp Ptt 2026-09-06 at 11.32.04 PM.wav,D:\SIH\ira-wakeword\today ira wav\today ira wav\WhatsApp Ptt 2026-09-06 at 11.32.04 PM.wav,1.5535,0.3673,-126,0.0078125,False,100,0.890625,0.03,True,57,9cbc2fe22245b1f4d1394de56346f5ff47dcd752
WhatsApp Ptt 2026-09-06 at 11.32.05 PM.wav,D:\SIH\ira-wakeword\today ira wav\today ira wav\WhatsApp Ptt 2026-09-06 at 11.32.05 PM.wav,1.1535,0.1535,-74,0.2109375,False,102,0.8984375,0.01,True,17,16f591d157ff6984992c9254df396298272d7e08
WhatsApp Ptt 2026-09-06 at 11.32.06 PM.wav,D:\SIH\ira-wakeword\today ira wav\today ira wav\WhatsApp Ptt 2026-09-06 at 11.32.06 PM.wav,1.6335,0.1931,-111,0.06640625,False,66,0.7578125,0.03,True,65,6742767d2d623a073d22af1fd97f932993b79d56
WhatsApp Ptt 2026-09-06 at 11.32.09 PM.wav,D:\SIH\ira-wakeword\today ira wav\today ira wav\WhatsApp Ptt 2026-09-06 at 11.32.09 PM.wav,1.0735,0.0735,87,0.83984375,True,116,0.953125,0.05,True,9,9360acbd3a875f393d41b8c328dd508627670223
WhatsApp Ptt 2026-09-06 at 11.32.10 PM.wav,D:\SIH\ira-wakeword\today ira wav\today ira wav\WhatsApp Ptt 2026-09-06 at 11.32.10 PM.wav,1.7135,0.3821,-118,0.0390625,False,108,0.921875,0.01,True,73,94d008c98ca135639615cf1c9a275be4d8973e01
WhatsApp Ptt 2026-09-06 at 11.32.12 PM.wav,D:\SIH\ira-wakeword\today ira wav\today ira wav\WhatsApp Ptt 2026-09-06 at 11.32.12 PM.wav,1.0135,0.0135,53,0.70703125,True,93,0.86328125,0.01,True,3,8c051795540adf524aae207dbe94039ad35c7136
WhatsApp Ptt 2026-09-06 at 11.32.16 PM.wav,D:\SIH\ira-wakeword\today ira wav\today ira wav\WhatsApp Ptt 2026-09-06 at 11.32.16 PM.wav,0.9535,0.0,122,0.9765625,True,122,0.9765625,0.0,True,1,a492ad781af71c468da6db8d8a06017dc240bb2c
WhatsApp Ptt 2026-09-06 at 11.32.19 PM.wav,D:\SIH\ira-wakeword\today ira wav\today ira wav\WhatsApp Ptt 2026-09-06 at 11.32.19 PM.wav,0.9735,0.0,112,0.9375,True,112,0.9375,0.0,True,1,fd2c8790ff048115ceed9a0c955b2e56442190d9
WhatsApp Ptt 2026-09-06 at 11.32.23 PM.wav,D:\SIH\ira-wakeword\today ira wav\today ira wav\WhatsApp Ptt 2026-09-06 at 11.32.23 PM.wav,1.4735,0.1837,-48,0.3125,False,116,0.953125,0.04,True,49,4d2436274eb5c30a6df7d5546b7eb944d2b91153
WhatsApp Ptt 2026-09-06 at 11.32.26 PM.wav,D:\SIH\ira-wakeword\today ira wav\today ira wav\WhatsApp Ptt 2026-09-06 at 11.32.26 PM.wav,1.2135,0.2135,11,0.54296875,True,124,0.984375,0.04,True,23,bf73c57ed34bffc41f78b18783c7555d6e2dc45f
WhatsApp Ptt 2026-09-06 at 11.32.33 PM.wav,D:\SIH\ira-wakeword\today ira wav\today ira wav\WhatsApp Ptt 2026-09-06 at 11.32.33 PM.wav,1.4535,0.4535,-17,0.43359375,True,33,0.62890625,0.06,True,47,98b23c4c39a2ea3351f6c9bcaa80bbbd2dc38599
WhatsApp Ptt 2026-09-06 at 11.33.04 PM.wav,D:\SIH\ira-wakeword\today ira wav\today ira wav\WhatsApp Ptt 2026-09-06 at 11.33.04 PM.wav,1.4135,0.4101,-57,0.27734375,False,22,0.5859375,0.09,True,43,edccb376aaed91d3189ee9e7d3b153dd544e42df
WhatsApp Ptt 2026-09-06 at 11.33.25 PM.wav,D:\SIH\ira-wakeword\today ira wav\today ira wav\WhatsApp Ptt 2026-09-06 at 11.33.25 PM.wav,1.5335,0.1417,-22,0.4140625,True,102,0.8984375,0.02,True,55,807546d4befc7d59ee3fb8e973bc59310cb09e85
WhatsApp Ptt 2026-09-06 at 11.33.31 PM.wav,D:\SIH\ira-wakeword\today ira wav\today ira wav\WhatsApp Ptt 2026-09-06 at 11.33.31 PM.wav,1.8135,0.4761,-98,0.1171875,False,118,0.9609375,0.05,True,83,66194ee909e072199f5684a053b2d7a793dae1a9
WhatsApp Ptt 2026-09-06 at 11.33.35 PM.wav,D:\SIH\ira-wakeword\today ira wav\today ira wav\WhatsApp Ptt 2026-09-06 at 11.33.35 PM.wav,1.4935,0.167,-66,0.2421875,False,118,0.9609375,0.04,True,51,13932f1bb2a58dcd9b79194576b2db8d2ef4699f
WhatsApp Ptt 2026-09-06 at 11.33.45 PM.wav,D:\SIH\ira-wakeword\today ira wav\today ira wav\WhatsApp Ptt 2026-09-06 at 11.33.45 PM.wav,1.3735,0.1621,-84,0.171875,False,111,0.93359375,0.06,True,39,a1fdfc708f211f3e6668fc445967fd07bac0e002
WhatsApp Ptt 2026-09-06 at 11.33.52 PM.wav,D:\SIH\ira-wakeword\today ira wav\today ira wav\WhatsApp Ptt 2026-09-06 at 11.33.52 PM.wav,2.9135,1.6584,-121,0.02734375,False,119,0.96484375,0.03,True,193,2d5a08669f848ad2f3e142147673e454af4a82c1
WhatsApp Ptt 2026-09-06 at 11.33.54 PM.wav,D:\SIH\ira-wakeword\today ira wav\today ira wav\WhatsApp Ptt 2026-09-06 at 11.33.54 PM.wav,1.6935,0.5122,-126,0.0078125,False,118,0.9609375,0.02,True,71,138004b54bb18e82e7ab8ccd782a3340f318cc70
WhatsApp Ptt 2026-09-06 at 11.33.59 PM.wav,D:\SIH\ira-wakeword\today ira wav\today ira wav\WhatsApp Ptt 2026-09-06 at 11.33.59 PM.wav,1.5535,0.2906,-115,0.05078125,False,116,0.953125,0.03,True,57,073dd520776b1e64111ea579984ba31a862efd2d
WhatsApp Ptt 2026-09-06 at 11.34.03 PM.wav,D:\SIH\ira-wakeword\today ira wav\today ira wav\WhatsApp Ptt 2026-09-06 at 11.34.03 PM.wav,1.4935,0.3122,-125,0.01171875,False,77,0.80078125,0.02,True,51,687a9aa629cedb2052544e66b07ec7495065d520
WhatsApp Ptt 2026-09-06 at 11.34.06 PM.wav,D:\SIH\ira-wakeword\today ira wav\today ira wav\WhatsApp Ptt 2026-09-06 at 11.34.06 PM.wav,1.6135,0.3804,-127,0.00390625,False,100,0.890625,0.03,True,63,7294854ab37e756bfcf999dbbb9a9f58127ffefe
WhatsApp Ptt 2026-09-06 at 11.34.09 PM.wav,D:\SIH\ira-wakeword\today ira wav\today ira wav\WhatsApp Ptt 2026-09-06 at 11.34.09 PM.wav,1.2135,0.1526,38,0.6484375,True,120,0.96875,0.03,True,23,b666252b9138698c833245c191c549ecfaea4a9b
WhatsApp Ptt 2026-09-06 at 11.34.12 PM.wav,D:\SIH\ira-wakeword\today ira wav\today ira wav\WhatsApp Ptt 2026-09-06 at 11.34.12 PM.wav,1.2135,0.155,-106,0.0859375,False,114,0.9453125,0.04,True,23,d8ae9a7bd66de1cfd77b93e68273d2d8194f638a
WhatsApp Ptt 2026-09-06 at 11.36.19 PM.wav,D:\SIH\ira-wakeword\today ira wav\today ira wav\WhatsApp Ptt 2026-09-06 at 11.36.19 PM.wav,1.5935,0.2285,-109,0.07421875,False,114,0.9453125,0.03,True,61,6bfa32fe83414bac6856ed3be571c0e220ed61bc
WhatsApp Ptt 2026-09-06 at 11.36.25 PM.wav,D:\SIH\ira-wakeword\today ira wav\today ira wav\WhatsApp Ptt 2026-09-06 at 11.36.25 PM.wav,1.7335,0.2093,74,0.7890625,True,116,0.953125,0.06,True,75,14dc2d8c4ea5b5c38dfd58034d852e006040cce1
WhatsApp Ptt 2026-09-06 at 11.36.29 PM.wav,D:\SIH\ira-wakeword\today ira wav\today ira wav\WhatsApp Ptt 2026-09-06 at 11.36.29 PM.wav,1.3535,0.161,-100,0.109375,False,108,0.921875,0.02,True,37,3ca4ff8a51fe8ff5d46f27390b4e2f8d99df7adf
WhatsApp Ptt 2026-09-06 at 11.36.32 PM.wav,D:\SIH\ira-wakeword\today ira wav\today ira wav\WhatsApp Ptt 2026-09-06 at 11.36.32 PM.wav,1.2135,0.1872,-113,0.05859375,False,111,0.93359375,0.06,True,23,2c175c70af42a146c38c175dbfaef49bf09b64f9
WhatsApp Ptt 2026-09-06 at 11.36.35 PM.wav,D:\SIH\ira-wakeword\today ira wav\today ira wav\WhatsApp Ptt 2026-09-06 at 11.36.35 PM.wav,0.9335,0.0,-66,0.2421875,False,-66,0.2421875,0.0,False,1,5edb1efd3ae2d1a3c56b49648c47a911022de7df
WhatsApp Ptt 2026-09-06 at 11.37.07 PM.wav,D:\SIH\ira-wakeword\today ira wav\today ira wav\WhatsApp Ptt 2026-09-06 at 11.37.07 PM.wav,1.1935,0.173,125,0.98828125,True,127,0.99609375,0.03,True,21,037dbd3e26b6605819eccb42f0eafd389f1ac787
WhatsApp Ptt 2026-09-06 at 11.37.11 PM.wav,D:\SIH\ira-wakeword\today ira wav\today ira wav\WhatsApp Ptt 2026-09-06 at 11.37.11 PM.wav,1.2335,0.1719,33,0.62890625,True,123,0.98046875,0.02,True,25,619ed700a26cee46090942368515c3151346ac2b
WhatsApp Ptt 2026-09-06 at 11.37.15 PM.wav,D:\SIH\ira-wakeword\today ira wav\today ira wav\WhatsApp Ptt 2026-09-06 at 11.37.15 PM.wav,0.9735,0.0,-61,0.26171875,False,-61,0.26171875,0.0,False,1,f45937ff0ca8de9cd7b6e4ee13ccddf407a7d6da
WhatsApp Ptt 2026-09-06 at 11.37.18 PM.wav,D:\SIH\ira-wakeword\today ira wav\today ira wav\WhatsApp Ptt 2026-09-06 at 11.37.18 PM.wav,1.2735,0.03,124,0.984375,True,124,0.984375,0.03,True,29,81c494456acb0259d46b63020ae82cd21f167787
WhatsApp Ptt 2026-09-06 at 11.37.22 PM.wav,D:\SIH\ira-wakeword\today ira wav\today ira wav\WhatsApp Ptt 2026-09-06 at 11.37.22 PM.wav,1.5735,0.3395,-98,0.1171875,False,123,0.98046875,0.02,True,59,676dfeda30772ebc82ba3ea9bc7b6dde8d2cd3f7
WhatsApp Ptt 2026-09-06 at 11.37.32 PM.wav,D:\SIH\ira-wakeword\today ira wav\today ira wav\WhatsApp Ptt 2026-09-06 at 11.37.32 PM.wav,0.9735,0.0,-11,0.45703125,True,-11,0.45703125,0.0,True,1,a4997daa83bdcd668baf61943a226d08ba840c85
WhatsApp Ptt 2026-09-06 at 11.37.34 PM.wav,D:\SIH\ira-wakeword\today ira wav\today ira wav\WhatsApp Ptt 2026-09-06 at 11.37.34 PM.wav,0.9535,0.0,-33,0.37109375,False,-33,0.37109375,0.0,False,1,26e20135d0f04c9709adc6e22500567f0c76b50c
WhatsApp Ptt 2026-09-06 at 11.40.18 PM.wav,D:\SIH\ira-wakeword\today ira wav\today ira wav\WhatsApp Ptt 2026-09-06 at 11.40.18 PM.wav,0.7335,0.0,109,0.92578125,True,109,0.92578125,0.0,True,1,c7fae71fe070166bff52544a5cb7994dd3b7bce4
WhatsApp Ptt 2026-09-06 at 11.40.21 PM.wav,D:\SIH\ira-wakeword\today ira wav\today ira wav\WhatsApp Ptt 2026-09-06 at 11.40.21 PM.wav,1.4735,0.1656,-53,0.29296875,False,111,0.93359375,0.04,True,49,79ab80ebb4b08e3a99e90130d090e7c542a22906
WhatsApp Ptt 2026-09-06 at 11.40.26 PM.wav,D:\SIH\ira-wakeword\today ira wav\today ira wav\WhatsApp Ptt 2026-09-06 at 11.40.26 PM.wav,0.9935,0.0,74,0.7890625,True,74,0.7890625,0.0,True,1,ddc764155d8b983fe90a8772d73d8fd8aa3eb4a5
WhatsApp Ptt 2026-09-06 at 11.40.28 PM.wav,D:\SIH\ira-wakeword\today ira wav\today ira wav\WhatsApp Ptt 2026-09-06 at 11.40.28 PM.wav,1.0335,0.0332,109,0.92578125,True,109,0.92578125,0.0332,True,5,e8ec66b652462eb0209207860184620d41ee5d09
WhatsApp Ptt 2026-09-06 at 11.40.31 PM.wav,D:\SIH\ira-wakeword\today ira wav\today ira wav\WhatsApp Ptt 2026-09-06 at 11.40.31 PM.wav,0.7735,0.0,98,0.8828125,True,98,0.8828125,0.0,True,1,0f04687a871afee3bce1af6dd9fccc428caaa089
WhatsApp Ptt 2026-09-06 at 11.40.35 PM.wav,D:\SIH\ira-wakeword\today ira wav\today ira wav\WhatsApp Ptt 2026-09-06 at 11.40.35 PM.wav,1.2935,0.1814,-90,0.1484375,False,112,0.9375,0.02,True,31,3a62260e9c9a975766ec179b1d94d90be863bcfb
WhatsApp Ptt 2026-09-06 at 11.40.43 PM.wav,D:\SIH\ira-wakeword\today ira wav\today ira wav\WhatsApp Ptt 2026-09-06 at 11.40.43 PM.wav,1.0735,0.0735,61,0.73828125,True,119,0.96484375,0.06,True,9,088f9208f166faa09f67810d13c7f8bb4d1dee5d
WhatsApp Ptt 2026-09-06 at 11.40.46 PM.wav,D:\SIH\ira-wakeword\today ira wav\today ira wav\WhatsApp Ptt 2026-09-06 at 11.40.46 PM.wav,1.0335,0.0335,116,0.953125,True,116,0.953125,0.0335,True,5,c706c6fc0e0621bff9b9f71270de729da9b7c314
WhatsApp Ptt 2026-09-06 at 11.40.53 PM.wav,D:\SIH\ira-wakeword\today ira wav\today ira wav\WhatsApp Ptt 2026-09-06 at 11.40.53 PM.wav,1.1335,0.1335,0,0.5,True,123,0.98046875,0.03,True,15,298bfa4af41292a1c2985a05e6ae705cac9daf79
WhatsApp Ptt 2026-09-06 at 11.41.13 PM.wav,D:\SIH\ira-wakeword\today ira wav\today ira wav\WhatsApp Ptt 2026-09-06 at 11.41.13 PM.wav,1.2935,0.2449,-17,0.43359375,True,111,0.93359375,0.02,True,31,2ed1bf1d731ffc3ab034a82037487f6c5cf33f19
WhatsApp Ptt 2026-09-06 at 11.41.15 PM.wav,D:\SIH\ira-wakeword\today ira wav\today ira wav\WhatsApp Ptt 2026-09-06 at 11.41.15 PM.wav,0.8935,0.0,38,0.6484375,True,38,0.6484375,0.0,True,1,bce2cd427a3dc8b087f944a40a7f6d6fb808ea60
WhatsApp Ptt 2026-09-07 at 12.05.44 AM.wav,D:\SIH\ira-wakeword\today ira wav\today ira wav\WhatsApp Ptt 2026-09-07 at 12.05.44 AM.wav,0.7135,0.0,124,0.984375,True,124,0.984375,0.0,True,1,8cc1da409bc30486541518ef6a2c7545bbdc41a6
WhatsApp Ptt 2026-09-07 at 12.06.00 AM.wav,D:\SIH\ira-wakeword\today ira wav\today ira wav\WhatsApp Ptt 2026-09-07 at 12.06.00 AM.wav,0.8135,0.0,123,0.98046875,True,123,0.98046875,0.0,True,1,5ab3d4fe19018adc6801521030cddc48e3d4bc21
WhatsApp Ptt 2026-09-07 at 12.06.04 AM.wav,D:\SIH\ira-wakeword\today ira wav\today ira wav\WhatsApp Ptt 2026-09-07 at 12.06.04 AM.wav,0.9735,0.0,124,0.984375,True,124,0.984375,0.0,True,1,55e54046bdf792f207781d5c2c24c8570fba3d97
WhatsApp Ptt 2026-09-07 at 12.06.07 AM.wav,D:\SIH\ira-wakeword\today ira wav\today ira wav\WhatsApp Ptt 2026-09-07 at 12.06.07 AM.wav,0.8735,0.0,126,0.9921875,True,126,0.9921875,0.0,True,1,8e310c45d9133c3d66651e736bbb578097bcdf15
WhatsApp Ptt 2026-09-07 at 12.06.10 AM.wav,D:\SIH\ira-wakeword\today ira wav\today ira wav\WhatsApp Ptt 2026-09-07 at 12.06.10 AM.wav,0.9535,0.0,123,0.98046875,True,123,0.98046875,0.0,True,1,8f93810c308ad28271fa3f975df14ad396448001
WhatsApp Ptt 2026-09-07 at 12.06.13 AM.wav,D:\SIH\ira-wakeword\today ira wav\today ira wav\WhatsApp Ptt 2026-09-07 at 12.06.13 AM.wav,0.8335,0.0,126,0.9921875,True,126,0.9921875,0.0,True,1,1103c6f55dbe6f58c66e08d9dcbc3b4f0320b6ba
WhatsApp Ptt 2026-09-07 at 12.06.17 AM.wav,D:\SIH\ira-wakeword\today ira wav\today ira wav\WhatsApp Ptt 2026-09-07 at 12.06.17 AM.wav,0.7935,0.0,118,0.9609375,True,118,0.9609375,0.0,True,1,e205f76edb71a31151bf33a8f19a5282f1e5577d
WhatsApp Ptt 2026-09-07 at 12.06.20 AM.wav,D:\SIH\ira-wakeword\today ira wav\today ira wav\WhatsApp Ptt 2026-09-07 at 12.06.20 AM.wav,0.9335,0.0,126,0.9921875,True,126,0.9921875,0.0,True,1,e5bff889c6affdb1aa7c3725660f971dcfa26336
WhatsApp Ptt 2026-09-07 at 12.06.25 AM.wav,D:\SIH\ira-wakeword\today ira wav\today ira wav\WhatsApp Ptt 2026-09-07 at 12.06.25 AM.wav,0.9335,0.0,102,0.8984375,True,102,0.8984375,0.0,True,1,1f7321c32c3a44e36b47cb872281f2dfda95aa00
WhatsApp Ptt 2026-09-07 at 12.06.28 AM.wav,D:\SIH\ira-wakeword\today ira wav\today ira wav\WhatsApp Ptt 2026-09-07 at 12.06.28 AM.wav,0.8535,0.0,123,0.98046875,True,123,0.98046875,0.0,True,1,82aaad4600ec4db503a988dca691cd0aeb8bb2c3
WhatsApp Ptt 2026-09-07 at 12.06.34 AM.wav,D:\SIH\ira-wakeword\today ira wav\today ira wav\WhatsApp Ptt 2026-09-07 at 12.06.34 AM.wav,0.9735,0.0,123,0.98046875,True,123,0.98046875,0.0,True,1,c7f90d3f16cc2d0b4bbd6f4ae775dc5e56dcab90
WhatsApp Ptt 2026-09-07 at 12.06.38 AM.wav,D:\SIH\ira-wakeword\today ira wav\today ira wav\WhatsApp Ptt 2026-09-07 at 12.06.38 AM.wav,0.9935,0.0,126,0.9921875,True,126,0.9921875,0.0,True,1,89ae436cbc18c57fb51f488f40880dac0aedd3a1
WhatsApp Ptt 2026-09-07 at 12.06.41 AM.wav,D:\SIH\ira-wakeword\today ira wav\today ira wav\WhatsApp Ptt 2026-09-07 at 12.06.41 AM.wav,0.9735,0.0,117,0.95703125,True,117,0.95703125,0.0,True,1,4d1de9cab2922b0c372bc60238a0596a866505ec
WhatsApp Ptt 2026-09-07 at 12.06.44 AM.wav,D:\SIH\ira-wakeword\today ira wav\today ira wav\WhatsApp Ptt 2026-09-07 at 12.06.44 AM.wav,0.9935,0.0,112,0.9375,True,112,0.9375,0.0,True,1,a8f8e5d9d21bec47e17de2c559d3fbd10e7e9933
WhatsApp Ptt 2026-09-07 at 12.06.50 AM.wav,D:\SIH\ira-wakeword\today ira wav\today ira wav\WhatsApp Ptt 2026-09-07 at 12.06.50 AM.wav,1.0335,0.0335,77,0.80078125,True,112,0.9375,0.0,True,5,87df51e090a159c8d431193305a0cd2d41112375
WhatsApp Ptt 2026-09-07 at 12.06.53 AM.wav,D:\SIH\ira-wakeword\today ira wav\today ira wav\WhatsApp Ptt 2026-09-07 at 12.06.53 AM.wav,1.0535,0.0535,-104,0.09375,False,-22,0.4140625,0.03,True,7,10395ba349376b6e27ea7320e4f69d4b57e6d09e
WhatsApp Ptt 2026-09-07 at 12.06.56 AM.wav,D:\SIH\ira-wakeword\today ira wav\today ira wav\WhatsApp Ptt 2026-09-07 at 12.06.56 AM.wav,1.0335,0.0335,108,0.921875,True,119,0.96484375,0.0,True,5,7e379fc53787e5cb9df77f56e84c55062a8a0453
WhatsApp Ptt 2026-09-07 at 12.06.59 AM.wav,D:\SIH\ira-wakeword\today ira wav\today ira wav\WhatsApp Ptt 2026-09-07 at 12.06.59 AM.wav,1.0735,0.0735,43,0.66796875,True,118,0.9609375,0.01,True,9,4649373d6d98c0650ce6788930f268643fcc6163
WhatsApp Ptt 2026-09-07 at 12.07.02 AM.wav,D:\SIH\ira-wakeword\today ira wav\today ira wav\WhatsApp Ptt 2026-09-07 at 12.07.02 AM.wav,1.0735,0.0735,108,0.921875,True,123,0.98046875,0.0,True,9,e14b63fbc1c61343d20af46bae3d3c90244ee21b
